T14F0 000:002.762   SEGGER J-Link V9.42 Log File
T14F0 000:002.866   DLL Compiled: May  6 2026 12:25:27
T14F0 000:002.870   Logging started @ 2026-08-08 13:35
T14F0 000:002.875   Process: C:\Users\lingk\.eclipse\com.renesas.platform_1584587709\DebugComp\RA\e2-server-gdb.exe
T14F0 000:002.883 - 2.879ms 
T14F0 000:002.893 JLINK_GetDLLVersion()
T14F0 000:002.897 - 0.005ms returns 94200
T14F0 000:008.170 JLINK_OpenEx(...)
T14F0 000:014.154   Firmware: J-Link OB-RA4M2 compiled May  6 2026 16:18:23
T14F0 000:014.715   Firmware: J-Link OB-RA4M2 compiled May  6 2026 16:18:23
T14F0 000:027.707   Hardware: V1.00
T14F0 000:027.732   S/N: 1080068464
T14F0 000:027.740   OEM: SEGGER
T14F0 000:027.752   Feature(s): None
T14F0 000:033.709   Bootloader: 2021 May 14
T14F0 000:034.100   USB speed mode: Full speed (12 MBit/s)
T14F0 000:034.403   TELNET listener socket opened on port 19021
T14F0 000:034.555   WEBSRV WEBSRV_Init(): Starting webserver thread(s)
T14F0 000:034.917   WEBSRV Webserver running on local port 19080
T14F0 000:035.780   Looking for J-Link GUI Server exe at: C:\Users\lingk\.eclipse\com.renesas.platform_1584587709\DebugComp\RA\ARM\Segger_v9.42.0\JLinkGUIServer.exe
T14F0 000:035.961   Looking for J-Link GUI Server exe at: C:\Program Files\SEGGER\JLink_V964\JLinkGUIServer.exe
T14F0 000:036.023   Forking J-Link GUI Server: C:\Program Files\SEGGER\JLink_V964\JLinkGUIServer.exe
T14F0 000:075.377   J-Link GUI Server info: "J-Link GUI server V9.64 "
T14F0 000:107.335 - 99.159ms returns "O.K."
T14F0 000:107.477 JLINK_ExecCommand("ProjectFile=D:\Lab\Lab_MCU\Renesas_RA\RA8P1_BareMetal_TCP_(85)AI_CAM_GLCDC\DualCoreProject_CPU0/DualCoreProject_CPU0 Debug_Multicore.jlink", ...). 
T14F0 000:121.750 - 14.276ms returns 0x00
T14F0 000:122.847 JLINK_ExecCommand("device=R7KA8P1KF_CPU0", ...). 
T14F0 000:123.624   Flash bank @ 0x02000000: SFL: Parsing sectorization info from ELF file
T14F0 000:123.638     FlashDevice.SectorInfo[0]: .SectorSize = 0x00000800, .SectorStartAddr = 0x00000000
T14F0 000:123.646   FlashBank @0x02000000: Sectorization info from SFL ELF file ignored because sectorization override from DLL / XML file is active.
T14F0 000:123.869   Flash bank @ 0x02E07400: SFL: Parsing sectorization info from ELF file
T14F0 000:123.877     FlashDevice.SectorInfo[0]: .SectorSize = 0x00000010, .SectorStartAddr = 0x00000000
T14F0 000:123.884   FlashBank @0x02C9F020: Sectorization info from SFL ELF file ignored because sectorization override from DLL / XML file is active.
T14F0 000:123.895   Flash bank @ 0x02E07400: SFL: Parsing sectorization info from ELF file
T14F0 000:123.903     FlashDevice.SectorInfo[0]: .SectorSize = 0x00000010, .SectorStartAddr = 0x00000000
T14F0 000:123.909   FlashBank @0x02E07400: Sectorization info from SFL ELF file ignored because sectorization override from DLL / XML file is active.
T14F0 000:123.928   Flash bank @ 0x12000000: SFL: Parsing sectorization info from ELF file
T14F0 000:123.934     FlashDevice.SectorInfo[0]: .SectorSize = 0x00000800, .SectorStartAddr = 0x00000000
T14F0 000:123.940   FlashBank @0x12000000: Sectorization info from SFL ELF file ignored because sectorization override from DLL / XML file is active.
T14F0 000:124.154   Flash bank @ 0x12E07400: SFL: Parsing sectorization info from ELF file
T14F0 000:124.163     FlashDevice.SectorInfo[0]: .SectorSize = 0x00000010, .SectorStartAddr = 0x00000000
T14F0 000:124.170   FlashBank @0x12C9F4C0: Sectorization info from SFL ELF file ignored because sectorization override from DLL / XML file is active.
T14F0 000:124.184   Flash bank @ 0x12E07400: SFL: Parsing sectorization info from ELF file
T14F0 000:124.190     FlashDevice.SectorInfo[0]: .SectorSize = 0x00000010, .SectorStartAddr = 0x00000000
T14F0 000:124.196   FlashBank @0x12E07780: Sectorization info from SFL ELF file ignored because sectorization override from DLL / XML file is active.
T14F0 000:124.246   Flash bank @ 0x70000000: SFL: Parsing sectorization info from ELF file
T14F0 000:124.253     FlashDevice.SectorInfo[0]: .SectorSize = 0x00010000, .SectorStartAddr = 0x00000000
T14F0 000:128.195   Flash bank @ 0x78000000: SFL: Parsing sectorization info from ELF file
T14F0 000:128.215     FlashDevice.SectorInfo[0]: .SectorSize = 0x00010000, .SectorStartAddr = 0x00000000
T14F0 000:133.922   Flash bank @ 0x80000000: SFL: Parsing sectorization info from ELF file
T14F0 000:133.945     FlashDevice.SectorInfo[0]: .SectorSize = 0x00010000, .SectorStartAddr = 0x00000000
T14F0 000:144.445   Flash bank @ 0x90000000: SFL: Parsing sectorization info from ELF file
T14F0 000:144.474     FlashDevice.SectorInfo[0]: .SectorSize = 0x00010000, .SectorStartAddr = 0x00000000
T14F0 000:156.474   Device "R7KA8P1KF_CPU0" selected.
T14F0 000:156.939 - 34.091ms returns 0x00
T14F0 000:156.961 JLINK_TIF_GetAvailable(...)
T14F0 000:157.120 - 0.159ms 
T14F0 000:157.150 JLINK_TIF_Select(JLINKARM_TIF_SWD)
T14F0 000:157.680 - 0.534ms returns 0x00
T14F0 000:157.706 JLINK_SetSpeed(4000)
T14F0 000:157.769 - 0.066ms 
T14F0 000:158.869 JLINK_ReadMem(0xE000EDF0, 0x4 Bytes, ...)
T14F0 000:159.304   ConfigTargetSettings() start
T14F0 000:159.323    J-Link Script File: Executing ConfigTargetSettings()
T14F0 000:159.334   Configuring FlashDLNoRMWThreshold=0x200 in order to make sure that option bytes programming is done via read-modify-write
T14F0 000:198.737   ConfigTargetSettings() end - Took 39.4ms
T14F0 000:198.758   InitTarget() start
T14F0 000:198.765    J-Link Script File: Executing InitTarget()
T14F0 000:198.770   Identifying target device...
T14F0 000:198.776   SWD selected. Executing JTAG -> SWD switching sequence...
T14F0 000:199.414   Initializing DAP...
T14F0 000:200.003   DAP initialized successfully.
T14F0 000:200.019   Determining TrustZone configuration...
T14F0 000:200.687     Secure Debug: Enabled (SSD)
T14F0 000:200.858   Determining currently configured transfer type by reading the AHB-AP CSW register.
T14F0 000:201.514     --> Correct transfer type configured. Done.
T14F0 000:202.306   Primary CPU:   CPU0 (CM85), OFS bit=0x00000001
T14F0 000:202.318   Secondary CPU: CPU1 (CM33)
T14F0 000:202.325   Note: Detected primary CPU is based on the 'Device Configuration Information Register for Debug' register. Verify register value if primary/secondary is unexpected (https://kb.segger.com/Renesas_RA8).
T14F0 000:202.332   InitTarget() end - Took 3.56ms
T14F0 000:202.746   Found SW-DP with ID 0x6BA02477
T14F0 000:204.115   DPIDR: 0x6BA02477
T14F0 000:204.131   CoreSight SoC-400 or earlier
T14F0 000:204.139   AP map detection skipped. Manually configured AP map found.
T14F0 000:204.148   AP[0]: AHB-AP (IDR: Not set, ADDR: 0x00000000)
T14F0 000:204.157   AP[1]: APB-AP (IDR: Not set, ADDR: 0x00000000)
T14F0 000:204.164   AP[2]: AHB-AP (IDR: Not set, ADDR: 0x00000000)
T14F0 000:204.765   AP[0]: Core found
T14F0 000:204.774   AP[0]: AHB-AP ROM base: 0xE00FE000
T14F0 000:205.085   CPUID register: 0x411FD231. Implementer code: 0x41 (ARM)
T14F0 000:205.095   Feature set: Mainline
T14F0 000:205.399   Cache: L1 I/D-cache present
T14F0 000:205.410   Found Cortex-M85 r1p1, Little endian.
T14F0 000:205.690   -- Max. mem block: 0x0001D8F8
T14F0 000:206.283   CPU_ReadMem(4 bytes @ 0xE000EDF0)
T14F0 000:206.699   CPU_WriteMem(4 bytes @ 0xE000EDF0)
T14F0 000:206.971   CPU_ReadMem(4 bytes @ 0xE0002000)
T14F0 000:207.235   FPUnit: 8 code (BP) slots and 0 literal slots
T14F0 000:207.250   CPU_ReadMem(4 bytes @ 0xE000EDFC)
T14F0 000:207.551   CPU_WriteMem(4 bytes @ 0xE000EDFC)
T14F0 000:207.853   CPU_ReadMem(4 bytes @ 0xE0001000)
T14F0 000:208.108   CPU_ReadMem(4 bytes @ 0xE0001000)
T14F0 000:208.356   CPU_ReadMem(4 bytes @ 0xE0001028)
T14F0 000:208.687   CPU_ReadMem(4 bytes @ 0xE0001038)
T14F0 000:208.922   CPU_ReadMem(4 bytes @ 0xE0001048)
T14F0 000:209.179   CPU_ReadMem(4 bytes @ 0xE0001058)
T14F0 000:209.415   CPU_ReadMem(4 bytes @ 0xE0001068)
T14F0 000:209.687   CPU_ReadMem(4 bytes @ 0xE0001078)
T14F0 000:209.925   CPU_ReadMem(4 bytes @ 0xE0001088)
T14F0 000:210.170   CPU_ReadMem(4 bytes @ 0xE0001098)
T14F0 000:210.406   CPU_WriteMem(4 bytes @ 0xE0001000)
T14F0 000:210.683   CPU_ReadMem(4 bytes @ 0xE000ED88)
T14F0 000:210.924   CPU_WriteMem(4 bytes @ 0xE000ED88)
T14F0 000:211.166   CPU_ReadMem(4 bytes @ 0xE000ED88)
T14F0 000:211.398   CPU_WriteMem(4 bytes @ 0xE000ED88)
T14F0 000:211.689   CPU_ReadMem(4 bytes @ 0xE000EFB8)
T14F0 000:211.944   Security extension: implemented
T14F0 000:211.957   Secure debug: enabled
T14F0 000:211.966   CPU_ReadMem(4 bytes @ 0xE000ED74)
T14F0 000:212.219   PACBTI extension: implemented
T14F0 000:212.231   CoreSight components:
T14F0 000:212.238   ROMTbl[0] @ E00FE000
T14F0 000:212.246   CPU_ReadMem(64 bytes @ 0xE00FE000)
T14F0 000:212.866   CPU_ReadMem(32 bytes @ 0xE00FFFE0)
T14F0 000:213.280   [0][0]: E00FF000 CID B105100D PID 000BB4D4 ROM Table
T14F0 000:213.289   ROMTbl[1] @ E00FF000
T14F0 000:213.297   CPU_ReadMem(64 bytes @ 0xE00FF000)
T14F0 000:213.897   CPU_ReadMem(32 bytes @ 0xE000EFE0)
T14F0 000:214.326   CPU_ReadMem(4 bytes @ 0xE000EFBC)
T14F0 000:214.571   CPU_ReadMem(4 bytes @ 0xE000EFCC)
T14F0 000:214.859   [1][0]: E000E000 CID B105900D PID 000BBD23 DEVARCH 47702A04 DEVTYPE 00 ???
T14F0 000:214.869   CPU_ReadMem(32 bytes @ 0xE0001FE0)
T14F0 000:215.277   CPU_ReadMem(4 bytes @ 0xE0001FBC)
T14F0 000:215.520   CPU_ReadMem(4 bytes @ 0xE0001FCC)
T14F0 000:215.860   [1][1]: E0001000 CID B105900D PID 000BBD23 DEVARCH 47711A02 DEVTYPE 00 DWT
T14F0 000:215.870   CPU_ReadMem(32 bytes @ 0xE0002FE0)
T14F0 000:216.289   CPU_ReadMem(4 bytes @ 0xE0002FBC)
T14F0 000:216.548   CPU_ReadMem(4 bytes @ 0xE0002FCC)
T14F0 000:216.851   [1][2]: E0002000 CID B105900D PID 000BBD23 DEVARCH 47701A03 DEVTYPE 00 FPB
T14F0 000:216.863   CPU_ReadMem(32 bytes @ 0xE0000FE0)
T14F0 000:217.267   CPU_ReadMem(4 bytes @ 0xE0000FBC)
T14F0 000:217.513   CPU_ReadMem(4 bytes @ 0xE0000FCC)
T14F0 000:217.747   [1][3]: E0000000 CID B105900D PID 000BBD23 DEVARCH 47701A01 DEVTYPE 43 ITM
T14F0 000:217.754   CPU_ReadMem(32 bytes @ 0xE0041FE0)
T14F0 000:218.157   CPU_ReadMem(4 bytes @ 0xE0041FBC)
T14F0 000:218.400   CPU_ReadMem(4 bytes @ 0xE0041FCC)
T14F0 000:218.682   [1][5]: E0041000 CID B105900D PID 004BBD23 DEVARCH 47754A13 DEVTYPE 13 ETM
T14F0 000:218.690   CPU_ReadMem(32 bytes @ 0xE0003FE0)
T14F0 000:219.092   CPU_ReadMem(4 bytes @ 0xE0003FBC)
T14F0 000:219.346   CPU_ReadMem(4 bytes @ 0xE0003FCC)
T14F0 000:219.688   [1][6]: E0003000 CID B105900D PID 000BBD23 DEVARCH 47700A06 DEVTYPE 16 ???
T14F0 000:219.698   CPU_ReadMem(32 bytes @ 0xE0042FE0)
T14F0 000:220.115   CPU_ReadMem(4 bytes @ 0xE0042FBC)
T14F0 000:220.358   CPU_ReadMem(4 bytes @ 0xE0042FCC)
T14F0 000:220.684   [1][7]: E0042000 CID B105900D PID 000BBD23 DEVARCH 47701A14 DEVTYPE 14 CSS600-CTI
T14F0 000:220.701   CPU_ReadMem(32 bytes @ 0xE0040FE0)
T14F0 000:221.122   [0][1]: E0040000 CID 05900D00 PID 0BBD2300 ???
T14F0 000:221.140   CPU_WriteMem(4 bytes @ 0xE000ED84)
T14F0 000:221.413   CPU_ReadMem(4 bytes @ 0xE000ED80)
T14F0 000:221.689   I-Cache L1: 16 KB, 256 Sets, 32 Bytes/Line, 2-Way
T14F0 000:221.701   CPU_WriteMem(4 bytes @ 0xE000ED84)
T14F0 000:221.957   CPU_ReadMem(4 bytes @ 0xE000ED80)
T14F0 000:222.233   D-Cache L1: 16 KB, 128 Sets, 32 Bytes/Line, 4-Way
T14F0 000:222.290   CPU_ReadMem(4 bytes @ 0xE000EDF0)
T14F0 000:222.548   Data:  01 00 15 01
T14F0 000:222.566   Debug reg: DHCSR
T14F0 000:222.576 - 63.706ms returns 0
T14F0 000:223.131 JLINK_ReadMem(0x40204038, 0x4 Bytes, ...)
T14F0 000:223.150   CPU_ReadMem(4 bytes @ 0x40204038)
T14F0 000:223.700   Data:  04 00 00 00
T14F0 000:223.717 - 0.585ms returns 0
T14F0 000:223.728 JLINK_ReadMem(0xE000EDF0, 0x4 Bytes, ...)
T14F0 000:223.737   CPU_ReadMem(4 bytes @ 0xE000EDF0)
T14F0 000:223.995   Data:  01 00 15 01
T14F0 000:224.012   Debug reg: DHCSR
T14F0 000:224.021 - 0.292ms returns 0
T14F0 000:224.044 JLINK_ReadMem(0xE000EDF0, 0x4 Bytes, ...)
T14F0 000:224.054   CPU_ReadMem(4 bytes @ 0xE000EDF0)
T14F0 000:224.331   Data:  01 00 15 01
T14F0 000:224.341   Debug reg: DHCSR
T14F0 000:224.350 - 0.305ms returns 0
T14F0 000:224.360 JLINK_ReadMem(0xE000EDF0, 0x4 Bytes, ...)
T14F0 000:224.368   CPU_ReadMem(4 bytes @ 0xE000EDF0)
T14F0 000:224.700   Data:  01 00 15 00
T14F0 000:224.708   Debug reg: DHCSR
T14F0 000:224.713 - 0.353ms returns 0
T14F0 000:224.720 JLINK_ReadMem(0xE000EDF0, 0x4 Bytes, ...)
T14F0 000:224.725   CPU_ReadMem(4 bytes @ 0xE000EDF0)
T14F0 000:224.959   Data:  01 00 15 00
T14F0 000:224.965   Debug reg: DHCSR
T14F0 000:224.974 - 0.252ms returns 0
T14F0 000:224.983 JLINK_ReadMem(0xE000EDF0, 0x4 Bytes, ...)
T14F0 000:224.988   CPU_ReadMem(4 bytes @ 0xE000EDF0)
T14F0 000:225.225   Data:  01 00 15 01
T14F0 000:225.232   Debug reg: DHCSR
T14F0 000:225.237 - 0.254ms returns 0
T14F0 000:225.243 JLINK_ReadMem(0x40204038, 0x4 Bytes, ...)
T14F0 000:225.248   CPU_ReadMem(4 bytes @ 0x40204038)
T14F0 000:225.737   Data:  04 00 00 00
T14F0 000:225.744 - 0.500ms returns 0
T14F0 000:225.749 JLINK_ReadMem(0xE000EDF0, 0x4 Bytes, ...)
T14F0 000:225.754   CPU_ReadMem(4 bytes @ 0xE000EDF0)
T14F0 000:225.988   Data:  01 00 15 00
T14F0 000:225.998   Debug reg: DHCSR
T14F0 000:226.005 - 0.255ms returns 0
T14F0 000:226.020 JLINK_ReadMem(0xE000EDF0, 0x4 Bytes, ...)
T14F0 000:226.027   CPU_ReadMem(4 bytes @ 0xE000EDF0)
T14F0 000:226.279   Data:  01 00 15 01
T14F0 000:226.286   Debug reg: DHCSR
T14F0 000:226.291 - 0.271ms returns 0
T14F0 000:226.297 JLINK_ReadMem(0x40204030, 0x4 Bytes, ...)
T14F0 000:226.302   CPU_ReadMem(4 bytes @ 0x40204030)
T14F0 000:226.801   Data:  00 80 FF 00
T14F0 000:226.808 - 0.510ms returns 0
T14F0 000:227.241 JLINK_SetEndian(ARM_ENDIAN_LITTLE)
T14F0 000:227.254 - 0.012ms returns 0
T14F0 000:227.261 JLINK_SetInitRegsOnReset(OFF)
T14F0 000:227.266 - 0.005ms returns 1
T14F0 000:227.273 JLINK_SetResetType(JLINKARM_CM3_RESET_TYPE_CONNECT_UNDER_RESET)
T14F0 000:227.279 - 0.005ms returns JLINKARM_CM3_RESET_TYPE_NORMAL
T14F0 000:227.287 JLINK_ExecCommand("EnableFlashBPs", ...). 
T14F0 000:227.294 - 0.007ms returns 0x00
T14F0 000:227.303 JLINK_ExecCommand("SetAllowFlashCache = 1", ...). 
T14F0 000:227.311 - 0.007ms returns 0x01
T14F0 000:227.319 JLINK_ExecCommand("SetRestartOnClose = 0", ...). 
T14F0 000:227.325 - 0.006ms returns 0x01
T14F0 000:227.332 JLINK_ExecCommand("SetAllowSimulation = 0", ...). 
T14F0 000:227.338 - 0.006ms returns 0x00
T14F0 000:227.346 JLINK_EnableSoftBPs(ON)
T14F0 000:227.351 - 0.006ms 
T14F0 000:227.358 JLINK_Connect()
T14F0 000:227.798   ConfigTargetSettings() start
T14F0 000:227.810    J-Link Script File: Executing ConfigTargetSettings()
T14F0 000:227.815   Configuring FlashDLNoRMWThreshold=0x200 in order to make sure that option bytes programming is done via read-modify-write
T14F0 000:256.318   ConfigTargetSettings() end - Took 28.5ms
T14F0 000:256.338   InitTarget() start
T14F0 000:256.346    J-Link Script File: Executing InitTarget()
T14F0 000:256.352   Identifying target device...
T14F0 000:256.360   SWD selected. Executing JTAG -> SWD switching sequence...
T14F0 000:256.949   Initializing DAP...
T14F0 000:257.560   DAP initialized successfully.
T14F0 000:257.570   Determining TrustZone configuration...
T14F0 000:258.283     Secure Debug: Enabled (SSD)
T14F0 000:258.465   Determining currently configured transfer type by reading the AHB-AP CSW register.
T14F0 000:259.177     --> Correct transfer type configured. Done.
T14F0 000:260.017   Primary CPU:   CPU0 (CM85), OFS bit=0x00000001
T14F0 000:260.035   Secondary CPU: CPU1 (CM33)
T14F0 000:260.043   Note: Detected primary CPU is based on the 'Device Configuration Information Register for Debug' register. Verify register value if primary/secondary is unexpected (https://kb.segger.com/Renesas_RA8).
T14F0 000:260.054   InitTarget() end - Took 3.70ms
T14F0 000:260.451   Found SW-DP with ID 0x6BA02477
T14F0 000:261.813   DPIDR: 0x6BA02477
T14F0 000:261.825   CoreSight SoC-400 or earlier
T14F0 000:261.833   AP map detection skipped. Manually configured AP map found.
T14F0 000:261.843   AP[0]: AHB-AP (IDR: Not set, ADDR: 0x00000000)
T14F0 000:261.850   AP[1]: APB-AP (IDR: Not set, ADDR: 0x00000000)
T14F0 000:261.858   AP[2]: AHB-AP (IDR: Not set, ADDR: 0x00000000)
T14F0 000:262.540   AP[0]: Core found
T14F0 000:262.553   AP[0]: AHB-AP ROM base: 0xE00FE000
T14F0 000:263.023   CPUID register: 0x411FD231. Implementer code: 0x41 (ARM)
T14F0 000:263.039   Feature set: Mainline
T14F0 000:263.344   Cache: L1 I/D-cache present
T14F0 000:263.354   Found Cortex-M85 r1p1, Little endian.
T14F0 000:263.458   -- Max. mem block: 0x0001D5B0
T14F0 000:263.476   CPU_ReadMem(4 bytes @ 0xE000EDF0)
T14F0 000:263.731   CPU_ReadMem(4 bytes @ 0xE0002000)
T14F0 000:263.985   FPUnit: 8 code (BP) slots and 0 literal slots
T14F0 000:263.993   CPU_ReadMem(4 bytes @ 0xE000EDFC)
T14F0 000:264.234   CPU_ReadMem(4 bytes @ 0xE0001000)
T14F0 000:264.473   CPU_ReadMem(4 bytes @ 0xE0001000)
T14F0 000:264.710   CPU_ReadMem(4 bytes @ 0xE0001028)
T14F0 000:264.949   CPU_ReadMem(4 bytes @ 0xE0001038)
T14F0 000:265.202   CPU_ReadMem(4 bytes @ 0xE0001048)
T14F0 000:265.437   CPU_ReadMem(4 bytes @ 0xE0001058)
T14F0 000:265.696   CPU_ReadMem(4 bytes @ 0xE0001068)
T14F0 000:266.089   CPU_ReadMem(4 bytes @ 0xE0001078)
T14F0 000:266.329   CPU_ReadMem(4 bytes @ 0xE0001088)
T14F0 000:266.566   CPU_ReadMem(4 bytes @ 0xE0001098)
T14F0 000:266.859   CPU_WriteMem(4 bytes @ 0xE0001000)
T14F0 000:267.114   CPU_ReadMem(4 bytes @ 0xE000ED88)
T14F0 000:267.345   CPU_WriteMem(4 bytes @ 0xE000ED88)
T14F0 000:267.597   CPU_ReadMem(4 bytes @ 0xE000ED88)
T14F0 000:267.879   CPU_WriteMem(4 bytes @ 0xE000ED88)
T14F0 000:268.157   CPU_ReadMem(4 bytes @ 0xE000EFB8)
T14F0 000:268.419   Security extension: implemented
T14F0 000:268.429   Secure debug: enabled
T14F0 000:268.436   CPU_ReadMem(4 bytes @ 0xE000ED74)
T14F0 000:268.686   PACBTI extension: implemented
T14F0 000:268.695   CoreSight components:
T14F0 000:268.702   ROMTbl[0] @ E00FE000
T14F0 000:268.710   CPU_ReadMem(64 bytes @ 0xE00FE000)
T14F0 000:269.294   CPU_ReadMem(32 bytes @ 0xE00FFFE0)
T14F0 000:269.709   [0][0]: E00FF000 CID B105100D PID 000BB4D4 ROM Table
T14F0 000:269.720   ROMTbl[1] @ E00FF000
T14F0 000:269.728   CPU_ReadMem(64 bytes @ 0xE00FF000)
T14F0 000:270.336   CPU_ReadMem(32 bytes @ 0xE000EFE0)
T14F0 000:270.760   CPU_ReadMem(4 bytes @ 0xE000EFBC)
T14F0 000:271.008   CPU_ReadMem(4 bytes @ 0xE000EFCC)
T14F0 000:271.263   [1][0]: E000E000 CID B105900D PID 000BBD23 DEVARCH 47702A04 DEVTYPE 00 ???
T14F0 000:271.289   CPU_ReadMem(32 bytes @ 0xE0001FE0)
T14F0 000:271.713   CPU_ReadMem(4 bytes @ 0xE0001FBC)
T14F0 000:271.951   CPU_ReadMem(4 bytes @ 0xE0001FCC)
T14F0 000:272.201   [1][1]: E0001000 CID B105900D PID 000BBD23 DEVARCH 47711A02 DEVTYPE 00 DWT
T14F0 000:272.212   CPU_ReadMem(32 bytes @ 0xE0002FE0)
T14F0 000:272.702   CPU_ReadMem(4 bytes @ 0xE0002FBC)
T14F0 000:272.937   CPU_ReadMem(4 bytes @ 0xE0002FCC)
T14F0 000:273.185   [1][2]: E0002000 CID B105900D PID 000BBD23 DEVARCH 47701A03 DEVTYPE 00 FPB
T14F0 000:273.193   CPU_ReadMem(32 bytes @ 0xE0000FE0)
T14F0 000:273.594   CPU_ReadMem(4 bytes @ 0xE0000FBC)
T14F0 000:273.854   CPU_ReadMem(4 bytes @ 0xE0000FCC)
T14F0 000:274.190   [1][3]: E0000000 CID B105900D PID 000BBD23 DEVARCH 47701A01 DEVTYPE 43 ITM
T14F0 000:274.203   CPU_ReadMem(32 bytes @ 0xE0041FE0)
T14F0 000:274.712   CPU_ReadMem(4 bytes @ 0xE0041FBC)
T14F0 000:274.971   CPU_ReadMem(4 bytes @ 0xE0041FCC)
T14F0 000:275.222   [1][5]: E0041000 CID B105900D PID 004BBD23 DEVARCH 47754A13 DEVTYPE 13 ETM
T14F0 000:275.234   CPU_ReadMem(32 bytes @ 0xE0003FE0)
T14F0 000:275.712   CPU_ReadMem(4 bytes @ 0xE0003FBC)
T14F0 000:275.966   CPU_ReadMem(4 bytes @ 0xE0003FCC)
T14F0 000:276.220   [1][6]: E0003000 CID B105900D PID 000BBD23 DEVARCH 47700A06 DEVTYPE 16 ???
T14F0 000:276.233   CPU_ReadMem(32 bytes @ 0xE0042FE0)
T14F0 000:276.703   CPU_ReadMem(4 bytes @ 0xE0042FBC)
T14F0 000:276.952   CPU_ReadMem(4 bytes @ 0xE0042FCC)
T14F0 000:277.204   [1][7]: E0042000 CID B105900D PID 000BBD23 DEVARCH 47701A14 DEVTYPE 14 CSS600-CTI
T14F0 000:277.213   CPU_ReadMem(32 bytes @ 0xE0040FE0)
T14F0 000:277.614   [0][1]: E0040000 CID 05900D00 PID 0BBD23B1 ???
T14F0 000:277.630   CPU_WriteMem(4 bytes @ 0xE000ED84)
T14F0 000:277.888   CPU_ReadMem(4 bytes @ 0xE000ED80)
T14F0 000:278.138   I-Cache L1: 16 KB, 256 Sets, 32 Bytes/Line, 2-Way
T14F0 000:278.147   CPU_WriteMem(4 bytes @ 0xE000ED84)
T14F0 000:278.400   CPU_ReadMem(4 bytes @ 0xE000ED80)
T14F0 000:278.688   D-Cache L1: 16 KB, 128 Sets, 32 Bytes/Line, 4-Way
T14F0 000:278.703 - 51.345ms returns 0x00
T14F0 000:279.353 JLINK_Halt()
T14F0 000:283.217 - 3.862ms returns 0x00
T14F0 000:283.238 JLINK_IsHalted()
T14F0 000:283.247 - 0.009ms returns TRUE
T14F0 000:283.256 JLINK_ResetPullsRESET(ON)
T14F0 000:283.264 - 0.007ms 
T14F0 000:283.272 JLINK_Reset()
T14F0 000:283.630   ResetTarget() start
T14F0 000:283.649    J-Link Script File: Executing ResetTarget()
T14F0 000:284.358   CPU_ReadMem(4 bytes @ 0xE000ED44)
T14F0 000:284.682   CPU_ReadMem(4 bytes @ 0xE000EE08)
T14F0 000:285.194   CPU_WriteMem(4 bytes @ 0xE000EE08)
T14F0 000:285.507   CPU_ReadMem(4 bytes @ 0xE000EE08)
T14F0 000:285.771   Reset: ARMv8M core with Security Extension enabled detected. Switch to secure domain.
T14F0 000:285.778   Reset: Halt core after reset via DEMCR.VC_CORERESET.
T14F0 000:285.787   CPU_WriteMem(4 bytes @ 0xE000EDF0)
T14F0 000:286.040   CPU_WriteMem(4 bytes @ 0xE000EDFC)
T14F0 000:286.453   Reset: Reset device via AIRCR.SYSRESETREQ.
T14F0 000:286.462   CPU_WriteMem(4 bytes @ 0xE000ED0C)
T14F0 000:339.175   CPU_ReadMem(4 bytes @ 0xE000EDF0)
T14F0 000:339.524   CPU_ReadMem(4 bytes @ 0xE000EDF0)
T14F0 000:339.805   CPU_WriteMem(4 bytes @ 0xE000EDFC)
T14F0 000:340.139   ResetTarget() end - Took 56.4ms
T14F0 000:340.149   Device specific reset executed.
T14F0 000:343.787   CPU_WriteMem(4 bytes @ 0xE0002000)
T14F0 000:344.055   CPU_ReadMem(4 bytes @ 0xE000EDFC)
T14F0 000:344.319   CPU_ReadMem(4 bytes @ 0xE0001000)
T14F0 000:344.584   CPU_ReadMem(4 bytes @ 0xE000EE08)
T14F0 000:344.858 - 61.585ms 
T14F0 000:345.311 JLINK_ReadMem(0xE000EDF0, 0x4 Bytes, ...)
T14F0 000:345.323   CPU_ReadMem(4 bytes @ 0xE000EDF0)
T14F0 000:345.591   Data:  03 00 13 00
T14F0 000:345.600   Debug reg: DHCSR
T14F0 000:345.607 - 0.296ms returns 0
T14F0 000:345.613 JLINK_IsHalted()
T14F0 000:345.618 - 0.004ms returns TRUE
T14F0 000:345.652 JLINK_ReadMem(0x4000F050, 0x1 Bytes, ...)
T14F0 000:345.662   CPU_ReadMem(1 bytes @ 0x4000F050)
T14F0 000:346.204   Data:  00
T14F0 000:346.212 - 0.560ms returns 0
T14F0 000:348.140 JLINK_IsHalted()
T14F0 000:348.156 - 0.015ms returns TRUE
T14F0 000:348.167 JLINK_ReadMem(0xE000EDF0, 0x4 Bytes, ...)
T14F0 000:348.177   CPU_ReadMem(4 bytes @ 0xE000EDF0)
T14F0 000:348.448   Data:  03 00 13 00
T14F0 000:348.465   Debug reg: DHCSR
T14F0 000:348.473 - 0.305ms returns 0
T14F0 000:348.483 JLINK_ReadMem(0x40204038, 0x4 Bytes, ...)
T14F0 000:348.491   CPU_ReadMem(4 bytes @ 0x40204038)
T14F0 000:349.026   Data:  04 00 00 00
T14F0 000:349.042 - 0.559ms returns 0
T14F0 000:349.050 JLINK_ReadMem(0xE000EDF0, 0x4 Bytes, ...)
T14F0 000:349.059   CPU_ReadMem(4 bytes @ 0xE000EDF0)
T14F0 000:349.327   Data:  03 00 13 00
T14F0 000:349.336   Debug reg: DHCSR
T14F0 000:349.343 - 0.292ms returns 0
T14F0 000:349.561 JLINK_MeasureCPUSpeed(RAMAddr = 0x22000000)
T14F0 000:349.571   CPU_ReadMem(16 bytes @ 0x22000000)
T14F0 000:350.191   CPU_ReadMem(4 bytes @ 0xE000EDFC)
T14F0 000:350.429   CPU_ReadMem(4 bytes @ 0xE0001000)
T14F0 000:350.727   CPU_ReadMem(6 bytes @ 0x22000000)
T14F0 000:351.284   CPU_ReadMem(4 bytes @ 0xE000ED90)
T14F0 000:351.520   CPU_ReadMem(4 bytes @ 0xE000ED94)
T14F0 000:351.759   CPU_WriteMem(16 bytes @ 0x22000000)
T14F0 000:352.410   CPU_WriteMem(6 bytes @ 0x22000000)
T14F0 000:353.008   CPU_ReadMem(6 bytes @ 0x22000000)
T14F0 000:353.584   CPU_ReadMem(4 bytes @ 0xE000EE08)
T14F0 000:353.894   CPU_WriteMem(4 bytes @ 0xE0002008)
T14F0 000:353.914   CPU_WriteMem(4 bytes @ 0xE000200C)
T14F0 000:353.924   CPU_WriteMem(4 bytes @ 0xE0002010)
T14F0 000:353.933   CPU_WriteMem(4 bytes @ 0xE0002014)
T14F0 000:353.941   CPU_WriteMem(4 bytes @ 0xE0002018)
T14F0 000:353.950   CPU_WriteMem(4 bytes @ 0xE000201C)
T14F0 000:353.959   CPU_WriteMem(4 bytes @ 0xE0002020)
T14F0 000:353.978   CPU_WriteMem(4 bytes @ 0xE0002024)
T14F0 000:355.366   CPU_WriteMem(4 bytes @ 0xE0001004)
T14F0 000:361.774   CPU_ReadMem(4 bytes @ 0xE0001004)
T14F0 000:362.055   CPU_ReadMem(4 bytes @ 0xE000EE08)
T14F0 000:362.323   CPU_WriteMem(4 bytes @ 0xE0002008)
T14F0 000:362.582   CPU_WriteMem(4 bytes @ 0xE000200C)
T14F0 000:362.874   CPU_WriteMem(4 bytes @ 0xE0002010)
T14F0 000:363.166   CPU_WriteMem(4 bytes @ 0xE0002014)
T14F0 000:363.431   CPU_WriteMem(4 bytes @ 0xE0002018)
T14F0 000:363.682   CPU_WriteMem(4 bytes @ 0xE000201C)
T14F0 000:363.959   CPU_WriteMem(4 bytes @ 0xE0002020)
T14F0 000:364.228   CPU_WriteMem(4 bytes @ 0xE0002024)
T14F0 000:364.480   CPU_ReadMem(4 bytes @ 0xE000EE08)
T14F0 000:364.722   CPU_ReadMem(4 bytes @ 0xE000EE08)
T14F0 000:364.957   CPU_WriteMem(4 bytes @ 0xE0001004)
T14F0 000:390.887   CPU_ReadMem(4 bytes @ 0xE0001004)
T14F0 000:391.205   CPU_WriteMem(6 bytes @ 0x22000000)
T14F0 000:391.842   ClockFreq: 8381600 Hz
T14F0 000:391.855 - 42.294ms returns 8381600
T14F0 000:391.874 JLINK_ReadReg(XPSR)
T14F0 000:391.882   CPU_ReadMem(4 bytes @ 0xE000EE08)
T14F0 000:392.154 - 0.279ms returns 0x01000000
T7AD0 002:491.185 JLINK_WriteMem(0x220014D0, 0x4 Bytes, ...)
T7AD0 002:491.229   Data:  00 00 00 00
T7AD0 002:491.929   CPU_WriteMem(4 bytes @ 0x220014D0)
T7AD0 002:492.587 - 1.402ms returns 0x4
T7AD0 002:492.602 JLINK_ReadMem(0x220014D0, 0x4 Bytes, ...)
T7AD0 002:492.610   CPU_ReadMem(4 bytes @ 0x220014D0)
T7AD0 002:493.147   Data:  00 00 00 00
T7AD0 002:493.164 - 0.562ms returns 0
T7AD0 002:493.176 JLINK_ReadMem(0x220014AC, 0x4 Bytes, ...)
T7AD0 002:493.186   CPU_ReadMem(4 bytes @ 0x220014AC)
T7AD0 002:493.739   Data:  B0 14 00 22
T7AD0 002:493.757 - 0.581ms returns 0
T7AD0 002:493.767 JLINK_ReadMem(0x02006808, 0x4 Bytes, ...)
T7AD0 002:493.776   CPU_ReadMem(64 bytes @ 0x02006800)
T7AD0 002:495.098    -- Updating C cache (64 bytes @ 0x02006800)
T7AD0 002:495.113    -- Read from C cache (4 bytes @ 0x02006808)
T7AD0 002:495.123   Data:  FF FF FF FF
T7AD0 002:495.132 - 1.364ms returns 0
T7AD0 003:404.678 JLINK_ResetPullsRESET(ON)
T7AD0 003:404.718 - 0.039ms 
T7AD0 003:404.727 JLINK_Halt()
T7AD0 003:405.051 - 0.323ms returns 0x00
T7AD0 003:405.074 JLINK_IsHalted()
T7AD0 003:405.082 - 0.007ms returns TRUE
T7AD0 003:405.090 JLINK_Reset()
T7AD0 003:405.105   ResetTarget() start
T7AD0 003:405.114    J-Link Script File: Executing ResetTarget()
T7AD0 003:405.882   CPU_ReadMem(4 bytes @ 0xE000ED44)
T7AD0 003:406.157   CPU_ReadMem(4 bytes @ 0xE000EE08)
T7AD0 003:406.415   CPU_WriteMem(4 bytes @ 0xE000EE08)
T7AD0 003:406.687   CPU_ReadMem(4 bytes @ 0xE000EE08)
T7AD0 003:406.923   Reset: ARMv8M core with Security Extension enabled detected. Switch to secure domain.
T7AD0 003:406.933   Reset: Halt core after reset via DEMCR.VC_CORERESET.
T7AD0 003:406.944   CPU_WriteMem(4 bytes @ 0xE000EDF0)
T7AD0 003:407.198   CPU_WriteMem(4 bytes @ 0xE000EDFC)
T7AD0 003:407.686   Reset: Reset device via AIRCR.SYSRESETREQ.
T7AD0 003:407.699   CPU_WriteMem(4 bytes @ 0xE000ED0C)
T7AD0 003:459.212   CPU_ReadMem(4 bytes @ 0xE000EDF0)
T7AD0 003:459.611   CPU_ReadMem(4 bytes @ 0xE000EDF0)
T7AD0 003:459.925   CPU_WriteMem(4 bytes @ 0xE000EDFC)
T7AD0 003:460.222   ResetTarget() end - Took 55.1ms
T7AD0 003:460.240   Device specific reset executed.
T7AD0 003:463.805   CPU_WriteMem(4 bytes @ 0xE0002000)
T7AD0 003:464.130   CPU_ReadMem(4 bytes @ 0xE000EDFC)
T7AD0 003:464.418   CPU_ReadMem(4 bytes @ 0xE0001000)
T7AD0 003:464.708   CPU_ReadMem(4 bytes @ 0xE000EE08)
T7AD0 003:464.992 - 59.901ms 
T7AD0 003:465.393 JLINK_SetEndian(ARM_ENDIAN_LITTLE)
T7AD0 003:465.408 - 0.015ms returns 0
T7AD0 003:465.998 JLINK_BeginDownload(Flags = 0x00000000)
T7AD0 003:466.016 - 0.017ms 
T7AD0 003:485.387 JLINK_ReadMem(0xE000EDF0, 0x4 Bytes, ...)
T7AD0 003:485.431   CPU_ReadMem(4 bytes @ 0xE000EDF0)
T7AD0 003:485.761   Data:  03 00 13 00
T7AD0 003:485.784   Debug reg: DHCSR
T7AD0 003:485.794 - 0.406ms returns 0
T7AD0 003:487.435 JLINK_WriteMem(0x02000000, 0x64 Bytes, ...)
T7AD0 003:487.460   Data:  60 04 00 22 91 34 00 02 B1 32 00 02 9B 34 00 02 ...
T7AD0 003:487.988   completely In flash
T7AD0 003:488.007 - 0.572ms returns 0x64
T7AD0 003:488.417 JLINK_WriteMem(0x02000070, 0x30 Bytes, ...)
T7AD0 003:488.444   Data:  01 00 00 00 00 00 00 00 00 00 00 00 00 00 00 00 ...
T7AD0 003:488.461   completely In flash
T7AD0 003:488.474 - 0.058ms returns 0x30
T7AD0 003:488.985 JLINK_WriteMem(0x020000A0, 0xBD0 Bytes, ...)
T7AD0 003:489.005   Data:  10 B5 40 F2 8C 44 A8 21 C2 F2 00 24 20 46 05 F0 ...
T7AD0 003:489.018   completely In flash
T7AD0 003:489.026 - 0.041ms returns 0xBD0
T7AD0 003:489.542 JLINK_WriteMem(0x02000C70, 0xBD0 Bytes, ...)
T7AD0 003:489.566   Data:  C0 F2 00 20 00 F0 37 FA 40 F6 88 50 40 F2 00 09 ...
T7AD0 003:489.600   completely In flash
T7AD0 003:489.611 - 0.069ms returns 0xBD0
T7AD0 003:489.997 JLINK_WriteMem(0x02001840, 0xBC0 Bytes, ...)
T7AD0 003:490.017   Data:  05 00 38 69 00 21 02 91 01 A9 58 B1 03 46 0D F1 ...
T7AD0 003:490.033   completely In flash
T7AD0 003:490.042 - 0.044ms returns 0xBC0
T7AD0 003:490.348 JLINK_WriteMem(0x02002400, 0xBD0 Bytes, ...)
T7AD0 003:490.361   Data:  00 B1 B0 BD 20 69 C1 79 01 F0 7F 01 C1 71 20 69 ...
T7AD0 003:490.372   completely In flash
T7AD0 003:490.380 - 0.032ms returns 0xBD0
T7AD0 003:490.853 JLINK_WriteMem(0x02002FD0, 0xBC0 Bytes, ...)
T7AD0 003:490.868   Data:  C9 20 85 F8 CA 00 95 F8 CA 00 00 F0 BF 00 85 F8 ...
T7AD0 003:490.878   completely In flash
T7AD0 003:490.886 - 0.033ms returns 0xBC0
T7AD0 003:491.246 JLINK_WriteMem(0x02003B90, 0xBC0 Bytes, ...)
T7AD0 003:491.260   Data:  00 25 70 1C A0 63 28 46 70 BD D4 D4 D4 D4 D4 D4 ...
T7AD0 003:491.273   completely In flash
T7AD0 003:491.282 - 0.036ms returns 0xBC0
T7AD0 003:491.665 JLINK_WriteMem(0x02004750, 0xBC0 Bytes, ...)
T7AD0 003:491.677   Data:  D4 40 C2 F2 00 20 00 68 40 B1 41 F2 78 50 C2 F2 ...
T7AD0 003:491.687   completely In flash
T7AD0 003:491.695 - 0.030ms returns 0xBC0
T7AD0 003:491.992 JLINK_WriteMem(0x02005310, 0xBE0 Bytes, ...)
T7AD0 003:492.006   Data:  00 F0 FA 00 86 F8 24 00 1D E0 96 F8 24 00 00 F0 ...
T7AD0 003:492.016   completely In flash
T7AD0 003:492.024 - 0.032ms returns 0xBE0
T7AD0 003:492.267 JLINK_WriteMem(0x02005EF0, 0x96A Bytes, ...)
T7AD0 003:492.277   Data:  20 41 43 54 3D 25 30 32 58 0D 0A 00 76 50 6F 72 ...
T7AD0 003:492.288   completely In flash
T7AD0 003:492.296 - 0.028ms returns 0x96A
T7AD0 003:492.668 JLINK_WriteMem(0x02C9F040, 0x4 Bytes, ...)
T7AD0 003:492.692   Data:  FF FF FF FF
T7AD0 003:493.037   completely In flash
T7AD0 003:493.057 - 0.389ms returns 0x4
T7AD0 003:493.745 JLINK_WriteMem(0x02C9F044, 0x4 Bytes, ...)
T7AD0 003:493.766   Data:  EF FF FF FF
T7AD0 003:493.781   completely In flash
T7AD0 003:493.791 - 0.046ms returns 0x4
T7AD0 003:494.164 JLINK_WriteMem(0x02C9F0C0, 0x4 Bytes, ...)
T7AD0 003:494.181   Data:  FF FF FF FD
T7AD0 003:494.192   completely In flash
T7AD0 003:494.199 - 0.034ms returns 0x4
T7AD0 003:494.549 JLINK_WriteMem(0x02C9F0C4, 0x4 Bytes, ...)
T7AD0 003:494.565   Data:  FF FF FF FF
T7AD0 003:494.576   completely In flash
T7AD0 003:494.589 - 0.039ms returns 0x4
T7AD0 003:494.970 JLINK_WriteMem(0x02C9F120, 0x4 Bytes, ...)
T7AD0 003:494.986   Data:  00 00 00 00
T7AD0 003:494.996   completely In flash
T7AD0 003:495.003 - 0.034ms returns 0x4
T7AD0 003:495.351 JLINK_WriteMem(0x02C9F124, 0x4 Bytes, ...)
T7AD0 003:495.367   Data:  00 00 00 00
T7AD0 003:495.377   completely In flash
T7AD0 003:495.384 - 0.033ms returns 0x4
T7AD0 003:497.998 JLINK_WriteMem(0x020D0000, 0x44 Bytes, ...)
T7AD0 003:498.024   Data:  00 04 14 22 2D 15 0D 02 09 14 0D 02 37 15 0D 02 ...
T7AD0 003:498.039   completely In flash
T7AD0 003:498.046 - 0.048ms returns 0x44
T7AD0 003:498.498 JLINK_WriteMem(0x020D0044, 0xBCC Bytes, ...)
T7AD0 003:498.514   Data:  10 B5 40 F2 2C 44 C2 F2 14 24 20 46 A8 21 03 F0 ...
T7AD0 003:498.528   completely In flash
T7AD0 003:498.536 - 0.038ms returns 0xBCC
T7AD0 003:499.107 JLINK_WriteMem(0x020D0C10, 0xBD0 Bytes, ...)
T7AD0 003:499.133   Data:  08 80 EF F3 09 80 01 49 08 47 00 00 AF 0C 0D 02 ...
T7AD0 003:499.228   completely In flash
T7AD0 003:499.240 - 0.134ms returns 0xBD0
T7AD0 003:499.826 JLINK_WriteMem(0x020D17E0, 0xBB0 Bytes, ...)
T7AD0 003:499.852   Data:  1F 10 43 F6 0E 02 43 F2 AC 53 C0 F2 0D 20 C0 F2 ...
T7AD0 003:499.867   completely In flash
T7AD0 003:499.877 - 0.050ms returns 0xBB0
T7AD0 003:500.256 JLINK_WriteMem(0x020D2390, 0xBC0 Bytes, ...)
T7AD0 003:500.277   Data:  00 F0 32 F9 08 B1 CA F8 00 40 01 3E F8 D1 00 20 ...
T7AD0 003:500.292   completely In flash
T7AD0 003:500.302 - 0.045ms returns 0xBC0
T7AD0 003:500.676 JLINK_WriteMem(0x020D2F50, 0xBD0 Bytes, ...)
T7AD0 003:500.693   Data:  43 F6 89 13 C0 F2 0D 20 C0 F2 0D 22 C0 F2 0D 23 ...
T7AD0 003:500.705   completely In flash
T7AD0 003:500.715 - 0.039ms returns 0xBD0
T7AD0 003:500.950 JLINK_WriteMem(0x020D3B20, 0x4DA Bytes, ...)
T7AD0 003:500.966   Data:  76 65 64 43 6F 6D 6D 61 6E 64 73 00 5B 43 50 55 ...
T7AD0 003:500.982   completely In flash
T7AD0 003:500.992 - 0.042ms returns 0x4DA
T7AD0 003:514.709 JLINK_EndDownload()
T7AD0 003:515.270   CPU_ReadMem(4 bytes @ 0xE000ED90)
T7AD0 003:515.580   CPU_ReadMem(4 bytes @ 0xE000ED94)
T7AD0 003:516.310    -- --------------------------------------
T7AD0 003:516.340    -- Start of determining flash info (Bank @ 0x02000000)
T7AD0 003:516.555    -- End of determining flash info
T7AD0 003:516.567    -- Start of determining dirty areas in flash cache
T7AD0 003:516.576    -- Filling invalid ranges in sector buffer (flash cache) for sector @ 0x02000000 if necessary
T7AD0 003:516.584    -- Filling invalid ranges in sector buffer (flash cache) for sector @ 0x02000800 if necessary
T7AD0 003:516.592    -- Filling invalid ranges in sector buffer (flash cache) for sector @ 0x02001000 if necessary
T7AD0 003:516.600    -- Filling invalid ranges in sector buffer (flash cache) for sector @ 0x02001800 if necessary
T7AD0 003:516.608    -- Filling invalid ranges in sector buffer (flash cache) for sector @ 0x02002000 if necessary
T7AD0 003:516.615    -- Filling invalid ranges in sector buffer (flash cache) for sector @ 0x02002800 if necessary
T7AD0 003:516.623    -- Filling invalid ranges in sector buffer (flash cache) for sector @ 0x02003000 if necessary
T7AD0 003:516.630    -- Filling invalid ranges in sector buffer (flash cache) for sector @ 0x02003800 if necessary
T7AD0 003:516.638    -- Filling invalid ranges in sector buffer (flash cache) for sector @ 0x02004000 if necessary
T7AD0 003:516.645    -- Filling invalid ranges in sector buffer (flash cache) for sector @ 0x02004800 if necessary
T7AD0 003:516.653    -- Filling invalid ranges in sector buffer (flash cache) for sector @ 0x02005000 if necessary
T7AD0 003:516.660    -- Filling invalid ranges in sector buffer (flash cache) for sector @ 0x02005800 if necessary
T7AD0 003:516.668    -- Filling invalid ranges in sector buffer (flash cache) for sector @ 0x02006000 if necessary
T7AD0 003:516.676    -- Filling invalid ranges in sector buffer (flash cache) for sector @ 0x02006800 if necessary
T7AD0 003:516.778    -- Filling invalid ranges in sector buffer (flash cache) for sector @ 0x020D0000 if necessary
T7AD0 003:516.787    -- Filling invalid ranges in sector buffer (flash cache) for sector @ 0x020D0800 if necessary
T7AD0 003:516.795    -- Filling invalid ranges in sector buffer (flash cache) for sector @ 0x020D1000 if necessary
T7AD0 003:516.803    -- Filling invalid ranges in sector buffer (flash cache) for sector @ 0x020D1800 if necessary
T7AD0 003:516.810    -- Filling invalid ranges in sector buffer (flash cache) for sector @ 0x020D2000 if necessary
T7AD0 003:516.818    -- Filling invalid ranges in sector buffer (flash cache) for sector @ 0x020D2800 if necessary
T7AD0 003:516.825    -- Filling invalid ranges in sector buffer (flash cache) for sector @ 0x020D3000 if necessary
T7AD0 003:516.833    -- Filling invalid ranges in sector buffer (flash cache) for sector @ 0x020D3800 if necessary
T7AD0 003:516.861    -- End of determining dirty areas
T7AD0 003:516.868    -- Start of preparing flash programming
T7AD0 003:517.102    -- Preparing RAMCode
T7AD0 003:517.124    -- Calculating RAM usage
T7AD0 003:517.133    -- RAM usage = 11232 Bytes
T7AD0 003:517.142    -- Preserving CPU registers
T7AD0 003:518.205    -- Preparing memory
T7AD0 003:518.230    -- Preparing target
T7AD0 003:518.240    -- Preserving target RAM temporarily used for programming
T7AD0 003:582.360    -- Downloading RAMCode
T7AD0 003:611.844    -- Initializing RAMCode (InitType: 3 = Verify)
T7AD0 003:611.884    -- Executing SEGGER_FL_Prepare(3)
T7AD0 003:617.126    -- SEGGER_FL_Prepare() changed clock speed to 150000000Hz
T7AD0 003:617.159    -- End of preparing flash programming
T7AD0 003:729.157    -- CPU is running at 150000 kHz.
T7AD0 003:729.192    -- Start of comparing flash
T7AD0 003:729.203    -- CRC check was estimated as fastest method
T7AD0 003:784.193    -- Comparing range 0x2000000 - 0x2006FFF (14 Sectors, 28 KB), using single-block CRC calculation
T7AD0 003:804.274    -- CRC does not match, checking individual sectors
T7AD0 003:820.256    -- CRC does not match for sectors 0-13
T7AD0 003:820.552    -- Comparing range 0x20D0000 - 0x20D3FFF (8 Sectors, 16 KB), using single-block CRC calculation
T7AD0 003:830.697    -- CRC matches
T7AD0 003:830.891    -- Comparing range 0x20D0000 - 0x20D3FFF (8 Sectors, 16 KB), using alternative single-block CRC calculation
T7AD0 003:841.113    -- CRC matches
T7AD0 003:841.154    -- End of comparing flash
T7AD0 003:841.166    -- Start of erasing sectors
T7AD0 003:841.179    -- Erasing range 0x02000000 - 0x02006FFF ( 14 Sectors, 28 KB)
T7AD0 003:894.361    -- End of erasing sectors
T7AD0 003:894.404    -- Start of flash programming
T7AD0 003:894.418    -- Programming range 0x02000000 - 0x02006FFF ( 14 Sectors, 28 KB)
T7AD0 004:081.214    -- End of flash programming
T7AD0 004:081.265    -- 0x2000000 - 0x2006FFF ( 14 Sectors, 28 KB)
T7AD0 004:081.276    -- Start of verifying flash
T7AD0 004:081.286    -- Checksum calculation was estimated as fastest method
T7AD0 004:081.296    -- Checksum is not supported by this flash bank. Switched to read back method.
T7AD0 004:111.656    -- End of verifying flash
T7AD0 004:111.698    -- Start of restoring
T7AD0 004:111.710    -- Executing SEGGER_FL_Restore()
T7AD0 004:117.918    -- Restoring target memory
T7AD0 004:176.441    -- Restoring CPU registers
T7AD0 004:176.828    -- End of restoring
T7AD0 004:176.852    -- Bank 0 @ 0x02000000: 1 range affected (28672 bytes)
T7AD0 004:176.866    -- Total: 0.659s (Prepare: 0.212s, Compare: 0.111s, Erase: 0.053s, Program: 0.203s, Verify: 0.013s, Restore: 0.065s)
T7AD0 004:176.879    -- Program & Verify speed: 129 KB/s
T7AD0 004:182.211    -- --------------------------------------
T7AD0 004:182.244    -- Start of determining flash info (Bank @ 0x02C9F020)
T7AD0 004:182.254    -- End of determining flash info
T7AD0 004:182.262    -- Start of determining dirty areas in flash cache
T7AD0 004:182.271    -- Filling invalid ranges in sector buffer (flash cache) for sector @ 0x02C9F040 if necessary
T7AD0 004:182.287    -- Filling invalid ranges in sector buffer (flash cache) for sector @ 0x02C9F0C0 if necessary
T7AD0 004:182.299    -- Filling invalid ranges in sector buffer (flash cache) for sector @ 0x02C9F120 if necessary
T7AD0 004:182.312    -- End of determining dirty areas
T7AD0 004:182.322    -- Start of preparing flash programming
T7AD0 004:182.333    -- Preparing RAMCode
T7AD0 004:182.344    -- Calculating RAM usage
T7AD0 004:182.355    -- RAM usage = 3472 Bytes
T7AD0 004:182.366    -- Preserving CPU registers
T7AD0 004:182.405    -- Preparing memory
T7AD0 004:182.416    -- Preparing target
T7AD0 004:182.427    -- Preserving target RAM temporarily used for programming
T7AD0 004:202.637    -- Downloading RAMCode
T7AD0 004:225.091    -- Initializing RAMCode (InitType: 3 = Verify)
T7AD0 004:225.128    -- Executing SEGGER_FL_Prepare(3)
T7AD0 004:231.592    -- End of preparing flash programming
T7AD0 004:233.121    -- CPU speed could not be measured.
T7AD0 004:233.164    -- Start of comparing flash
T7AD0 004:233.173    -- CRC check was estimated as fastest method
T7AD0 004:254.958    -- Comparing range 0x2C9F040 - 0x2C9F04F (1 Sector, 16 Bytes), using single-block CRC calculation
T7AD0 004:261.938    -- CRC matches
T7AD0 004:262.169    -- Comparing range 0x2C9F0C0 - 0x2C9F0CF (1 Sector, 16 Bytes), using single-block CRC calculation
T7AD0 004:266.609    -- CRC matches
T7AD0 004:267.205    -- Comparing range 0x2C9F120 - 0x2C9F12F (1 Sector, 16 Bytes), using single-block CRC calculation
T7AD0 004:269.607    -- CRC matches
T7AD0 004:269.737    -- Comparing range 0x2C9F040 - 0x2C9F04F (1 Sector, 16 Bytes), using alternative single-block CRC calculation
T7AD0 004:271.780    -- CRC matches
T7AD0 004:271.906    -- Comparing range 0x2C9F0C0 - 0x2C9F0CF (1 Sector, 16 Bytes), using alternative single-block CRC calculation
T7AD0 004:273.925    -- CRC matches
T7AD0 004:274.070    -- Comparing range 0x2C9F120 - 0x2C9F12F (1 Sector, 16 Bytes), using alternative single-block CRC calculation
T7AD0 004:276.192    -- CRC matches
T7AD0 004:276.218    -- End of comparing flash
T7AD0 004:276.230    -- Start of erasing sectors
T7AD0 004:276.237    -- End of erasing sectors
T7AD0 004:276.243    -- Start of flash programming
T7AD0 004:276.252    -- End of flash programming
T7AD0 004:276.261    -- Start of verifying flash
T7AD0 004:276.269    -- End of verifying flash
T7AD0 004:276.278    -- Start of restoring
T7AD0 004:276.287    -- Executing SEGGER_FL_Restore()
T7AD0 004:281.560    -- Restoring target memory
T7AD0 004:300.314    -- Restoring CPU registers
T7AD0 004:300.734    -- End of restoring
T7AD0 004:300.763    -- Bank 1 @ 0x02C9F020: Skipped. Contents already match
T7AD0 004:300.777    -- Bank 1 @ 0x02C9F020: Skipped. Contents already match
T7AD0 004:378.908 - 864.197ms returns 28672 (0x7000)
T7AD0 004:379.384 JLINK_WriteReg(R15 (PC), 0x02003490)
T7AD0 004:379.406 - 0.022ms returns 0
T7AD0 004:379.426 JLINK_WriteReg(XPSR, 0x01000000)
T7AD0 004:379.432 - 0.006ms returns 0
T7AD0 004:379.440 JLINK_WriteReg(R15 (PC), 0x020D152C)
T7AD0 004:379.446 - 0.005ms returns 0
T7AD0 004:379.460 JLINK_WriteMem(0x220014D0, 0x4 Bytes, ...)
T7AD0 004:379.465   Data:  00 00 00 00
T7AD0 004:379.482   CPU_WriteMem(4 bytes @ 0x220014D0)
T7AD0 004:380.080 - 0.619ms returns 0x4
T7AD0 004:380.103 JLINK_ReadMem(0x220014D0, 0x4 Bytes, ...)
T7AD0 004:380.112   CPU_ReadMem(4 bytes @ 0x220014D0)
T7AD0 004:380.695   Data:  00 00 00 00
T7AD0 004:380.708 - 0.605ms returns 0
T7AD0 004:380.722 JLINK_ReadMem(0x220014AC, 0x4 Bytes, ...)
T7AD0 004:380.730   CPU_ReadMem(4 bytes @ 0x220014AC)
T7AD0 004:381.261   Data:  B0 14 00 22
T7AD0 004:381.283 - 0.561ms returns 0
T7AD0 004:381.300 JLINK_ReadMem(0x02006808, 0x4 Bytes, ...)
T7AD0 004:381.307    -- Read from flash cache (4 bytes @ 0x02006808)
T7AD0 004:381.315   Data:  04 00 00 00
T7AD0 004:381.322 - 0.022ms returns 0
T7AD0 004:382.190 JLINK_ResetPullsRESET(ON)
T7AD0 004:382.203 - 0.013ms 
T7AD0 004:382.210 JLINK_Halt()
T7AD0 004:382.216 - 0.005ms returns 0x00
T7AD0 004:382.221 JLINK_IsHalted()
T7AD0 004:382.228 - 0.005ms returns TRUE
T7AD0 004:382.233 JLINK_Reset()
T7AD0 004:382.242   ResetTarget() start
T7AD0 004:382.250    J-Link Script File: Executing ResetTarget()
T7AD0 004:382.957   CPU_ReadMem(4 bytes @ 0xE000ED44)
T7AD0 004:383.211   CPU_ReadMem(4 bytes @ 0xE000EE08)
T7AD0 004:383.465   CPU_WriteMem(4 bytes @ 0xE000EE08)
T7AD0 004:383.723   CPU_ReadMem(4 bytes @ 0xE000EE08)
T7AD0 004:383.963   Reset: ARMv8M core with Security Extension enabled detected. Switch to secure domain.
T7AD0 004:383.980   Reset: Halt core after reset via DEMCR.VC_CORERESET.
T7AD0 004:383.991   CPU_WriteMem(4 bytes @ 0xE000EDF0)
T7AD0 004:384.268   CPU_WriteMem(4 bytes @ 0xE000EDFC)
T7AD0 004:384.684   Reset: Reset device via AIRCR.SYSRESETREQ.
T7AD0 004:384.701   CPU_WriteMem(4 bytes @ 0xE000ED0C)
T7AD0 004:436.576   CPU_ReadMem(4 bytes @ 0xE000EDF0)
T7AD0 004:436.930   CPU_ReadMem(4 bytes @ 0xE000EDF0)
T7AD0 004:437.260   CPU_WriteMem(4 bytes @ 0xE000EDFC)
T7AD0 004:437.593   ResetTarget() end - Took 55.3ms
T7AD0 004:437.614   Device specific reset executed.
T7AD0 004:441.155   CPU_WriteMem(4 bytes @ 0xE0002000)
T7AD0 004:441.468   CPU_ReadMem(4 bytes @ 0xE000EDFC)
T7AD0 004:441.769   CPU_ReadMem(4 bytes @ 0xE0001000)
T7AD0 004:442.034   CPU_ReadMem(4 bytes @ 0xE000EE08)
T7AD0 004:442.270 - 60.036ms 
T7AD0 004:442.295 JLINK_SetEndian(ARM_ENDIAN_LITTLE)
T7AD0 004:442.301 - 0.006ms returns 0
T7AD0 004:442.610 JLINK_ReadMem(0x220014D0, 0x4 Bytes, ...)
T7AD0 004:442.628   CPU_ReadMem(4 bytes @ 0x220014D0)
T7AD0 004:443.157   Data:  00 00 00 00
T7AD0 004:443.177 - 0.567ms returns 0
T7AD0 004:443.189 JLINK_ReadMem(0x220014AC, 0x4 Bytes, ...)
T7AD0 004:443.200   CPU_ReadMem(4 bytes @ 0x220014AC)
T7AD0 004:443.743   Data:  B0 14 00 22
T7AD0 004:443.753 - 0.564ms returns 0
T7AD0 004:443.764 JLINK_ReadMem(0x02006808, 0x4 Bytes, ...)
T7AD0 004:443.771    -- Read from flash cache (4 bytes @ 0x02006808)
T7AD0 004:443.779   Data:  04 00 00 00
T7AD0 004:443.788 - 0.024ms returns 0
T7AD0 004:471.289 JLINK_WriteMem(0x220014D0, 0x4 Bytes, ...)
T7AD0 004:471.330   Data:  00 00 00 00
T7AD0 004:471.352   CPU_WriteMem(4 bytes @ 0x220014D0)
T7AD0 004:471.966 - 0.676ms returns 0x4
T7AD0 004:471.981 JLINK_ReadMem(0x220014D0, 0x4 Bytes, ...)
T7AD0 004:471.992   CPU_ReadMem(4 bytes @ 0x220014D0)
T7AD0 004:472.514   Data:  00 00 00 00
T7AD0 004:472.525 - 0.543ms returns 0
T7AD0 004:472.533 JLINK_ReadMem(0x220014AC, 0x4 Bytes, ...)
T7AD0 004:472.542   CPU_ReadMem(4 bytes @ 0x220014AC)
T7AD0 004:473.071   Data:  B0 14 00 22
T7AD0 004:473.091 - 0.557ms returns 0
T7AD0 004:473.104 JLINK_ReadMem(0x02006808, 0x4 Bytes, ...)
T7AD0 004:473.111    -- Read from flash cache (4 bytes @ 0x02006808)
T7AD0 004:473.121   Data:  04 00 00 00
T7AD0 004:473.129 - 0.026ms returns 0
T7AD0 004:477.089 JLINK_ReadMem(0x220014D0, 0x4 Bytes, ...)
T7AD0 004:477.130   CPU_ReadMem(4 bytes @ 0x220014D0)
T7AD0 004:477.697   Data:  00 00 00 00
T7AD0 004:477.705 - 0.616ms returns 0
T7AD0 004:477.712 JLINK_ReadMem(0x220014AC, 0x4 Bytes, ...)
T7AD0 004:477.718   CPU_ReadMem(4 bytes @ 0x220014AC)
T7AD0 004:478.236   Data:  B0 14 00 22
T7AD0 004:478.249 - 0.537ms returns 0
T7AD0 004:478.257 JLINK_ReadMem(0x02006808, 0x4 Bytes, ...)
T7AD0 004:478.263    -- Read from flash cache (4 bytes @ 0x02006808)
T7AD0 004:478.269   Data:  04 00 00 00
T7AD0 004:478.275 - 0.017ms returns 0
T7AD0 004:478.283 JLINK_ReadMem(0x220014D0, 0x4 Bytes, ...)
T7AD0 004:478.293   CPU_ReadMem(4 bytes @ 0x220014D0)
T7AD0 004:478.815   Data:  00 00 00 00
T7AD0 004:478.824 - 0.541ms returns 0
T7AD0 004:478.832 JLINK_ReadMem(0x220014AC, 0x4 Bytes, ...)
T7AD0 004:478.839   CPU_ReadMem(4 bytes @ 0x220014AC)
T7AD0 004:479.358   Data:  B0 14 00 22
T7AD0 004:479.367 - 0.535ms returns 0
T7AD0 004:479.375 JLINK_ReadMem(0x02006808, 0x4 Bytes, ...)
T7AD0 004:479.380    -- Read from flash cache (4 bytes @ 0x02006808)
T7AD0 004:479.387   Data:  04 00 00 00
T7AD0 004:479.395 - 0.020ms returns 0
T7AD0 004:482.366 JLINK_ReadMem(0x020D152C, 0x4 Bytes, ...)
T7AD0 004:482.392    -- Read from flash cache (4 bytes @ 0x020D152C)
T7AD0 004:482.399   Data:  00 F0 06 F8
T7AD0 004:482.405 - 0.040ms returns 0
T7AD0 004:482.595 JLINK_ReadMem(0x020D152C, 0x2 Bytes, ...)
T7AD0 004:482.614    -- Read from flash cache (2 bytes @ 0x020D152C)
T7AD0 004:482.623   Data:  00 F0
T7AD0 004:482.632 - 0.036ms returns 0
T7AD0 004:497.822 JLINK_ReadMem(0x220014D0, 0x4 Bytes, ...)
T7AD0 004:497.867   CPU_ReadMem(4 bytes @ 0x220014D0)
T7AD0 004:498.442   Data:  00 00 00 00
T7AD0 004:498.458 - 0.636ms returns 0
T7AD0 004:498.467 JLINK_ReadMem(0x220014AC, 0x4 Bytes, ...)
T7AD0 004:498.475   CPU_ReadMem(4 bytes @ 0x220014AC)
T7AD0 004:499.004   Data:  B0 14 00 22
T7AD0 004:499.023 - 0.555ms returns 0
T7AD0 004:499.034 JLINK_ReadMem(0x02006808, 0x4 Bytes, ...)
T7AD0 004:499.041    -- Read from flash cache (4 bytes @ 0x02006808)
T7AD0 004:499.049   Data:  04 00 00 00
T7AD0 004:499.056 - 0.021ms returns 0
T7AD0 004:499.073 JLINK_ReadMem(0x220014D0, 0x4 Bytes, ...)
T7AD0 004:499.081   CPU_ReadMem(4 bytes @ 0x220014D0)
T7AD0 004:499.694   Data:  00 00 00 00
T7AD0 004:499.718 - 0.645ms returns 0
T7AD0 004:499.727 JLINK_ReadMem(0x220014AC, 0x4 Bytes, ...)
T7AD0 004:499.736   CPU_ReadMem(4 bytes @ 0x220014AC)
T7AD0 004:500.261   Data:  B0 14 00 22
T7AD0 004:500.277 - 0.550ms returns 0
T7AD0 004:500.288 JLINK_ReadMem(0x02006808, 0x4 Bytes, ...)
T7AD0 004:500.295    -- Read from flash cache (4 bytes @ 0x02006808)
T7AD0 004:500.303   Data:  04 00 00 00
T7AD0 004:500.310 - 0.022ms returns 0
T7AD0 004:500.957 JLINK_ReadMem(0x020D152C, 0x4 Bytes, ...)
T7AD0 004:500.972    -- Read from flash cache (4 bytes @ 0x020D152C)
T7AD0 004:500.980   Data:  00 F0 06 F8
T7AD0 004:500.988 - 0.031ms returns 0
T7AD0 004:501.189 JLINK_ReadMem(0x020D152C, 0x2 Bytes, ...)
T7AD0 004:501.202    -- Read from flash cache (2 bytes @ 0x020D152C)
T7AD0 004:501.210   Data:  00 F0
T7AD0 004:501.217 - 0.028ms returns 0
T7AD0 004:948.800 JLINK_GetNumBPUnits(Type = 0xFFFFFF00)
T7AD0 004:948.824 - 0.024ms returns 0x08
T7AD0 004:948.829 JLINK_GetNumWPUnits()
T7AD0 004:948.834 - 0.004ms returns 8
T7AD0 004:948.845 JLINK_GetNumBPUnits(Type = 0xFFFFFF00)
T7AD0 004:948.850 - 0.004ms returns 0x08
T7AD0 004:948.855 JLINK_GetNumWPUnits()
T7AD0 004:948.859 - 0.004ms returns 8
T7AD0 004:948.865 JLINK_GetNumBPUnits(Type = 0xFFFFFF00)
T7AD0 004:948.869 - 0.004ms returns 0x08
T7AD0 004:948.874 JLINK_GetNumWPUnits()
T7AD0 004:948.878 - 0.004ms returns 8
T7AD0 004:949.629 JLINK_SetBPEx(Addr = 0x02001222, Type = 0xFFFFFF00)
T7AD0 004:949.644 - 0.015ms returns 0x00000001
T7AD0 004:949.677 JLINK_ClrBPEx(BPHandle = 0x00000001)
T7AD0 004:949.980 - 0.303ms returns 0x00
T7AD0 004:968.065 JLINK_ReadMem(0x02001224, 0x2 Bytes, ...)
T7AD0 004:968.095    -- Read from flash cache (2 bytes @ 0x02001224)
T7AD0 004:968.103   Data:  40 F6
T7AD0 004:968.113 - 0.047ms returns 0
T7AD0 004:968.701 JLINK_SetBPEx(Addr = 0x02001224, Type = 0xFFFFFF00)
T7AD0 004:968.725 - 0.024ms returns 0x00000002
T7AD0 004:997.483 JLINK_ReadMem(0x220014D0, 0x4 Bytes, ...)
T7AD0 004:997.524   CPU_ReadMem(4 bytes @ 0x220014D0)
T7AD0 004:998.131   Data:  00 00 00 00
T7AD0 004:998.149 - 0.666ms returns 0
T7AD0 004:998.159 JLINK_ReadMem(0x220014AC, 0x4 Bytes, ...)
T7AD0 004:998.169   CPU_ReadMem(4 bytes @ 0x220014AC)
T7AD0 004:998.701   Data:  B0 14 00 22
T7AD0 004:998.712 - 0.553ms returns 0
T7AD0 004:998.723 JLINK_ReadMem(0x02006808, 0x4 Bytes, ...)
T7AD0 004:998.730    -- Read from flash cache (4 bytes @ 0x02006808)
T7AD0 004:998.738   Data:  04 00 00 00
T7AD0 004:998.745 - 0.022ms returns 0
T7AD0 004:998.776 JLINK_ReadReg(XPSR)
T7AD0 004:998.783   CPU_ReadMem(4 bytes @ 0xE000EE08)
T7AD0 004:999.047 - 0.271ms returns 0x01000000
T7AD0 004:999.060 JLINK_ReadReg(MSP)
T7AD0 004:999.066 - 0.006ms returns 0x22000460
T7AD0 004:999.591 JLINK_ReadMem(0x220014D0, 0x4 Bytes, ...)
T7AD0 004:999.607   CPU_ReadMem(4 bytes @ 0x220014D0)
T7AD0 005:000.144   Data:  00 00 00 00
T7AD0 005:000.155 - 0.563ms returns 0
T7AD0 005:000.162 JLINK_ReadMem(0x220014AC, 0x4 Bytes, ...)
T7AD0 005:000.169   CPU_ReadMem(4 bytes @ 0x220014AC)
T7AD0 005:000.701   Data:  B0 14 00 22
T7AD0 005:000.713 - 0.550ms returns 0
T7AD0 005:000.721 JLINK_ReadMem(0x02006808, 0x4 Bytes, ...)
T7AD0 005:000.727    -- Read from flash cache (4 bytes @ 0x02006808)
T7AD0 005:000.734   Data:  04 00 00 00
T7AD0 005:000.740 - 0.018ms returns 0
T7AD0 005:000.764 JLINK_ReadReg(XPSR)
T7AD0 005:000.770 - 0.006ms returns 0x01000000
T7AD0 005:000.775 JLINK_ReadReg(PSP)
T7AD0 005:000.780 - 0.004ms returns 0x00000000
T7AD0 005:001.021 JLINK_ReadMem(0x220014D0, 0x4 Bytes, ...)
T7AD0 005:001.041   CPU_ReadMem(4 bytes @ 0x220014D0)
T7AD0 005:001.583   Data:  00 00 00 00
T7AD0 005:001.597 - 0.577ms returns 0
T7AD0 005:001.607 JLINK_ReadMem(0x220014AC, 0x4 Bytes, ...)
T7AD0 005:001.615   CPU_ReadMem(4 bytes @ 0x220014AC)
T7AD0 005:002.149   Data:  B0 14 00 22
T7AD0 005:002.159 - 0.552ms returns 0
T7AD0 005:002.172 JLINK_ReadMem(0x02006808, 0x4 Bytes, ...)
T7AD0 005:002.210    -- Read from flash cache (4 bytes @ 0x02006808)
T7AD0 005:002.217   Data:  04 00 00 00
T7AD0 005:002.225 - 0.053ms returns 0
T7AD0 005:002.249 JLINK_ReadReg(XPSR)
T7AD0 005:002.257 - 0.007ms returns 0x01000000
T7AD0 005:002.265 JLINK_ReadReg(MSP_S)
T7AD0 005:002.270 - 0.005ms returns 0x22000460
T7AD0 005:002.464 JLINK_ReadMem(0x220014D0, 0x4 Bytes, ...)
T7AD0 005:002.477   CPU_ReadMem(4 bytes @ 0x220014D0)
T7AD0 005:003.033   Data:  00 00 00 00
T7AD0 005:003.053 - 0.589ms returns 0
T7AD0 005:003.062 JLINK_ReadMem(0x220014AC, 0x4 Bytes, ...)
T7AD0 005:003.069   CPU_ReadMem(4 bytes @ 0x220014AC)
T7AD0 005:003.694   Data:  B0 14 00 22
T7AD0 005:003.709 - 0.647ms returns 0
T7AD0 005:003.720 JLINK_ReadMem(0x02006808, 0x4 Bytes, ...)
T7AD0 005:003.726    -- Read from flash cache (4 bytes @ 0x02006808)
T7AD0 005:003.734   Data:  04 00 00 00
T7AD0 005:003.741 - 0.021ms returns 0
T7AD0 005:003.763 JLINK_ReadReg(XPSR)
T7AD0 005:003.770 - 0.007ms returns 0x01000000
T7AD0 005:003.777 JLINK_ReadReg(MSP_NS)
T7AD0 005:003.782 - 0.005ms returns 0x00000000
T7AD0 005:003.998 JLINK_ReadMem(0x220014D0, 0x4 Bytes, ...)
T7AD0 005:004.013   CPU_ReadMem(4 bytes @ 0x220014D0)
T7AD0 005:004.549   Data:  00 00 00 00
T7AD0 005:004.562 - 0.564ms returns 0
T7AD0 005:004.570 JLINK_ReadMem(0x220014AC, 0x4 Bytes, ...)
T7AD0 005:004.578   CPU_ReadMem(4 bytes @ 0x220014AC)
T7AD0 005:005.128   Data:  B0 14 00 22
T7AD0 005:005.145 - 0.574ms returns 0
T7AD0 005:005.156 JLINK_ReadMem(0x02006808, 0x4 Bytes, ...)
T7AD0 005:005.162    -- Read from flash cache (4 bytes @ 0x02006808)
T7AD0 005:005.170   Data:  04 00 00 00
T7AD0 005:005.179 - 0.023ms returns 0
T7AD0 005:005.210 JLINK_ReadReg(XPSR)
T7AD0 005:005.218 - 0.007ms returns 0x01000000
T7AD0 005:005.224 JLINK_ReadReg(PSP_S)
T7AD0 005:005.230 - 0.006ms returns 0x00000000
T7AD0 005:005.425 JLINK_ReadMem(0x220014D0, 0x4 Bytes, ...)
T7AD0 005:005.441   CPU_ReadMem(4 bytes @ 0x220014D0)
T7AD0 005:005.969   Data:  00 00 00 00
T7AD0 005:005.985 - 0.559ms returns 0
T7AD0 005:005.994 JLINK_ReadMem(0x220014AC, 0x4 Bytes, ...)
T7AD0 005:006.003   CPU_ReadMem(4 bytes @ 0x220014AC)
T7AD0 005:006.542   Data:  B0 14 00 22
T7AD0 005:006.556 - 0.561ms returns 0
T7AD0 005:006.564 JLINK_ReadMem(0x02006808, 0x4 Bytes, ...)
T7AD0 005:006.569    -- Read from flash cache (4 bytes @ 0x02006808)
T7AD0 005:006.576   Data:  04 00 00 00
T7AD0 005:006.582 - 0.018ms returns 0
T7AD0 005:006.604 JLINK_ReadReg(XPSR)
T7AD0 005:006.610 - 0.006ms returns 0x01000000
T7AD0 005:006.619 JLINK_ReadReg(PSP_NS)
T7AD0 005:006.624 - 0.004ms returns 0x00000000
T7AD0 005:009.899 JLINK_WriteMemEx(0x4000F054, 0x00000001 Bytes, Flags = 0x00000001)
T7AD0 005:009.925   Data:  01
T7AD0 005:010.117   CPU_WriteMem(1 bytes @ 0x4000F054)
T7AD0 005:010.729 - 0.829ms returns 0x1
T7AD0 005:010.743 JLINK_WriteMem(0x4000F055, 0x3 Bytes, ...)
T7AD0 005:010.749   Data:  00 00 00
T7AD0 005:010.760   CPU_WriteMem(3 bytes @ 0x4000F055)
T7AD0 005:011.756 - 1.012ms returns 0x3
T7AD0 005:012.234 JLINK_ReadMem(0x220014D0, 0x4 Bytes, ...)
T7AD0 005:012.257   CPU_ReadMem(4 bytes @ 0x220014D0)
T7AD0 005:012.813   Data:  00 00 00 00
T7AD0 005:012.827 - 0.593ms returns 0
T7AD0 005:012.837 JLINK_ReadMem(0x220014AC, 0x4 Bytes, ...)
T7AD0 005:012.846   CPU_ReadMem(4 bytes @ 0x220014AC)
T7AD0 005:013.493   Data:  B0 14 00 22
T7AD0 005:013.506 - 0.669ms returns 0
T7AD0 005:013.515 JLINK_ReadMem(0x02006808, 0x4 Bytes, ...)
T7AD0 005:013.521    -- Read from flash cache (4 bytes @ 0x02006808)
T7AD0 005:013.527   Data:  04 00 00 00
T7AD0 005:013.533 - 0.017ms returns 0
T7AD0 005:013.582 JLINK_ReadRegs(NumRegs = 20)
T7AD0 005:013.606   
  R0 (0)        = 0x00                 R1 (1)        = 0x00                 R2 (2)        = 0x00                 R3 (3)        = 0x00              
  R4 (4)        = 0x00                 R5 (5)        = 0x00                 R6 (6)        = 0x00                 R7 (7)        = 0x00              
  R8 (8)        = 0x00                 R9 (9)        = 0x00                 R10 (10)      = 0x00                 R11 (11)      = 0x00              
  R12 (12)      = 0x00                 R13 (SP) (13) = 0x22000460           R14 (14)      = 0xFFFFFFFF           R15 (PC) (15) = 0x2003490         
  XPSR (16)     = 0x1000000            MSPLIM (86)   = 0x00                 PSPLIM (87)   = 0x00                 CFBP (20)     = 0x00              
T7AD0 005:013.618 - 0.035ms returns 0x00
T7AD0 005:014.242 JLINK_ReadMem(0x02003490, 0x4 Bytes, ...)
T7AD0 005:014.252    -- Read from flash cache (4 bytes @ 0x02003490)
T7AD0 005:014.258   Data:  00 F0 06 F8
T7AD0 005:014.265 - 0.023ms returns 0
T7AD0 005:014.511 JLINK_ReadMem(0x220014D0, 0x4 Bytes, ...)
T7AD0 005:014.535   CPU_ReadMem(4 bytes @ 0x220014D0)
T7AD0 005:015.138   Data:  00 00 00 00
T7AD0 005:015.153 - 0.642ms returns 0
T7AD0 005:015.164 JLINK_ReadMem(0x220014AC, 0x4 Bytes, ...)
T7AD0 005:015.172   CPU_ReadMem(4 bytes @ 0x220014AC)
T7AD0 005:015.713   Data:  B0 14 00 22
T7AD0 005:015.726 - 0.562ms returns 0
T7AD0 005:015.737 JLINK_ReadMem(0x02006808, 0x4 Bytes, ...)
T7AD0 005:015.744    -- Read from flash cache (4 bytes @ 0x02006808)
T7AD0 005:015.751   Data:  04 00 00 00
T7AD0 005:015.758 - 0.020ms returns 0
T7AD0 005:015.787 JLINK_ReadReg(XPSR)
T7AD0 005:015.794 - 0.007ms returns 0x01000000
T7AD0 005:015.799 JLINK_ReadReg(MSP_S)
T7AD0 005:015.803 - 0.004ms returns 0x22000460
T7AD0 005:016.019 JLINK_ReadMem(0x220014D0, 0x4 Bytes, ...)
T7AD0 005:016.035   CPU_ReadMem(4 bytes @ 0x220014D0)
T7AD0 005:016.571   Data:  00 00 00 00
T7AD0 005:016.588 - 0.569ms returns 0
T7AD0 005:016.598 JLINK_ReadMem(0x220014AC, 0x4 Bytes, ...)
T7AD0 005:016.613   CPU_ReadMem(4 bytes @ 0x220014AC)
T7AD0 005:017.148   Data:  B0 14 00 22
T7AD0 005:017.158 - 0.560ms returns 0
T7AD0 005:017.166 JLINK_ReadMem(0x02006808, 0x4 Bytes, ...)
T7AD0 005:017.171    -- Read from flash cache (4 bytes @ 0x02006808)
T7AD0 005:017.177   Data:  04 00 00 00
T7AD0 005:017.183 - 0.017ms returns 0
T7AD0 005:017.209 JLINK_ReadReg(XPSR)
T7AD0 005:017.215 - 0.007ms returns 0x01000000
T7AD0 005:017.221 JLINK_ReadReg(MSP_NS)
T7AD0 005:017.226 - 0.004ms returns 0x00000000
T7AD0 005:017.433 JLINK_ReadMem(0x220014D0, 0x4 Bytes, ...)
T7AD0 005:017.452   CPU_ReadMem(4 bytes @ 0x220014D0)
T7AD0 005:017.987   Data:  00 00 00 00
T7AD0 005:018.005 - 0.572ms returns 0
T7AD0 005:018.016 JLINK_ReadMem(0x220014AC, 0x4 Bytes, ...)
T7AD0 005:018.025   CPU_ReadMem(4 bytes @ 0x220014AC)
T7AD0 005:018.571   Data:  B0 14 00 22
T7AD0 005:018.595 - 0.579ms returns 0
T7AD0 005:018.610 JLINK_ReadMem(0x02006808, 0x4 Bytes, ...)
T7AD0 005:018.619    -- Read from flash cache (4 bytes @ 0x02006808)
T7AD0 005:018.625   Data:  04 00 00 00
T7AD0 005:018.631 - 0.021ms returns 0
T7AD0 005:018.654 JLINK_ReadReg(XPSR)
T7AD0 005:018.661 - 0.006ms returns 0x01000000
T7AD0 005:018.666 JLINK_ReadReg(PSP_S)
T7AD0 005:018.670 - 0.004ms returns 0x00000000
T7AD0 005:018.903 JLINK_ReadMem(0x220014D0, 0x4 Bytes, ...)
T7AD0 005:018.921   CPU_ReadMem(4 bytes @ 0x220014D0)
T7AD0 005:019.463   Data:  00 00 00 00
T7AD0 005:019.475 - 0.572ms returns 0
T7AD0 005:019.483 JLINK_ReadMem(0x220014AC, 0x4 Bytes, ...)
T7AD0 005:019.490   CPU_ReadMem(4 bytes @ 0x220014AC)
T7AD0 005:020.121   Data:  B0 14 00 22
T7AD0 005:020.140 - 0.656ms returns 0
T7AD0 005:020.151 JLINK_ReadMem(0x02006808, 0x4 Bytes, ...)
T7AD0 005:020.157    -- Read from flash cache (4 bytes @ 0x02006808)
T7AD0 005:020.165   Data:  04 00 00 00
T7AD0 005:020.172 - 0.021ms returns 0
T7AD0 005:020.197 JLINK_ReadReg(XPSR)
T7AD0 005:020.205 - 0.007ms returns 0x01000000
T7AD0 005:020.212 JLINK_ReadReg(PSP_NS)
T7AD0 005:020.217 - 0.005ms returns 0x00000000
T7AD0 005:023.258 JLINK_WriteMemEx(0x4000F044, 0x00000004 Bytes, Flags = 0x00000004)
T7AD0 005:023.276   Data:  00 00 0D 02
T7AD0 005:023.297   CPU_WriteMem(4 bytes @ 0x4000F044)
T7AD0 005:023.923 - 0.665ms returns 0x4
T7AD0 005:024.334 JLINK_ReadMem(0x220014D0, 0x4 Bytes, ...)
T7AD0 005:024.358   CPU_ReadMem(4 bytes @ 0x220014D0)
T7AD0 005:024.992   Data:  00 00 00 00
T7AD0 005:025.012 - 0.677ms returns 0
T7AD0 005:025.033 JLINK_ReadMem(0x220014AC, 0x4 Bytes, ...)
T7AD0 005:025.044   CPU_ReadMem(4 bytes @ 0x220014AC)
T7AD0 005:025.566   Data:  B0 14 00 22
T7AD0 005:025.578 - 0.545ms returns 0
T7AD0 005:025.966 JLINK_ReadMem(0x02006808, 0x4 Bytes, ...)
T7AD0 005:025.989    -- Read from flash cache (4 bytes @ 0x02006808)
T7AD0 005:025.997   Data:  04 00 00 00
T7AD0 005:026.005 - 0.039ms returns 0
T7AD0 005:026.038 JLINK_ReadRegs(NumRegs = 20)
T7AD0 005:026.063   
  R0 (0)        = 0x00                 R1 (1)        = 0x00                 R2 (2)        = 0x00                 R3 (3)        = 0x00              
  R4 (4)        = 0x00                 R5 (5)        = 0x00                 R6 (6)        = 0x00                 R7 (7)        = 0x00              
  R8 (8)        = 0x00                 R9 (9)        = 0x00                 R10 (10)      = 0x00                 R11 (11)      = 0x00              
  R12 (12)      = 0x00                 R13 (SP) (13) = 0x22000460           R14 (14)      = 0xFFFFFFFF           R15 (PC) (15) = 0x2003490         
  XPSR (16)     = 0x1000000            MSPLIM (86)   = 0x00                 PSPLIM (87)   = 0x00                 CFBP (20)     = 0x00              
T7AD0 005:026.071 - 0.032ms returns 0x00
T7AD0 005:026.360 JLINK_ReadMem(0x02003490, 0x4 Bytes, ...)
T7AD0 005:026.371    -- Read from flash cache (4 bytes @ 0x02003490)
T7AD0 005:026.378   Data:  00 F0 06 F8
T7AD0 005:026.386 - 0.026ms returns 0
T7AD0 005:026.555 JLINK_ReadMem(0x220014D0, 0x4 Bytes, ...)
T7AD0 005:026.573   CPU_ReadMem(4 bytes @ 0x220014D0)
T7AD0 005:027.128   Data:  00 00 00 00
T7AD0 005:027.145 - 0.589ms returns 0
T7AD0 005:027.154 JLINK_ReadMem(0x220014AC, 0x4 Bytes, ...)
T7AD0 005:027.163   CPU_ReadMem(4 bytes @ 0x220014AC)
T7AD0 005:027.684   Data:  B0 14 00 22
T7AD0 005:027.694 - 0.540ms returns 0
T7AD0 005:027.705 JLINK_ReadMem(0x02006808, 0x4 Bytes, ...)
T7AD0 005:027.711    -- Read from flash cache (4 bytes @ 0x02006808)
T7AD0 005:027.719   Data:  04 00 00 00
T7AD0 005:027.727 - 0.022ms returns 0
T7AD0 005:027.750 JLINK_ReadReg(XPSR)
T7AD0 005:027.757 - 0.007ms returns 0x01000000
T7AD0 005:027.763 JLINK_ReadReg(MSP_S)
T7AD0 005:027.769 - 0.005ms returns 0x22000460
T7AD0 005:027.957 JLINK_ReadMem(0x220014D0, 0x4 Bytes, ...)
T7AD0 005:027.969   CPU_ReadMem(4 bytes @ 0x220014D0)
T7AD0 005:028.555   Data:  00 00 00 00
T7AD0 005:028.576 - 0.619ms returns 0
T7AD0 005:028.587 JLINK_ReadMem(0x220014AC, 0x4 Bytes, ...)
T7AD0 005:028.596   CPU_ReadMem(4 bytes @ 0x220014AC)
T7AD0 005:029.135   Data:  B0 14 00 22
T7AD0 005:029.147 - 0.560ms returns 0
T7AD0 005:029.155 JLINK_ReadMem(0x02006808, 0x4 Bytes, ...)
T7AD0 005:029.162    -- Read from flash cache (4 bytes @ 0x02006808)
T7AD0 005:029.169   Data:  04 00 00 00
T7AD0 005:029.174 - 0.019ms returns 0
T7AD0 005:029.195 JLINK_ReadReg(XPSR)
T7AD0 005:029.201 - 0.006ms returns 0x01000000
T7AD0 005:029.207 JLINK_ReadReg(MSP_NS)
T7AD0 005:029.211 - 0.004ms returns 0x00000000
T7AD0 005:029.432 JLINK_ReadMem(0x220014D0, 0x4 Bytes, ...)
T7AD0 005:029.450   CPU_ReadMem(4 bytes @ 0x220014D0)
T7AD0 005:029.995   Data:  00 00 00 00
T7AD0 005:030.009 - 0.577ms returns 0
T7AD0 005:030.018 JLINK_ReadMem(0x220014AC, 0x4 Bytes, ...)
T7AD0 005:030.025   CPU_ReadMem(4 bytes @ 0x220014AC)
T7AD0 005:030.565   Data:  B0 14 00 22
T7AD0 005:030.581 - 0.562ms returns 0
T7AD0 005:030.591 JLINK_ReadMem(0x02006808, 0x4 Bytes, ...)
T7AD0 005:030.598    -- Read from flash cache (4 bytes @ 0x02006808)
T7AD0 005:030.606   Data:  04 00 00 00
T7AD0 005:030.613 - 0.022ms returns 0
T7AD0 005:030.638 JLINK_ReadReg(XPSR)
T7AD0 005:030.648 - 0.009ms returns 0x01000000
T7AD0 005:030.656 JLINK_ReadReg(PSP_S)
T7AD0 005:030.661 - 0.005ms returns 0x00000000
T7AD0 005:030.894 JLINK_ReadMem(0x220014D0, 0x4 Bytes, ...)
T7AD0 005:030.914   CPU_ReadMem(4 bytes @ 0x220014D0)
T7AD0 005:031.466   Data:  00 00 00 00
T7AD0 005:031.476 - 0.582ms returns 0
T7AD0 005:031.532 JLINK_ReadMem(0x220014AC, 0x4 Bytes, ...)
T7AD0 005:031.543   CPU_ReadMem(4 bytes @ 0x220014AC)
T7AD0 005:032.124   Data:  B0 14 00 22
T7AD0 005:032.134 - 0.602ms returns 0
T7AD0 005:032.142 JLINK_ReadMem(0x02006808, 0x4 Bytes, ...)
T7AD0 005:032.147    -- Read from flash cache (4 bytes @ 0x02006808)
T7AD0 005:032.153   Data:  04 00 00 00
T7AD0 005:032.159 - 0.017ms returns 0
T7AD0 005:032.179 JLINK_ReadReg(XPSR)
T7AD0 005:032.189 - 0.010ms returns 0x01000000
T7AD0 005:032.195 JLINK_ReadReg(PSP_NS)
T7AD0 005:032.199 - 0.004ms returns 0x00000000
T7AD0 005:034.097 JLINK_WriteMemEx(0x4000F064, 0x00000002 Bytes, Flags = 0x00000002)
T7AD0 005:034.117   Data:  01 A5
T7AD0 005:034.137   CPU_WriteMem(2 bytes @ 0x4000F064)
T7AD0 005:034.741 - 0.642ms returns 0x2
T7AD0 005:034.751 JLINK_WriteMem(0x4000F066, 0x2 Bytes, ...)
T7AD0 005:034.755   Data:  00 00
T7AD0 005:034.764   CPU_WriteMem(2 bytes @ 0x4000F066)
T7AD0 005:035.331 - 0.580ms returns 0x2
T7AD0 005:035.761 JLINK_ReadMem(0x220014D0, 0x4 Bytes, ...)
T7AD0 005:035.779   CPU_ReadMem(4 bytes @ 0x220014D0)
T7AD0 005:036.332   Data:  00 00 00 00
T7AD0 005:036.343 - 0.582ms returns 0
T7AD0 005:036.351 JLINK_ReadMem(0x220014AC, 0x4 Bytes, ...)
T7AD0 005:036.357   CPU_ReadMem(4 bytes @ 0x220014AC)
T7AD0 005:036.881   Data:  B0 14 00 22
T7AD0 005:036.893 - 0.542ms returns 0
T7AD0 005:036.902 JLINK_ReadMem(0x02006808, 0x4 Bytes, ...)
T7AD0 005:036.909    -- Read from flash cache (4 bytes @ 0x02006808)
T7AD0 005:036.915   Data:  04 00 00 00
T7AD0 005:036.921 - 0.018ms returns 0
T7AD0 005:036.951 JLINK_ReadRegs(NumRegs = 20)
T7AD0 005:036.973   
  R0 (0)        = 0x00                 R1 (1)        = 0x00                 R2 (2)        = 0x00                 R3 (3)        = 0x00              
  R4 (4)        = 0x00                 R5 (5)        = 0x00                 R6 (6)        = 0x00                 R7 (7)        = 0x00              
  R8 (8)        = 0x00                 R9 (9)        = 0x00                 R10 (10)      = 0x00                 R11 (11)      = 0x00              
  R12 (12)      = 0x00                 R13 (SP) (13) = 0x22000460           R14 (14)      = 0xFFFFFFFF           R15 (PC) (15) = 0x2003490         
  XPSR (16)     = 0x1000000            MSPLIM (86)   = 0x00                 PSPLIM (87)   = 0x00                 CFBP (20)     = 0x00              
T7AD0 005:036.980 - 0.029ms returns 0x00
T7AD0 005:037.284 JLINK_ReadMem(0x02003490, 0x4 Bytes, ...)
T7AD0 005:037.295    -- Read from flash cache (4 bytes @ 0x02003490)
T7AD0 005:037.302   Data:  00 F0 06 F8
T7AD0 005:037.309 - 0.024ms returns 0
T7AD0 005:037.505 JLINK_ReadMem(0x220014D0, 0x4 Bytes, ...)
T7AD0 005:037.516   CPU_ReadMem(4 bytes @ 0x220014D0)
T7AD0 005:038.057   Data:  00 00 00 00
T7AD0 005:038.068 - 0.563ms returns 0
T7AD0 005:038.075 JLINK_ReadMem(0x220014AC, 0x4 Bytes, ...)
T7AD0 005:038.081   CPU_ReadMem(4 bytes @ 0x220014AC)
T7AD0 005:038.741   Data:  B0 14 00 22
T7AD0 005:038.755 - 0.680ms returns 0
T7AD0 005:038.765 JLINK_ReadMem(0x02006808, 0x4 Bytes, ...)
T7AD0 005:038.771    -- Read from flash cache (4 bytes @ 0x02006808)
T7AD0 005:038.777   Data:  04 00 00 00
T7AD0 005:038.784 - 0.018ms returns 0
T7AD0 005:038.807 JLINK_ReadReg(XPSR)
T7AD0 005:038.813 - 0.006ms returns 0x01000000
T7AD0 005:038.819 JLINK_ReadReg(MSP_S)
T7AD0 005:038.823 - 0.004ms returns 0x22000460
T7AD0 005:039.070 JLINK_ReadMem(0x220014D0, 0x4 Bytes, ...)
T7AD0 005:039.092   CPU_ReadMem(4 bytes @ 0x220014D0)
T7AD0 005:039.696   Data:  00 00 00 00
T7AD0 005:039.715 - 0.645ms returns 0
T7AD0 005:039.725 JLINK_ReadMem(0x220014AC, 0x4 Bytes, ...)
T7AD0 005:039.735   CPU_ReadMem(4 bytes @ 0x220014AC)
T7AD0 005:040.280   Data:  B0 14 00 22
T7AD0 005:040.299 - 0.574ms returns 0
T7AD0 005:040.313 JLINK_ReadMem(0x02006808, 0x4 Bytes, ...)
T7AD0 005:040.320    -- Read from flash cache (4 bytes @ 0x02006808)
T7AD0 005:040.329   Data:  04 00 00 00
T7AD0 005:040.337 - 0.024ms returns 0
T7AD0 005:040.363 JLINK_ReadReg(XPSR)
T7AD0 005:040.371 - 0.008ms returns 0x01000000
T7AD0 005:040.385 JLINK_ReadReg(MSP_NS)
T7AD0 005:040.391 - 0.006ms returns 0x00000000
T7AD0 005:040.619 JLINK_ReadMem(0x220014D0, 0x4 Bytes, ...)
T7AD0 005:040.634   CPU_ReadMem(4 bytes @ 0x220014D0)
T7AD0 005:041.177   Data:  00 00 00 00
T7AD0 005:041.189 - 0.570ms returns 0
T7AD0 005:041.197 JLINK_ReadMem(0x220014AC, 0x4 Bytes, ...)
T7AD0 005:041.205   CPU_ReadMem(4 bytes @ 0x220014AC)
T7AD0 005:041.749   Data:  B0 14 00 22
T7AD0 005:041.770 - 0.572ms returns 0
T7AD0 005:041.782 JLINK_ReadMem(0x02006808, 0x4 Bytes, ...)
T7AD0 005:041.790    -- Read from flash cache (4 bytes @ 0x02006808)
T7AD0 005:041.799   Data:  04 00 00 00
T7AD0 005:041.807 - 0.025ms returns 0
T7AD0 005:041.835 JLINK_ReadReg(XPSR)
T7AD0 005:041.844 - 0.008ms returns 0x01000000
T7AD0 005:041.851 JLINK_ReadReg(PSP_S)
T7AD0 005:041.857 - 0.006ms returns 0x00000000
T7AD0 005:042.113 JLINK_ReadMem(0x220014D0, 0x4 Bytes, ...)
T7AD0 005:042.134   CPU_ReadMem(4 bytes @ 0x220014D0)
T7AD0 005:042.693   Data:  00 00 00 00
T7AD0 005:042.713 - 0.600ms returns 0
T7AD0 005:042.724 JLINK_ReadMem(0x220014AC, 0x4 Bytes, ...)
T7AD0 005:042.734   CPU_ReadMem(4 bytes @ 0x220014AC)
T7AD0 005:043.279   Data:  B0 14 00 22
T7AD0 005:043.301 - 0.576ms returns 0
T7AD0 005:043.313 JLINK_ReadMem(0x02006808, 0x4 Bytes, ...)
T7AD0 005:043.320    -- Read from flash cache (4 bytes @ 0x02006808)
T7AD0 005:043.328   Data:  04 00 00 00
T7AD0 005:043.337 - 0.024ms returns 0
T7AD0 005:043.365 JLINK_ReadReg(XPSR)
T7AD0 005:043.373 - 0.008ms returns 0x01000000
T7AD0 005:043.381 JLINK_ReadReg(PSP_NS)
T7AD0 005:043.387 - 0.006ms returns 0x00000000
T7AD0 005:149.058 JLINK_ReadMem(0x220014D0, 0x4 Bytes, ...)
T7AD0 005:149.102   CPU_ReadMem(4 bytes @ 0x220014D0)
T7AD0 005:149.706   Data:  00 00 00 00
T7AD0 005:149.729 - 0.670ms returns 0
T7AD0 005:149.742 JLINK_ReadMem(0x220014AC, 0x4 Bytes, ...)
T7AD0 005:149.753   CPU_ReadMem(4 bytes @ 0x220014AC)
T7AD0 005:150.304   Data:  B0 14 00 22
T7AD0 005:150.327 - 0.585ms returns 0
T7AD0 005:150.343 JLINK_ReadMem(0x02006808, 0x4 Bytes, ...)
T7AD0 005:150.352    -- Read from flash cache (4 bytes @ 0x02006808)
T7AD0 005:150.360   Data:  04 00 00 00
T7AD0 005:150.369 - 0.026ms returns 0
T7AD0 005:150.968 JLINK_ReadMem(0x220014D0, 0x4 Bytes, ...)
T7AD0 005:150.993   CPU_ReadMem(4 bytes @ 0x220014D0)
T7AD0 005:151.552   Data:  00 00 00 00
T7AD0 005:151.567 - 0.599ms returns 0
T7AD0 005:151.577 JLINK_ReadMem(0x220014AC, 0x4 Bytes, ...)
T7AD0 005:151.585   CPU_ReadMem(4 bytes @ 0x220014AC)
T7AD0 005:152.137   Data:  B0 14 00 22
T7AD0 005:152.150 - 0.573ms returns 0
T7AD0 005:152.511 JLINK_ReadMem(0x02006808, 0x4 Bytes, ...)
T7AD0 005:152.523    -- Read from flash cache (4 bytes @ 0x02006808)
T7AD0 005:152.529   Data:  04 00 00 00
T7AD0 005:152.536 - 0.025ms returns 0
T7AD0 005:152.566 JLINK_ReadRegs(NumRegs = 20)
T7AD0 005:152.587   
  R0 (0)        = 0x00                 R1 (1)        = 0x00                 R2 (2)        = 0x00                 R3 (3)        = 0x00              
  R4 (4)        = 0x00                 R5 (5)        = 0x00                 R6 (6)        = 0x00                 R7 (7)        = 0x00              
  R8 (8)        = 0x00                 R9 (9)        = 0x00                 R10 (10)      = 0x00                 R11 (11)      = 0x00              
  R12 (12)      = 0x00                 R13 (SP) (13) = 0x22000460           R14 (14)      = 0xFFFFFFFF           R15 (PC) (15) = 0x2003490         
  XPSR (16)     = 0x1000000            MSPLIM (86)   = 0x00                 PSPLIM (87)   = 0x00                 CFBP (20)     = 0x00              
T7AD0 005:152.594 - 0.028ms returns 0x00
T7AD0 005:152.973 JLINK_ReadMem(0x220014D0, 0x4 Bytes, ...)
T7AD0 005:152.993   CPU_ReadMem(4 bytes @ 0x220014D0)
T7AD0 005:153.538   Data:  00 00 00 00
T7AD0 005:153.552 - 0.579ms returns 0
T7AD0 005:153.561 JLINK_ReadMem(0x220014AC, 0x4 Bytes, ...)
T7AD0 005:153.568   CPU_ReadMem(4 bytes @ 0x220014AC)
T7AD0 005:154.124   Data:  B0 14 00 22
T7AD0 005:154.138 - 0.577ms returns 0
T7AD0 005:154.158 JLINK_ReadMem(0x02006808, 0x4 Bytes, ...)
T7AD0 005:154.164    -- Read from flash cache (4 bytes @ 0x02006808)
T7AD0 005:154.170   Data:  04 00 00 00
T7AD0 005:154.176 - 0.018ms returns 0
T7AD0 005:154.187 JLINK_ReadMem(0x220014D0, 0x4 Bytes, ...)
T7AD0 005:154.194   CPU_ReadMem(4 bytes @ 0x220014D0)
T7AD0 005:154.820   Data:  00 00 00 00
T7AD0 005:154.839 - 0.652ms returns 0
T7AD0 005:154.850 JLINK_ReadMem(0x220014AC, 0x4 Bytes, ...)
T7AD0 005:154.860   CPU_ReadMem(4 bytes @ 0x220014AC)
T7AD0 005:155.401   Data:  B0 14 00 22
T7AD0 005:155.417 - 0.566ms returns 0
T7AD0 005:155.427 JLINK_ReadMem(0x02006808, 0x4 Bytes, ...)
T7AD0 005:155.433    -- Read from flash cache (4 bytes @ 0x02006808)
T7AD0 005:155.439   Data:  04 00 00 00
T7AD0 005:155.445 - 0.017ms returns 0
T7AD0 005:156.123 JLINK_ReadMem(0x02003490, 0x4 Bytes, ...)
T7AD0 005:156.141    -- Read from flash cache (4 bytes @ 0x02003490)
T7AD0 005:156.147   Data:  00 F0 06 F8
T7AD0 005:156.153 - 0.030ms returns 0
T1758 005:226.364 JLINK_GetNumBPUnits(Type = 0xFFFFFF00)
T1758 005:226.395 - 0.031ms returns 0x08
T1758 005:226.401 JLINK_GetNumWPUnits()
T1758 005:226.406 - 0.004ms returns 8
T1758 005:226.833 JLINK_GetNumBPUnits(Type = 0xFFFFFF00)
T1758 005:226.850 - 0.016ms returns 0x08
T1758 005:226.855 JLINK_GetNumWPUnits()
T1758 005:226.860 - 0.004ms returns 8
T1758 005:227.068 JLINK_GetNumBPUnits(Type = 0xFFFFFF00)
T1758 005:227.080 - 0.012ms returns 0x08
T1758 005:227.085 JLINK_GetNumWPUnits()
T1758 005:227.089 - 0.004ms returns 8
T1758 005:227.267 JLINK_GetNumBPUnits(Type = 0xFFFFFF00)
T1758 005:227.276 - 0.009ms returns 0x08
T1758 005:227.281 JLINK_GetNumWPUnits()
T1758 005:227.286 - 0.005ms returns 8
T1758 005:227.440 JLINK_GetNumBPUnits(Type = 0xFFFFFF00)
T1758 005:227.454 - 0.014ms returns 0x08
T1758 005:227.459 JLINK_GetNumWPUnits()
T1758 005:227.464 - 0.004ms returns 8
T1758 005:227.619 JLINK_GetNumBPUnits(Type = 0xFFFFFF00)
T1758 005:227.632 - 0.012ms returns 0x08
T1758 005:227.637 JLINK_GetNumWPUnits()
T1758 005:227.641 - 0.004ms returns 8
T1758 005:227.773 JLINK_GetNumBPUnits(Type = 0xFFFFFF00)
T1758 005:227.781 - 0.008ms returns 0x08
T1758 005:227.787 JLINK_GetNumWPUnits()
T1758 005:227.792 - 0.004ms returns 8
T1758 005:227.955 JLINK_GetNumBPUnits(Type = 0xFFFFFF00)
T1758 005:227.970 - 0.015ms returns 0x08
T1758 005:227.977 JLINK_GetNumWPUnits()
T1758 005:227.983 - 0.005ms returns 8
T1758 005:242.967 JLINK_ReadReg(XPSR)
T1758 005:243.013 - 0.045ms returns 0x01000000
T1758 005:243.021 JLINK_ReadReg(R15 (PC))
T1758 005:243.029 - 0.007ms returns 0x02003490
T7AD0 005:956.656 JLINK_ReadMem(0x220014D0, 0x4 Bytes, ...)
T7AD0 005:956.709   CPU_ReadMem(4 bytes @ 0x220014D0)
T7AD0 005:957.311   Data:  00 00 00 00
T7AD0 005:957.332 - 0.676ms returns 0
T7AD0 005:957.343 JLINK_ReadMem(0x220014AC, 0x4 Bytes, ...)
T7AD0 005:957.353   CPU_ReadMem(4 bytes @ 0x220014AC)
T7AD0 005:957.895   Data:  B0 14 00 22
T7AD0 005:957.912 - 0.568ms returns 0
T7AD0 005:957.923 JLINK_ReadMem(0x02006808, 0x4 Bytes, ...)
T7AD0 005:957.929    -- Read from flash cache (4 bytes @ 0x02006808)
T7AD0 005:957.935   Data:  04 00 00 00
T7AD0 005:957.941 - 0.018ms returns 0
T7AD0 005:957.953 JLINK_ReadMem(0x220014D0, 0x4 Bytes, ...)
T7AD0 005:957.960   CPU_ReadMem(4 bytes @ 0x220014D0)
T7AD0 005:958.496   Data:  00 00 00 00
T7AD0 005:958.511 - 0.558ms returns 0
T7AD0 005:958.521 JLINK_ReadMem(0x220014AC, 0x4 Bytes, ...)
T7AD0 005:958.530   CPU_ReadMem(4 bytes @ 0x220014AC)
T7AD0 005:959.063   Data:  B0 14 00 22
T7AD0 005:959.079 - 0.557ms returns 0
T7AD0 005:959.088 JLINK_ReadMem(0x02006808, 0x4 Bytes, ...)
T7AD0 005:959.093    -- Read from flash cache (4 bytes @ 0x02006808)
T7AD0 005:959.100   Data:  04 00 00 00
T7AD0 005:959.106 - 0.018ms returns 0
T7AD0 005:959.849 JLINK_ReadMem(0x02003490, 0x4 Bytes, ...)
T7AD0 005:959.867    -- Read from flash cache (4 bytes @ 0x02003490)
T7AD0 005:959.875   Data:  00 F0 06 F8
T7AD0 005:959.883 - 0.035ms returns 0
T7AD0 014:179.203 JLINK_ReadMem(0x220014D0, 0x4 Bytes, ...)
T7AD0 014:179.240   CPU_ReadMem(4 bytes @ 0x220014D0)
T7AD0 014:179.818   Data:  00 00 00 00
T7AD0 014:179.837 - 0.633ms returns 0
T7AD0 014:179.850 JLINK_ReadMem(0x220014AC, 0x4 Bytes, ...)
T7AD0 014:179.862   CPU_ReadMem(4 bytes @ 0x220014AC)
T7AD0 014:180.430   Data:  B0 14 00 22
T7AD0 014:180.462 - 0.611ms returns 0
T7AD0 014:180.477 JLINK_ReadMem(0x02006808, 0x4 Bytes, ...)
T7AD0 014:180.486    -- Read from flash cache (4 bytes @ 0x02006808)
T7AD0 014:180.496   Data:  04 00 00 00
T7AD0 014:180.509 - 0.032ms returns 0
T7AD0 014:180.522 JLINK_ReadMem(0x220014D0, 0x4 Bytes, ...)
T7AD0 014:180.533   CPU_ReadMem(4 bytes @ 0x220014D0)
T7AD0 014:181.133   Data:  00 00 00 00
T7AD0 014:181.155 - 0.634ms returns 0
T7AD0 014:181.168 JLINK_ReadMem(0x220014AC, 0x4 Bytes, ...)
T7AD0 014:181.181   CPU_ReadMem(4 bytes @ 0x220014AC)
T7AD0 014:181.731   Data:  B0 14 00 22
T7AD0 014:181.747 - 0.579ms returns 0
T7AD0 014:181.760 JLINK_ReadMem(0x02006808, 0x4 Bytes, ...)
T7AD0 014:181.770    -- Read from flash cache (4 bytes @ 0x02006808)
T7AD0 014:181.781   Data:  04 00 00 00
T7AD0 014:181.792 - 0.031ms returns 0
T7AD0 014:182.522 JLINK_ReadMem(0x220014D0, 0x4 Bytes, ...)
T7AD0 014:182.539   CPU_ReadMem(4 bytes @ 0x220014D0)
T7AD0 014:183.131   Data:  00 00 00 00
T7AD0 014:183.150 - 0.628ms returns 0
T7AD0 014:183.163 JLINK_ReadMem(0x220014AC, 0x4 Bytes, ...)
T7AD0 014:183.174   CPU_ReadMem(4 bytes @ 0x220014AC)
T7AD0 014:183.701   Data:  B0 14 00 22
T7AD0 014:183.710 - 0.547ms returns 0
T7AD0 014:183.718 JLINK_ReadMem(0x02006808, 0x4 Bytes, ...)
T7AD0 014:183.723    -- Read from flash cache (4 bytes @ 0x02006808)
T7AD0 014:183.730   Data:  04 00 00 00
T7AD0 014:183.734 - 0.016ms returns 0
T7AD0 014:183.742 JLINK_ReadMem(0x220014D0, 0x4 Bytes, ...)
T7AD0 014:183.747   CPU_ReadMem(4 bytes @ 0x220014D0)
T7AD0 014:184.280   Data:  00 00 00 00
T7AD0 014:184.298 - 0.554ms returns 0
T7AD0 014:184.309 JLINK_ReadMem(0x220014AC, 0x4 Bytes, ...)
T7AD0 014:184.322   CPU_ReadMem(4 bytes @ 0x220014AC)
T7AD0 014:184.869   Data:  B0 14 00 22
T7AD0 014:184.890 - 0.579ms returns 0
T7AD0 014:184.902 JLINK_ReadMem(0x02006808, 0x4 Bytes, ...)
T7AD0 014:184.912    -- Read from flash cache (4 bytes @ 0x02006808)
T7AD0 014:184.922   Data:  04 00 00 00
T7AD0 014:184.931 - 0.028ms returns 0
T1758 015:092.186 JLINK_ReadReg(XPSR)
T1758 015:092.549 - 0.364ms returns 0x01000000
T1758 015:092.568 JLINK_ReadReg(R15 (PC))
T1758 015:092.574 - 0.006ms returns 0x02003490
T28B4 033:870.620   JLINK_RTTERMINAL_Control(Cmd = JLINKARM_RTTERMINAL_CMD_START, CtrlBlockAddr = 0x2214042C)
T28B4 033:870.656   - 0.035ms returns 0x00
T28B4 033:871.032   JLINK_RTTERMINAL_Read(BufferIndex = 0, BufferSize = 0x00010000)
T28B4 033:871.044   - 0.014ms returns 0
T7DD8 033:895.852   CPU_ReadMem(24 bytes @ 0x2214042C)
T7DD8 033:914.428   CPU_ReadMem(32 bytes @ 0x020D3A21)
T28B4 033:921.232   JLINK_RTTERMINAL_Read(BufferIndex = 0, BufferSize = 0x00010000)
T28B4 033:921.256     Periodic RTT: RTT CB auto-detected @ 0x2214042C
T28B4 033:921.264     RTT: Found RTT control block at address 0x2214042C
T28B4 033:921.272     Periodic RTT: RTT CB verified. Started data handling
T28B4 033:921.288   - 0.053ms returns 2047
T28B4 033:921.508   JLINK_RTTERMINAL_Read(BufferIndex = 0, BufferSize = 0x00010000)
T28B4 033:921.516   - 0.011ms returns 0
T28B4 033:972.252   JLINK_RTTERMINAL_Read(BufferIndex = 0, BufferSize = 0x00010000)
T28B4 033:972.292   - 0.039ms returns 0
T28B4 034:022.776   JLINK_RTTERMINAL_Read(BufferIndex = 0, BufferSize = 0x00010000)
T28B4 034:022.804   - 0.029ms returns 0
T28B4 034:073.776   JLINK_RTTERMINAL_Read(BufferIndex = 0, BufferSize = 0x00010000)
T28B4 034:073.824   - 0.048ms returns 0
T28B4 034:124.328   JLINK_RTTERMINAL_Read(BufferIndex = 0, BufferSize = 0x00010000)
T28B4 034:124.376   - 0.043ms returns 0
T28B4 034:175.320   JLINK_RTTERMINAL_Read(BufferIndex = 0, BufferSize = 0x00010000)
T28B4 034:175.352   - 0.033ms returns 0
T28B4 034:225.832   JLINK_RTTERMINAL_Read(BufferIndex = 0, BufferSize = 0x00010000)
T28B4 034:225.876   - 0.042ms returns 0
T28B4 034:276.872   JLINK_RTTERMINAL_Read(BufferIndex = 0, BufferSize = 0x00010000)
T28B4 034:276.908   - 0.039ms returns 0
T28B4 034:327.236   JLINK_RTTERMINAL_Read(BufferIndex = 0, BufferSize = 0x00010000)
T28B4 034:327.264   - 0.030ms returns 0
T28B4 034:378.204   JLINK_RTTERMINAL_Read(BufferIndex = 0, BufferSize = 0x00010000)
T28B4 034:378.240   - 0.033ms returns 0
T28B4 034:429.424   JLINK_RTTERMINAL_Read(BufferIndex = 0, BufferSize = 0x00010000)
T28B4 034:429.456   - 0.031ms returns 0
T28B4 034:480.576   JLINK_RTTERMINAL_Read(BufferIndex = 0, BufferSize = 0x00010000)
T28B4 034:480.608   - 0.033ms returns 0
T28B4 034:531.112   JLINK_RTTERMINAL_Read(BufferIndex = 0, BufferSize = 0x00010000)
T28B4 034:531.152   - 0.038ms returns 0
T28B4 034:582.456   JLINK_RTTERMINAL_Read(BufferIndex = 0, BufferSize = 0x00010000)
T28B4 034:582.476   - 0.022ms returns 0
T28B4 034:633.484   JLINK_RTTERMINAL_Read(BufferIndex = 0, BufferSize = 0x00010000)
T28B4 034:633.532   - 0.047ms returns 0
T28B4 034:684.424   JLINK_RTTERMINAL_Read(BufferIndex = 0, BufferSize = 0x00010000)
T28B4 034:684.444   - 0.019ms returns 0
T28B4 034:734.764   JLINK_RTTERMINAL_Read(BufferIndex = 0, BufferSize = 0x00010000)
T28B4 034:734.792   - 0.028ms returns 0
T28B4 034:785.936   JLINK_RTTERMINAL_Read(BufferIndex = 0, BufferSize = 0x00010000)
T28B4 034:785.964   - 0.030ms returns 0
T28B4 034:836.952   JLINK_RTTERMINAL_Read(BufferIndex = 0, BufferSize = 0x00010000)
T28B4 034:836.984   - 0.033ms returns 0
T28B4 034:887.928   JLINK_RTTERMINAL_Read(BufferIndex = 0, BufferSize = 0x00010000)
T28B4 034:887.956   - 0.026ms returns 0
T28B4 034:938.488   JLINK_RTTERMINAL_Read(BufferIndex = 0, BufferSize = 0x00010000)
T28B4 034:938.512   - 0.027ms returns 0
T28B4 034:989.480   JLINK_RTTERMINAL_Read(BufferIndex = 0, BufferSize = 0x00010000)
T28B4 034:989.508   - 0.031ms returns 0
T28B4 035:041.208   JLINK_RTTERMINAL_Read(BufferIndex = 0, BufferSize = 0x00010000)
T28B4 035:041.236   - 0.027ms returns 0
T28B4 035:092.408   JLINK_RTTERMINAL_Read(BufferIndex = 0, BufferSize = 0x00010000)
T28B4 035:092.436   - 0.028ms returns 0
T28B4 035:142.844   JLINK_RTTERMINAL_Read(BufferIndex = 0, BufferSize = 0x00010000)
T28B4 035:142.872   - 0.026ms returns 0
T28B4 035:193.660   JLINK_RTTERMINAL_Read(BufferIndex = 0, BufferSize = 0x00010000)
T28B4 035:193.696   - 0.035ms returns 0
T28B4 035:244.028   JLINK_RTTERMINAL_Read(BufferIndex = 0, BufferSize = 0x00010000)
T28B4 035:244.080   - 0.051ms returns 0
T28B4 035:295.024   JLINK_RTTERMINAL_Read(BufferIndex = 0, BufferSize = 0x00010000)
T28B4 035:295.048   - 0.027ms returns 0
T28B4 035:345.304   JLINK_RTTERMINAL_Read(BufferIndex = 0, BufferSize = 0x00010000)
T28B4 035:345.320   - 0.018ms returns 0
T28B4 035:395.988   JLINK_RTTERMINAL_Read(BufferIndex = 0, BufferSize = 0x00010000)
T28B4 035:396.020   - 0.032ms returns 0
T28B4 035:447.504   JLINK_RTTERMINAL_Read(BufferIndex = 0, BufferSize = 0x00010000)
T28B4 035:447.540   - 0.033ms returns 0
T28B4 035:498.204   JLINK_RTTERMINAL_Read(BufferIndex = 0, BufferSize = 0x00010000)
T28B4 035:498.232   - 0.029ms returns 0
T28B4 035:549.296   JLINK_RTTERMINAL_Read(BufferIndex = 0, BufferSize = 0x00010000)
T28B4 035:549.328   - 0.030ms returns 0
T28B4 035:600.284   JLINK_RTTERMINAL_Read(BufferIndex = 0, BufferSize = 0x00010000)
T28B4 035:600.312   - 0.025ms returns 0
T28B4 035:651.156   JLINK_RTTERMINAL_Read(BufferIndex = 0, BufferSize = 0x00010000)
T28B4 035:651.180   - 0.027ms returns 0
T28B4 035:701.968   JLINK_RTTERMINAL_Read(BufferIndex = 0, BufferSize = 0x00010000)
T28B4 035:701.996   - 0.028ms returns 0
T28B4 035:752.636   JLINK_RTTERMINAL_Read(BufferIndex = 0, BufferSize = 0x00010000)
T28B4 035:752.664   - 0.026ms returns 0
T28B4 035:803.852   JLINK_RTTERMINAL_Read(BufferIndex = 0, BufferSize = 0x00010000)
T28B4 035:803.880   - 0.030ms returns 0
T28B4 035:854.952   JLINK_RTTERMINAL_Read(BufferIndex = 0, BufferSize = 0x00010000)
T28B4 035:854.984   - 0.030ms returns 0
T28B4 035:906.020   JLINK_RTTERMINAL_Read(BufferIndex = 0, BufferSize = 0x00010000)
T28B4 035:906.072   - 0.052ms returns 0
T28B4 035:956.680   JLINK_RTTERMINAL_Read(BufferIndex = 0, BufferSize = 0x00010000)
T28B4 035:956.712   - 0.038ms returns 0
T28B4 036:007.648   JLINK_RTTERMINAL_Read(BufferIndex = 0, BufferSize = 0x00010000)
T28B4 036:007.676   - 0.027ms returns 0
T28B4 036:058.568   JLINK_RTTERMINAL_Read(BufferIndex = 0, BufferSize = 0x00010000)
T28B4 036:058.592   - 0.024ms returns 0
T28B4 036:109.692   JLINK_RTTERMINAL_Read(BufferIndex = 0, BufferSize = 0x00010000)
T28B4 036:109.724   - 0.034ms returns 0
T28B4 036:160.344   JLINK_RTTERMINAL_Read(BufferIndex = 0, BufferSize = 0x00010000)
T28B4 036:160.372   - 0.026ms returns 0
T28B4 036:211.068   JLINK_RTTERMINAL_Read(BufferIndex = 0, BufferSize = 0x00010000)
T28B4 036:211.096   - 0.029ms returns 0
T28B4 036:261.960   JLINK_RTTERMINAL_Read(BufferIndex = 0, BufferSize = 0x00010000)
T28B4 036:261.992   - 0.031ms returns 0
T28B4 036:312.936   JLINK_RTTERMINAL_Read(BufferIndex = 0, BufferSize = 0x00010000)
T28B4 036:312.972   - 0.034ms returns 0
T28B4 036:363.880   JLINK_RTTERMINAL_Read(BufferIndex = 0, BufferSize = 0x00010000)
T28B4 036:363.900   - 0.022ms returns 0
T28B4 036:414.464   JLINK_RTTERMINAL_Read(BufferIndex = 0, BufferSize = 0x00010000)
T28B4 036:414.492   - 0.027ms returns 0
T28B4 036:465.112   JLINK_RTTERMINAL_Read(BufferIndex = 0, BufferSize = 0x00010000)
T28B4 036:465.144   - 0.031ms returns 0
T28B4 036:516.244   JLINK_RTTERMINAL_Read(BufferIndex = 0, BufferSize = 0x00010000)
T28B4 036:516.276   - 0.032ms returns 0
T28B4 036:567.320   JLINK_RTTERMINAL_Read(BufferIndex = 0, BufferSize = 0x00010000)
T28B4 036:567.356   - 0.037ms returns 0
T28B4 036:618.172   JLINK_RTTERMINAL_Read(BufferIndex = 0, BufferSize = 0x00010000)
T28B4 036:618.200   - 0.026ms returns 0
T28B4 036:669.632   JLINK_RTTERMINAL_Read(BufferIndex = 0, BufferSize = 0x00010000)
T28B4 036:669.660   - 0.027ms returns 0
T28B4 036:720.248   JLINK_RTTERMINAL_Read(BufferIndex = 0, BufferSize = 0x00010000)
T28B4 036:720.268   - 0.021ms returns 0
T28B4 036:771.244   JLINK_RTTERMINAL_Read(BufferIndex = 0, BufferSize = 0x00010000)
T28B4 036:771.268   - 0.022ms returns 0
T28B4 036:822.416   JLINK_RTTERMINAL_Read(BufferIndex = 0, BufferSize = 0x00010000)
T28B4 036:822.436   - 0.021ms returns 0
T28B4 036:873.480   JLINK_RTTERMINAL_Read(BufferIndex = 0, BufferSize = 0x00010000)
T28B4 036:873.504   - 0.021ms returns 0
T28B4 036:923.852   JLINK_RTTERMINAL_Read(BufferIndex = 0, BufferSize = 0x00010000)
T28B4 036:923.880   - 0.025ms returns 0
T28B4 036:974.488   JLINK_RTTERMINAL_Read(BufferIndex = 0, BufferSize = 0x00010000)
T28B4 036:974.520   - 0.033ms returns 0
T28B4 037:025.368   JLINK_RTTERMINAL_Read(BufferIndex = 0, BufferSize = 0x00010000)
T28B4 037:025.392   - 0.023ms returns 0
T28B4 037:076.440   JLINK_RTTERMINAL_Read(BufferIndex = 0, BufferSize = 0x00010000)
T28B4 037:076.464   - 0.022ms returns 0
T28B4 037:127.532   JLINK_RTTERMINAL_Read(BufferIndex = 0, BufferSize = 0x00010000)
T28B4 037:127.556   - 0.023ms returns 0
T28B4 037:178.368   JLINK_RTTERMINAL_Read(BufferIndex = 0, BufferSize = 0x00010000)
T28B4 037:178.388   - 0.020ms returns 0
T28B4 037:229.416   JLINK_RTTERMINAL_Read(BufferIndex = 0, BufferSize = 0x00010000)
T28B4 037:229.436   - 0.023ms returns 0
T28B4 037:280.504   JLINK_RTTERMINAL_Read(BufferIndex = 0, BufferSize = 0x00010000)
T28B4 037:280.540   - 0.038ms returns 0
T28B4 037:330.996   JLINK_RTTERMINAL_Read(BufferIndex = 0, BufferSize = 0x00010000)
T28B4 037:331.024   - 0.030ms returns 0
T28B4 037:381.848   JLINK_RTTERMINAL_Read(BufferIndex = 0, BufferSize = 0x00010000)
T28B4 037:381.880   - 0.030ms returns 0
T28B4 037:432.276   JLINK_RTTERMINAL_Read(BufferIndex = 0, BufferSize = 0x00010000)
T28B4 037:432.312   - 0.037ms returns 0
T28B4 037:483.208   JLINK_RTTERMINAL_Read(BufferIndex = 0, BufferSize = 0x00010000)
T28B4 037:483.240   - 0.032ms returns 0
T28B4 037:533.712   JLINK_RTTERMINAL_Read(BufferIndex = 0, BufferSize = 0x00010000)
T28B4 037:533.744   - 0.031ms returns 0
T28B4 037:584.216   JLINK_RTTERMINAL_Read(BufferIndex = 0, BufferSize = 0x00010000)
T28B4 037:584.248   - 0.031ms returns 0
T28B4 037:635.144   JLINK_RTTERMINAL_Read(BufferIndex = 0, BufferSize = 0x00010000)
T28B4 037:635.196   - 0.052ms returns 0
T28B4 037:686.152   JLINK_RTTERMINAL_Read(BufferIndex = 0, BufferSize = 0x00010000)
T28B4 037:686.184   - 0.031ms returns 0
T28B4 037:736.672   JLINK_RTTERMINAL_Read(BufferIndex = 0, BufferSize = 0x00010000)
T28B4 037:736.704   - 0.030ms returns 0
T28B4 037:787.304   JLINK_RTTERMINAL_Read(BufferIndex = 0, BufferSize = 0x00010000)
T28B4 037:787.340   - 0.038ms returns 0
T28B4 037:837.632   JLINK_RTTERMINAL_Read(BufferIndex = 0, BufferSize = 0x00010000)
T28B4 037:837.660   - 0.032ms returns 0
T28B4 037:888.680   JLINK_RTTERMINAL_Read(BufferIndex = 0, BufferSize = 0x00010000)
T28B4 037:888.716   - 0.035ms returns 0
T28B4 037:938.972   JLINK_RTTERMINAL_Read(BufferIndex = 0, BufferSize = 0x00010000)
T28B4 037:938.992   - 0.020ms returns 0
T28B4 037:989.976   JLINK_RTTERMINAL_Read(BufferIndex = 0, BufferSize = 0x00010000)
T28B4 037:990.004   - 0.026ms returns 0
T7AD0 037:995.480 JLINK_ReadMem(0x220014D0, 0x4 Bytes, ...)
T7AD0 037:995.540   CPU_ReadMem(4 bytes @ 0x220014D0)
T7AD0 037:996.856   Data:  00 00 00 00
T7AD0 037:996.880 - 1.399ms returns 0
T7AD0 037:996.904 JLINK_ReadMem(0x220014AC, 0x4 Bytes, ...)
T7AD0 037:996.916   CPU_ReadMem(4 bytes @ 0x220014AC)
T7AD0 037:998.256   Data:  B0 14 00 22
T7AD0 037:998.284 - 1.380ms returns 0
T7AD0 037:998.312 JLINK_ReadMem(0x02006808, 0x4 Bytes, ...)
T7AD0 037:998.316    -- Read from flash cache (4 bytes @ 0x02006808)
T7AD0 037:998.324   Data:  04 00 00 00
T7AD0 037:998.328 - 0.020ms returns 0
T7AD0 037:999.284 JLINK_IsHalted()
T7AD0 038:000.420 - 1.136ms returns TRUE
T7AD0 038:000.452 JLINK_GoEx(MaxEmulInsts = 0, Flags = 0x01)
T7AD0 038:000.464   CPU_WriteMem(4 bytes @ 0xE0002000)
T7AD0 038:001.544   CPU_ReadMem(4 bytes @ 0xE0001000)
T7AD0 038:002.700   CPU_WriteMem(4 bytes @ 0xE0002008)
T7AD0 038:002.720   CPU_WriteMem(4 bytes @ 0xE000200C)
T7AD0 038:002.728   CPU_WriteMem(4 bytes @ 0xE0002010)
T7AD0 038:002.740   CPU_WriteMem(4 bytes @ 0xE0002014)
T7AD0 038:002.744   CPU_WriteMem(4 bytes @ 0xE0002018)
T7AD0 038:002.756   CPU_WriteMem(4 bytes @ 0xE000201C)
T7AD0 038:002.760   CPU_WriteMem(4 bytes @ 0xE0002020)
T7AD0 038:002.772   CPU_WriteMem(4 bytes @ 0xE0002024)
T7AD0 038:004.900   CPU_WriteMem(4 bytes @ 0xE0001004)
T7AD0 038:008.100   Memory map 'after startup completion point' is active
T7AD0 038:008.120 - 7.672ms 
T28B4 038:040.704   JLINK_RTTERMINAL_Read(BufferIndex = 0, BufferSize = 0x00010000)
T28B4 038:040.740   - 0.036ms returns 0
T28B4 038:091.848   JLINK_RTTERMINAL_Read(BufferIndex = 0, BufferSize = 0x00010000)
T28B4 038:091.880   - 0.032ms returns 0
T7AD0 038:104.784 JLINK_IsHalted()
T7AD0 038:110.792 - 6.009ms returns TRUE
T7AD0 038:110.824 JLINK_ReadReg(XPSR)
T7AD0 038:110.832   CPU_ReadMem(4 bytes @ 0xE000EE08)
T7AD0 038:112.024 - 1.203ms returns 0x41000000
T7AD0 038:112.048 JLINK_ReadReg(R15 (PC))
T7AD0 038:112.056 - 0.006ms returns 0x02001224
T7AD0 038:112.376 JLINK_ReadReg(XPSR)
T7AD0 038:112.388 - 0.010ms returns 0x41000000
T7AD0 038:112.392 JLINK_ReadReg(XPSR)
T7AD0 038:112.400 - 0.005ms returns 0x41000000
T7AD0 038:112.408 JLINK_ReadReg(R15 (PC))
T7AD0 038:112.412 - 0.005ms returns 0x02001224
T7AD0 038:112.424 JLINK_ReadReg(XPSR)
T7AD0 038:112.428 - 0.005ms returns 0x41000000
T7AD0 038:112.436 JLINK_ReadMem(0x02001224, 0x1 Bytes, ...)
T7AD0 038:112.444    -- Read from flash cache (1 bytes @ 0x02001224)
T7AD0 038:112.452   Data:  40
T7AD0 038:112.460 - 0.023ms returns 0
T7AD0 038:112.468 JLINK_IsHalted()
T7AD0 038:112.472 - 0.005ms returns TRUE
T7AD0 038:112.484 JLINK_ReadReg(XPSR)
T7AD0 038:112.488 - 0.005ms returns 0x41000000
T7AD0 038:112.492 JLINK_ReadReg(XPSR)
T7AD0 038:112.500 - 0.006ms returns 0x41000000
T7AD0 038:112.504 JLINK_ReadReg(R15 (PC))
T7AD0 038:112.512 - 0.005ms returns 0x02001224
T7AD0 038:112.528 JLINK_ReadReg(XPSR)
T7AD0 038:112.536 - 0.005ms returns 0x41000000
T7AD0 038:112.540 JLINK_ReadMem(0x02001224, 0x1 Bytes, ...)
T7AD0 038:112.548    -- Read from flash cache (1 bytes @ 0x02001224)
T7AD0 038:112.552   Data:  40
T7AD0 038:112.560 - 0.020ms returns 0
T7AD0 038:112.604 JLINK_IsHalted()
T7AD0 038:112.612 - 0.005ms returns TRUE
T7AD0 038:112.616 JLINK_ReadReg(XPSR)
T7AD0 038:112.620 - 0.005ms returns 0x41000000
T7AD0 038:112.628 JLINK_ReadReg(R15 (PC))
T7AD0 038:112.632 - 0.005ms returns 0x02001224
T7AD0 038:112.644 JLINK_ReadReg(XPSR)
T7AD0 038:112.648 - 0.005ms returns 0x41000000
T7AD0 038:112.656 JLINK_ReadReg(XPSR)
T7AD0 038:112.660 - 0.005ms returns 0x41000000
T7AD0 038:112.664 JLINK_ReadReg(R15 (PC))
T7AD0 038:112.672 - 0.005ms returns 0x02001224
T7AD0 038:112.680 JLINK_ReadReg(XPSR)
T7AD0 038:112.688 - 0.005ms returns 0x41000000
T7AD0 038:112.696 JLINK_ReadMem(0x02001224, 0x1 Bytes, ...)
T7AD0 038:112.696    -- Read from flash cache (1 bytes @ 0x02001224)
T7AD0 038:112.708   Data:  40
T7AD0 038:112.712 - 0.019ms returns 0
T7AD0 038:112.720 JLINK_IsHalted()
T7AD0 038:112.724 - 0.005ms returns TRUE
T7AD0 038:112.732 JLINK_ReadReg(XPSR)
T7AD0 038:112.740 - 0.005ms returns 0x41000000
T7AD0 038:112.744 JLINK_ReadReg(XPSR)
T7AD0 038:112.752 - 0.005ms returns 0x41000000
T7AD0 038:112.756 JLINK_ReadReg(R15 (PC))
T7AD0 038:112.760 - 0.005ms returns 0x02001224
T7AD0 038:112.772 JLINK_ReadReg(XPSR)
T7AD0 038:112.776 - 0.005ms returns 0x41000000
T7AD0 038:112.784 JLINK_ReadMem(0x02001224, 0x1 Bytes, ...)
T7AD0 038:112.792    -- Read from flash cache (1 bytes @ 0x02001224)
T7AD0 038:112.796   Data:  40
T7AD0 038:112.804 - 0.019ms returns 0
T7AD0 038:112.816 JLINK_ReadMem(0x220014D0, 0x4 Bytes, ...)
T7AD0 038:112.824   CPU_ReadMem(4 bytes @ 0x220014D0)
T7AD0 038:114.220   Data:  00 00 00 00
T7AD0 038:114.240 - 1.424ms returns 0
T7AD0 038:114.252 JLINK_ReadMem(0x220014AC, 0x4 Bytes, ...)
T7AD0 038:114.264   CPU_ReadMem(4 bytes @ 0x220014AC)
T7AD0 038:115.592   Data:  00 00 00 00
T7AD0 038:115.608 - 1.355ms returns 0
T7AD0 038:115.620 JLINK_ReadMem(0x02006808, 0x4 Bytes, ...)
T7AD0 038:115.624    -- Read from flash cache (4 bytes @ 0x02006808)
T7AD0 038:115.636   Data:  04 00 00 00
T7AD0 038:115.640 - 0.024ms returns 0
T7AD0 038:116.164 JLINK_ReadMem(0x220014D0, 0x4 Bytes, ...)
T7AD0 038:116.184   CPU_ReadMem(4 bytes @ 0x220014D0)
T7AD0 038:116.968   Data:  00 00 00 00
T7AD0 038:116.980 - 0.816ms returns 0
T7AD0 038:116.988 JLINK_ReadMem(0x220014AC, 0x4 Bytes, ...)
T7AD0 038:117.000   CPU_ReadMem(4 bytes @ 0x220014AC)
T7AD0 038:118.356   Data:  00 00 00 00
T7AD0 038:118.368 - 1.377ms returns 0
T7AD0 038:118.376 JLINK_ReadMem(0x02006808, 0x4 Bytes, ...)
T7AD0 038:118.384    -- Read from flash cache (4 bytes @ 0x02006808)
T7AD0 038:118.392   Data:  04 00 00 00
T7AD0 038:118.404 - 0.024ms returns 0
T7AD0 038:118.428 JLINK_ReadRegs(NumRegs = 20)
T7AD0 038:118.456   
  R0 (0)        = 0x00                 R1 (1)        = 0x2006552            R2 (2)        = 0x5B                 R3 (3)        = 0xA501            
  R4 (4)        = 0x00                 R5 (5)        = 0x00                 R6 (6)        = 0x00                 R7 (7)        = 0x00              
  R8 (8)        = 0x00                 R9 (9)        = 0x00                 R10 (10)      = 0x00                 R11 (11)      = 0x00              
  R12 (12)      = 0x20067FC            R13 (SP) (13) = 0x22000458           R14 (14)      = 0x2003499            R15 (PC) (15) = 0x2001224         
  XPSR (16)     = 0x41000000           MSPLIM (86)   = 0x22000060           PSPLIM (87)   = 0x00                 CFBP (20)     = 0xC000000         
T7AD0 038:118.464 - 0.035ms returns 0x00
T7AD0 038:119.856 JLINK_ReadMem(0x220014D0, 0x4 Bytes, ...)
T7AD0 038:119.892   CPU_ReadMem(4 bytes @ 0x220014D0)
T7AD0 038:120.696   Data:  00 00 00 00
T7AD0 038:120.716 - 0.860ms returns 0
T7AD0 038:120.736 JLINK_ReadMem(0x220014AC, 0x4 Bytes, ...)
T7AD0 038:120.748   CPU_ReadMem(4 bytes @ 0x220014AC)
T7AD0 038:122.072   Data:  00 00 00 00
T7AD0 038:122.096 - 1.362ms returns 0
T7AD0 038:122.120 JLINK_ReadMem(0x02006808, 0x4 Bytes, ...)
T7AD0 038:122.128    -- Read from flash cache (4 bytes @ 0x02006808)
T7AD0 038:122.136   Data:  04 00 00 00
T7AD0 038:122.144 - 0.026ms returns 0
T7AD0 038:123.092 JLINK_ReadMem(0x220014D0, 0x4 Bytes, ...)
T7AD0 038:123.104   CPU_ReadMem(4 bytes @ 0x220014D0)
T7AD0 038:124.508   Data:  00 00 00 00
T7AD0 038:124.528 - 1.436ms returns 0
T7AD0 038:124.536 JLINK_ReadMem(0x220014AC, 0x4 Bytes, ...)
T7AD0 038:124.548   CPU_ReadMem(4 bytes @ 0x220014AC)
T7AD0 038:125.844   Data:  00 00 00 00
T7AD0 038:125.856 - 1.319ms returns 0
T7AD0 038:125.864 JLINK_ReadMem(0x02006808, 0x4 Bytes, ...)
T7AD0 038:125.868    -- Read from flash cache (4 bytes @ 0x02006808)
T7AD0 038:125.880   Data:  04 00 00 00
T7AD0 038:125.884 - 0.020ms returns 0
T7AD0 038:126.652 JLINK_ReadMem(0x02001224, 0x4 Bytes, ...)
T7AD0 038:126.664    -- Read from flash cache (4 bytes @ 0x02001224)
T7AD0 038:126.676   Data:  40 F6 A4 62
T7AD0 038:126.680 - 0.028ms returns 0
T7AD0 038:128.220 JLINK_ClrBPEx(BPHandle = 0x00000002)
T7AD0 038:128.240 - 0.018ms returns 0x00
T1758 038:130.916 JLINK_ReadReg(XPSR)
T1758 038:130.952 - 0.034ms returns 0x41000000
T1758 038:130.956 JLINK_ReadReg(R15 (PC))
T1758 038:130.964 - 0.005ms returns 0x02001224
T1758 038:135.544 JLINK_IsHalted()
T1758 038:135.576 - 0.033ms returns TRUE
T1758 038:135.592 JLINK_ReadReg(XPSR)
T1758 038:135.608 - 0.015ms returns 0x41000000
T1758 038:135.612 JLINK_ReadReg(R15 (PC))
T1758 038:135.620 - 0.005ms returns 0x02001224
T1758 038:135.648 JLINK_ReadReg(XPSR)
T1758 038:135.656 - 0.005ms returns 0x41000000
T1758 038:135.660 JLINK_ReadReg(XPSR)
T1758 038:135.664 - 0.005ms returns 0x41000000
T1758 038:135.672 JLINK_ReadReg(R15 (PC))
T1758 038:135.676 - 0.005ms returns 0x02001224
T1758 038:135.692 JLINK_ReadReg(XPSR)
T1758 038:135.704 - 0.008ms returns 0x41000000
T1758 038:135.708 JLINK_ReadMem(0x02001224, 0x1 Bytes, ...)
T1758 038:135.720    -- Read from flash cache (1 bytes @ 0x02001224)
T1758 038:135.724   Data:  40
T1758 038:135.736 - 0.024ms returns 0
T1758 038:135.740 JLINK_IsHalted()
T1758 038:135.744 - 0.004ms returns TRUE
T1758 038:135.756 JLINK_ReadReg(XPSR)
T1758 038:135.760 - 0.005ms returns 0x41000000
T1758 038:135.768 JLINK_ReadReg(XPSR)
T1758 038:135.772 - 0.005ms returns 0x41000000
T1758 038:135.784 JLINK_ReadReg(R15 (PC))
T1758 038:135.788 - 0.008ms returns 0x02001224
T1758 038:135.804 JLINK_ReadReg(XPSR)
T1758 038:135.808 - 0.005ms returns 0x41000000
T1758 038:135.816 JLINK_ReadMem(0x02001224, 0x1 Bytes, ...)
T1758 038:135.820    -- Read from flash cache (1 bytes @ 0x02001224)
T1758 038:135.828   Data:  40
T1758 038:135.832 - 0.019ms returns 0
T1758 038:135.864 JLINK_ReadMem(0xE0001000, 0x4 Bytes, ...)
T1758 038:135.880   CPU_ReadMem(4 bytes @ 0xE0001000)
T1758 038:136.520   Data:  01 00 00 80
T1758 038:136.536   Debug reg: DWT_CTRL
T1758 038:136.548 - 0.680ms returns 0
T1758 038:136.560 JLINK_WriteMem(0xE0001FB0, 0x8 Bytes, ...)
T1758 038:136.564   Data:  00 00 00 00 55 CE AC C5
T1758 038:136.760   CPU_WriteMem(8 bytes @ 0xE0001FB0)
T1758 038:137.692 - 1.134ms returns 0x8
T1758 038:137.716 JLINK_ReadMem(0xE000EDFC, 0x4 Bytes, ...)
T1758 038:137.724   CPU_ReadMem(4 bytes @ 0xE000EDFC)
T1758 038:138.804   Data:  00 00 10 01
T1758 038:138.820   Debug reg: DEMCR
T1758 038:138.824 - 1.110ms returns 0
T1758 038:140.264 JLINK_ReadMem(0xE0001004, 0x4 Bytes, ...)
T1758 038:140.284   CPU_ReadMem(4 bytes @ 0xE0001004)
T1758 038:140.856   Data:  8C 67 0B 00
T1758 038:140.872   Debug reg: DWT_CYCCNT
T1758 038:140.880 - 0.615ms returns 0
T28B4 038:142.196   JLINK_RTTERMINAL_Read(BufferIndex = 0, BufferSize = 0x00010000)
T28B4 038:142.216   - 0.022ms returns 0
T28B4 038:193.280   JLINK_RTTERMINAL_Read(BufferIndex = 0, BufferSize = 0x00010000)
T28B4 038:193.324   - 0.043ms returns 0
T28B4 038:244.376   JLINK_RTTERMINAL_Read(BufferIndex = 0, BufferSize = 0x00010000)
T28B4 038:244.408   - 0.037ms returns 0
T7AD0 038:259.768 JLINK_ReadMem(0x02001224, 0x4 Bytes, ...)
T7AD0 038:259.808    -- Read from flash cache (4 bytes @ 0x02001224)
T7AD0 038:259.816   Data:  40 F6 A4 62
T7AD0 038:259.824 - 0.054ms returns 0
T28B4 038:295.016   JLINK_RTTERMINAL_Read(BufferIndex = 0, BufferSize = 0x00010000)
T28B4 038:295.032   - 0.017ms returns 0
T7AD0 038:305.748 JLINK_ReadMem(0x220014D0, 0x4 Bytes, ...)
T7AD0 038:305.792   CPU_ReadMem(4 bytes @ 0x220014D0)
T7AD0 038:307.020   Data:  00 00 00 00
T7AD0 038:307.040 - 1.295ms returns 0
T7AD0 038:307.052 JLINK_ReadMem(0x220014AC, 0x4 Bytes, ...)
T7AD0 038:307.064   CPU_ReadMem(4 bytes @ 0x220014AC)
T7AD0 038:308.408   Data:  00 00 00 00
T7AD0 038:308.436 - 1.383ms returns 0
T7AD0 038:308.452 JLINK_ReadMem(0x02006808, 0x4 Bytes, ...)
T7AD0 038:308.460    -- Read from flash cache (4 bytes @ 0x02006808)
T7AD0 038:308.472   Data:  04 00 00 00
T7AD0 038:308.476 - 0.026ms returns 0
T7AD0 038:308.492 JLINK_ReadMem(0x220014D0, 0x4 Bytes, ...)
T7AD0 038:308.504   CPU_ReadMem(4 bytes @ 0x220014D0)
T7AD0 038:309.776   Data:  00 00 00 00
T7AD0 038:309.800 - 1.305ms returns 0
T7AD0 038:309.812 JLINK_ReadMem(0x220014AC, 0x4 Bytes, ...)
T7AD0 038:309.820   CPU_ReadMem(4 bytes @ 0x220014AC)
T7AD0 038:311.164   Data:  00 00 00 00
T7AD0 038:311.180 - 1.370ms returns 0
T7AD0 038:311.192 JLINK_ReadMem(0x02006808, 0x4 Bytes, ...)
T7AD0 038:311.204    -- Read from flash cache (4 bytes @ 0x02006808)
T7AD0 038:311.208   Data:  04 00 00 00
T7AD0 038:311.220 - 0.023ms returns 0
T7AD0 038:312.112 JLINK_ReadMem(0x220014D0, 0x4 Bytes, ...)
T7AD0 038:312.140   CPU_ReadMem(4 bytes @ 0x220014D0)
T7AD0 038:313.460   Data:  00 00 00 00
T7AD0 038:313.480 - 1.370ms returns 0
T7AD0 038:314.472 JLINK_ReadMem(0x220014AC, 0x4 Bytes, ...)
T7AD0 038:314.500   CPU_ReadMem(4 bytes @ 0x220014AC)
T7AD0 038:315.864   Data:  00 00 00 00
T7AD0 038:315.884 - 1.408ms returns 0
T7AD0 038:315.904 JLINK_ReadMem(0x02006808, 0x4 Bytes, ...)
T7AD0 038:315.912    -- Read from flash cache (4 bytes @ 0x02006808)
T7AD0 038:315.920   Data:  04 00 00 00
T7AD0 038:315.928 - 0.026ms returns 0
T7AD0 038:315.944 JLINK_ReadMem(0x220014D0, 0x4 Bytes, ...)
T7AD0 038:315.952   CPU_ReadMem(4 bytes @ 0x220014D0)
T7AD0 038:317.248   Data:  00 00 00 00
T7AD0 038:317.272 - 1.329ms returns 0
T7AD0 038:317.284 JLINK_ReadMem(0x220014AC, 0x4 Bytes, ...)
T7AD0 038:317.292   CPU_ReadMem(4 bytes @ 0x220014AC)
T7AD0 038:318.712   Data:  00 00 00 00
T7AD0 038:318.732 - 1.448ms returns 0
T7AD0 038:318.744 JLINK_ReadMem(0x02006808, 0x4 Bytes, ...)
T7AD0 038:318.752    -- Read from flash cache (4 bytes @ 0x02006808)
T7AD0 038:318.760   Data:  04 00 00 00
T7AD0 038:318.764 - 0.020ms returns 0
T28B4 038:345.924   JLINK_RTTERMINAL_Read(BufferIndex = 0, BufferSize = 0x00010000)
T28B4 038:345.960   - 0.035ms returns 0
T28B4 038:397.024   JLINK_RTTERMINAL_Read(BufferIndex = 0, BufferSize = 0x00010000)
T28B4 038:397.056   - 0.031ms returns 0
T28B4 038:447.928   JLINK_RTTERMINAL_Read(BufferIndex = 0, BufferSize = 0x00010000)
T28B4 038:447.956   - 0.025ms returns 0
T28B4 038:498.268   JLINK_RTTERMINAL_Read(BufferIndex = 0, BufferSize = 0x00010000)
T28B4 038:498.300   - 0.034ms returns 0
T28B4 038:549.132   JLINK_RTTERMINAL_Read(BufferIndex = 0, BufferSize = 0x00010000)
T28B4 038:549.160   - 0.029ms returns 0
T28B4 038:599.428   JLINK_RTTERMINAL_Read(BufferIndex = 0, BufferSize = 0x00010000)
T28B4 038:599.464   - 0.038ms returns 0
T28B4 038:650.772   JLINK_RTTERMINAL_Read(BufferIndex = 0, BufferSize = 0x00010000)
T28B4 038:650.804   - 0.032ms returns 0
T28B4 038:701.460   JLINK_RTTERMINAL_Read(BufferIndex = 0, BufferSize = 0x00010000)
T28B4 038:701.488   - 0.031ms returns 0
T28B4 038:752.904   JLINK_RTTERMINAL_Read(BufferIndex = 0, BufferSize = 0x00010000)
T28B4 038:752.932   - 0.028ms returns 0
T28B4 038:803.656   JLINK_RTTERMINAL_Read(BufferIndex = 0, BufferSize = 0x00010000)
T28B4 038:803.688   - 0.033ms returns 0
T7AD0 038:816.728 JLINK_ReadMem(0x220014D0, 0x4 Bytes, ...)
T7AD0 038:816.776   CPU_ReadMem(4 bytes @ 0x220014D0)
T7AD0 038:817.568   Data:  00 00 00 00
T7AD0 038:817.596 - 0.869ms returns 0
T7AD0 038:817.612 JLINK_ReadMem(0x220014AC, 0x4 Bytes, ...)
T7AD0 038:817.628   CPU_ReadMem(4 bytes @ 0x220014AC)
T7AD0 038:818.932   Data:  00 00 00 00
T7AD0 038:818.952 - 1.335ms returns 0
T7AD0 038:819.956 JLINK_ReadMem(0x02006808, 0x4 Bytes, ...)
T7AD0 038:819.968    -- Read from flash cache (4 bytes @ 0x02006808)
T7AD0 038:819.976   Data:  04 00 00 00
T7AD0 038:819.980 - 0.025ms returns 0
T7AD0 038:821.572 JLINK_ReadMem(0xE0001004, 0x4 Bytes, ...)
T7AD0 038:821.584   Data:  8C 67 0B 00
T7AD0 038:821.588   Debug reg: DWT_CYCCNT
T7AD0 038:821.592 - 0.024ms returns 0
T7AD0 038:821.600 JLINK_IsHalted()
T7AD0 038:822.024 - 0.421ms returns TRUE
T7AD0 038:823.196 JLINK_ReadMem(0xE0001004, 0x4 Bytes, ...)
T7AD0 038:823.208   Data:  8C 67 0B 00
T7AD0 038:823.212   Debug reg: DWT_CYCCNT
T7AD0 038:823.216 - 0.020ms returns 0
T7AD0 038:823.224 JLINK_GoEx(MaxEmulInsts = 0, Flags = 0x01)
T7AD0 038:823.232   CPU_ReadMem(4 bytes @ 0xE0001000)
T7AD0 038:824.040   CPU_WriteMem(4 bytes @ 0xE0002008)
T7AD0 038:826.564 - 3.339ms 
T28B4 038:854.976   JLINK_RTTERMINAL_Read(BufferIndex = 0, BufferSize = 0x00010000)
T28B4 038:855.000   - 0.024ms returns 0
T28B4 038:906.060   JLINK_RTTERMINAL_Read(BufferIndex = 0, BufferSize = 0x00010000)
T28B4 038:906.100   - 0.037ms returns 0
T7AD0 038:933.320 JLINK_IsHalted()
T7AD0 038:934.396 - 1.076ms returns FALSE
T7AD0 038:934.408 JLINK_IsHalted()
T7AD0 038:935.512 - 1.105ms returns FALSE
T28B4 038:957.032   JLINK_RTTERMINAL_Read(BufferIndex = 0, BufferSize = 0x00010000)
T28B4 038:957.052   - 0.023ms returns 0
T28B4 039:007.976   JLINK_RTTERMINAL_Read(BufferIndex = 0, BufferSize = 0x00010000)
T28B4 039:008.004   - 0.031ms returns 0
T7AD0 039:041.408 JLINK_IsHalted()
T7AD0 039:042.688 - 1.276ms returns FALSE
T7AD0 039:042.696 JLINK_IsHalted()
T7AD0 039:043.800 - 1.102ms returns FALSE
T28B4 039:059.108   JLINK_RTTERMINAL_Read(BufferIndex = 0, BufferSize = 0x00010000)
T28B4 039:059.128   - 0.021ms returns 0
T28B4 039:109.920   JLINK_RTTERMINAL_Read(BufferIndex = 0, BufferSize = 0x00010000)
T28B4 039:109.948   - 0.031ms returns 0
T7AD0 039:151.596 JLINK_IsHalted()
T7AD0 039:152.692 - 1.094ms returns FALSE
T7AD0 039:152.712 JLINK_IsHalted()
T7AD0 039:153.836 - 1.121ms returns FALSE
T28B4 039:160.944   JLINK_RTTERMINAL_Read(BufferIndex = 0, BufferSize = 0x00010000)
T28B4 039:160.968   - 0.026ms returns 0
T28B4 039:212.072   JLINK_RTTERMINAL_Read(BufferIndex = 0, BufferSize = 0x00010000)
T28B4 039:212.104   - 0.033ms returns 0
T7AD0 039:260.332 JLINK_IsHalted()
T7AD0 039:261.060 - 0.724ms returns FALSE
T7AD0 039:261.072 JLINK_IsHalted()
T7AD0 039:262.176 - 1.103ms returns FALSE
T28B4 039:262.536   JLINK_RTTERMINAL_Read(BufferIndex = 0, BufferSize = 0x00010000)
T28B4 039:262.552   - 0.017ms returns 0
T28B4 039:313.652   JLINK_RTTERMINAL_Read(BufferIndex = 0, BufferSize = 0x00010000)
T28B4 039:313.688   - 0.039ms returns 0
T28B4 039:364.416   JLINK_RTTERMINAL_Read(BufferIndex = 0, BufferSize = 0x00010000)
T28B4 039:364.464   - 0.049ms returns 0
T7AD0 039:370.308 JLINK_IsHalted()
T7AD0 039:370.924 - 0.615ms returns FALSE
T7AD0 039:370.936 JLINK_IsHalted()
T7AD0 039:372.040 - 1.106ms returns FALSE
T28B4 039:416.120   JLINK_RTTERMINAL_Read(BufferIndex = 0, BufferSize = 0x00010000)
T28B4 039:416.148   - 0.027ms returns 0
T28B4 039:467.176   JLINK_RTTERMINAL_Read(BufferIndex = 0, BufferSize = 0x00010000)
T28B4 039:467.208   - 0.029ms returns 0
T7AD0 039:479.052 JLINK_IsHalted()
T7AD0 039:479.948 - 0.893ms returns FALSE
T7AD0 039:479.960 JLINK_IsHalted()
T7AD0 039:481.068 - 1.111ms returns FALSE
T28B4 039:518.188   JLINK_RTTERMINAL_Read(BufferIndex = 0, BufferSize = 0x00010000)
T28B4 039:518.220   - 0.031ms returns 0
T28B4 039:568.876   JLINK_RTTERMINAL_Read(BufferIndex = 0, BufferSize = 0x00010000)
T28B4 039:568.908   - 0.031ms returns 0
T7AD0 039:588.712 JLINK_IsHalted()
T7AD0 039:589.704 - 0.991ms returns FALSE
T7AD0 039:589.728 JLINK_IsHalted()
T7AD0 039:590.836 - 1.105ms returns FALSE
T28B4 039:619.144   JLINK_RTTERMINAL_Read(BufferIndex = 0, BufferSize = 0x00010000)
T28B4 039:619.168   - 0.025ms returns 0
T28B4 039:670.460   JLINK_RTTERMINAL_Read(BufferIndex = 0, BufferSize = 0x00010000)
T28B4 039:670.492   - 0.032ms returns 0
T7AD0 039:698.220 JLINK_IsHalted()
T7AD0 039:698.996 - 0.776ms returns FALSE
T7AD0 039:699.008 JLINK_IsHalted()
T7AD0 039:700.116 - 1.106ms returns FALSE
T28B4 039:721.304   JLINK_RTTERMINAL_Read(BufferIndex = 0, BufferSize = 0x00010000)
T28B4 039:721.328   - 0.024ms returns 0
T28B4 039:772.400   JLINK_RTTERMINAL_Read(BufferIndex = 0, BufferSize = 0x00010000)
T28B4 039:772.428   - 0.029ms returns 0
T7AD0 039:807.304 JLINK_IsHalted()
T7AD0 039:808.040 - 0.738ms returns FALSE
T7AD0 039:808.056 JLINK_IsHalted()
T7AD0 039:809.112 - 1.055ms returns FALSE
T1758 039:819.752 JLINK_IsHalted()
T1758 039:820.708 - 0.955ms returns FALSE
T1758 039:820.724 JLINK_IsHalted()
T1758 039:821.816 - 1.096ms returns FALSE
T28B4 039:823.480   JLINK_RTTERMINAL_Read(BufferIndex = 0, BufferSize = 0x00010000)
T28B4 039:823.496   - 0.016ms returns 0
T28B4 039:874.108   JLINK_RTTERMINAL_Read(BufferIndex = 0, BufferSize = 0x00010000)
T28B4 039:874.136   - 0.026ms returns 0
T7AD0 039:916.800 JLINK_IsHalted()
T7AD0 039:917.480 - 0.683ms returns FALSE
T7AD0 039:917.512 JLINK_IsHalted()
T7AD0 039:918.580 - 1.066ms returns FALSE
T28B4 039:924.408   JLINK_RTTERMINAL_Read(BufferIndex = 0, BufferSize = 0x00010000)
T28B4 039:924.420   - 0.015ms returns 0
T28B4 039:975.140   JLINK_RTTERMINAL_Read(BufferIndex = 0, BufferSize = 0x00010000)
T28B4 039:975.172   - 0.032ms returns 0
T7AD0 040:026.264 JLINK_IsHalted()
T7AD0 040:026.680 - 0.412ms returns FALSE
T28B4 040:026.696   JLINK_RTTERMINAL_Read(BufferIndex = 0, BufferSize = 0x00010000)
T28B4 040:026.712   - 0.016ms returns 0
T7AD0 040:026.776 JLINK_IsHalted()
T7AD0 040:027.796 - 1.019ms returns FALSE
T28B4 040:077.692   JLINK_RTTERMINAL_Read(BufferIndex = 0, BufferSize = 0x00010000)
T28B4 040:077.724   - 0.031ms returns 0
T28B4 040:128.640   JLINK_RTTERMINAL_Read(BufferIndex = 0, BufferSize = 0x00010000)
T28B4 040:128.668   - 0.031ms returns 0
T7AD0 040:135.544 JLINK_IsHalted()
T7AD0 040:136.684 - 1.140ms returns FALSE
T7AD0 040:136.700 JLINK_IsHalted()
T7AD0 040:137.800 - 1.101ms returns FALSE
T28B4 040:179.712   JLINK_RTTERMINAL_Read(BufferIndex = 0, BufferSize = 0x00010000)
T28B4 040:179.740   - 0.031ms returns 0
T28B4 040:230.688   JLINK_RTTERMINAL_Read(BufferIndex = 0, BufferSize = 0x00010000)
T28B4 040:230.716   - 0.030ms returns 0
T7AD0 040:245.344 JLINK_IsHalted()
T7AD0 040:245.884 - 0.541ms returns FALSE
T7AD0 040:245.908 JLINK_IsHalted()
T7AD0 040:247.004 - 1.095ms returns FALSE
T28B4 040:281.472   JLINK_RTTERMINAL_Read(BufferIndex = 0, BufferSize = 0x00010000)
T28B4 040:281.500   - 0.030ms returns 0
T28B4 040:332.516   JLINK_RTTERMINAL_Read(BufferIndex = 0, BufferSize = 0x00010000)
T28B4 040:332.544   - 0.030ms returns 0
T7AD0 040:355.748 JLINK_IsHalted()
T7AD0 040:356.836 - 1.084ms returns FALSE
T7AD0 040:356.844 JLINK_IsHalted()
T7AD0 040:357.952 - 1.106ms returns FALSE
T28B4 040:382.744   JLINK_RTTERMINAL_Read(BufferIndex = 0, BufferSize = 0x00010000)
T28B4 040:382.760   - 0.016ms returns 0
T28B4 040:433.916   JLINK_RTTERMINAL_Read(BufferIndex = 0, BufferSize = 0x00010000)
T28B4 040:433.944   - 0.026ms returns 0
T7AD0 040:463.552 JLINK_IsHalted()
T7AD0 040:464.816 - 1.265ms returns FALSE
T7AD0 040:464.848 JLINK_IsHalted()
T7AD0 040:465.944 - 1.092ms returns FALSE
T28B4 040:484.664   JLINK_RTTERMINAL_Read(BufferIndex = 0, BufferSize = 0x00010000)
T28B4 040:484.688   - 0.022ms returns 0
T28B4 040:535.820   JLINK_RTTERMINAL_Read(BufferIndex = 0, BufferSize = 0x00010000)
T28B4 040:535.848   - 0.025ms returns 0
T7AD0 040:573.080 JLINK_IsHalted()
T7AD0 040:573.768 - 0.686ms returns FALSE
T7AD0 040:573.784 JLINK_IsHalted()
T7AD0 040:574.888 - 1.101ms returns FALSE
T28B4 040:586.672   JLINK_RTTERMINAL_Read(BufferIndex = 0, BufferSize = 0x00010000)
T28B4 040:586.692   - 0.022ms returns 0
T28B4 040:637.848   JLINK_RTTERMINAL_Read(BufferIndex = 0, BufferSize = 0x00010000)
T28B4 040:637.880   - 0.032ms returns 0
T7AD0 040:682.444 JLINK_IsHalted()
T7AD0 040:683.052 - 0.606ms returns FALSE
T7AD0 040:683.068 JLINK_IsHalted()
T7AD0 040:684.168 - 1.097ms returns FALSE
T28B4 040:688.820   JLINK_RTTERMINAL_Read(BufferIndex = 0, BufferSize = 0x00010000)
T28B4 040:688.840   - 0.020ms returns 0
T28B4 040:739.128   JLINK_RTTERMINAL_Read(BufferIndex = 0, BufferSize = 0x00010000)
T28B4 040:739.156   - 0.024ms returns 0
T28B4 040:789.924   JLINK_RTTERMINAL_Read(BufferIndex = 0, BufferSize = 0x00010000)
T28B4 040:789.952   - 0.030ms returns 0
T7AD0 040:791.960 JLINK_IsHalted()
T7AD0 040:792.960 - 0.998ms returns FALSE
T7AD0 040:792.980 JLINK_IsHalted()
T7AD0 040:794.072 - 1.089ms returns FALSE
T1758 040:821.580 JLINK_IsHalted()
T1758 040:822.572 - 0.990ms returns FALSE
T1758 040:822.588 JLINK_IsHalted()
T1758 040:823.688 - 1.098ms returns FALSE
T28B4 040:841.056   JLINK_RTTERMINAL_Read(BufferIndex = 0, BufferSize = 0x00010000)
T28B4 040:841.088   - 0.033ms returns 0
T28B4 040:892.064   JLINK_RTTERMINAL_Read(BufferIndex = 0, BufferSize = 0x00010000)
T28B4 040:892.092   - 0.028ms returns 0
T7AD0 040:901.304 JLINK_IsHalted()
T7AD0 040:902.292 - 0.990ms returns FALSE
T7AD0 040:902.304 JLINK_IsHalted()
T7AD0 040:903.412 - 1.107ms returns FALSE
T28B4 040:942.904   JLINK_RTTERMINAL_Read(BufferIndex = 0, BufferSize = 0x00010000)
T28B4 040:942.928   - 0.024ms returns 0
T28B4 040:993.768   JLINK_RTTERMINAL_Read(BufferIndex = 0, BufferSize = 0x00010000)
T28B4 040:993.800   - 0.030ms returns 0
T7AD0 041:012.168 JLINK_IsHalted()
T7AD0 041:013.284 - 1.114ms returns FALSE
T7AD0 041:013.308 JLINK_IsHalted()
T7AD0 041:014.408 - 1.097ms returns FALSE
T28B4 041:044.884   JLINK_RTTERMINAL_Read(BufferIndex = 0, BufferSize = 0x00010000)
T28B4 041:044.908   - 0.029ms returns 0
T28B4 041:095.840   JLINK_RTTERMINAL_Read(BufferIndex = 0, BufferSize = 0x00010000)
T28B4 041:095.864   - 0.028ms returns 0
T7AD0 041:120.176 JLINK_IsHalted()
T7AD0 041:120.776 - 0.600ms returns FALSE
T7AD0 041:120.796 JLINK_IsHalted()
T7AD0 041:121.896 - 1.099ms returns FALSE
T28B4 041:146.668   JLINK_RTTERMINAL_Read(BufferIndex = 0, BufferSize = 0x00010000)
T28B4 041:146.684   - 0.015ms returns 0
T28B4 041:197.164   JLINK_RTTERMINAL_Read(BufferIndex = 0, BufferSize = 0x00010000)
T28B4 041:197.200   - 0.034ms returns 0
T7AD0 041:229.504 JLINK_IsHalted()
T7AD0 041:230.712 - 1.205ms returns FALSE
T7AD0 041:230.720 JLINK_IsHalted()
T7AD0 041:231.840 - 1.118ms returns FALSE
T28B4 041:248.068   JLINK_RTTERMINAL_Read(BufferIndex = 0, BufferSize = 0x00010000)
T28B4 041:248.084   - 0.017ms returns 0
T28B4 041:298.532   JLINK_RTTERMINAL_Read(BufferIndex = 0, BufferSize = 0x00010000)
T28B4 041:298.560   - 0.029ms returns 0
T7AD0 041:338.536 JLINK_IsHalted()
T7AD0 041:339.784 - 1.250ms returns FALSE
T7AD0 041:339.808 JLINK_IsHalted()
T7AD0 041:340.968 - 1.162ms returns FALSE
T28B4 041:349.008   JLINK_RTTERMINAL_Read(BufferIndex = 0, BufferSize = 0x00010000)
T28B4 041:349.020   - 0.015ms returns 0
T28B4 041:399.704   JLINK_RTTERMINAL_Read(BufferIndex = 0, BufferSize = 0x00010000)
T28B4 041:399.736   - 0.031ms returns 0
T7AD0 041:447.720 JLINK_IsHalted()
T7AD0 041:448.716 - 0.996ms returns FALSE
T7AD0 041:448.736 JLINK_IsHalted()
T7AD0 041:449.824 - 1.086ms returns FALSE
T28B4 041:451.052   JLINK_RTTERMINAL_Read(BufferIndex = 0, BufferSize = 0x00010000)
T28B4 041:451.068   - 0.015ms returns 0
T28B4 041:501.752   JLINK_RTTERMINAL_Read(BufferIndex = 0, BufferSize = 0x00010000)
T28B4 041:501.784   - 0.035ms returns 0
T28B4 041:552.568   JLINK_RTTERMINAL_Read(BufferIndex = 0, BufferSize = 0x00010000)
T28B4 041:552.600   - 0.033ms returns 0
T7AD0 041:557.448 JLINK_IsHalted()
T7AD0 041:558.600 - 1.154ms returns FALSE
T7AD0 041:558.616 JLINK_IsHalted()
T7AD0 041:559.712 - 1.099ms returns FALSE
T28B4 041:603.000   JLINK_RTTERMINAL_Read(BufferIndex = 0, BufferSize = 0x00010000)
T28B4 041:603.040   - 0.039ms returns 0
T28B4 041:654.128   JLINK_RTTERMINAL_Read(BufferIndex = 0, BufferSize = 0x00010000)
T28B4 041:654.160   - 0.031ms returns 0
T7AD0 041:666.400 JLINK_IsHalted()
T7AD0 041:666.736 - 0.336ms returns FALSE
T7AD0 041:666.752 JLINK_IsHalted()
T7AD0 041:667.852 - 1.100ms returns FALSE
T28B4 041:705.288   JLINK_RTTERMINAL_Read(BufferIndex = 0, BufferSize = 0x00010000)
T28B4 041:705.320   - 0.032ms returns 0
T28B4 041:755.708   JLINK_RTTERMINAL_Read(BufferIndex = 0, BufferSize = 0x00010000)
T28B4 041:755.736   - 0.028ms returns 0
T7AD0 041:776.296 JLINK_IsHalted()
T7AD0 041:776.856 - 0.558ms returns FALSE
T7AD0 041:776.872 JLINK_IsHalted()
T7AD0 041:777.984 - 1.107ms returns FALSE
T28B4 041:806.640   JLINK_RTTERMINAL_Read(BufferIndex = 0, BufferSize = 0x00010000)
T28B4 041:806.668   - 0.030ms returns 0
T1758 041:824.632 JLINK_IsHalted()
T1758 041:825.180 - 0.548ms returns FALSE
T1758 041:825.200 JLINK_IsHalted()
T1758 041:826.292 - 1.091ms returns FALSE
T28B4 041:857.712   JLINK_RTTERMINAL_Read(BufferIndex = 0, BufferSize = 0x00010000)
T28B4 041:857.752   - 0.037ms returns 0
T7AD0 041:885.652 JLINK_IsHalted()
T7AD0 041:886.152 - 0.502ms returns FALSE
T7AD0 041:886.176 JLINK_IsHalted()
T7AD0 041:887.264 - 1.086ms returns FALSE
T28B4 041:908.352   JLINK_RTTERMINAL_Read(BufferIndex = 0, BufferSize = 0x00010000)
T28B4 041:908.380   - 0.029ms returns 0
T28B4 041:959.348   JLINK_RTTERMINAL_Read(BufferIndex = 0, BufferSize = 0x00010000)
T28B4 041:959.380   - 0.032ms returns 0
T7AD0 041:995.112 JLINK_IsHalted()
T7AD0 041:996.196 - 1.084ms returns FALSE
T7AD0 041:996.204 JLINK_IsHalted()
T7AD0 041:997.320 - 1.115ms returns FALSE
T28B4 042:010.116   JLINK_RTTERMINAL_Read(BufferIndex = 0, BufferSize = 0x00010000)
T28B4 042:010.132   - 0.016ms returns 0
T28B4 042:060.904   JLINK_RTTERMINAL_Read(BufferIndex = 0, BufferSize = 0x00010000)
T28B4 042:060.932   - 0.026ms returns 0
T7AD0 042:104.520 JLINK_IsHalted()
T7AD0 042:105.152 - 0.632ms returns FALSE
T7AD0 042:105.172 JLINK_IsHalted()
T7AD0 042:106.280 - 1.112ms returns FALSE
T28B4 042:111.224   JLINK_RTTERMINAL_Read(BufferIndex = 0, BufferSize = 0x00010000)
T28B4 042:111.252   - 0.030ms returns 0
T28B4 042:161.992   JLINK_RTTERMINAL_Read(BufferIndex = 0, BufferSize = 0x00010000)
T28B4 042:162.024   - 0.032ms returns 0
T28B4 042:212.968   JLINK_RTTERMINAL_Read(BufferIndex = 0, BufferSize = 0x00010000)
T28B4 042:213.000   - 0.032ms returns 0
T7AD0 042:213.868 JLINK_IsHalted()
T7AD0 042:214.540 - 0.670ms returns FALSE
T7AD0 042:214.568 JLINK_IsHalted()
T7AD0 042:215.716 - 1.150ms returns FALSE
T28B4 042:263.640   JLINK_RTTERMINAL_Read(BufferIndex = 0, BufferSize = 0x00010000)
T28B4 042:263.672   - 0.030ms returns 0
T28B4 042:314.376   JLINK_RTTERMINAL_Read(BufferIndex = 0, BufferSize = 0x00010000)
T28B4 042:314.408   - 0.032ms returns 0
T7AD0 042:322.820 JLINK_IsHalted()
T7AD0 042:323.848 - 1.031ms returns FALSE
T7AD0 042:323.856 JLINK_IsHalted()
T7AD0 042:324.968 - 1.111ms returns FALSE
T28B4 042:364.972   JLINK_RTTERMINAL_Read(BufferIndex = 0, BufferSize = 0x00010000)
T28B4 042:365.004   - 0.031ms returns 0
T28B4 042:416.112   JLINK_RTTERMINAL_Read(BufferIndex = 0, BufferSize = 0x00010000)
T28B4 042:416.144   - 0.033ms returns 0
T7AD0 042:432.264 JLINK_IsHalted()
T7AD0 042:432.708 - 0.443ms returns FALSE
T7AD0 042:432.720 JLINK_IsHalted()
T7AD0 042:433.824 - 1.103ms returns FALSE
T28B4 042:466.416   JLINK_RTTERMINAL_Read(BufferIndex = 0, BufferSize = 0x00010000)
T28B4 042:466.444   - 0.030ms returns 0
T28B4 042:517.360   JLINK_RTTERMINAL_Read(BufferIndex = 0, BufferSize = 0x00010000)
T28B4 042:517.392   - 0.032ms returns 0
T7AD0 042:541.768 JLINK_IsHalted()
T7AD0 042:542.740 - 0.973ms returns FALSE
T7AD0 042:542.760 JLINK_IsHalted()
T7AD0 042:543.844 - 1.081ms returns FALSE
T28B4 042:567.864   JLINK_RTTERMINAL_Read(BufferIndex = 0, BufferSize = 0x00010000)
T28B4 042:567.888   - 0.023ms returns 0
T28B4 042:618.896   JLINK_RTTERMINAL_Read(BufferIndex = 0, BufferSize = 0x00010000)
T28B4 042:618.936   - 0.043ms returns 0
T7AD0 042:651.276 JLINK_IsHalted()
T7AD0 042:651.712 - 0.434ms returns FALSE
T7AD0 042:651.736 JLINK_IsHalted()
T7AD0 042:652.804 - 1.067ms returns FALSE
T28B4 042:669.484   JLINK_RTTERMINAL_Read(BufferIndex = 0, BufferSize = 0x00010000)
T28B4 042:669.504   - 0.018ms returns 0
T28B4 042:720.148   JLINK_RTTERMINAL_Read(BufferIndex = 0, BufferSize = 0x00010000)
T28B4 042:720.180   - 0.032ms returns 0
T7AD0 042:760.204 JLINK_IsHalted()
T7AD0 042:760.852 - 0.646ms returns FALSE
T7AD0 042:760.872 JLINK_IsHalted()
T7AD0 042:762.024 - 1.152ms returns FALSE
T28B4 042:771.280   JLINK_RTTERMINAL_Read(BufferIndex = 0, BufferSize = 0x00010000)
T28B4 042:771.296   - 0.017ms returns 0
T28B4 042:822.408   JLINK_RTTERMINAL_Read(BufferIndex = 0, BufferSize = 0x00010000)
T28B4 042:822.440   - 0.029ms returns 0
T1758 042:826.944 JLINK_IsHalted()
T1758 042:828.172 - 1.226ms returns FALSE
T1758 042:828.188 JLINK_IsHalted()
T1758 042:829.296 - 1.106ms returns FALSE
T7AD0 042:869.712 JLINK_IsHalted()
T7AD0 042:870.620 - 0.907ms returns FALSE
T7AD0 042:870.632 JLINK_IsHalted()
T7AD0 042:871.712 - 1.082ms returns FALSE
T28B4 042:872.852   JLINK_RTTERMINAL_Read(BufferIndex = 0, BufferSize = 0x00010000)
T28B4 042:872.872   - 0.018ms returns 0
T28B4 042:923.332   JLINK_RTTERMINAL_Read(BufferIndex = 0, BufferSize = 0x00010000)
T28B4 042:923.360   - 0.029ms returns 0
T28B4 042:974.316   JLINK_RTTERMINAL_Read(BufferIndex = 0, BufferSize = 0x00010000)
T28B4 042:974.344   - 0.028ms returns 0
T7AD0 042:979.224 JLINK_IsHalted()
T7AD0 042:980.460 - 1.238ms returns FALSE
T7AD0 042:980.472 JLINK_IsHalted()
T7AD0 042:981.580 - 1.108ms returns FALSE
T28B4 043:024.832   JLINK_RTTERMINAL_Read(BufferIndex = 0, BufferSize = 0x00010000)
T28B4 043:024.856   - 0.025ms returns 0
T28B4 043:075.952   JLINK_RTTERMINAL_Read(BufferIndex = 0, BufferSize = 0x00010000)
T28B4 043:075.984   - 0.032ms returns 0
T7AD0 043:088.824 JLINK_IsHalted()
T7AD0 043:089.464 - 0.642ms returns FALSE
T7AD0 043:089.484 JLINK_IsHalted()
T7AD0 043:090.584 - 1.097ms returns FALSE
T28B4 043:126.432   JLINK_RTTERMINAL_Read(BufferIndex = 0, BufferSize = 0x00010000)
T28B4 043:126.460   - 0.030ms returns 0
T28B4 043:177.472   JLINK_RTTERMINAL_Read(BufferIndex = 0, BufferSize = 0x00010000)
T28B4 043:177.508   - 0.035ms returns 0
T7AD0 043:198.340 JLINK_IsHalted()
T7AD0 043:198.856 - 0.515ms returns FALSE
T7AD0 043:198.876 JLINK_IsHalted()
T7AD0 043:199.956 - 1.078ms returns FALSE
T28B4 043:228.484   JLINK_RTTERMINAL_Read(BufferIndex = 0, BufferSize = 0x00010000)
T28B4 043:228.520   - 0.037ms returns 0
T28B4 043:279.480   JLINK_RTTERMINAL_Read(BufferIndex = 0, BufferSize = 0x00010000)
T28B4 043:279.508   - 0.032ms returns 0
T7AD0 043:307.596 JLINK_IsHalted()
T7AD0 043:308.712 - 1.116ms returns FALSE
T7AD0 043:308.728 JLINK_IsHalted()
T7AD0 043:309.832 - 1.102ms returns FALSE
T28B4 043:329.992   JLINK_RTTERMINAL_Read(BufferIndex = 0, BufferSize = 0x00010000)
T28B4 043:330.012   - 0.019ms returns 0
T28B4 043:381.020   JLINK_RTTERMINAL_Read(BufferIndex = 0, BufferSize = 0x00010000)
T28B4 043:381.052   - 0.032ms returns 0
T7AD0 043:417.004 JLINK_IsHalted()
T7AD0 043:417.880 - 0.876ms returns FALSE
T7AD0 043:417.896 JLINK_IsHalted()
T7AD0 043:419.000 - 1.109ms returns FALSE
T28B4 043:432.136   JLINK_RTTERMINAL_Read(BufferIndex = 0, BufferSize = 0x00010000)
T28B4 043:432.156   - 0.021ms returns 0
T28B4 043:482.952   JLINK_RTTERMINAL_Read(BufferIndex = 0, BufferSize = 0x00010000)
T28B4 043:482.968   - 0.016ms returns 0
T7AD0 043:528.080 JLINK_IsHalted()
T7AD0 043:529.184 - 1.103ms returns FALSE
T7AD0 043:529.208 JLINK_IsHalted()
T7AD0 043:530.312 - 1.104ms returns FALSE
T28B4 043:533.956   JLINK_RTTERMINAL_Read(BufferIndex = 0, BufferSize = 0x00010000)
T28B4 043:533.992   - 0.033ms returns 0
T28B4 043:584.408   JLINK_RTTERMINAL_Read(BufferIndex = 0, BufferSize = 0x00010000)
T28B4 043:584.440   - 0.038ms returns 0
T28B4 043:635.096   JLINK_RTTERMINAL_Read(BufferIndex = 0, BufferSize = 0x00010000)
T28B4 043:635.144   - 0.043ms returns 0
T7AD0 043:636.004 JLINK_IsHalted()
T7AD0 043:637.048 - 1.042ms returns FALSE
T7AD0 043:637.064 JLINK_IsHalted()
T7AD0 043:638.152 - 1.086ms returns FALSE
T28B4 043:685.592   JLINK_RTTERMINAL_Read(BufferIndex = 0, BufferSize = 0x00010000)
T28B4 043:685.620   - 0.029ms returns 0
T28B4 043:736.204   JLINK_RTTERMINAL_Read(BufferIndex = 0, BufferSize = 0x00010000)
T28B4 043:736.240   - 0.036ms returns 0
T7AD0 043:744.632 JLINK_IsHalted()
T7AD0 043:745.800 - 1.165ms returns FALSE
T7AD0 043:745.820 JLINK_IsHalted()
T7AD0 043:746.916 - 1.092ms returns FALSE
T28B4 043:787.380   JLINK_RTTERMINAL_Read(BufferIndex = 0, BufferSize = 0x00010000)
T28B4 043:787.412   - 0.032ms returns 0
T1758 043:829.924 JLINK_IsHalted()
T1758 043:830.996 - 1.072ms returns FALSE
T1758 043:831.036 JLINK_IsHalted()
T1758 043:832.140 - 1.092ms returns FALSE
T28B4 043:838.320   JLINK_RTTERMINAL_Read(BufferIndex = 0, BufferSize = 0x00010000)
T28B4 043:838.352   - 0.031ms returns 0
T7AD0 043:854.600 JLINK_IsHalted()
T7AD0 043:855.716 - 1.113ms returns FALSE
T7AD0 043:855.736 JLINK_IsHalted()
T7AD0 043:856.832 - 1.093ms returns FALSE
T28B4 043:889.840   JLINK_RTTERMINAL_Read(BufferIndex = 0, BufferSize = 0x00010000)
T28B4 043:889.952   - 0.115ms returns 0
T28B4 043:941.016   JLINK_RTTERMINAL_Read(BufferIndex = 0, BufferSize = 0x00010000)
T28B4 043:941.052   - 0.040ms returns 0
T7AD0 043:964.024 JLINK_IsHalted()
T7AD0 043:965.152 - 1.127ms returns FALSE
T7AD0 043:965.176 JLINK_IsHalted()
T7AD0 043:966.276 - 1.097ms returns FALSE
T28B4 043:991.516   JLINK_RTTERMINAL_Read(BufferIndex = 0, BufferSize = 0x00010000)
T28B4 043:991.544   - 0.029ms returns 0
T28B4 044:042.104   JLINK_RTTERMINAL_Read(BufferIndex = 0, BufferSize = 0x00010000)
T28B4 044:042.136   - 0.034ms returns 0
T7AD0 044:073.064 JLINK_IsHalted()
T7AD0 044:073.768 - 0.703ms returns FALSE
T7AD0 044:073.792 JLINK_IsHalted()
T7AD0 044:074.900 - 1.106ms returns FALSE
T28B4 044:092.424   JLINK_RTTERMINAL_Read(BufferIndex = 0, BufferSize = 0x00010000)
T28B4 044:092.460   - 0.035ms returns 0
T28B4 044:143.536   JLINK_RTTERMINAL_Read(BufferIndex = 0, BufferSize = 0x00010000)
T28B4 044:143.568   - 0.034ms returns 0
T7AD0 044:183.288 JLINK_IsHalted()
T7AD0 044:184.400 - 1.110ms returns FALSE
T7AD0 044:184.428 JLINK_IsHalted()
T7AD0 044:185.528 - 1.095ms returns FALSE
T28B4 044:194.476   JLINK_RTTERMINAL_Read(BufferIndex = 0, BufferSize = 0x00010000)
T28B4 044:194.520   - 0.046ms returns 0
T28B4 044:245.016   JLINK_RTTERMINAL_Read(BufferIndex = 0, BufferSize = 0x00010000)
T28B4 044:245.052   - 0.034ms returns 0
T7AD0 044:292.500 JLINK_IsHalted()
T7AD0 044:293.196 - 0.697ms returns FALSE
T7AD0 044:293.224 JLINK_IsHalted()
T7AD0 044:294.332 - 1.109ms returns FALSE
T28B4 044:295.636   JLINK_RTTERMINAL_Read(BufferIndex = 0, BufferSize = 0x00010000)
T28B4 044:295.656   - 0.020ms returns 0
T28B4 044:346.360   JLINK_RTTERMINAL_Read(BufferIndex = 0, BufferSize = 0x00010000)
T28B4 044:346.392   - 0.034ms returns 0
T28B4 044:396.756   JLINK_RTTERMINAL_Read(BufferIndex = 0, BufferSize = 0x00010000)
T28B4 044:396.792   - 0.039ms returns 0
T7AD0 044:401.780 JLINK_IsHalted()
T7AD0 044:402.880 - 1.101ms returns FALSE
T7AD0 044:402.896 JLINK_IsHalted()
T7AD0 044:404.008 - 1.112ms returns FALSE
T28B4 044:447.888   JLINK_RTTERMINAL_Read(BufferIndex = 0, BufferSize = 0x00010000)
T28B4 044:447.924   - 0.036ms returns 0
T28B4 044:498.216   JLINK_RTTERMINAL_Read(BufferIndex = 0, BufferSize = 0x00010000)
T28B4 044:498.248   - 0.032ms returns 0
T7AD0 044:510.896 JLINK_IsHalted()
T7AD0 044:511.456 - 0.556ms returns FALSE
T7AD0 044:511.484 JLINK_IsHalted()
T7AD0 044:512.568 - 1.081ms returns FALSE
T28B4 044:548.920   JLINK_RTTERMINAL_Read(BufferIndex = 0, BufferSize = 0x00010000)
T28B4 044:548.952   - 0.036ms returns 0
T28B4 044:599.572   JLINK_RTTERMINAL_Read(BufferIndex = 0, BufferSize = 0x00010000)
T28B4 044:599.600   - 0.029ms returns 0
T7AD0 044:619.508 JLINK_IsHalted()
T7AD0 044:620.032 - 0.524ms returns FALSE
T7AD0 044:620.048 JLINK_IsHalted()
T7AD0 044:621.152 - 1.105ms returns FALSE
T28B4 044:650.144   JLINK_RTTERMINAL_Read(BufferIndex = 0, BufferSize = 0x00010000)
T28B4 044:650.172   - 0.030ms returns 0
T28B4 044:700.760   JLINK_RTTERMINAL_Read(BufferIndex = 0, BufferSize = 0x00010000)
T28B4 044:700.796   - 0.036ms returns 0
T7AD0 044:729.752 JLINK_IsHalted()
T7AD0 044:730.456 - 0.702ms returns FALSE
T7AD0 044:730.480 JLINK_IsHalted()
T7AD0 044:731.568 - 1.086ms returns FALSE
T28B4 044:751.952   JLINK_RTTERMINAL_Read(BufferIndex = 0, BufferSize = 0x00010000)
T28B4 044:751.980   - 0.031ms returns 0
T28B4 044:803.040   JLINK_RTTERMINAL_Read(BufferIndex = 0, BufferSize = 0x00010000)
T28B4 044:803.072   - 0.031ms returns 0
T1758 044:832.328 JLINK_IsHalted()
T1758 044:832.704 - 0.372ms returns FALSE
T1758 044:832.724 JLINK_IsHalted()
T1758 044:833.816 - 1.096ms returns FALSE
T7AD0 044:839.056 JLINK_IsHalted()
T7AD0 044:839.568 - 0.509ms returns FALSE
T7AD0 044:839.580 JLINK_IsHalted()
T7AD0 044:840.704 - 1.121ms returns FALSE
T28B4 044:854.236   JLINK_RTTERMINAL_Read(BufferIndex = 0, BufferSize = 0x00010000)
T28B4 044:854.264   - 0.027ms returns 0
T28B4 044:904.556   JLINK_RTTERMINAL_Read(BufferIndex = 0, BufferSize = 0x00010000)
T28B4 044:904.584   - 0.027ms returns 0
T7AD0 044:948.400 JLINK_IsHalted()
T7AD0 044:949.176 - 0.772ms returns FALSE
T7AD0 044:949.192 JLINK_IsHalted()
T7AD0 044:950.308 - 1.113ms returns FALSE
T28B4 044:955.536   JLINK_RTTERMINAL_Read(BufferIndex = 0, BufferSize = 0x00010000)
T28B4 044:955.560   - 0.024ms returns 0
T28B4 045:006.504   JLINK_RTTERMINAL_Read(BufferIndex = 0, BufferSize = 0x00010000)
T28B4 045:006.536   - 0.029ms returns 0
T28B4 045:057.000   JLINK_RTTERMINAL_Read(BufferIndex = 0, BufferSize = 0x00010000)
T28B4 045:057.032   - 0.033ms returns 0
T7AD0 045:057.908 JLINK_IsHalted()
T7AD0 045:058.744 - 0.837ms returns FALSE
T7AD0 045:058.752 JLINK_IsHalted()
T7AD0 045:059.928 - 1.178ms returns FALSE
T28B4 045:108.184   JLINK_RTTERMINAL_Read(BufferIndex = 0, BufferSize = 0x00010000)
T28B4 045:108.216   - 0.029ms returns 0
T28B4 045:158.712   JLINK_RTTERMINAL_Read(BufferIndex = 0, BufferSize = 0x00010000)
T28B4 045:158.744   - 0.030ms returns 0
T7AD0 045:166.900 JLINK_IsHalted()
T7AD0 045:167.288 - 0.392ms returns FALSE
T7AD0 045:167.308 JLINK_IsHalted()
T7AD0 045:168.416 - 1.106ms returns FALSE
T28B4 045:209.776   JLINK_RTTERMINAL_Read(BufferIndex = 0, BufferSize = 0x00010000)
T28B4 045:209.800   - 0.026ms returns 0
T28B4 045:260.504   JLINK_RTTERMINAL_Read(BufferIndex = 0, BufferSize = 0x00010000)
T28B4 045:260.536   - 0.033ms returns 0
T7AD0 045:276.404 JLINK_IsHalted()
T7AD0 045:277.080 - 0.678ms returns FALSE
T7AD0 045:277.100 JLINK_IsHalted()
T7AD0 045:278.200 - 1.098ms returns FALSE
T28B4 045:310.936   JLINK_RTTERMINAL_Read(BufferIndex = 0, BufferSize = 0x00010000)
T28B4 045:310.968   - 0.030ms returns 0
T28B4 045:361.476   JLINK_RTTERMINAL_Read(BufferIndex = 0, BufferSize = 0x00010000)
T28B4 045:361.504   - 0.029ms returns 0
T7AD0 045:385.368 JLINK_IsHalted()
T7AD0 045:386.580 - 1.212ms returns FALSE
T7AD0 045:386.588 JLINK_IsHalted()
T7AD0 045:387.696 - 1.107ms returns FALSE
T28B4 045:412.120   JLINK_RTTERMINAL_Read(BufferIndex = 0, BufferSize = 0x00010000)
T28B4 045:412.152   - 0.030ms returns 0
T28B4 045:462.644   JLINK_RTTERMINAL_Read(BufferIndex = 0, BufferSize = 0x00010000)
T28B4 045:462.676   - 0.029ms returns 0
T7AD0 045:495.384 JLINK_IsHalted()
T7AD0 045:496.496 - 1.109ms returns FALSE
T7AD0 045:497.820 JLINK_IsHalted()
T7AD0 045:498.712 - 0.894ms returns FALSE
T28B4 045:513.700   JLINK_RTTERMINAL_Read(BufferIndex = 0, BufferSize = 0x00010000)
T28B4 045:513.736   - 0.036ms returns 81
T28B4 045:513.968   JLINK_RTTERMINAL_Read(BufferIndex = 0, BufferSize = 0x00010000)
T28B4 045:513.980   - 0.014ms returns 0
T28B4 045:564.544   JLINK_RTTERMINAL_Read(BufferIndex = 0, BufferSize = 0x00010000)
T28B4 045:564.572   - 0.029ms returns 0
T7AD0 045:604.688 JLINK_IsHalted()
T7AD0 045:605.128 - 0.439ms returns FALSE
T7AD0 045:606.372 JLINK_IsHalted()
T7AD0 045:607.368 - 0.996ms returns FALSE
T28B4 045:615.008   JLINK_RTTERMINAL_Read(BufferIndex = 0, BufferSize = 0x00010000)
T28B4 045:615.020   - 0.013ms returns 0
T28B4 045:665.580   JLINK_RTTERMINAL_Read(BufferIndex = 0, BufferSize = 0x00010000)
T28B4 045:665.616   - 0.037ms returns 0
T7AD0 045:713.444 JLINK_IsHalted()
T7AD0 045:714.204 - 0.761ms returns FALSE
T7AD0 045:715.492 JLINK_IsHalted()
T7AD0 045:716.440 - 0.948ms returns FALSE
T28B4 045:717.764   JLINK_RTTERMINAL_Read(BufferIndex = 0, BufferSize = 0x00010000)
T28B4 045:717.776   - 0.014ms returns 94
T28B4 045:717.952   JLINK_RTTERMINAL_Read(BufferIndex = 0, BufferSize = 0x00010000)
T28B4 045:717.960   - 0.011ms returns 0
T28B4 045:769.096   JLINK_RTTERMINAL_Read(BufferIndex = 0, BufferSize = 0x00010000)
T28B4 045:769.128   - 0.032ms returns 0
T28B4 045:819.380   JLINK_RTTERMINAL_Read(BufferIndex = 0, BufferSize = 0x00010000)
T28B4 045:819.408   - 0.030ms returns 0
T7AD0 045:823.596 JLINK_IsHalted()
T7AD0 045:824.408 - 0.809ms returns FALSE
T7AD0 045:825.680 JLINK_IsHalted()
T7AD0 045:826.688 - 1.005ms returns FALSE
T1758 045:833.460 JLINK_IsHalted()
T1758 045:834.560 - 1.099ms returns FALSE
T1758 045:834.572 JLINK_IsHalted()
T1758 045:835.816 - 1.244ms returns FALSE
T28B4 045:870.176   JLINK_RTTERMINAL_Read(BufferIndex = 0, BufferSize = 0x00010000)
T28B4 045:870.200   - 0.026ms returns 0
T28B4 045:921.408   JLINK_RTTERMINAL_Read(BufferIndex = 0, BufferSize = 0x00010000)
T28B4 045:921.436   - 0.028ms returns 0
T7AD0 045:932.300 JLINK_IsHalted()
T7AD0 045:933.076 - 0.773ms returns FALSE
T7AD0 045:936.348 JLINK_IsHalted()
T7AD0 045:937.460 - 1.109ms returns FALSE
T28B4 045:972.388   JLINK_RTTERMINAL_Read(BufferIndex = 0, BufferSize = 0x00010000)
T28B4 045:972.416   - 0.030ms returns 0
T28B4 046:023.584   JLINK_RTTERMINAL_Read(BufferIndex = 0, BufferSize = 0x00010000)
T28B4 046:023.608   - 0.027ms returns 0
T7AD0 046:041.368 JLINK_IsHalted()
T7AD0 046:042.104 - 0.735ms returns FALSE
T7AD0 046:043.356 JLINK_IsHalted()
T7AD0 046:044.340 - 0.984ms returns FALSE
T28B4 046:074.392   JLINK_RTTERMINAL_Read(BufferIndex = 0, BufferSize = 0x00010000)
T28B4 046:074.428   - 0.035ms returns 0
T28B4 046:125.448   JLINK_RTTERMINAL_Read(BufferIndex = 0, BufferSize = 0x00010000)
T28B4 046:125.504   - 0.058ms returns 0
T7AD0 046:150.856 JLINK_IsHalted()
T7AD0 046:151.288 - 0.436ms returns FALSE
T7AD0 046:152.552 JLINK_IsHalted()
T7AD0 046:153.532 - 0.984ms returns FALSE
T28B4 046:175.992   JLINK_RTTERMINAL_Read(BufferIndex = 0, BufferSize = 0x00010000)
T28B4 046:176.016   - 0.022ms returns 0
T28B4 046:227.044   JLINK_RTTERMINAL_Read(BufferIndex = 0, BufferSize = 0x00010000)
T28B4 046:227.076   - 0.031ms returns 0
T7AD0 046:260.936 JLINK_IsHalted()
T7AD0 046:261.272 - 0.336ms returns FALSE
T7AD0 046:262.536 JLINK_IsHalted()
T7AD0 046:263.536 - 0.999ms returns FALSE
T28B4 046:277.768   JLINK_RTTERMINAL_Read(BufferIndex = 0, BufferSize = 0x00010000)
T28B4 046:277.800   - 0.031ms returns 0
T28B4 046:328.820   JLINK_RTTERMINAL_Read(BufferIndex = 0, BufferSize = 0x00010000)
T28B4 046:328.848   - 0.029ms returns 0
T7AD0 046:370.048 JLINK_IsHalted()
T7AD0 046:370.528 - 0.477ms returns FALSE
T7AD0 046:371.780 JLINK_IsHalted()
T7AD0 046:372.808 - 1.028ms returns FALSE
T28B4 046:379.752   JLINK_RTTERMINAL_Read(BufferIndex = 0, BufferSize = 0x00010000)
T28B4 046:379.768   - 0.017ms returns 0
T28B4 046:430.652   JLINK_RTTERMINAL_Read(BufferIndex = 0, BufferSize = 0x00010000)
T28B4 046:430.680   - 0.028ms returns 0
T7AD0 046:478.852 JLINK_IsHalted()
T7AD0 046:479.828 - 0.975ms returns FALSE
T28B4 046:481.084   JLINK_RTTERMINAL_Read(BufferIndex = 0, BufferSize = 0x00010000)
T28B4 046:481.104   - 0.017ms returns 0
T7AD0 046:482.168 JLINK_IsHalted()
T7AD0 046:483.168 - 1.001ms returns FALSE
T28B4 046:531.840   JLINK_RTTERMINAL_Read(BufferIndex = 0, BufferSize = 0x00010000)
T28B4 046:531.864   - 0.026ms returns 0
T28B4 046:582.920   JLINK_RTTERMINAL_Read(BufferIndex = 0, BufferSize = 0x00010000)
T28B4 046:582.960   - 0.036ms returns 0
T7AD0 046:588.820 JLINK_IsHalted()
T7AD0 046:589.264 - 0.444ms returns FALSE
T7AD0 046:590.504 JLINK_IsHalted()
T7AD0 046:591.556 - 1.054ms returns FALSE
T28B4 046:633.984   JLINK_RTTERMINAL_Read(BufferIndex = 0, BufferSize = 0x00010000)
T28B4 046:634.012   - 0.028ms returns 0
T28B4 046:685.000   JLINK_RTTERMINAL_Read(BufferIndex = 0, BufferSize = 0x00010000)
T28B4 046:685.032   - 0.030ms returns 0
T7AD0 046:697.900 JLINK_IsHalted()
T7AD0 046:698.248 - 0.345ms returns FALSE
T7AD0 046:699.528 JLINK_IsHalted()
T7AD0 046:700.492 - 0.961ms returns FALSE
T28B4 046:735.588   JLINK_RTTERMINAL_Read(BufferIndex = 0, BufferSize = 0x00010000)
T28B4 046:735.616   - 0.030ms returns 94
T28B4 046:735.812   JLINK_RTTERMINAL_Read(BufferIndex = 0, BufferSize = 0x00010000)
T28B4 046:735.832   - 0.019ms returns 0
T28B4 046:786.252   JLINK_RTTERMINAL_Read(BufferIndex = 0, BufferSize = 0x00010000)
T28B4 046:786.280   - 0.029ms returns 0
T7AD0 046:807.164 JLINK_IsHalted()
T7AD0 046:807.688 - 0.519ms returns FALSE
T7AD0 046:808.984 JLINK_IsHalted()
T7AD0 046:809.928 - 0.942ms returns FALSE
T1758 046:836.236 JLINK_IsHalted()
T1758 046:837.484 - 1.246ms returns FALSE
T28B4 046:837.512   JLINK_RTTERMINAL_Read(BufferIndex = 0, BufferSize = 0x00010000)
T28B4 046:837.528   - 0.017ms returns 0
T1758 046:837.620 JLINK_IsHalted()
T1758 046:838.528 - 0.906ms returns FALSE
T28B4 046:888.284   JLINK_RTTERMINAL_Read(BufferIndex = 0, BufferSize = 0x00010000)
T28B4 046:888.320   - 0.037ms returns 0
T7AD0 046:919.124 JLINK_IsHalted()
T7AD0 046:920.128 - 1.003ms returns FALSE
T7AD0 046:921.416 JLINK_IsHalted()
T7AD0 046:922.352 - 0.940ms returns FALSE
T28B4 046:939.144   JLINK_RTTERMINAL_Read(BufferIndex = 0, BufferSize = 0x00010000)
T28B4 046:939.168   - 0.026ms returns 0
T28B4 046:989.896   JLINK_RTTERMINAL_Read(BufferIndex = 0, BufferSize = 0x00010000)
T28B4 046:989.928   - 0.030ms returns 0
T7AD0 047:025.784 JLINK_IsHalted()
T7AD0 047:026.956 - 1.172ms returns FALSE
T7AD0 047:028.204 JLINK_IsHalted()
T7AD0 047:029.176 - 0.972ms returns FALSE
T28B4 047:040.404   JLINK_RTTERMINAL_Read(BufferIndex = 0, BufferSize = 0x00010000)
T28B4 047:040.428   - 0.024ms returns 0
T28B4 047:090.992   JLINK_RTTERMINAL_Read(BufferIndex = 0, BufferSize = 0x00010000)
T28B4 047:091.028   - 0.034ms returns 0
T7AD0 047:136.000 JLINK_IsHalted()
T7AD0 047:137.004 - 1.004ms returns FALSE
T7AD0 047:137.016 JLINK_IsHalted()
T7AD0 047:138.216 - 1.195ms returns FALSE
T28B4 047:142.288   JLINK_RTTERMINAL_Read(BufferIndex = 0, BufferSize = 0x00010000)
T28B4 047:142.300   - 0.012ms returns 0
T28B4 047:193.160   JLINK_RTTERMINAL_Read(BufferIndex = 0, BufferSize = 0x00010000)
T28B4 047:193.192   - 0.031ms returns 0
T28B4 047:244.184   JLINK_RTTERMINAL_Read(BufferIndex = 0, BufferSize = 0x00010000)
T28B4 047:244.216   - 0.030ms returns 0
T7AD0 047:245.048 JLINK_IsHalted()
T7AD0 047:245.868 - 0.821ms returns FALSE
T7AD0 047:247.128 JLINK_IsHalted()
T7AD0 047:248.120 - 0.989ms returns FALSE
T28B4 047:294.612   JLINK_RTTERMINAL_Read(BufferIndex = 0, BufferSize = 0x00010000)
T28B4 047:294.640   - 0.028ms returns 0
T28B4 047:344.960   JLINK_RTTERMINAL_Read(BufferIndex = 0, BufferSize = 0x00010000)
T28B4 047:344.984   - 0.025ms returns 0
T7AD0 047:353.940 JLINK_IsHalted()
T7AD0 047:355.036 - 1.096ms returns FALSE
T7AD0 047:356.328 JLINK_IsHalted()
T7AD0 047:357.272 - 0.943ms returns FALSE
T28B4 047:395.512   JLINK_RTTERMINAL_Read(BufferIndex = 0, BufferSize = 0x00010000)
T28B4 047:395.544   - 0.030ms returns 0
T28B4 047:445.768   JLINK_RTTERMINAL_Read(BufferIndex = 0, BufferSize = 0x00010000)
T28B4 047:445.800   - 0.030ms returns 0
T7AD0 047:463.464 JLINK_IsHalted()
T7AD0 047:464.096 - 0.633ms returns FALSE
T7AD0 047:465.352 JLINK_IsHalted()
T7AD0 047:466.340 - 0.991ms returns FALSE
T28B4 047:496.380   JLINK_RTTERMINAL_Read(BufferIndex = 0, BufferSize = 0x00010000)
T28B4 047:496.408   - 0.026ms returns 0
T28B4 047:546.936   JLINK_RTTERMINAL_Read(BufferIndex = 0, BufferSize = 0x00010000)
T28B4 047:546.968   - 0.032ms returns 0
T7AD0 047:573.128 JLINK_IsHalted()
T7AD0 047:573.568 - 0.440ms returns FALSE
T7AD0 047:574.780 JLINK_IsHalted()
T7AD0 047:575.808 - 1.029ms returns FALSE
T28B4 047:597.784   JLINK_RTTERMINAL_Read(BufferIndex = 0, BufferSize = 0x00010000)
T28B4 047:597.808   - 0.026ms returns 0
T28B4 047:648.084   JLINK_RTTERMINAL_Read(BufferIndex = 0, BufferSize = 0x00010000)
T28B4 047:648.112   - 0.030ms returns 0
T7AD0 047:682.424 JLINK_IsHalted()
T7AD0 047:683.436 - 1.008ms returns FALSE
T7AD0 047:684.664 JLINK_IsHalted()
T7AD0 047:685.680 - 1.015ms returns FALSE
T28B4 047:698.680   JLINK_RTTERMINAL_Read(BufferIndex = 0, BufferSize = 0x00010000)
T28B4 047:698.700   - 0.022ms returns 0
T28B4 047:749.736   JLINK_RTTERMINAL_Read(BufferIndex = 0, BufferSize = 0x00010000)
T28B4 047:749.764   - 0.030ms returns 94
T28B4 047:749.972   JLINK_RTTERMINAL_Read(BufferIndex = 0, BufferSize = 0x00010000)
T28B4 047:749.992   - 0.021ms returns 0
T7AD0 047:795.816 JLINK_IsHalted()
T7AD0 047:796.872 - 1.056ms returns FALSE
T7AD0 047:796.888 JLINK_IsHalted()
T7AD0 047:797.960 - 1.069ms returns FALSE
T28B4 047:800.172   JLINK_RTTERMINAL_Read(BufferIndex = 0, BufferSize = 0x00010000)
T28B4 047:800.184   - 0.015ms returns 0
T1758 047:838.600 JLINK_IsHalted()
T1758 047:839.192 - 0.594ms returns FALSE
T1758 047:839.208 JLINK_IsHalted()
T1758 047:840.280 - 1.069ms returns FALSE
T28B4 047:850.916   JLINK_RTTERMINAL_Read(BufferIndex = 0, BufferSize = 0x00010000)
T28B4 047:850.928   - 0.015ms returns 0
T7AD0 047:900.928 JLINK_IsHalted()
T7AD0 047:902.080 - 1.150ms returns FALSE
T28B4 047:902.096   JLINK_RTTERMINAL_Read(BufferIndex = 0, BufferSize = 0x00010000)
T28B4 047:902.108   - 0.016ms returns 0
T7AD0 047:903.336 JLINK_IsHalted()
T7AD0 047:904.320 - 0.987ms returns FALSE
T28B4 047:953.100   JLINK_RTTERMINAL_Read(BufferIndex = 0, BufferSize = 0x00010000)
T28B4 047:953.132   - 0.032ms returns 0
T28B4 048:003.916   JLINK_RTTERMINAL_Read(BufferIndex = 0, BufferSize = 0x00010000)
T28B4 048:003.944   - 0.030ms returns 0
T7AD0 048:010.952 JLINK_IsHalted()
T7AD0 048:012.024 - 1.070ms returns FALSE
T7AD0 048:013.236 JLINK_IsHalted()
T7AD0 048:014.288 - 1.054ms returns FALSE
T28B4 048:055.004   JLINK_RTTERMINAL_Read(BufferIndex = 0, BufferSize = 0x00010000)
T28B4 048:055.032   - 0.029ms returns 0
T28B4 048:105.736   JLINK_RTTERMINAL_Read(BufferIndex = 0, BufferSize = 0x00010000)
T28B4 048:105.764   - 0.029ms returns 0
T7AD0 048:119.848 JLINK_IsHalted()
T7AD0 048:121.000 - 1.152ms returns FALSE
T7AD0 048:122.204 JLINK_IsHalted()
T7AD0 048:123.304 - 1.095ms returns FALSE
T28B4 048:156.948   JLINK_RTTERMINAL_Read(BufferIndex = 0, BufferSize = 0x00010000)
T28B4 048:156.976   - 0.029ms returns 0
T28B4 048:208.028   JLINK_RTTERMINAL_Read(BufferIndex = 0, BufferSize = 0x00010000)
T28B4 048:208.056   - 0.029ms returns 0
T7AD0 048:228.952 JLINK_IsHalted()
T7AD0 048:230.056 - 1.106ms returns FALSE
T7AD0 048:231.292 JLINK_IsHalted()
T7AD0 048:232.276 - 0.982ms returns FALSE
T28B4 048:259.024   JLINK_RTTERMINAL_Read(BufferIndex = 0, BufferSize = 0x00010000)
T28B4 048:259.048   - 0.025ms returns 0
T28B4 048:310.104   JLINK_RTTERMINAL_Read(BufferIndex = 0, BufferSize = 0x00010000)
T28B4 048:310.136   - 0.028ms returns 0
T7AD0 048:339.084 JLINK_IsHalted()
T7AD0 048:339.928 - 0.844ms returns FALSE
T7AD0 048:341.164 JLINK_IsHalted()
T7AD0 048:342.140 - 0.973ms returns FALSE
T28B4 048:361.176   JLINK_RTTERMINAL_Read(BufferIndex = 0, BufferSize = 0x00010000)
T28B4 048:361.204   - 0.027ms returns 0
T28B4 048:412.120   JLINK_RTTERMINAL_Read(BufferIndex = 0, BufferSize = 0x00010000)
T28B4 048:412.164   - 0.042ms returns 0
T7AD0 048:451.216 JLINK_IsHalted()
T7AD0 048:452.264 - 1.045ms returns FALSE
T7AD0 048:452.268 JLINK_IsHalted()
T7AD0 048:453.380 - 1.108ms returns FALSE
T28B4 048:462.432   JLINK_RTTERMINAL_Read(BufferIndex = 0, BufferSize = 0x00010000)
T28B4 048:462.456   - 0.021ms returns 0
T28B4 048:512.968   JLINK_RTTERMINAL_Read(BufferIndex = 0, BufferSize = 0x00010000)
T28B4 048:512.996   - 0.026ms returns 0
T7AD0 048:557.452 JLINK_IsHalted()
T7AD0 048:558.384 - 0.930ms returns FALSE
T7AD0 048:559.624 JLINK_IsHalted()
T7AD0 048:560.708 - 1.081ms returns FALSE
T28B4 048:563.488   JLINK_RTTERMINAL_Read(BufferIndex = 0, BufferSize = 0x00010000)
T28B4 048:563.508   - 0.019ms returns 0
T28B4 048:614.608   JLINK_RTTERMINAL_Read(BufferIndex = 0, BufferSize = 0x00010000)
T28B4 048:614.648   - 0.040ms returns 0
T28B4 048:665.096   JLINK_RTTERMINAL_Read(BufferIndex = 0, BufferSize = 0x00010000)
T28B4 048:665.128   - 0.033ms returns 0
T7AD0 048:668.820 JLINK_IsHalted()
T7AD0 048:669.816 - 0.994ms returns FALSE
T7AD0 048:671.016 JLINK_IsHalted()
T7AD0 048:672.048 - 1.029ms returns FALSE
T28B4 048:716.088   JLINK_RTTERMINAL_Read(BufferIndex = 0, BufferSize = 0x00010000)
T28B4 048:716.116   - 0.027ms returns 94
T28B4 048:716.296   JLINK_RTTERMINAL_Read(BufferIndex = 0, BufferSize = 0x00010000)
T28B4 048:716.312   - 0.017ms returns 0
T28B4 048:766.612   JLINK_RTTERMINAL_Read(BufferIndex = 0, BufferSize = 0x00010000)
T28B4 048:766.636   - 0.026ms returns 0
T7AD0 048:776.524 JLINK_IsHalted()
T7AD0 048:777.776 - 1.250ms returns FALSE
T7AD0 048:779.032 JLINK_IsHalted()
T7AD0 048:780.108 - 1.077ms returns FALSE
T28B4 048:817.864   JLINK_RTTERMINAL_Read(BufferIndex = 0, BufferSize = 0x00010000)
T28B4 048:817.892   - 0.028ms returns 0
T1758 048:841.428 JLINK_IsHalted()
T1758 048:842.360 - 0.931ms returns FALSE
T1758 048:842.380 JLINK_IsHalted()
T1758 048:843.472 - 1.093ms returns FALSE
T28B4 048:868.120   JLINK_RTTERMINAL_Read(BufferIndex = 0, BufferSize = 0x00010000)
T28B4 048:868.148   - 0.027ms returns 0
T7AD0 048:887.592 JLINK_IsHalted()
T7AD0 048:888.592 - 1.000ms returns FALSE
T7AD0 048:889.800 JLINK_IsHalted()
T7AD0 048:890.844 - 1.045ms returns FALSE
T28B4 048:918.672   JLINK_RTTERMINAL_Read(BufferIndex = 0, BufferSize = 0x00010000)
T28B4 048:918.696   - 0.024ms returns 0
T28B4 048:969.776   JLINK_RTTERMINAL_Read(BufferIndex = 0, BufferSize = 0x00010000)
T28B4 048:969.800   - 0.023ms returns 0
T7AD0 048:994.684 JLINK_IsHalted()
T7AD0 048:995.432 - 0.750ms returns FALSE
T7AD0 048:996.692 JLINK_IsHalted()
T7AD0 048:997.684 - 0.992ms returns FALSE
T28B4 049:020.768   JLINK_RTTERMINAL_Read(BufferIndex = 0, BufferSize = 0x00010000)
T28B4 049:020.792   - 0.023ms returns 0
T28B4 049:071.320   JLINK_RTTERMINAL_Read(BufferIndex = 0, BufferSize = 0x00010000)
T28B4 049:071.352   - 0.033ms returns 0
T7AD0 049:107.580 JLINK_IsHalted()
T7AD0 049:108.548 - 0.967ms returns FALSE
T7AD0 049:108.568 JLINK_IsHalted()
T7AD0 049:109.684 - 1.115ms returns FALSE
T28B4 049:122.432   JLINK_RTTERMINAL_Read(BufferIndex = 0, BufferSize = 0x00010000)
T28B4 049:122.460   - 0.029ms returns 0
T28B4 049:172.832   JLINK_RTTERMINAL_Read(BufferIndex = 0, BufferSize = 0x00010000)
T28B4 049:172.868   - 0.033ms returns 0
T7AD0 049:213.716 JLINK_IsHalted()
T7AD0 049:214.280 - 0.563ms returns FALSE
T7AD0 049:215.540 JLINK_IsHalted()
T7AD0 049:216.520 - 0.979ms returns FALSE
T28B4 049:224.256   JLINK_RTTERMINAL_Read(BufferIndex = 0, BufferSize = 0x00010000)
T28B4 049:224.268   - 0.012ms returns 0
T28B4 049:275.336   JLINK_RTTERMINAL_Read(BufferIndex = 0, BufferSize = 0x00010000)
T28B4 049:275.376   - 0.039ms returns 0
T7AD0 049:323.216 JLINK_IsHalted()
T7AD0 049:324.172 - 0.955ms returns FALSE
T7AD0 049:325.412 JLINK_IsHalted()
T7AD0 049:326.392 - 0.977ms returns FALSE
T28B4 049:327.628   JLINK_RTTERMINAL_Read(BufferIndex = 0, BufferSize = 0x00010000)
T28B4 049:327.644   - 0.016ms returns 0
T28B4 049:377.864   JLINK_RTTERMINAL_Read(BufferIndex = 0, BufferSize = 0x00010000)
T28B4 049:377.888   - 0.024ms returns 0
T28B4 049:429.188   JLINK_RTTERMINAL_Read(BufferIndex = 0, BufferSize = 0x00010000)
T28B4 049:429.220   - 0.030ms returns 0
T7AD0 049:432.356 JLINK_IsHalted()
T7AD0 049:433.388 - 1.031ms returns FALSE
T7AD0 049:434.652 JLINK_IsHalted()
T7AD0 049:435.688 - 1.037ms returns FALSE
T28B4 049:479.796   JLINK_RTTERMINAL_Read(BufferIndex = 0, BufferSize = 0x00010000)
T28B4 049:479.828   - 0.033ms returns 0
T28B4 049:530.196   JLINK_RTTERMINAL_Read(BufferIndex = 0, BufferSize = 0x00010000)
T28B4 049:530.232   - 0.035ms returns 0
T7AD0 049:542.012 JLINK_IsHalted()
T7AD0 049:542.792 - 0.777ms returns FALSE
T7AD0 049:543.992 JLINK_IsHalted()
T7AD0 049:544.980 - 0.990ms returns FALSE
T28B4 049:581.696   JLINK_RTTERMINAL_Read(BufferIndex = 0, BufferSize = 0x00010000)
T28B4 049:581.728   - 0.030ms returns 0
T28B4 049:632.172   JLINK_RTTERMINAL_Read(BufferIndex = 0, BufferSize = 0x00010000)
T28B4 049:632.204   - 0.033ms returns 0
T7AD0 049:651.096 JLINK_IsHalted()
T7AD0 049:652.036 - 0.939ms returns FALSE
T7AD0 049:653.288 JLINK_IsHalted()
T7AD0 049:654.256 - 0.965ms returns FALSE
T28B4 049:683.200   JLINK_RTTERMINAL_Read(BufferIndex = 0, BufferSize = 0x00010000)
T28B4 049:683.236   - 0.033ms returns 0
T28B4 049:734.280   JLINK_RTTERMINAL_Read(BufferIndex = 0, BufferSize = 0x00010000)
T28B4 049:734.308   - 0.030ms returns 94
T28B4 049:734.508   JLINK_RTTERMINAL_Read(BufferIndex = 0, BufferSize = 0x00010000)
T28B4 049:734.524   - 0.015ms returns 0
T7AD0 049:760.172 JLINK_IsHalted()
T7AD0 049:761.188 - 1.013ms returns FALSE
T7AD0 049:762.452 JLINK_IsHalted()
T7AD0 049:763.424 - 0.974ms returns FALSE
T28B4 049:785.256   JLINK_RTTERMINAL_Read(BufferIndex = 0, BufferSize = 0x00010000)
T28B4 049:785.276   - 0.020ms returns 0
T28B4 049:836.440   JLINK_RTTERMINAL_Read(BufferIndex = 0, BufferSize = 0x00010000)
T28B4 049:836.480   - 0.038ms returns 0
T1758 049:843.532 JLINK_IsHalted()
T1758 049:844.304 - 0.769ms returns FALSE
T1758 049:844.320 JLINK_IsHalted()
T1758 049:845.512 - 1.193ms returns FALSE
T7AD0 049:870.312 JLINK_IsHalted()
T7AD0 049:870.796 - 0.489ms returns FALSE
T7AD0 049:872.136 JLINK_IsHalted()
T7AD0 049:873.012 - 0.875ms returns FALSE
T28B4 049:887.472   JLINK_RTTERMINAL_Read(BufferIndex = 0, BufferSize = 0x00010000)
T28B4 049:887.496   - 0.022ms returns 0
T28B4 049:938.372   JLINK_RTTERMINAL_Read(BufferIndex = 0, BufferSize = 0x00010000)
T28B4 049:938.396   - 0.028ms returns 0
T7AD0 049:979.240 JLINK_IsHalted()
T7AD0 049:979.872 - 0.632ms returns FALSE
T7AD0 049:981.272 JLINK_IsHalted()
T7AD0 049:982.180 - 0.907ms returns FALSE
T28B4 049:989.788   JLINK_RTTERMINAL_Read(BufferIndex = 0, BufferSize = 0x00010000)
T28B4 049:989.808   - 0.019ms returns 0
T28B4 050:040.360   JLINK_RTTERMINAL_Read(BufferIndex = 0, BufferSize = 0x00010000)
T28B4 050:040.392   - 0.031ms returns 0
T7AD0 050:088.256 JLINK_IsHalted()
T7AD0 050:088.808 - 0.552ms returns FALSE
T7AD0 050:090.024 JLINK_IsHalted()
T7AD0 050:091.080 - 1.058ms returns FALSE
T28B4 050:091.104   JLINK_RTTERMINAL_Read(BufferIndex = 0, BufferSize = 0x00010000)
T28B4 050:091.124   - 0.017ms returns 0
T28B4 050:142.208   JLINK_RTTERMINAL_Read(BufferIndex = 0, BufferSize = 0x00010000)
T28B4 050:142.236   - 0.030ms returns 0
T28B4 050:193.312   JLINK_RTTERMINAL_Read(BufferIndex = 0, BufferSize = 0x00010000)
T28B4 050:193.352   - 0.039ms returns 0
T7AD0 050:198.144 JLINK_IsHalted()
T7AD0 050:198.832 - 0.690ms returns FALSE
T7AD0 050:200.040 JLINK_IsHalted()
T7AD0 050:201.072 - 1.028ms returns FALSE
T28B4 050:243.924   JLINK_RTTERMINAL_Read(BufferIndex = 0, BufferSize = 0x00010000)
T28B4 050:243.952   - 0.028ms returns 0
T28B4 050:294.908   JLINK_RTTERMINAL_Read(BufferIndex = 0, BufferSize = 0x00010000)
T28B4 050:294.940   - 0.033ms returns 0
T7AD0 050:307.816 JLINK_IsHalted()
T7AD0 050:308.820 - 1.003ms returns FALSE
T7AD0 050:310.056 JLINK_IsHalted()
T7AD0 050:311.064 - 1.002ms returns FALSE
T28B4 050:345.608   JLINK_RTTERMINAL_Read(BufferIndex = 0, BufferSize = 0x00010000)
T28B4 050:345.636   - 0.030ms returns 0
T28B4 050:397.088   JLINK_RTTERMINAL_Read(BufferIndex = 0, BufferSize = 0x00010000)
T28B4 050:397.116   - 0.029ms returns 0
T7AD0 050:417.148 JLINK_IsHalted()
T7AD0 050:417.784 - 0.632ms returns FALSE
T7AD0 050:418.940 JLINK_IsHalted()
T7AD0 050:419.936 - 0.994ms returns FALSE
T28B4 050:447.948   JLINK_RTTERMINAL_Read(BufferIndex = 0, BufferSize = 0x00010000)
T28B4 050:447.980   - 0.031ms returns 0
T28B4 050:499.320   JLINK_RTTERMINAL_Read(BufferIndex = 0, BufferSize = 0x00010000)
T28B4 050:499.348   - 0.030ms returns 0
T7AD0 050:525.772 JLINK_IsHalted()
T7AD0 050:526.432 - 0.658ms returns FALSE
T7AD0 050:527.696 JLINK_IsHalted()
T7AD0 050:528.696 - 1.001ms returns FALSE
T28B4 050:549.716   JLINK_RTTERMINAL_Read(BufferIndex = 0, BufferSize = 0x00010000)
T28B4 050:549.744   - 0.030ms returns 0
T28B4 050:601.044   JLINK_RTTERMINAL_Read(BufferIndex = 0, BufferSize = 0x00010000)
T28B4 050:601.076   - 0.032ms returns 0
T7AD0 050:637.452 JLINK_IsHalted()
T7AD0 050:638.408 - 0.958ms returns FALSE
T7AD0 050:639.656 JLINK_IsHalted()
T7AD0 050:640.688 - 1.031ms returns FALSE
T28B4 050:651.896   JLINK_RTTERMINAL_Read(BufferIndex = 0, BufferSize = 0x00010000)
T28B4 050:651.920   - 0.026ms returns 0
T28B4 050:703.132   JLINK_RTTERMINAL_Read(BufferIndex = 0, BufferSize = 0x00010000)
T28B4 050:703.160   - 0.031ms returns 0
T7AD0 050:745.428 JLINK_IsHalted()
T7AD0 050:746.544 - 1.117ms returns FALSE
T7AD0 050:747.808 JLINK_IsHalted()
T7AD0 050:748.804 - 0.996ms returns FALSE
T28B4 050:753.684   JLINK_RTTERMINAL_Read(BufferIndex = 0, BufferSize = 0x00010000)
T28B4 050:753.704   - 0.018ms returns 94
T28B4 050:753.864   JLINK_RTTERMINAL_Read(BufferIndex = 0, BufferSize = 0x00010000)
T28B4 050:753.872   - 0.009ms returns 0
T28B4 050:804.124   JLINK_RTTERMINAL_Read(BufferIndex = 0, BufferSize = 0x00010000)
T28B4 050:804.156   - 0.033ms returns 0
T1758 050:846.308 JLINK_IsHalted()
T1758 050:847.368 - 1.059ms returns FALSE
T1758 050:847.384 JLINK_IsHalted()
T1758 050:848.532 - 1.145ms returns FALSE
T7AD0 050:854.072 JLINK_IsHalted()
T7AD0 050:855.224 - 1.149ms returns FALSE
T28B4 050:855.236   JLINK_RTTERMINAL_Read(BufferIndex = 0, BufferSize = 0x00010000)
T28B4 050:855.244   - 0.011ms returns 0
T7AD0 050:856.484 JLINK_IsHalted()
T7AD0 050:857.464 - 0.980ms returns FALSE
T28B4 050:905.652   JLINK_RTTERMINAL_Read(BufferIndex = 0, BufferSize = 0x00010000)
T28B4 050:905.676   - 0.026ms returns 0
T28B4 050:956.692   JLINK_RTTERMINAL_Read(BufferIndex = 0, BufferSize = 0x00010000)
T28B4 050:956.720   - 0.030ms returns 0
T7AD0 050:963.544 JLINK_IsHalted()
T7AD0 050:964.164 - 0.614ms returns FALSE
T7AD0 050:965.404 JLINK_IsHalted()
T7AD0 050:966.400 - 0.994ms returns FALSE
T28B4 051:007.712   JLINK_RTTERMINAL_Read(BufferIndex = 0, BufferSize = 0x00010000)
T28B4 051:007.740   - 0.030ms returns 0
T28B4 051:058.212   JLINK_RTTERMINAL_Read(BufferIndex = 0, BufferSize = 0x00010000)
T28B4 051:058.232   - 0.023ms returns 0
T7AD0 051:073.160 JLINK_IsHalted()
T7AD0 051:074.116 - 0.955ms returns FALSE
T7AD0 051:075.400 JLINK_IsHalted()
T7AD0 051:076.348 - 0.948ms returns FALSE
T28B4 051:109.240   JLINK_RTTERMINAL_Read(BufferIndex = 0, BufferSize = 0x00010000)
T28B4 051:109.268   - 0.029ms returns 0
T28B4 051:160.056   JLINK_RTTERMINAL_Read(BufferIndex = 0, BufferSize = 0x00010000)
T28B4 051:160.088   - 0.031ms returns 0
T7AD0 051:182.924 JLINK_IsHalted()
T7AD0 051:184.024 - 1.102ms returns FALSE
T7AD0 051:185.320 JLINK_IsHalted()
T7AD0 051:186.276 - 0.952ms returns FALSE
T28B4 051:211.096   JLINK_RTTERMINAL_Read(BufferIndex = 0, BufferSize = 0x00010000)
T28B4 051:211.128   - 0.032ms returns 0
T28B4 051:262.180   JLINK_RTTERMINAL_Read(BufferIndex = 0, BufferSize = 0x00010000)
T28B4 051:262.212   - 0.033ms returns 0
T7AD0 051:291.720 JLINK_IsHalted()
T7AD0 051:292.136 - 0.415ms returns FALSE
T7AD0 051:293.340 JLINK_IsHalted()
T7AD0 051:294.376 - 1.033ms returns FALSE
T28B4 051:312.848   JLINK_RTTERMINAL_Read(BufferIndex = 0, BufferSize = 0x00010000)
T28B4 051:312.880   - 0.032ms returns 0
T28B4 051:363.892   JLINK_RTTERMINAL_Read(BufferIndex = 0, BufferSize = 0x00010000)
T28B4 051:363.920   - 0.030ms returns 0
T7AD0 051:402.296 JLINK_IsHalted()
T7AD0 051:403.216 - 0.917ms returns FALSE
T7AD0 051:404.480 JLINK_IsHalted()
T7AD0 051:405.464 - 0.982ms returns FALSE
T28B4 051:415.032   JLINK_RTTERMINAL_Read(BufferIndex = 0, BufferSize = 0x00010000)
T28B4 051:415.048   - 0.018ms returns 0
T28B4 051:465.724   JLINK_RTTERMINAL_Read(BufferIndex = 0, BufferSize = 0x00010000)
T28B4 051:465.752   - 0.030ms returns 0
T7AD0 051:511.608 JLINK_IsHalted()
T7AD0 051:512.704 - 1.098ms returns FALSE
T7AD0 051:513.972 JLINK_IsHalted()
T7AD0 051:514.932 - 0.959ms returns FALSE
T28B4 051:517.076   JLINK_RTTERMINAL_Read(BufferIndex = 0, BufferSize = 0x00010000)
T28B4 051:517.088   - 0.012ms returns 0
T28B4 051:567.748   JLINK_RTTERMINAL_Read(BufferIndex = 0, BufferSize = 0x00010000)
T28B4 051:567.780   - 0.035ms returns 0
T28B4 051:618.900   JLINK_RTTERMINAL_Read(BufferIndex = 0, BufferSize = 0x00010000)
T28B4 051:618.928   - 0.029ms returns 0
T7AD0 051:619.648 JLINK_IsHalted()
T7AD0 051:620.696 - 1.049ms returns FALSE
T7AD0 051:622.012 JLINK_IsHalted()
T7AD0 051:622.952 - 0.940ms returns FALSE
T28B4 051:669.800   JLINK_RTTERMINAL_Read(BufferIndex = 0, BufferSize = 0x00010000)
T28B4 051:669.832   - 0.033ms returns 0
T28B4 051:720.968   JLINK_RTTERMINAL_Read(BufferIndex = 0, BufferSize = 0x00010000)
T28B4 051:721.000   - 0.032ms returns 94
T28B4 051:721.236   JLINK_RTTERMINAL_Read(BufferIndex = 0, BufferSize = 0x00010000)
T28B4 051:721.252   - 0.019ms returns 0
T7AD0 051:728.868 JLINK_IsHalted()
T7AD0 051:730.032 - 1.162ms returns FALSE
T7AD0 051:731.332 JLINK_IsHalted()
T7AD0 051:732.244 - 0.910ms returns FALSE
T28B4 051:772.184   JLINK_RTTERMINAL_Read(BufferIndex = 0, BufferSize = 0x00010000)
T28B4 051:772.212   - 0.029ms returns 0
T28B4 051:822.648   JLINK_RTTERMINAL_Read(BufferIndex = 0, BufferSize = 0x00010000)
T28B4 051:822.676   - 0.029ms returns 0
T7AD0 051:839.028 JLINK_IsHalted()
T7AD0 051:840.056 - 1.030ms returns FALSE
T7AD0 051:841.516 JLINK_IsHalted()
T7AD0 051:842.188 - 0.669ms returns FALSE
T1758 051:848.288 JLINK_IsHalted()
T1758 051:849.392 - 1.102ms returns FALSE
T1758 051:849.408 JLINK_IsHalted()
T1758 051:850.552 - 1.140ms returns FALSE
T28B4 051:873.160   JLINK_RTTERMINAL_Read(BufferIndex = 0, BufferSize = 0x00010000)
T28B4 051:873.184   - 0.023ms returns 0
T28B4 051:924.232   JLINK_RTTERMINAL_Read(BufferIndex = 0, BufferSize = 0x00010000)
T28B4 051:924.256   - 0.026ms returns 0
T7AD0 051:949.876 JLINK_IsHalted()
T7AD0 051:950.852 - 0.977ms returns FALSE
T7AD0 051:952.100 JLINK_IsHalted()
T7AD0 051:953.092 - 0.991ms returns FALSE
T28B4 051:975.344   JLINK_RTTERMINAL_Read(BufferIndex = 0, BufferSize = 0x00010000)
T28B4 051:975.368   - 0.025ms returns 0
T28B4 052:026.344   JLINK_RTTERMINAL_Read(BufferIndex = 0, BufferSize = 0x00010000)
T28B4 052:026.376   - 0.029ms returns 0
T7AD0 052:057.272 JLINK_IsHalted()
T7AD0 052:057.756 - 0.485ms returns FALSE
T7AD0 052:059.000 JLINK_IsHalted()
T7AD0 052:060.024 - 1.024ms returns FALSE
T28B4 052:077.392   JLINK_RTTERMINAL_Read(BufferIndex = 0, BufferSize = 0x00010000)
T28B4 052:077.420   - 0.027ms returns 0
T28B4 052:128.544   JLINK_RTTERMINAL_Read(BufferIndex = 0, BufferSize = 0x00010000)
T28B4 052:128.576   - 0.031ms returns 0
T7AD0 052:166.980 JLINK_IsHalted()
T7AD0 052:167.680 - 0.703ms returns FALSE
T7AD0 052:168.980 JLINK_IsHalted()
T7AD0 052:169.920 - 0.939ms returns FALSE
T28B4 052:179.100   JLINK_RTTERMINAL_Read(BufferIndex = 0, BufferSize = 0x00010000)
T28B4 052:179.120   - 0.019ms returns 0
T28B4 052:230.692   JLINK_RTTERMINAL_Read(BufferIndex = 0, BufferSize = 0x00010000)
T28B4 052:230.724   - 0.030ms returns 0
T7AD0 052:276.592 JLINK_IsHalted()
T7AD0 052:277.688 - 1.096ms returns FALSE
T7AD0 052:278.952 JLINK_IsHalted()
T7AD0 052:279.920 - 0.966ms returns FALSE
T28B4 052:281.640   JLINK_RTTERMINAL_Read(BufferIndex = 0, BufferSize = 0x00010000)
T28B4 052:281.656   - 0.018ms returns 0
T28B4 052:332.096   JLINK_RTTERMINAL_Read(BufferIndex = 0, BufferSize = 0x00010000)
T28B4 052:332.132   - 0.035ms returns 0
T28B4 052:383.072   JLINK_RTTERMINAL_Read(BufferIndex = 0, BufferSize = 0x00010000)
T28B4 052:383.096   - 0.029ms returns 0
T7AD0 052:385.944 JLINK_IsHalted()
T7AD0 052:386.756 - 0.811ms returns FALSE
T7AD0 052:388.020 JLINK_IsHalted()
T7AD0 052:388.988 - 0.967ms returns FALSE
T28B4 052:433.836   JLINK_RTTERMINAL_Read(BufferIndex = 0, BufferSize = 0x00010000)
T28B4 052:433.876   - 0.036ms returns 0
T28B4 052:485.224   JLINK_RTTERMINAL_Read(BufferIndex = 0, BufferSize = 0x00010000)
T28B4 052:485.268   - 0.045ms returns 0
T7AD0 052:494.696 JLINK_IsHalted()
T7AD0 052:495.576 - 0.879ms returns FALSE
T7AD0 052:496.808 JLINK_IsHalted()
T7AD0 052:497.816 - 1.012ms returns FALSE
T28B4 052:535.832   JLINK_RTTERMINAL_Read(BufferIndex = 0, BufferSize = 0x00010000)
T28B4 052:535.864   - 0.030ms returns 0
T28B4 052:586.920   JLINK_RTTERMINAL_Read(BufferIndex = 0, BufferSize = 0x00010000)
T28B4 052:586.944   - 0.025ms returns 0
T7AD0 052:604.800 JLINK_IsHalted()
T7AD0 052:605.240 - 0.438ms returns FALSE
T7AD0 052:606.472 JLINK_IsHalted()
T7AD0 052:607.452 - 0.978ms returns FALSE
T28B4 052:638.052   JLINK_RTTERMINAL_Read(BufferIndex = 0, BufferSize = 0x00010000)
T28B4 052:638.080   - 0.031ms returns 0
T28B4 052:689.032   JLINK_RTTERMINAL_Read(BufferIndex = 0, BufferSize = 0x00010000)
T28B4 052:689.056   - 0.027ms returns 0
T7AD0 052:713.924 JLINK_IsHalted()
T7AD0 052:714.280 - 0.354ms returns FALSE
T7AD0 052:715.492 JLINK_IsHalted()
T7AD0 052:716.496 - 1.006ms returns FALSE
T28B4 052:739.376   JLINK_RTTERMINAL_Read(BufferIndex = 0, BufferSize = 0x00010000)
T28B4 052:739.408   - 0.033ms returns 94
T28B4 052:740.416   JLINK_RTTERMINAL_Read(BufferIndex = 0, BufferSize = 0x00010000)
T28B4 052:740.428   - 0.012ms returns 0
T28B4 052:791.360   JLINK_RTTERMINAL_Read(BufferIndex = 0, BufferSize = 0x00010000)
T28B4 052:791.380   - 0.021ms returns 0
T7AD0 052:823.592 JLINK_IsHalted()
T7AD0 052:824.648 - 1.058ms returns FALSE
T7AD0 052:825.924 JLINK_IsHalted()
T7AD0 052:826.852 - 0.926ms returns FALSE
T28B4 052:842.136   JLINK_RTTERMINAL_Read(BufferIndex = 0, BufferSize = 0x00010000)
T28B4 052:842.160   - 0.026ms returns 0
T1758 052:850.636 JLINK_IsHalted()
T1758 052:851.480 - 0.841ms returns FALSE
T1758 052:851.496 JLINK_IsHalted()
T1758 052:852.604 - 1.105ms returns FALSE
T28B4 052:893.180   JLINK_RTTERMINAL_Read(BufferIndex = 0, BufferSize = 0x00010000)
T28B4 052:893.204   - 0.021ms returns 0
T7AD0 052:932.952 JLINK_IsHalted()
T7AD0 052:934.092 - 1.139ms returns FALSE
T7AD0 052:935.424 JLINK_IsHalted()
T7AD0 052:936.332 - 0.907ms returns FALSE
T28B4 052:944.220   JLINK_RTTERMINAL_Read(BufferIndex = 0, BufferSize = 0x00010000)
T28B4 052:944.240   - 0.021ms returns 0
T28B4 052:995.352   JLINK_RTTERMINAL_Read(BufferIndex = 0, BufferSize = 0x00010000)
T28B4 052:995.376   - 0.026ms returns 0
T7AD0 053:042.284 JLINK_IsHalted()
T7AD0 053:043.108 - 0.820ms returns FALSE
T7AD0 053:044.436 JLINK_IsHalted()
T7AD0 053:045.476 - 1.039ms returns FALSE
T28B4 053:046.632   JLINK_RTTERMINAL_Read(BufferIndex = 0, BufferSize = 0x00010000)
T28B4 053:046.652   - 0.019ms returns 0
T28B4 053:097.032   JLINK_RTTERMINAL_Read(BufferIndex = 0, BufferSize = 0x00010000)
T28B4 053:097.056   - 0.023ms returns 0
T28B4 053:147.488   JLINK_RTTERMINAL_Read(BufferIndex = 0, BufferSize = 0x00010000)
T28B4 053:147.512   - 0.024ms returns 0
T7AD0 053:153.432 JLINK_IsHalted()
T7AD0 053:154.344 - 0.907ms returns FALSE
T7AD0 053:155.672 JLINK_IsHalted()
T7AD0 053:156.600 - 0.926ms returns FALSE
T28B4 053:198.528   JLINK_RTTERMINAL_Read(BufferIndex = 0, BufferSize = 0x00010000)
T28B4 053:198.552   - 0.023ms returns 0
T28B4 053:249.080   JLINK_RTTERMINAL_Read(BufferIndex = 0, BufferSize = 0x00010000)
T28B4 053:249.108   - 0.031ms returns 0
T7AD0 053:260.944 JLINK_IsHalted()
T7AD0 053:262.172 - 1.228ms returns FALSE
T7AD0 053:263.456 JLINK_IsHalted()
T7AD0 053:264.364 - 0.909ms returns FALSE
T28B4 053:300.088   JLINK_RTTERMINAL_Read(BufferIndex = 0, BufferSize = 0x00010000)
T28B4 053:300.124   - 0.037ms returns 0
T28B4 053:351.372   JLINK_RTTERMINAL_Read(BufferIndex = 0, BufferSize = 0x00010000)
T28B4 053:351.416   - 0.046ms returns 0
T7AD0 053:370.232 JLINK_IsHalted()
T7AD0 053:371.064 - 0.835ms returns FALSE
T7AD0 053:372.340 JLINK_IsHalted()
T7AD0 053:373.316 - 0.974ms returns FALSE
T28B4 053:402.456   JLINK_RTTERMINAL_Read(BufferIndex = 0, BufferSize = 0x00010000)
T28B4 053:402.492   - 0.037ms returns 0
T28B4 053:453.628   JLINK_RTTERMINAL_Read(BufferIndex = 0, BufferSize = 0x00010000)
T28B4 053:453.664   - 0.033ms returns 0
T7AD0 053:479.216 JLINK_IsHalted()
T7AD0 053:479.996 - 0.779ms returns FALSE
T7AD0 053:481.256 JLINK_IsHalted()
T7AD0 053:482.228 - 0.969ms returns FALSE
T28B4 053:504.360   JLINK_RTTERMINAL_Read(BufferIndex = 0, BufferSize = 0x00010000)
T28B4 053:504.388   - 0.029ms returns 0
T28B4 053:554.984   JLINK_RTTERMINAL_Read(BufferIndex = 0, BufferSize = 0x00010000)
T28B4 053:555.020   - 0.037ms returns 0
T7AD0 053:588.936 JLINK_IsHalted()
T7AD0 053:589.712 - 0.778ms returns FALSE
T7AD0 053:591.096 JLINK_IsHalted()
T7AD0 053:591.944 - 0.848ms returns FALSE
T28B4 053:606.072   JLINK_RTTERMINAL_Read(BufferIndex = 0, BufferSize = 0x00010000)
T28B4 053:606.116   - 0.042ms returns 0
T28B4 053:657.336   JLINK_RTTERMINAL_Read(BufferIndex = 0, BufferSize = 0x00010000)
T28B4 053:657.368   - 0.033ms returns 0
T7AD0 053:701.888 JLINK_IsHalted()
T7AD0 053:702.804 - 0.918ms returns FALSE
T7AD0 053:702.824 JLINK_IsHalted()
T7AD0 053:703.916 - 1.095ms returns FALSE
T28B4 053:708.312   JLINK_RTTERMINAL_Read(BufferIndex = 0, BufferSize = 0x00010000)
T28B4 053:708.332   - 0.020ms returns 0
T28B4 053:759.144   JLINK_RTTERMINAL_Read(BufferIndex = 0, BufferSize = 0x00010000)
T28B4 053:759.176   - 0.033ms returns 94
T28B4 053:760.120   JLINK_RTTERMINAL_Read(BufferIndex = 0, BufferSize = 0x00010000)
T28B4 053:760.148   - 0.027ms returns 0
T7AD0 053:807.768 JLINK_IsHalted()
T7AD0 053:808.980 - 1.210ms returns FALSE
T7AD0 053:810.264 JLINK_IsHalted()
T7AD0 053:811.220 - 0.958ms returns FALSE
T28B4 053:812.428   JLINK_RTTERMINAL_Read(BufferIndex = 0, BufferSize = 0x00010000)
T28B4 053:812.440   - 0.010ms returns 0
T1758 053:852.960 JLINK_IsHalted()
T1758 053:853.608 - 0.643ms returns FALSE
T1758 053:853.624 JLINK_IsHalted()
T1758 053:854.888 - 1.259ms returns FALSE
T28B4 053:863.048   JLINK_RTTERMINAL_Read(BufferIndex = 0, BufferSize = 0x00010000)
T28B4 053:863.060   - 0.018ms returns 0
T28B4 053:914.228   JLINK_RTTERMINAL_Read(BufferIndex = 0, BufferSize = 0x00010000)
T28B4 053:914.260   - 0.033ms returns 0
T7AD0 053:917.132 JLINK_IsHalted()
T7AD0 053:917.528 - 0.397ms returns FALSE
T7AD0 053:918.880 JLINK_IsHalted()
T7AD0 053:919.872 - 0.992ms returns FALSE
T28B4 053:965.056   JLINK_RTTERMINAL_Read(BufferIndex = 0, BufferSize = 0x00010000)
T28B4 053:965.088   - 0.034ms returns 0
T28B4 054:015.872   JLINK_RTTERMINAL_Read(BufferIndex = 0, BufferSize = 0x00010000)
T28B4 054:015.896   - 0.024ms returns 0
T7AD0 054:026.456 JLINK_IsHalted()
T7AD0 054:027.480 - 1.017ms returns FALSE
T7AD0 054:029.068 JLINK_IsHalted()
T7AD0 054:029.816 - 0.751ms returns FALSE
T28B4 054:066.536   JLINK_RTTERMINAL_Read(BufferIndex = 0, BufferSize = 0x00010000)
T28B4 054:066.560   - 0.022ms returns 0
T28B4 054:117.024   JLINK_RTTERMINAL_Read(BufferIndex = 0, BufferSize = 0x00010000)
T28B4 054:117.048   - 0.025ms returns 0
T7AD0 054:138.772 JLINK_IsHalted()
T7AD0 054:139.776 - 1.005ms returns FALSE
T7AD0 054:139.796 JLINK_IsHalted()
T7AD0 054:140.840 - 1.045ms returns FALSE
T28B4 054:167.320   JLINK_RTTERMINAL_Read(BufferIndex = 0, BufferSize = 0x00010000)
T28B4 054:167.348   - 0.025ms returns 0
T28B4 054:218.060   JLINK_RTTERMINAL_Read(BufferIndex = 0, BufferSize = 0x00010000)
T28B4 054:218.100   - 0.039ms returns 0
T7AD0 054:245.664 JLINK_IsHalted()
T7AD0 054:246.516 - 0.844ms returns FALSE
T7AD0 054:249.844 JLINK_IsHalted()
T7AD0 054:250.944 - 1.102ms returns FALSE
T28B4 054:268.916   JLINK_RTTERMINAL_Read(BufferIndex = 0, BufferSize = 0x00010000)
T28B4 054:268.940   - 0.021ms returns 0
T28B4 054:320.448   JLINK_RTTERMINAL_Read(BufferIndex = 0, BufferSize = 0x00010000)
T28B4 054:320.468   - 0.020ms returns 0
T7AD0 054:354.028 JLINK_IsHalted()
T7AD0 054:354.696 - 0.667ms returns FALSE
T7AD0 054:355.968 JLINK_IsHalted()
T7AD0 054:356.928 - 0.957ms returns FALSE
T28B4 054:371.252   JLINK_RTTERMINAL_Read(BufferIndex = 0, BufferSize = 0x00010000)
T28B4 054:371.304   - 0.049ms returns 0
T28B4 054:422.944   JLINK_RTTERMINAL_Read(BufferIndex = 0, BufferSize = 0x00010000)
T28B4 054:422.968   - 0.027ms returns 0
T7AD0 054:463.500 JLINK_IsHalted()
T7AD0 054:464.620 - 1.116ms returns FALSE
T7AD0 054:465.932 JLINK_IsHalted()
T7AD0 054:466.824 - 0.885ms returns FALSE
T28B4 054:473.996   JLINK_RTTERMINAL_Read(BufferIndex = 0, BufferSize = 0x00010000)
T28B4 054:474.016   - 0.019ms returns 0
T28B4 054:524.984   JLINK_RTTERMINAL_Read(BufferIndex = 0, BufferSize = 0x00010000)
T28B4 054:525.012   - 0.024ms returns 0
T7AD0 054:573.256 JLINK_IsHalted()
T7AD0 054:573.984 - 0.728ms returns FALSE
T28B4 054:575.264   JLINK_RTTERMINAL_Read(BufferIndex = 0, BufferSize = 0x00010000)
T28B4 054:575.284   - 0.016ms returns 0
T7AD0 054:576.344 JLINK_IsHalted()
T7AD0 054:577.332 - 0.988ms returns FALSE
T28B4 054:625.592   JLINK_RTTERMINAL_Read(BufferIndex = 0, BufferSize = 0x00010000)
T28B4 054:625.624   - 0.028ms returns 0
T28B4 054:676.128   JLINK_RTTERMINAL_Read(BufferIndex = 0, BufferSize = 0x00010000)
T28B4 054:676.160   - 0.028ms returns 0
T7AD0 054:682.040 JLINK_IsHalted()
T7AD0 054:683.272 - 1.228ms returns FALSE
T7AD0 054:684.552 JLINK_IsHalted()
T7AD0 054:685.512 - 0.957ms returns FALSE
T28B4 054:726.824   JLINK_RTTERMINAL_Read(BufferIndex = 0, BufferSize = 0x00010000)
T28B4 054:726.856   - 0.031ms returns 96
T28B4 054:727.052   JLINK_RTTERMINAL_Read(BufferIndex = 0, BufferSize = 0x00010000)
T28B4 054:727.072   - 0.016ms returns 0
T28B4 054:777.440   JLINK_RTTERMINAL_Read(BufferIndex = 0, BufferSize = 0x00010000)
T28B4 054:777.464   - 0.029ms returns 0
T7AD0 054:794.760 JLINK_IsHalted()
T7AD0 054:795.700 - 0.939ms returns FALSE
T7AD0 054:795.712 JLINK_IsHalted()
T7AD0 054:796.824 - 1.108ms returns FALSE
T28B4 054:828.576   JLINK_RTTERMINAL_Read(BufferIndex = 0, BufferSize = 0x00010000)
T28B4 054:828.608   - 0.031ms returns 0
T1758 054:855.648 JLINK_IsHalted()
T1758 054:856.024 - 0.377ms returns FALSE
T1758 054:856.044 JLINK_IsHalted()
T1758 054:857.152 - 1.106ms returns FALSE
T28B4 054:879.476   JLINK_RTTERMINAL_Read(BufferIndex = 0, BufferSize = 0x00010000)
T28B4 054:879.508   - 0.034ms returns 0
T7AD0 054:901.352 JLINK_IsHalted()
T7AD0 054:902.248 - 0.894ms returns FALSE
T7AD0 054:903.488 JLINK_IsHalted()
T7AD0 054:904.504 - 1.018ms returns FALSE
T28B4 054:930.520   JLINK_RTTERMINAL_Read(BufferIndex = 0, BufferSize = 0x00010000)
T28B4 054:930.548   - 0.028ms returns 0
T28B4 054:981.000   JLINK_RTTERMINAL_Read(BufferIndex = 0, BufferSize = 0x00010000)
T28B4 054:981.024   - 0.028ms returns 0
T7AD0 055:010.892 JLINK_IsHalted()
T7AD0 055:011.520 - 0.626ms returns FALSE
T7AD0 055:012.812 JLINK_IsHalted()
T7AD0 055:013.800 - 0.985ms returns FALSE
T28B4 055:031.320   JLINK_RTTERMINAL_Read(BufferIndex = 0, BufferSize = 0x00010000)
T28B4 055:031.340   - 0.019ms returns 0
T28B4 055:082.272   JLINK_RTTERMINAL_Read(BufferIndex = 0, BufferSize = 0x00010000)
T28B4 055:082.304   - 0.030ms returns 0
T7AD0 055:120.456 JLINK_IsHalted()
T7AD0 055:121.452 - 0.997ms returns FALSE
T7AD0 055:122.740 JLINK_IsHalted()
T7AD0 055:123.712 - 0.969ms returns FALSE
T28B4 055:133.216   JLINK_RTTERMINAL_Read(BufferIndex = 0, BufferSize = 0x00010000)
T28B4 055:133.228   - 0.016ms returns 0
T28B4 055:184.104   JLINK_RTTERMINAL_Read(BufferIndex = 0, BufferSize = 0x00010000)
T28B4 055:184.136   - 0.027ms returns 0
T7AD0 055:229.012 JLINK_IsHalted()
T7AD0 055:229.524 - 0.513ms returns FALSE
T7AD0 055:230.888 JLINK_IsHalted()
T7AD0 055:231.832 - 0.947ms returns FALSE
T28B4 055:235.112   JLINK_RTTERMINAL_Read(BufferIndex = 0, BufferSize = 0x00010000)
T28B4 055:235.124   - 0.014ms returns 0
T28B4 055:286.200   JLINK_RTTERMINAL_Read(BufferIndex = 0, BufferSize = 0x00010000)
T28B4 055:286.232   - 0.033ms returns 0
T28B4 055:337.280   JLINK_RTTERMINAL_Read(BufferIndex = 0, BufferSize = 0x00010000)
T28B4 055:337.320   - 0.037ms returns 0
T7AD0 055:342.572 JLINK_IsHalted()
T7AD0 055:343.592 - 1.018ms returns FALSE
T7AD0 055:343.604 JLINK_IsHalted()
T7AD0 055:344.684 - 1.078ms returns FALSE
T28B4 055:387.912   JLINK_RTTERMINAL_Read(BufferIndex = 0, BufferSize = 0x00010000)
T28B4 055:387.944   - 0.035ms returns 0
T28B4 055:438.516   JLINK_RTTERMINAL_Read(BufferIndex = 0, BufferSize = 0x00010000)
T28B4 055:438.548   - 0.035ms returns 0
T7AD0 055:448.288 JLINK_IsHalted()
T7AD0 055:449.336 - 1.047ms returns FALSE
T7AD0 055:450.604 JLINK_IsHalted()
T7AD0 055:451.552 - 0.952ms returns FALSE
T28B4 055:488.888   JLINK_RTTERMINAL_Read(BufferIndex = 0, BufferSize = 0x00010000)
T28B4 055:488.920   - 0.032ms returns 0
T28B4 055:539.584   JLINK_RTTERMINAL_Read(BufferIndex = 0, BufferSize = 0x00010000)
T28B4 055:539.624   - 0.035ms returns 0
T7AD0 055:557.608 JLINK_IsHalted()
T7AD0 055:558.696 - 1.089ms returns FALSE
T7AD0 055:559.956 JLINK_IsHalted()
T7AD0 055:560.928 - 0.973ms returns FALSE
T28B4 055:590.184   JLINK_RTTERMINAL_Read(BufferIndex = 0, BufferSize = 0x00010000)
T28B4 055:590.216   - 0.036ms returns 0
T28B4 055:640.608   JLINK_RTTERMINAL_Read(BufferIndex = 0, BufferSize = 0x00010000)
T28B4 055:640.648   - 0.037ms returns 0
T7AD0 055:666.776 JLINK_IsHalted()
T7AD0 055:667.864 - 1.088ms returns FALSE
T7AD0 055:669.108 JLINK_IsHalted()
T7AD0 055:670.104 - 0.997ms returns FALSE
T28B4 055:691.892   JLINK_RTTERMINAL_Read(BufferIndex = 0, BufferSize = 0x00010000)
T28B4 055:691.928   - 0.039ms returns 0
T28B4 055:742.548   JLINK_RTTERMINAL_Read(BufferIndex = 0, BufferSize = 0x00010000)
T28B4 055:742.572   - 0.029ms returns 96
T28B4 055:742.720   JLINK_RTTERMINAL_Read(BufferIndex = 0, BufferSize = 0x00010000)
T28B4 055:742.732   - 0.009ms returns 0
T7AD0 055:776.524 JLINK_IsHalted()
T7AD0 055:777.000 - 0.472ms returns FALSE
T7AD0 055:778.220 JLINK_IsHalted()
T7AD0 055:779.188 - 0.966ms returns FALSE
T28B4 055:793.656   JLINK_RTTERMINAL_Read(BufferIndex = 0, BufferSize = 0x00010000)
T28B4 055:793.676   - 0.017ms returns 0
T28B4 055:844.072   JLINK_RTTERMINAL_Read(BufferIndex = 0, BufferSize = 0x00010000)
T28B4 055:844.104   - 0.031ms returns 0
T1758 055:858.216 JLINK_IsHalted()
T1758 055:858.920 - 0.708ms returns FALSE
T1758 055:858.936 JLINK_IsHalted()
T1758 055:860.120 - 1.177ms returns FALSE
T7AD0 055:885.620 JLINK_IsHalted()
T7AD0 055:886.548 - 0.926ms returns FALSE
T7AD0 055:887.880 JLINK_IsHalted()
T7AD0 055:888.824 - 0.949ms returns FALSE
T28B4 055:894.728   JLINK_RTTERMINAL_Read(BufferIndex = 0, BufferSize = 0x00010000)
T28B4 055:894.752   - 0.024ms returns 0
T28B4 055:945.900   JLINK_RTTERMINAL_Read(BufferIndex = 0, BufferSize = 0x00010000)
T28B4 055:945.928   - 0.027ms returns 0
T7AD0 055:994.848 JLINK_IsHalted()
T7AD0 055:995.736 - 0.886ms returns FALSE
T28B4 055:996.992   JLINK_RTTERMINAL_Read(BufferIndex = 0, BufferSize = 0x00010000)
T28B4 055:997.012   - 0.016ms returns 0
T7AD0 055:998.996 JLINK_IsHalted()
T7AD0 056:000.104 - 1.109ms returns FALSE
T28B4 056:047.544   JLINK_RTTERMINAL_Read(BufferIndex = 0, BufferSize = 0x00010000)
T28B4 056:047.576   - 0.036ms returns 0
T28B4 056:098.528   JLINK_RTTERMINAL_Read(BufferIndex = 0, BufferSize = 0x00010000)
T28B4 056:098.568   - 0.035ms returns 0
T7AD0 056:104.812 JLINK_IsHalted()
T7AD0 056:105.836 - 1.022ms returns FALSE
T7AD0 056:107.052 JLINK_IsHalted()
T7AD0 056:108.064 - 1.014ms returns FALSE
T28B4 056:149.812   JLINK_RTTERMINAL_Read(BufferIndex = 0, BufferSize = 0x00010000)
T28B4 056:149.836   - 0.029ms returns 0
T28B4 056:200.852   JLINK_RTTERMINAL_Read(BufferIndex = 0, BufferSize = 0x00010000)
T28B4 056:200.884   - 0.034ms returns 0
T7AD0 056:213.728 JLINK_IsHalted()
T7AD0 056:214.872 - 1.148ms returns FALSE
T7AD0 056:216.152 JLINK_IsHalted()
T7AD0 056:217.112 - 0.962ms returns FALSE
T28B4 056:251.488   JLINK_RTTERMINAL_Read(BufferIndex = 0, BufferSize = 0x00010000)
T28B4 056:251.520   - 0.032ms returns 0
T28B4 056:302.200   JLINK_RTTERMINAL_Read(BufferIndex = 0, BufferSize = 0x00010000)
T28B4 056:302.240   - 0.040ms returns 0
T7AD0 056:322.776 JLINK_IsHalted()
T7AD0 056:323.764 - 0.984ms returns FALSE
T7AD0 056:325.036 JLINK_IsHalted()
T7AD0 056:325.992 - 0.950ms returns FALSE
T28B4 056:352.568   JLINK_RTTERMINAL_Read(BufferIndex = 0, BufferSize = 0x00010000)
T28B4 056:352.600   - 0.030ms returns 0
T28B4 056:403.552   JLINK_RTTERMINAL_Read(BufferIndex = 0, BufferSize = 0x00010000)
T28B4 056:403.576   - 0.023ms returns 0
T7AD0 056:432.596 JLINK_IsHalted()
T7AD0 056:433.856 - 1.259ms returns FALSE
T7AD0 056:435.116 JLINK_IsHalted()
T7AD0 056:436.052 - 0.936ms returns FALSE
T28B4 056:454.400   JLINK_RTTERMINAL_Read(BufferIndex = 0, BufferSize = 0x00010000)
T28B4 056:454.432   - 0.032ms returns 0
T28B4 056:504.672   JLINK_RTTERMINAL_Read(BufferIndex = 0, BufferSize = 0x00010000)
T28B4 056:504.704   - 0.030ms returns 0
T7AD0 056:545.420 JLINK_IsHalted()
T7AD0 056:546.420 - 0.996ms returns FALSE
T7AD0 056:546.440 JLINK_IsHalted()
T7AD0 056:547.544 - 1.105ms returns FALSE
T28B4 056:555.584   JLINK_RTTERMINAL_Read(BufferIndex = 0, BufferSize = 0x00010000)
T28B4 056:555.608   - 0.021ms returns 0
T28B4 056:606.272   JLINK_RTTERMINAL_Read(BufferIndex = 0, BufferSize = 0x00010000)
T28B4 056:606.304   - 0.033ms returns 0
T7AD0 056:651.672 JLINK_IsHalted()
T7AD0 056:652.212 - 0.537ms returns FALSE
T7AD0 056:653.460 JLINK_IsHalted()
T7AD0 056:654.444 - 0.987ms returns FALSE
T28B4 056:656.744   JLINK_RTTERMINAL_Read(BufferIndex = 0, BufferSize = 0x00010000)
T28B4 056:656.768   - 0.020ms returns 0
T28B4 056:707.544   JLINK_RTTERMINAL_Read(BufferIndex = 0, BufferSize = 0x00010000)
T28B4 056:707.576   - 0.034ms returns 0
T28B4 056:758.004   JLINK_RTTERMINAL_Read(BufferIndex = 0, BufferSize = 0x00010000)
T28B4 056:758.036   - 0.033ms returns 96
T28B4 056:758.228   JLINK_RTTERMINAL_Read(BufferIndex = 0, BufferSize = 0x00010000)
T28B4 056:758.248   - 0.017ms returns 0
T7AD0 056:760.896 JLINK_IsHalted()
T7AD0 056:761.684 - 0.788ms returns FALSE
T7AD0 056:762.924 JLINK_IsHalted()
T7AD0 056:763.924 - 0.995ms returns FALSE
T28B4 056:809.080   JLINK_RTTERMINAL_Read(BufferIndex = 0, BufferSize = 0x00010000)
T28B4 056:809.112   - 0.029ms returns 0
T28B4 056:860.012   JLINK_RTTERMINAL_Read(BufferIndex = 0, BufferSize = 0x00010000)
T28B4 056:860.044   - 0.035ms returns 0
T1758 056:861.304 JLINK_IsHalted()
T1758 056:862.392 - 1.092ms returns FALSE
T1758 056:862.420 JLINK_IsHalted()
T1758 056:863.512 - 1.090ms returns FALSE
T7AD0 056:869.536 JLINK_IsHalted()
T7AD0 056:870.292 - 0.752ms returns FALSE
T7AD0 056:871.392 JLINK_IsHalted()
T7AD0 056:872.424 - 1.034ms returns FALSE
T28B4 056:911.116   JLINK_RTTERMINAL_Read(BufferIndex = 0, BufferSize = 0x00010000)
T28B4 056:911.144   - 0.026ms returns 0
T28B4 056:962.328   JLINK_RTTERMINAL_Read(BufferIndex = 0, BufferSize = 0x00010000)
T28B4 056:962.376   - 0.044ms returns 0
T7AD0 056:979.636 JLINK_IsHalted()
T7AD0 056:980.584 - 0.946ms returns FALSE
T7AD0 056:981.848 JLINK_IsHalted()
T7AD0 056:982.816 - 0.965ms returns FALSE
T28B4 057:012.748   JLINK_RTTERMINAL_Read(BufferIndex = 0, BufferSize = 0x00010000)
T28B4 057:012.780   - 0.030ms returns 0
T28B4 057:063.264   JLINK_RTTERMINAL_Read(BufferIndex = 0, BufferSize = 0x00010000)
T28B4 057:063.288   - 0.028ms returns 0
T7AD0 057:089.184 JLINK_IsHalted()
T7AD0 057:089.568 - 0.380ms returns FALSE
T7AD0 057:090.784 JLINK_IsHalted()
T7AD0 057:091.800 - 1.015ms returns FALSE
T28B4 057:113.824   JLINK_RTTERMINAL_Read(BufferIndex = 0, BufferSize = 0x00010000)
T28B4 057:113.856   - 0.030ms returns 0
T28B4 057:164.800   JLINK_RTTERMINAL_Read(BufferIndex = 0, BufferSize = 0x00010000)
T28B4 057:164.824   - 0.029ms returns 0
T7AD0 057:198.488 JLINK_IsHalted()
T7AD0 057:199.392 - 0.905ms returns FALSE
T7AD0 057:200.808 JLINK_IsHalted()
T7AD0 057:201.784 - 0.983ms returns FALSE
T28B4 057:215.816   JLINK_RTTERMINAL_Read(BufferIndex = 0, BufferSize = 0x00010000)
T28B4 057:215.832   - 0.019ms returns 0
T28B4 057:266.152   JLINK_RTTERMINAL_Read(BufferIndex = 0, BufferSize = 0x00010000)
T28B4 057:266.184   - 0.033ms returns 0
T7AD0 057:307.788 JLINK_IsHalted()
T7AD0 057:308.632 - 0.846ms returns FALSE
T7AD0 057:309.864 JLINK_IsHalted()
T7AD0 057:310.836 - 0.976ms returns FALSE
T28B4 057:316.876   JLINK_RTTERMINAL_Read(BufferIndex = 0, BufferSize = 0x00010000)
T28B4 057:316.888   - 0.017ms returns 0
T28B4 057:368.104   JLINK_RTTERMINAL_Read(BufferIndex = 0, BufferSize = 0x00010000)
T28B4 057:368.136   - 0.031ms returns 0
T7AD0 057:416.712 JLINK_IsHalted()
T7AD0 057:417.580 - 0.872ms returns FALSE
T28B4 057:418.872   JLINK_RTTERMINAL_Read(BufferIndex = 0, BufferSize = 0x00010000)
T28B4 057:418.892   - 0.018ms returns 0
T7AD0 057:419.948 JLINK_IsHalted()
T7AD0 057:420.948 - 1.000ms returns FALSE
T28B4 057:469.524   JLINK_RTTERMINAL_Read(BufferIndex = 0, BufferSize = 0x00010000)
T28B4 057:469.556   - 0.033ms returns 0
T28B4 057:520.716   JLINK_RTTERMINAL_Read(BufferIndex = 0, BufferSize = 0x00010000)
T28B4 057:520.748   - 0.034ms returns 0
T7AD0 057:527.944 JLINK_IsHalted()
T7AD0 057:528.820 - 0.878ms returns FALSE
T7AD0 057:530.004 JLINK_IsHalted()
T7AD0 057:531.048 - 1.037ms returns FALSE
T28B4 057:571.508   JLINK_RTTERMINAL_Read(BufferIndex = 0, BufferSize = 0x00010000)
T28B4 057:571.540   - 0.033ms returns 0
T28B4 057:622.228   JLINK_RTTERMINAL_Read(BufferIndex = 0, BufferSize = 0x00010000)
T28B4 057:622.260   - 0.035ms returns 0
T7AD0 057:635.144 JLINK_IsHalted()
T7AD0 057:635.948 - 0.805ms returns FALSE
T7AD0 057:637.384 JLINK_IsHalted()
T7AD0 057:638.176 - 0.793ms returns FALSE
T28B4 057:672.844   JLINK_RTTERMINAL_Read(BufferIndex = 0, BufferSize = 0x00010000)
T28B4 057:672.884   - 0.040ms returns 0
T28B4 057:723.796   JLINK_RTTERMINAL_Read(BufferIndex = 0, BufferSize = 0x00010000)
T28B4 057:723.828   - 0.033ms returns 96
T28B4 057:724.012   JLINK_RTTERMINAL_Read(BufferIndex = 0, BufferSize = 0x00010000)
T28B4 057:724.024   - 0.017ms returns 0
T7AD0 057:745.228 JLINK_IsHalted()
T7AD0 057:746.248 - 1.019ms returns FALSE
T7AD0 057:747.512 JLINK_IsHalted()
T7AD0 057:748.480 - 0.964ms returns FALSE
T28B4 057:774.760   JLINK_RTTERMINAL_Read(BufferIndex = 0, BufferSize = 0x00010000)
T28B4 057:774.792   - 0.033ms returns 0
T28B4 057:826.004   JLINK_RTTERMINAL_Read(BufferIndex = 0, BufferSize = 0x00010000)
T28B4 057:826.040   - 0.037ms returns 0
T7AD0 057:854.400 JLINK_IsHalted()
T7AD0 057:855.208 - 0.807ms returns FALSE
T7AD0 057:856.424 JLINK_IsHalted()
T7AD0 057:857.440 - 1.019ms returns FALSE
T1758 057:864.628 JLINK_IsHalted()
T1758 057:865.356 - 0.730ms returns FALSE
T1758 057:865.376 JLINK_IsHalted()
T1758 057:866.476 - 1.096ms returns FALSE
T28B4 057:876.568   JLINK_RTTERMINAL_Read(BufferIndex = 0, BufferSize = 0x00010000)
T28B4 057:876.600   - 0.035ms returns 0
T28B4 057:927.576   JLINK_RTTERMINAL_Read(BufferIndex = 0, BufferSize = 0x00010000)
T28B4 057:927.608   - 0.035ms returns 0
T7AD0 057:963.604 JLINK_IsHalted()
T7AD0 057:964.312 - 0.711ms returns FALSE
T7AD0 057:965.608 JLINK_IsHalted()
T7AD0 057:966.560 - 0.954ms returns FALSE
T28B4 057:978.540   JLINK_RTTERMINAL_Read(BufferIndex = 0, BufferSize = 0x00010000)
T28B4 057:978.552   - 0.015ms returns 0
T28B4 058:029.632   JLINK_RTTERMINAL_Read(BufferIndex = 0, BufferSize = 0x00010000)
T28B4 058:029.664   - 0.030ms returns 0
T7AD0 058:072.844 JLINK_IsHalted()
T7AD0 058:073.464 - 0.626ms returns FALSE
T7AD0 058:074.600 JLINK_IsHalted()
T7AD0 058:075.688 - 1.086ms returns FALSE
T28B4 058:080.364   JLINK_RTTERMINAL_Read(BufferIndex = 0, BufferSize = 0x00010000)
T28B4 058:080.384   - 0.023ms returns 0
T28B4 058:130.984   JLINK_RTTERMINAL_Read(BufferIndex = 0, BufferSize = 0x00010000)
T28B4 058:131.008   - 0.029ms returns 0
T28B4 058:181.896   JLINK_RTTERMINAL_Read(BufferIndex = 0, BufferSize = 0x00010000)
T28B4 058:181.928   - 0.030ms returns 0
T7AD0 058:182.816 JLINK_IsHalted()
T7AD0 058:183.328 - 0.513ms returns FALSE
T7AD0 058:184.728 JLINK_IsHalted()
T7AD0 058:185.588 - 0.860ms returns FALSE
T28B4 058:232.600   JLINK_RTTERMINAL_Read(BufferIndex = 0, BufferSize = 0x00010000)
T28B4 058:232.640   - 0.036ms returns 0
T28B4 058:284.084   JLINK_RTTERMINAL_Read(BufferIndex = 0, BufferSize = 0x00010000)
T28B4 058:284.116   - 0.028ms returns 0
T7AD0 058:291.688 JLINK_IsHalted()
T7AD0 058:292.320 - 0.634ms returns FALSE
T7AD0 058:293.568 JLINK_IsHalted()
T7AD0 058:294.536 - 0.972ms returns FALSE
T28B4 058:334.888   JLINK_RTTERMINAL_Read(BufferIndex = 0, BufferSize = 0x00010000)
T28B4 058:334.924   - 0.037ms returns 0
T28B4 058:385.496   JLINK_RTTERMINAL_Read(BufferIndex = 0, BufferSize = 0x00010000)
T28B4 058:385.528   - 0.033ms returns 0
T7AD0 058:401.504 JLINK_IsHalted()
T7AD0 058:402.324 - 0.817ms returns FALSE
T7AD0 058:403.576 JLINK_IsHalted()
T7AD0 058:404.552 - 0.971ms returns FALSE
T28B4 058:436.928   JLINK_RTTERMINAL_Read(BufferIndex = 0, BufferSize = 0x00010000)
T28B4 058:436.952   - 0.028ms returns 0
T28B4 058:488.088   JLINK_RTTERMINAL_Read(BufferIndex = 0, BufferSize = 0x00010000)
T28B4 058:488.120   - 0.035ms returns 0
T7AD0 058:512.396 JLINK_IsHalted()
T7AD0 058:513.408 - 1.010ms returns FALSE
T7AD0 058:514.688 JLINK_IsHalted()
T7AD0 058:515.592 - 0.897ms returns FALSE
T28B4 058:539.084   JLINK_RTTERMINAL_Read(BufferIndex = 0, BufferSize = 0x00010000)
T28B4 058:539.124   - 0.040ms returns 0
T28B4 058:590.484   JLINK_RTTERMINAL_Read(BufferIndex = 0, BufferSize = 0x00010000)
T28B4 058:590.536   - 0.048ms returns 0
T7AD0 058:620.044 JLINK_IsHalted()
T7AD0 058:620.704 - 0.654ms returns FALSE
T7AD0 058:621.960 JLINK_IsHalted()
T7AD0 058:622.936 - 0.976ms returns FALSE
T28B4 058:641.656   JLINK_RTTERMINAL_Read(BufferIndex = 0, BufferSize = 0x00010000)
T28B4 058:641.688   - 0.030ms returns 0
T28B4 058:692.280   JLINK_RTTERMINAL_Read(BufferIndex = 0, BufferSize = 0x00010000)
T28B4 058:692.328   - 0.045ms returns 0
T7AD0 058:729.248 JLINK_IsHalted()
T7AD0 058:729.880 - 0.633ms returns FALSE
T7AD0 058:731.156 JLINK_IsHalted()
T7AD0 058:732.116 - 0.963ms returns FALSE
T28B4 058:743.456   JLINK_RTTERMINAL_Read(BufferIndex = 0, BufferSize = 0x00010000)
T28B4 058:743.480   - 0.026ms returns 96
T28B4 058:743.672   JLINK_RTTERMINAL_Read(BufferIndex = 0, BufferSize = 0x00010000)
T28B4 058:743.688   - 0.016ms returns 0
T28B4 058:794.132   JLINK_RTTERMINAL_Read(BufferIndex = 0, BufferSize = 0x00010000)
T28B4 058:794.164   - 0.033ms returns 0
T7AD0 058:838.764 JLINK_IsHalted()
T7AD0 058:840.044 - 1.282ms returns FALSE
T7AD0 058:841.364 JLINK_IsHalted()
T7AD0 058:842.252 - 0.884ms returns FALSE
T28B4 058:844.584   JLINK_RTTERMINAL_Read(BufferIndex = 0, BufferSize = 0x00010000)
T28B4 058:844.596   - 0.016ms returns 0
T1758 058:866.764 JLINK_IsHalted()
T1758 058:867.764 - 0.998ms returns FALSE
T1758 058:867.776 JLINK_IsHalted()
T1758 058:868.884 - 1.104ms returns FALSE
T28B4 058:895.988   JLINK_RTTERMINAL_Read(BufferIndex = 0, BufferSize = 0x00010000)
T28B4 058:896.020   - 0.031ms returns 0
T28B4 058:946.252   JLINK_RTTERMINAL_Read(BufferIndex = 0, BufferSize = 0x00010000)
T28B4 058:946.280   - 0.023ms returns 0
T7AD0 058:947.828 JLINK_IsHalted()
T7AD0 058:948.404 - 0.577ms returns FALSE
T7AD0 058:949.656 JLINK_IsHalted()
T7AD0 058:950.688 - 1.030ms returns FALSE
T28B4 058:997.240   JLINK_RTTERMINAL_Read(BufferIndex = 0, BufferSize = 0x00010000)
T28B4 058:997.272   - 0.030ms returns 0
T28B4 059:048.104   JLINK_RTTERMINAL_Read(BufferIndex = 0, BufferSize = 0x00010000)
T28B4 059:048.140   - 0.042ms returns 0
T7AD0 059:057.096 JLINK_IsHalted()
T7AD0 059:057.964 - 0.868ms returns FALSE
T7AD0 059:059.156 JLINK_IsHalted()
T7AD0 059:060.148 - 0.990ms returns FALSE
T28B4 059:098.656   JLINK_RTTERMINAL_Read(BufferIndex = 0, BufferSize = 0x00010000)
T28B4 059:098.688   - 0.030ms returns 0
T28B4 059:149.484   JLINK_RTTERMINAL_Read(BufferIndex = 0, BufferSize = 0x00010000)
T28B4 059:149.516   - 0.032ms returns 0
T7AD0 059:167.096 JLINK_IsHalted()
T7AD0 059:168.020 - 0.924ms returns FALSE
T7AD0 059:169.320 JLINK_IsHalted()
T7AD0 059:170.264 - 0.946ms returns FALSE
T28B4 059:200.632   JLINK_RTTERMINAL_Read(BufferIndex = 0, BufferSize = 0x00010000)
T28B4 059:200.664   - 0.030ms returns 0
T28B4 059:251.168   JLINK_RTTERMINAL_Read(BufferIndex = 0, BufferSize = 0x00010000)
T28B4 059:251.208   - 0.037ms returns 0
T7AD0 059:276.084 JLINK_IsHalted()
T7AD0 059:277.036 - 0.950ms returns FALSE
T7AD0 059:278.324 JLINK_IsHalted()
T7AD0 059:279.272 - 0.948ms returns FALSE
T28B4 059:301.760   JLINK_RTTERMINAL_Read(BufferIndex = 0, BufferSize = 0x00010000)
T28B4 059:301.792   - 0.032ms returns 0
T28B4 059:352.268   JLINK_RTTERMINAL_Read(BufferIndex = 0, BufferSize = 0x00010000)
T28B4 059:352.308   - 0.034ms returns 0
T7AD0 059:388.140 JLINK_IsHalted()
T7AD0 059:389.132 - 0.994ms returns FALSE
T7AD0 059:389.152 JLINK_IsHalted()
T7AD0 059:390.252 - 1.100ms returns FALSE
T28B4 059:403.372   JLINK_RTTERMINAL_Read(BufferIndex = 0, BufferSize = 0x00010000)
T28B4 059:403.400   - 0.031ms returns 0
T28B4 059:454.720   JLINK_RTTERMINAL_Read(BufferIndex = 0, BufferSize = 0x00010000)
T28B4 059:454.744   - 0.029ms returns 0
T7AD0 059:495.436 JLINK_IsHalted()
T7AD0 059:495.864 - 0.427ms returns FALSE
T7AD0 059:497.144 JLINK_IsHalted()
T7AD0 059:498.100 - 0.955ms returns FALSE
T28B4 059:505.512   JLINK_RTTERMINAL_Read(BufferIndex = 0, BufferSize = 0x00010000)
T28B4 059:505.528   - 0.019ms returns 0
T28B4 059:556.024   JLINK_RTTERMINAL_Read(BufferIndex = 0, BufferSize = 0x00010000)
T28B4 059:556.056   - 0.031ms returns 0
T7AD0 059:604.520 JLINK_IsHalted()
T7AD0 059:605.292 - 0.778ms returns FALSE
T28B4 059:606.604   JLINK_RTTERMINAL_Read(BufferIndex = 0, BufferSize = 0x00010000)
T28B4 059:606.624   - 0.018ms returns 0
T7AD0 059:607.724 JLINK_IsHalted()
T7AD0 059:608.696 - 0.972ms returns FALSE
T28B4 059:657.516   JLINK_RTTERMINAL_Read(BufferIndex = 0, BufferSize = 0x00010000)
T28B4 059:657.560   - 0.041ms returns 0
T28B4 059:708.608   JLINK_RTTERMINAL_Read(BufferIndex = 0, BufferSize = 0x00010000)
T28B4 059:708.648   - 0.039ms returns 0
T7AD0 059:713.492 JLINK_IsHalted()
T7AD0 059:714.184 - 0.690ms returns FALSE
T7AD0 059:715.436 JLINK_IsHalted()
T7AD0 059:716.424 - 0.986ms returns FALSE
T28B4 059:759.288   JLINK_RTTERMINAL_Read(BufferIndex = 0, BufferSize = 0x00010000)
T28B4 059:759.340   - 0.053ms returns 96
T28B4 059:759.560   JLINK_RTTERMINAL_Read(BufferIndex = 0, BufferSize = 0x00010000)
T28B4 059:759.572   - 0.015ms returns 0
T28B4 059:810.292   JLINK_RTTERMINAL_Read(BufferIndex = 0, BufferSize = 0x00010000)
T28B4 059:810.324   - 0.035ms returns 0
T7AD0 059:823.208 JLINK_IsHalted()
T7AD0 059:824.192 - 0.981ms returns FALSE
T7AD0 059:825.460 JLINK_IsHalted()
T7AD0 059:826.424 - 0.966ms returns FALSE
T28B4 059:860.856   JLINK_RTTERMINAL_Read(BufferIndex = 0, BufferSize = 0x00010000)
T28B4 059:860.916   - 0.055ms returns 0
T1758 059:868.952 JLINK_IsHalted()
T1758 059:869.740 - 0.784ms returns FALSE
T1758 059:869.760 JLINK_IsHalted()
T1758 059:870.868 - 1.107ms returns FALSE
T28B4 059:911.924   JLINK_RTTERMINAL_Read(BufferIndex = 0, BufferSize = 0x00010000)
T28B4 059:911.976   - 0.051ms returns 0
T7AD0 059:932.320 JLINK_IsHalted()
T7AD0 059:933.484 - 1.174ms returns FALSE
T7AD0 059:934.900 JLINK_IsHalted()
T7AD0 059:935.840 - 0.935ms returns FALSE
T28B4 059:963.104   JLINK_RTTERMINAL_Read(BufferIndex = 0, BufferSize = 0x00010000)
T28B4 059:963.136   - 0.031ms returns 0
T28B4 060:014.200   JLINK_RTTERMINAL_Read(BufferIndex = 0, BufferSize = 0x00010000)
T28B4 060:014.228   - 0.024ms returns 0
T7AD0 060:041.804 JLINK_IsHalted()
T7AD0 060:042.732 - 0.927ms returns FALSE
T7AD0 060:043.980 JLINK_IsHalted()
T7AD0 060:044.980 - 0.994ms returns FALSE
T28B4 060:064.856   JLINK_RTTERMINAL_Read(BufferIndex = 0, BufferSize = 0x00010000)
T28B4 060:064.876   - 0.016ms returns 0
T28B4 060:115.416   JLINK_RTTERMINAL_Read(BufferIndex = 0, BufferSize = 0x00010000)
T28B4 060:115.448   - 0.029ms returns 0
T7AD0 060:151.136 JLINK_IsHalted()
T7AD0 060:151.936 - 0.804ms returns FALSE
T7AD0 060:153.196 JLINK_IsHalted()
T7AD0 060:154.184 - 0.982ms returns FALSE
T28B4 060:166.604   JLINK_RTTERMINAL_Read(BufferIndex = 0, BufferSize = 0x00010000)
T28B4 060:166.632   - 0.022ms returns 0
T28B4 060:217.152   JLINK_RTTERMINAL_Read(BufferIndex = 0, BufferSize = 0x00010000)
T28B4 060:217.192   - 0.036ms returns 0
T7AD0 060:260.684 JLINK_IsHalted()
T7AD0 060:261.880 - 1.197ms returns FALSE
T7AD0 060:263.176 JLINK_IsHalted()
T7AD0 060:264.116 - 0.941ms returns FALSE
T28B4 060:267.628   JLINK_RTTERMINAL_Read(BufferIndex = 0, BufferSize = 0x00010000)
T28B4 060:267.640   - 0.015ms returns 0
T28B4 060:318.040   JLINK_RTTERMINAL_Read(BufferIndex = 0, BufferSize = 0x00010000)
T28B4 060:318.072   - 0.028ms returns 0
T28B4 060:368.972   JLINK_RTTERMINAL_Read(BufferIndex = 0, BufferSize = 0x00010000)
T28B4 060:368.992   - 0.023ms returns 0
T7AD0 060:369.512 JLINK_IsHalted()
T7AD0 060:369.992 - 0.478ms returns FALSE
T7AD0 060:371.224 JLINK_IsHalted()
T7AD0 060:372.232 - 1.004ms returns FALSE
T28B4 060:420.212   JLINK_RTTERMINAL_Read(BufferIndex = 0, BufferSize = 0x00010000)
T28B4 060:420.236   - 0.029ms returns 0
T28B4 060:471.336   JLINK_RTTERMINAL_Read(BufferIndex = 0, BufferSize = 0x00010000)
T28B4 060:471.368   - 0.026ms returns 0
T7AD0 060:479.208 JLINK_IsHalted()
T7AD0 060:479.796 - 0.588ms returns FALSE
T7AD0 060:481.080 JLINK_IsHalted()
T7AD0 060:482.036 - 0.951ms returns FALSE
T28B4 060:522.380   JLINK_RTTERMINAL_Read(BufferIndex = 0, BufferSize = 0x00010000)
T28B4 060:522.412   - 0.030ms returns 0
T28B4 060:573.408   JLINK_RTTERMINAL_Read(BufferIndex = 0, BufferSize = 0x00010000)
T28B4 060:573.440   - 0.031ms returns 0
T7AD0 060:588.404 JLINK_IsHalted()
T7AD0 060:589.236 - 0.830ms returns FALSE
T7AD0 060:590.488 JLINK_IsHalted()
T7AD0 060:591.416 - 0.923ms returns FALSE
T28B4 060:623.660   JLINK_RTTERMINAL_Read(BufferIndex = 0, BufferSize = 0x00010000)
T28B4 060:623.692   - 0.026ms returns 0
T28B4 060:674.296   JLINK_RTTERMINAL_Read(BufferIndex = 0, BufferSize = 0x00010000)
T28B4 060:674.324   - 0.029ms returns 0
T7AD0 060:701.192 JLINK_IsHalted()
T7AD0 060:702.228 - 1.033ms returns FALSE
T7AD0 060:702.240 JLINK_IsHalted()
T7AD0 060:703.348 - 1.104ms returns FALSE
T28B4 060:725.356   JLINK_RTTERMINAL_Read(BufferIndex = 0, BufferSize = 0x00010000)
T28B4 060:725.388   - 0.027ms returns 96
T28B4 060:725.556   JLINK_RTTERMINAL_Read(BufferIndex = 0, BufferSize = 0x00010000)
T28B4 060:725.576   - 0.015ms returns 0
T28B4 060:776.404   JLINK_RTTERMINAL_Read(BufferIndex = 0, BufferSize = 0x00010000)
T28B4 060:776.428   - 0.024ms returns 0
T7AD0 060:807.084 JLINK_IsHalted()
T7AD0 060:808.120 - 1.038ms returns FALSE
T7AD0 060:809.440 JLINK_IsHalted()
T7AD0 060:810.360 - 0.921ms returns FALSE
T28B4 060:827.220   JLINK_RTTERMINAL_Read(BufferIndex = 0, BufferSize = 0x00010000)
T28B4 060:827.244   - 0.030ms returns 0
T1758 060:871.496 JLINK_IsHalted()
T1758 060:872.808 - 1.315ms returns FALSE
T1758 060:872.832 JLINK_IsHalted()
T1758 060:873.832 - 1.000ms returns FALSE
T28B4 060:878.536   JLINK_RTTERMINAL_Read(BufferIndex = 0, BufferSize = 0x00010000)
T28B4 060:878.560   - 0.024ms returns 0
T7AD0 060:916.404 JLINK_IsHalted()
T7AD0 060:916.972 - 0.568ms returns FALSE
T7AD0 060:918.260 JLINK_IsHalted()
T7AD0 060:919.200 - 0.939ms returns FALSE
T28B4 060:929.612   JLINK_RTTERMINAL_Read(BufferIndex = 0, BufferSize = 0x00010000)
T28B4 060:929.632   - 0.019ms returns 0
T28B4 060:980.696   JLINK_RTTERMINAL_Read(BufferIndex = 0, BufferSize = 0x00010000)
T28B4 060:980.728   - 0.027ms returns 0
T7AD0 061:025.908 JLINK_IsHalted()
T7AD0 061:026.376 - 0.466ms returns FALSE
T7AD0 061:027.624 JLINK_IsHalted()
T7AD0 061:028.684 - 1.057ms returns FALSE
T28B4 061:031.244   JLINK_RTTERMINAL_Read(BufferIndex = 0, BufferSize = 0x00010000)
T28B4 061:031.264   - 0.017ms returns 0
T28B4 061:081.516   JLINK_RTTERMINAL_Read(BufferIndex = 0, BufferSize = 0x00010000)
T28B4 061:081.544   - 0.026ms returns 0
T28B4 061:132.760   JLINK_RTTERMINAL_Read(BufferIndex = 0, BufferSize = 0x00010000)
T28B4 061:132.800   - 0.033ms returns 0
T7AD0 061:135.416 JLINK_IsHalted()
T7AD0 061:136.728 - 1.308ms returns FALSE
T7AD0 061:138.036 JLINK_IsHalted()
T7AD0 061:138.956 - 0.918ms returns FALSE
T28B4 061:184.000   JLINK_RTTERMINAL_Read(BufferIndex = 0, BufferSize = 0x00010000)
T28B4 061:184.024   - 0.021ms returns 0
T28B4 061:234.508   JLINK_RTTERMINAL_Read(BufferIndex = 0, BufferSize = 0x00010000)
T28B4 061:234.536   - 0.027ms returns 0
T7AD0 061:245.556 JLINK_IsHalted()
T7AD0 061:246.580 - 1.023ms returns FALSE
T7AD0 061:247.936 JLINK_IsHalted()
T7AD0 061:248.820 - 0.880ms returns FALSE
T28B4 061:286.072   JLINK_RTTERMINAL_Read(BufferIndex = 0, BufferSize = 0x00010000)
T28B4 061:286.092   - 0.023ms returns 0
T28B4 061:337.512   JLINK_RTTERMINAL_Read(BufferIndex = 0, BufferSize = 0x00010000)
T28B4 061:337.528   - 0.022ms returns 0
T7AD0 061:354.120 JLINK_IsHalted()
T7AD0 061:354.552 - 0.435ms returns FALSE
T7AD0 061:355.892 JLINK_IsHalted()
T7AD0 061:356.820 - 0.926ms returns FALSE
T28B4 061:388.660   JLINK_RTTERMINAL_Read(BufferIndex = 0, BufferSize = 0x00010000)
T28B4 061:388.684   - 0.024ms returns 0
T28B4 061:439.264   JLINK_RTTERMINAL_Read(BufferIndex = 0, BufferSize = 0x00010000)
T28B4 061:439.284   - 0.022ms returns 0
T7AD0 061:463.340 JLINK_IsHalted()
T7AD0 061:464.564 - 1.222ms returns FALSE
T7AD0 061:465.824 JLINK_IsHalted()
T7AD0 061:466.872 - 1.046ms returns FALSE
T28B4 061:490.220   JLINK_RTTERMINAL_Read(BufferIndex = 0, BufferSize = 0x00010000)
T28B4 061:490.260   - 0.033ms returns 0
T28B4 061:541.184   JLINK_RTTERMINAL_Read(BufferIndex = 0, BufferSize = 0x00010000)
T28B4 061:541.204   - 0.021ms returns 0
T7AD0 061:573.044 JLINK_IsHalted()
T7AD0 061:573.844 - 0.798ms returns FALSE
T7AD0 061:575.116 JLINK_IsHalted()
T7AD0 061:576.084 - 0.967ms returns FALSE
T28B4 061:591.512   JLINK_RTTERMINAL_Read(BufferIndex = 0, BufferSize = 0x00010000)
T28B4 061:591.532   - 0.020ms returns 0
T28B4 061:642.272   JLINK_RTTERMINAL_Read(BufferIndex = 0, BufferSize = 0x00010000)
T28B4 061:642.296   - 0.031ms returns 0
T7AD0 061:682.604 JLINK_IsHalted()
T7AD0 061:683.860 - 1.255ms returns FALSE
T7AD0 061:685.112 JLINK_IsHalted()
T7AD0 061:686.156 - 1.039ms returns FALSE
T28B4 061:693.176   JLINK_RTTERMINAL_Read(BufferIndex = 0, BufferSize = 0x00010000)
T28B4 061:693.192   - 0.014ms returns 0
T28B4 061:744.268   JLINK_RTTERMINAL_Read(BufferIndex = 0, BufferSize = 0x00010000)
T28B4 061:744.300   - 0.035ms returns 96
T28B4 061:744.492   JLINK_RTTERMINAL_Read(BufferIndex = 0, BufferSize = 0x00010000)
T28B4 061:744.504   - 0.015ms returns 0
T7AD0 061:792.212 JLINK_IsHalted()
T7AD0 061:793.100 - 0.892ms returns FALSE
T7AD0 061:794.292 JLINK_IsHalted()
T7AD0 061:795.264 - 0.969ms returns FALSE
T28B4 061:795.284   JLINK_RTTERMINAL_Read(BufferIndex = 0, BufferSize = 0x00010000)
T28B4 061:795.304   - 0.016ms returns 0
T28B4 061:845.888   JLINK_RTTERMINAL_Read(BufferIndex = 0, BufferSize = 0x00010000)
T28B4 061:845.912   - 0.027ms returns 0
T1758 061:874.028 JLINK_IsHalted()
T1758 061:874.900 - 0.867ms returns FALSE
T1758 061:874.924 JLINK_IsHalted()
T1758 061:876.012 - 1.090ms returns FALSE
T28B4 061:897.080   JLINK_RTTERMINAL_Read(BufferIndex = 0, BufferSize = 0x00010000)
T28B4 061:897.112   - 0.036ms returns 0
T7AD0 061:902.744 JLINK_IsHalted()
T7AD0 061:903.752 - 1.004ms returns FALSE
T7AD0 061:904.936 JLINK_IsHalted()
T7AD0 061:906.048 - 1.111ms returns FALSE
T28B4 061:947.636   JLINK_RTTERMINAL_Read(BufferIndex = 0, BufferSize = 0x00010000)
T28B4 061:947.660   - 0.025ms returns 0
T28B4 061:998.700   JLINK_RTTERMINAL_Read(BufferIndex = 0, BufferSize = 0x00010000)
T28B4 061:998.732   - 0.031ms returns 0
T7AD0 062:010.520 JLINK_IsHalted()
T7AD0 062:011.572 - 1.050ms returns FALSE
T7AD0 062:012.792 JLINK_IsHalted()
T7AD0 062:013.812 - 1.017ms returns FALSE
T28B4 062:049.192   JLINK_RTTERMINAL_Read(BufferIndex = 0, BufferSize = 0x00010000)
T28B4 062:049.216   - 0.031ms returns 0
T28B4 062:100.160   JLINK_RTTERMINAL_Read(BufferIndex = 0, BufferSize = 0x00010000)
T28B4 062:100.200   - 0.036ms returns 0
T7AD0 062:120.076 JLINK_IsHalted()
T7AD0 062:121.076 - 0.997ms returns FALSE
T7AD0 062:122.324 JLINK_IsHalted()
T7AD0 062:123.304 - 0.979ms returns FALSE
T28B4 062:150.880   JLINK_RTTERMINAL_Read(BufferIndex = 0, BufferSize = 0x00010000)
T28B4 062:150.912   - 0.030ms returns 0
T28B4 062:201.588   JLINK_RTTERMINAL_Read(BufferIndex = 0, BufferSize = 0x00010000)
T28B4 062:201.624   - 0.039ms returns 0
T7AD0 062:229.504 JLINK_IsHalted()
T7AD0 062:230.272 - 0.769ms returns FALSE
T7AD0 062:233.528 JLINK_IsHalted()
T7AD0 062:234.688 - 1.154ms returns FALSE
T28B4 062:252.232   JLINK_RTTERMINAL_Read(BufferIndex = 0, BufferSize = 0x00010000)
T28B4 062:252.264   - 0.032ms returns 0
T28B4 062:303.212   JLINK_RTTERMINAL_Read(BufferIndex = 0, BufferSize = 0x00010000)
T28B4 062:303.244   - 0.030ms returns 0
T7AD0 062:339.648 JLINK_IsHalted()
T7AD0 062:340.236 - 0.587ms returns FALSE
T7AD0 062:341.504 JLINK_IsHalted()
T7AD0 062:342.472 - 0.966ms returns FALSE
T28B4 062:353.524   JLINK_RTTERMINAL_Read(BufferIndex = 0, BufferSize = 0x00010000)
T28B4 062:353.544   - 0.021ms returns 0
T28B4 062:404.096   JLINK_RTTERMINAL_Read(BufferIndex = 0, BufferSize = 0x00010000)
T28B4 062:404.128   - 0.030ms returns 0
T7AD0 062:447.688 JLINK_IsHalted()
T7AD0 062:448.312 - 0.624ms returns FALSE
T7AD0 062:449.600 JLINK_IsHalted()
T7AD0 062:450.520 - 0.926ms returns FALSE
T28B4 062:454.868   JLINK_RTTERMINAL_Read(BufferIndex = 0, BufferSize = 0x00010000)
T28B4 062:454.892   - 0.024ms returns 0
T28B4 062:505.868   JLINK_RTTERMINAL_Read(BufferIndex = 0, BufferSize = 0x00010000)
T28B4 062:505.900   - 0.029ms returns 0
T28B4 062:557.076   JLINK_RTTERMINAL_Read(BufferIndex = 0, BufferSize = 0x00010000)
T28B4 062:557.096   - 0.021ms returns 0
T7AD0 062:557.928 JLINK_IsHalted()
T7AD0 062:558.688 - 0.759ms returns FALSE
T7AD0 062:560.044 JLINK_IsHalted()
T7AD0 062:560.920 - 0.870ms returns FALSE
T28B4 062:608.128   JLINK_RTTERMINAL_Read(BufferIndex = 0, BufferSize = 0x00010000)
T28B4 062:608.152   - 0.025ms returns 0
T28B4 062:658.728   JLINK_RTTERMINAL_Read(BufferIndex = 0, BufferSize = 0x00010000)
T28B4 062:658.764   - 0.036ms returns 0
T7AD0 062:667.240 JLINK_IsHalted()
T7AD0 062:667.712 - 0.470ms returns FALSE
T7AD0 062:669.004 JLINK_IsHalted()
T7AD0 062:669.952 - 0.941ms returns FALSE
T28B4 062:709.972   JLINK_RTTERMINAL_Read(BufferIndex = 0, BufferSize = 0x00010000)
T28B4 062:710.004   - 0.031ms returns 0
T28B4 062:760.344   JLINK_RTTERMINAL_Read(BufferIndex = 0, BufferSize = 0x00010000)
T28B4 062:760.372   - 0.027ms returns 96
T28B4 062:760.568   JLINK_RTTERMINAL_Read(BufferIndex = 0, BufferSize = 0x00010000)
T28B4 062:760.588   - 0.019ms returns 0
T7AD0 062:779.944 JLINK_IsHalted()
T7AD0 062:780.940 - 1.000ms returns FALSE
T7AD0 062:780.960 JLINK_IsHalted()
T7AD0 062:782.056 - 1.096ms returns FALSE
T28B4 062:811.700   JLINK_RTTERMINAL_Read(BufferIndex = 0, BufferSize = 0x00010000)
T28B4 062:811.732   - 0.028ms returns 0
T28B4 062:862.584   JLINK_RTTERMINAL_Read(BufferIndex = 0, BufferSize = 0x00010000)
T28B4 062:862.616   - 0.031ms returns 0
T1758 062:876.480 JLINK_IsHalted()
T1758 062:877.400 - 0.919ms returns FALSE
T1758 062:877.420 JLINK_IsHalted()
T1758 062:878.504 - 1.081ms returns FALSE
T7AD0 062:885.368 JLINK_IsHalted()
T7AD0 062:886.260 - 0.890ms returns FALSE
T7AD0 062:886.280 JLINK_IsHalted()
T7AD0 062:887.352 - 1.080ms returns FALSE
T28B4 062:913.056   JLINK_RTTERMINAL_Read(BufferIndex = 0, BufferSize = 0x00010000)
T28B4 062:913.088   - 0.028ms returns 0
T28B4 062:964.320   JLINK_RTTERMINAL_Read(BufferIndex = 0, BufferSize = 0x00010000)
T28B4 062:964.344   - 0.030ms returns 0
T7AD0 062:995.232 JLINK_IsHalted()
T7AD0 062:996.384 - 1.154ms returns FALSE
T7AD0 062:997.656 JLINK_IsHalted()
T7AD0 062:998.680 - 1.021ms returns FALSE
T28B4 063:015.336   JLINK_RTTERMINAL_Read(BufferIndex = 0, BufferSize = 0x00010000)
T28B4 063:015.360   - 0.025ms returns 0
T28B4 063:065.976   JLINK_RTTERMINAL_Read(BufferIndex = 0, BufferSize = 0x00010000)
T28B4 063:066.008   - 0.035ms returns 0
T7AD0 063:104.148 JLINK_IsHalted()
T7AD0 063:104.692 - 0.545ms returns FALSE
T7AD0 063:105.964 JLINK_IsHalted()
T7AD0 063:106.920 - 0.948ms returns FALSE
T28B4 063:116.248   JLINK_RTTERMINAL_Read(BufferIndex = 0, BufferSize = 0x00010000)
T28B4 063:116.276   - 0.026ms returns 0
T28B4 063:167.404   JLINK_RTTERMINAL_Read(BufferIndex = 0, BufferSize = 0x00010000)
T28B4 063:167.436   - 0.031ms returns 0
T7AD0 063:213.280 JLINK_IsHalted()
T7AD0 063:214.112 - 0.831ms returns FALSE
T7AD0 063:215.488 JLINK_IsHalted()
T7AD0 063:216.392 - 0.902ms returns FALSE
T28B4 063:218.400   JLINK_RTTERMINAL_Read(BufferIndex = 0, BufferSize = 0x00010000)
T28B4 063:218.424   - 0.024ms returns 0
T28B4 063:268.780   JLINK_RTTERMINAL_Read(BufferIndex = 0, BufferSize = 0x00010000)
T28B4 063:268.820   - 0.036ms returns 0
T28B4 063:319.808   JLINK_RTTERMINAL_Read(BufferIndex = 0, BufferSize = 0x00010000)
T28B4 063:319.848   - 0.041ms returns 0
T7AD0 063:324.108 JLINK_IsHalted()
T7AD0 063:325.100 - 0.991ms returns FALSE
T7AD0 063:326.336 JLINK_IsHalted()
T7AD0 063:327.336 - 0.997ms returns FALSE
T28B4 063:370.772   JLINK_RTTERMINAL_Read(BufferIndex = 0, BufferSize = 0x00010000)
T28B4 063:370.804   - 0.032ms returns 0
T28B4 063:421.932   JLINK_RTTERMINAL_Read(BufferIndex = 0, BufferSize = 0x00010000)
T28B4 063:421.964   - 0.034ms returns 0
T7AD0 063:432.168 JLINK_IsHalted()
T7AD0 063:432.844 - 0.676ms returns FALSE
T7AD0 063:434.112 JLINK_IsHalted()
T7AD0 063:435.084 - 0.971ms returns FALSE
T28B4 063:472.480   JLINK_RTTERMINAL_Read(BufferIndex = 0, BufferSize = 0x00010000)
T28B4 063:472.524   - 0.041ms returns 0
T28B4 063:523.628   JLINK_RTTERMINAL_Read(BufferIndex = 0, BufferSize = 0x00010000)
T28B4 063:523.660   - 0.034ms returns 0
T7AD0 063:542.016 JLINK_IsHalted()
T7AD0 063:543.000 - 0.985ms returns FALSE
T7AD0 063:544.224 JLINK_IsHalted()
T7AD0 063:545.240 - 1.018ms returns FALSE
T28B4 063:574.124   JLINK_RTTERMINAL_Read(BufferIndex = 0, BufferSize = 0x00010000)
T28B4 063:574.156   - 0.034ms returns 0
T28B4 063:625.152   JLINK_RTTERMINAL_Read(BufferIndex = 0, BufferSize = 0x00010000)
T28B4 063:625.184   - 0.033ms returns 0
T7AD0 063:651.648 JLINK_IsHalted()
T7AD0 063:652.200 - 0.552ms returns FALSE
T7AD0 063:653.432 JLINK_IsHalted()
T7AD0 063:654.440 - 1.002ms returns FALSE
T28B4 063:675.944   JLINK_RTTERMINAL_Read(BufferIndex = 0, BufferSize = 0x00010000)
T28B4 063:675.960   - 0.025ms returns 0
T28B4 063:727.456   JLINK_RTTERMINAL_Read(BufferIndex = 0, BufferSize = 0x00010000)
T28B4 063:727.488   - 0.032ms returns 96
T28B4 063:728.588   JLINK_RTTERMINAL_Read(BufferIndex = 0, BufferSize = 0x00010000)
T28B4 063:728.616   - 0.024ms returns 0
T7AD0 063:760.584 JLINK_IsHalted()
T7AD0 063:761.336 - 0.754ms returns FALSE
T7AD0 063:762.612 JLINK_IsHalted()
T7AD0 063:763.624 - 1.013ms returns FALSE
T28B4 063:779.672   JLINK_RTTERMINAL_Read(BufferIndex = 0, BufferSize = 0x00010000)
T28B4 063:779.692   - 0.019ms returns 0
T28B4 063:831.096   JLINK_RTTERMINAL_Read(BufferIndex = 0, BufferSize = 0x00010000)
T28B4 063:831.128   - 0.030ms returns 0
T7AD0 063:869.780 JLINK_IsHalted()
T7AD0 063:870.312 - 0.532ms returns FALSE
T7AD0 063:871.560 JLINK_IsHalted()
T7AD0 063:872.552 - 0.993ms returns FALSE
T1758 063:879.400 JLINK_IsHalted()
T1758 063:880.524 - 1.120ms returns FALSE
T1758 063:880.536 JLINK_IsHalted()
T1758 063:881.676 - 1.141ms returns FALSE
T28B4 063:882.188   JLINK_RTTERMINAL_Read(BufferIndex = 0, BufferSize = 0x00010000)
T28B4 063:882.208   - 0.015ms returns 0
T28B4 063:933.300   JLINK_RTTERMINAL_Read(BufferIndex = 0, BufferSize = 0x00010000)
T28B4 063:933.324   - 0.027ms returns 0
T7AD0 063:978.872 JLINK_IsHalted()
T7AD0 063:979.316 - 0.439ms returns FALSE
T7AD0 063:980.616 JLINK_IsHalted()
T7AD0 063:981.524 - 0.908ms returns FALSE
T28B4 063:983.692   JLINK_RTTERMINAL_Read(BufferIndex = 0, BufferSize = 0x00010000)
T28B4 063:983.704   - 0.017ms returns 0
T28B4 064:034.784   JLINK_RTTERMINAL_Read(BufferIndex = 0, BufferSize = 0x00010000)
T28B4 064:034.808   - 0.027ms returns 0
T28B4 064:085.164   JLINK_RTTERMINAL_Read(BufferIndex = 0, BufferSize = 0x00010000)
T28B4 064:085.192   - 0.027ms returns 0
T7AD0 064:089.064 JLINK_IsHalted()
T7AD0 064:089.440 - 0.377ms returns FALSE
T7AD0 064:090.688 JLINK_IsHalted()
T7AD0 064:091.680 - 0.991ms returns FALSE
T28B4 064:136.360   JLINK_RTTERMINAL_Read(BufferIndex = 0, BufferSize = 0x00010000)
T28B4 064:136.396   - 0.039ms returns 0
T28B4 064:187.160   JLINK_RTTERMINAL_Read(BufferIndex = 0, BufferSize = 0x00010000)
T28B4 064:187.200   - 0.034ms returns 0
T7AD0 064:197.772 JLINK_IsHalted()
T7AD0 064:198.368 - 0.592ms returns FALSE
T7AD0 064:199.624 JLINK_IsHalted()
T7AD0 064:200.684 - 1.061ms returns FALSE
T28B4 064:238.560   JLINK_RTTERMINAL_Read(BufferIndex = 0, BufferSize = 0x00010000)
T28B4 064:238.604   - 0.039ms returns 0
T28B4 064:289.368   JLINK_RTTERMINAL_Read(BufferIndex = 0, BufferSize = 0x00010000)
T28B4 064:289.400   - 0.033ms returns 0
T7AD0 064:308.736 JLINK_IsHalted()
T7AD0 064:309.720 - 0.989ms returns FALSE
T7AD0 064:310.952 JLINK_IsHalted()
T7AD0 064:311.968 - 1.019ms returns FALSE
T28B4 064:340.020   JLINK_RTTERMINAL_Read(BufferIndex = 0, BufferSize = 0x00010000)
T28B4 064:340.044   - 0.030ms returns 0
T28B4 064:390.336   JLINK_RTTERMINAL_Read(BufferIndex = 0, BufferSize = 0x00010000)
T28B4 064:390.360   - 0.028ms returns 0
T7AD0 064:417.012 JLINK_IsHalted()
T7AD0 064:417.464 - 0.457ms returns FALSE
T7AD0 064:418.840 JLINK_IsHalted()
T7AD0 064:419.704 - 0.866ms returns FALSE
T28B4 064:441.076   JLINK_RTTERMINAL_Read(BufferIndex = 0, BufferSize = 0x00010000)
T28B4 064:441.108   - 0.027ms returns 0
T28B4 064:492.340   JLINK_RTTERMINAL_Read(BufferIndex = 0, BufferSize = 0x00010000)
T28B4 064:492.376   - 0.035ms returns 0
T7AD0 064:526.420 JLINK_IsHalted()
T7AD0 064:527.444 - 1.025ms returns FALSE
T7AD0 064:528.744 JLINK_IsHalted()
T7AD0 064:529.708 - 0.965ms returns FALSE
T28B4 064:543.328   JLINK_RTTERMINAL_Read(BufferIndex = 0, BufferSize = 0x00010000)
T28B4 064:543.348   - 0.016ms returns 0
T28B4 064:594.368   JLINK_RTTERMINAL_Read(BufferIndex = 0, BufferSize = 0x00010000)
T28B4 064:594.400   - 0.035ms returns 0
T7AD0 064:635.464 JLINK_IsHalted()
T7AD0 064:635.916 - 0.448ms returns FALSE
T7AD0 064:637.160 JLINK_IsHalted()
T7AD0 064:638.132 - 0.977ms returns FALSE
T28B4 064:645.000   JLINK_RTTERMINAL_Read(BufferIndex = 0, BufferSize = 0x00010000)
T28B4 064:645.016   - 0.016ms returns 0
T28B4 064:695.288   JLINK_RTTERMINAL_Read(BufferIndex = 0, BufferSize = 0x00010000)
T28B4 064:695.316   - 0.030ms returns 0
T7AD0 064:744.660 JLINK_IsHalted()
T7AD0 064:744.980 - 0.321ms returns FALSE
T28B4 064:746.260   JLINK_RTTERMINAL_Read(BufferIndex = 0, BufferSize = 0x00010000)
T28B4 064:746.272   - 0.013ms returns 96
T28B4 064:747.404   JLINK_RTTERMINAL_Read(BufferIndex = 0, BufferSize = 0x00010000)
T28B4 064:747.416   - 0.012ms returns 0
T7AD0 064:748.248 JLINK_IsHalted()
T7AD0 064:749.376 - 1.126ms returns FALSE
T28B4 064:798.008   JLINK_RTTERMINAL_Read(BufferIndex = 0, BufferSize = 0x00010000)
T28B4 064:798.048   - 0.039ms returns 0
T28B4 064:848.684   JLINK_RTTERMINAL_Read(BufferIndex = 0, BufferSize = 0x00010000)
T28B4 064:848.716   - 0.031ms returns 0
T7AD0 064:854.696 JLINK_IsHalted()
T7AD0 064:855.872 - 1.174ms returns FALSE
T7AD0 064:857.160 JLINK_IsHalted()
T7AD0 064:858.104 - 0.947ms returns FALSE
T1758 064:881.896 JLINK_IsHalted()
T1758 064:882.764 - 0.873ms returns FALSE
T1758 064:882.796 JLINK_IsHalted()
T1758 064:883.884 - 1.089ms returns FALSE
T28B4 064:899.128   JLINK_RTTERMINAL_Read(BufferIndex = 0, BufferSize = 0x00010000)
T28B4 064:899.156   - 0.026ms returns 0
T28B4 064:949.676   JLINK_RTTERMINAL_Read(BufferIndex = 0, BufferSize = 0x00010000)
T28B4 064:949.720   - 0.047ms returns 0
T7AD0 064:963.532 JLINK_IsHalted()
T7AD0 064:964.384 - 0.851ms returns FALSE
T7AD0 064:965.696 JLINK_IsHalted()
T7AD0 064:966.688 - 0.986ms returns FALSE
T28B4 065:000.780   JLINK_RTTERMINAL_Read(BufferIndex = 0, BufferSize = 0x00010000)
T28B4 065:000.812   - 0.031ms returns 0
T28B4 065:051.848   JLINK_RTTERMINAL_Read(BufferIndex = 0, BufferSize = 0x00010000)
T28B4 065:051.880   - 0.032ms returns 0
T7AD0 065:072.780 JLINK_IsHalted()
T7AD0 065:073.844 - 1.064ms returns FALSE
T7AD0 065:075.148 JLINK_IsHalted()
T7AD0 065:076.076 - 0.925ms returns FALSE
T28B4 065:102.208   JLINK_RTTERMINAL_Read(BufferIndex = 0, BufferSize = 0x00010000)
T28B4 065:102.232   - 0.022ms returns 0
T28B4 065:152.888   JLINK_RTTERMINAL_Read(BufferIndex = 0, BufferSize = 0x00010000)
T28B4 065:152.936   - 0.042ms returns 0
T7AD0 065:182.744 JLINK_IsHalted()
T7AD0 065:183.916 - 1.170ms returns FALSE
T7AD0 065:185.216 JLINK_IsHalted()
T7AD0 065:186.152 - 0.939ms returns FALSE
T28B4 065:204.300   JLINK_RTTERMINAL_Read(BufferIndex = 0, BufferSize = 0x00010000)
T28B4 065:204.332   - 0.035ms returns 0
T28B4 065:255.544   JLINK_RTTERMINAL_Read(BufferIndex = 0, BufferSize = 0x00010000)
T28B4 065:255.576   - 0.036ms returns 0
T7AD0 065:292.032 JLINK_IsHalted()
T7AD0 065:293.016 - 0.987ms returns FALSE
T7AD0 065:294.316 JLINK_IsHalted()
T7AD0 065:295.272 - 0.949ms returns FALSE
T28B4 065:306.408   JLINK_RTTERMINAL_Read(BufferIndex = 0, BufferSize = 0x00010000)
T28B4 065:306.424   - 0.021ms returns 0
T28B4 065:357.000   JLINK_RTTERMINAL_Read(BufferIndex = 0, BufferSize = 0x00010000)
T28B4 065:357.044   - 0.048ms returns 0
T7AD0 065:401.292 JLINK_IsHalted()
T7AD0 065:401.868 - 0.575ms returns FALSE
T7AD0 065:403.124 JLINK_IsHalted()
T7AD0 065:404.108 - 0.986ms returns FALSE
T28B4 065:407.924   JLINK_RTTERMINAL_Read(BufferIndex = 0, BufferSize = 0x00010000)
T28B4 065:407.948   - 0.026ms returns 0
T28B4 065:459.144   JLINK_RTTERMINAL_Read(BufferIndex = 0, BufferSize = 0x00010000)
T28B4 065:459.176   - 0.034ms returns 0
T28B4 065:509.632   JLINK_RTTERMINAL_Read(BufferIndex = 0, BufferSize = 0x00010000)
T28B4 065:509.656   - 0.028ms returns 0
T7AD0 065:511.956 JLINK_IsHalted()
T7AD0 065:512.952 - 0.997ms returns FALSE
T7AD0 065:514.168 JLINK_IsHalted()
T7AD0 065:515.212 - 1.039ms returns FALSE
T28B4 065:560.020   JLINK_RTTERMINAL_Read(BufferIndex = 0, BufferSize = 0x00010000)
T28B4 065:560.044   - 0.028ms returns 0
T28B4 065:610.408   JLINK_RTTERMINAL_Read(BufferIndex = 0, BufferSize = 0x00010000)
T28B4 065:610.440   - 0.034ms returns 0
T7AD0 065:620.300 JLINK_IsHalted()
T7AD0 065:621.144 - 0.839ms returns FALSE
T7AD0 065:622.392 JLINK_IsHalted()
T7AD0 065:623.400 - 0.999ms returns FALSE
T28B4 065:660.908   JLINK_RTTERMINAL_Read(BufferIndex = 0, BufferSize = 0x00010000)
T28B4 065:660.936   - 0.029ms returns 0
T28B4 065:711.916   JLINK_RTTERMINAL_Read(BufferIndex = 0, BufferSize = 0x00010000)
T28B4 065:711.948   - 0.028ms returns 0
T7AD0 065:729.056 JLINK_IsHalted()
T7AD0 065:729.748 - 0.688ms returns FALSE
T7AD0 065:730.984 JLINK_IsHalted()
T7AD0 065:731.976 - 0.996ms returns FALSE
T28B4 065:762.656   JLINK_RTTERMINAL_Read(BufferIndex = 0, BufferSize = 0x00010000)
T28B4 065:762.696   - 0.034ms returns 96
T28B4 065:762.892   JLINK_RTTERMINAL_Read(BufferIndex = 0, BufferSize = 0x00010000)
T28B4 065:762.904   - 0.010ms returns 0
T28B4 065:814.016   JLINK_RTTERMINAL_Read(BufferIndex = 0, BufferSize = 0x00010000)
T28B4 065:814.048   - 0.035ms returns 0
T7AD0 065:840.904 JLINK_IsHalted()
T7AD0 065:841.728 - 0.826ms returns FALSE
T7AD0 065:842.988 JLINK_IsHalted()
T7AD0 065:843.992 - 1.007ms returns FALSE
T28B4 065:864.724   JLINK_RTTERMINAL_Read(BufferIndex = 0, BufferSize = 0x00010000)
T28B4 065:864.744   - 0.022ms returns 0
T1758 065:885.032 JLINK_IsHalted()
T1758 065:886.296 - 1.265ms returns FALSE
T1758 065:886.312 JLINK_IsHalted()
T1758 065:887.296 - 0.980ms returns FALSE
T28B4 065:915.960   JLINK_RTTERMINAL_Read(BufferIndex = 0, BufferSize = 0x00010000)
T28B4 065:916.008   - 0.044ms returns 0
T7AD0 065:948.104 JLINK_IsHalted()
T7AD0 065:948.980 - 0.879ms returns FALSE
T7AD0 065:950.344 JLINK_IsHalted()
T7AD0 065:951.220 - 0.877ms returns FALSE
T28B4 065:967.232   JLINK_RTTERMINAL_Read(BufferIndex = 0, BufferSize = 0x00010000)
T28B4 065:967.256   - 0.028ms returns 0
T28B4 066:018.552   JLINK_RTTERMINAL_Read(BufferIndex = 0, BufferSize = 0x00010000)
T28B4 066:018.584   - 0.034ms returns 0
T7AD0 066:057.800 JLINK_IsHalted()
T7AD0 066:058.168 - 0.366ms returns FALSE
T7AD0 066:059.584 JLINK_IsHalted()
T7AD0 066:060.480 - 0.896ms returns FALSE
T28B4 066:068.876   JLINK_RTTERMINAL_Read(BufferIndex = 0, BufferSize = 0x00010000)
T28B4 066:068.896   - 0.018ms returns 0
T28B4 066:120.052   JLINK_RTTERMINAL_Read(BufferIndex = 0, BufferSize = 0x00010000)
T28B4 066:120.084   - 0.035ms returns 0
T7AD0 066:170.548 JLINK_IsHalted()
T7AD0 066:171.532 - 0.983ms returns FALSE
T28B4 066:171.560   JLINK_RTTERMINAL_Read(BufferIndex = 0, BufferSize = 0x00010000)
T28B4 066:171.572   - 0.011ms returns 0
T7AD0 066:171.640 JLINK_IsHalted()
T7AD0 066:172.704 - 1.063ms returns FALSE
T28B4 066:222.360   JLINK_RTTERMINAL_Read(BufferIndex = 0, BufferSize = 0x00010000)
T28B4 066:222.392   - 0.034ms returns 0
T28B4 066:272.760   JLINK_RTTERMINAL_Read(BufferIndex = 0, BufferSize = 0x00010000)
T28B4 066:272.792   - 0.032ms returns 0
T7AD0 066:276.716 JLINK_IsHalted()
T7AD0 066:277.472 - 0.751ms returns FALSE
T7AD0 066:278.868 JLINK_IsHalted()
T7AD0 066:279.700 - 0.831ms returns FALSE
T28B4 066:324.128   JLINK_RTTERMINAL_Read(BufferIndex = 0, BufferSize = 0x00010000)
T28B4 066:324.160   - 0.031ms returns 0
T28B4 066:374.408   JLINK_RTTERMINAL_Read(BufferIndex = 0, BufferSize = 0x00010000)
T28B4 066:374.440   - 0.036ms returns 0
T7AD0 066:385.312 JLINK_IsHalted()
T7AD0 066:385.780 - 0.462ms returns FALSE
T7AD0 066:387.032 JLINK_IsHalted()
T7AD0 066:388.020 - 0.987ms returns FALSE
T28B4 066:425.772   JLINK_RTTERMINAL_Read(BufferIndex = 0, BufferSize = 0x00010000)
T28B4 066:425.792   - 0.025ms returns 0
T28B4 066:476.076   JLINK_RTTERMINAL_Read(BufferIndex = 0, BufferSize = 0x00010000)
T28B4 066:476.108   - 0.034ms returns 0
T7AD0 066:494.964 JLINK_IsHalted()
T7AD0 066:495.712 - 0.747ms returns FALSE
T7AD0 066:496.984 JLINK_IsHalted()
T7AD0 066:497.944 - 0.959ms returns FALSE
T28B4 066:526.444   JLINK_RTTERMINAL_Read(BufferIndex = 0, BufferSize = 0x00010000)
T28B4 066:526.476   - 0.035ms returns 0
T28B4 066:577.032   JLINK_RTTERMINAL_Read(BufferIndex = 0, BufferSize = 0x00010000)
T28B4 066:577.056   - 0.028ms returns 0
T7AD0 066:603.960 JLINK_IsHalted()
T7AD0 066:605.208 - 1.242ms returns FALSE
T7AD0 066:606.408 JLINK_IsHalted()
T7AD0 066:607.380 - 0.971ms returns FALSE
T28B4 066:628.116   JLINK_RTTERMINAL_Read(BufferIndex = 0, BufferSize = 0x00010000)
T28B4 066:628.136   - 0.020ms returns 0
T28B4 066:679.264   JLINK_RTTERMINAL_Read(BufferIndex = 0, BufferSize = 0x00010000)
T28B4 066:679.316   - 0.056ms returns 0
T7AD0 066:713.272 JLINK_IsHalted()
T7AD0 066:714.272 - 1.000ms returns FALSE
T7AD0 066:715.468 JLINK_IsHalted()
T7AD0 066:716.480 - 1.013ms returns FALSE
T28B4 066:730.360   JLINK_RTTERMINAL_Read(BufferIndex = 0, BufferSize = 0x00010000)
T28B4 066:730.376   - 0.018ms returns 96
T28B4 066:730.568   JLINK_RTTERMINAL_Read(BufferIndex = 0, BufferSize = 0x00010000)
T28B4 066:730.584   - 0.016ms returns 0
T28B4 066:781.192   JLINK_RTTERMINAL_Read(BufferIndex = 0, BufferSize = 0x00010000)
T28B4 066:781.216   - 0.030ms returns 0
T7AD0 066:823.104 JLINK_IsHalted()
T7AD0 066:824.192 - 1.087ms returns FALSE
T7AD0 066:825.428 JLINK_IsHalted()
T7AD0 066:826.440 - 1.010ms returns FALSE
T28B4 066:832.296   JLINK_RTTERMINAL_Read(BufferIndex = 0, BufferSize = 0x00010000)
T28B4 066:832.308   - 0.016ms returns 0
T28B4 066:883.672   JLINK_RTTERMINAL_Read(BufferIndex = 0, BufferSize = 0x00010000)
T28B4 066:883.712   - 0.041ms returns 0
T1758 066:887.400 JLINK_IsHalted()
T1758 066:888.408 - 1.009ms returns FALSE
T1758 066:888.428 JLINK_IsHalted()
T1758 066:889.528 - 1.098ms returns FALSE
T7AD0 066:932.980 JLINK_IsHalted()
T7AD0 066:933.556 - 0.578ms returns FALSE
T28B4 066:934.828   JLINK_RTTERMINAL_Read(BufferIndex = 0, BufferSize = 0x00010000)
T28B4 066:934.840   - 0.012ms returns 0
T7AD0 066:935.944 JLINK_IsHalted()
T7AD0 066:936.936 - 0.988ms returns FALSE
T28B4 066:985.224   JLINK_RTTERMINAL_Read(BufferIndex = 0, BufferSize = 0x00010000)
T28B4 066:985.256   - 0.028ms returns 0
T28B4 067:036.692   JLINK_RTTERMINAL_Read(BufferIndex = 0, BufferSize = 0x00010000)
T28B4 067:036.724   - 0.034ms returns 0
T7AD0 067:041.896 JLINK_IsHalted()
T7AD0 067:042.744 - 0.845ms returns FALSE
T7AD0 067:044.040 JLINK_IsHalted()
T7AD0 067:044.960 - 0.923ms returns FALSE
T28B4 067:087.304   JLINK_RTTERMINAL_Read(BufferIndex = 0, BufferSize = 0x00010000)
T28B4 067:087.336   - 0.030ms returns 0
T28B4 067:138.464   JLINK_RTTERMINAL_Read(BufferIndex = 0, BufferSize = 0x00010000)
T28B4 067:138.496   - 0.031ms returns 0
T7AD0 067:153.272 JLINK_IsHalted()
T7AD0 067:154.184 - 0.908ms returns FALSE
T7AD0 067:155.472 JLINK_IsHalted()
T7AD0 067:156.408 - 0.944ms returns FALSE
T28B4 067:189.632   JLINK_RTTERMINAL_Read(BufferIndex = 0, BufferSize = 0x00010000)
T28B4 067:189.664   - 0.026ms returns 0
T28B4 067:240.000   JLINK_RTTERMINAL_Read(BufferIndex = 0, BufferSize = 0x00010000)
T28B4 067:240.024   - 0.031ms returns 0
T7AD0 067:260.528 JLINK_IsHalted()
T7AD0 067:261.064 - 0.535ms returns FALSE
T7AD0 067:262.328 JLINK_IsHalted()
T7AD0 067:263.280 - 0.959ms returns FALSE
T28B4 067:290.792   JLINK_RTTERMINAL_Read(BufferIndex = 0, BufferSize = 0x00010000)
T28B4 067:290.832   - 0.033ms returns 0
T28B4 067:342.648   JLINK_RTTERMINAL_Read(BufferIndex = 0, BufferSize = 0x00010000)
T28B4 067:342.680   - 0.031ms returns 0
T7AD0 067:369.744 JLINK_IsHalted()
T7AD0 067:370.376 - 0.633ms returns FALSE
T7AD0 067:371.624 JLINK_IsHalted()
T7AD0 067:372.680 - 1.061ms returns FALSE
T28B4 067:393.704   JLINK_RTTERMINAL_Read(BufferIndex = 0, BufferSize = 0x00010000)
T28B4 067:393.720   - 0.020ms returns 0
T28B4 067:444.496   JLINK_RTTERMINAL_Read(BufferIndex = 0, BufferSize = 0x00010000)
T28B4 067:444.528   - 0.036ms returns 0
T7AD0 067:479.384 JLINK_IsHalted()
T7AD0 067:480.400 - 1.008ms returns FALSE
T7AD0 067:481.648 JLINK_IsHalted()
T7AD0 067:482.608 - 0.964ms returns FALSE
T28B4 067:495.664   JLINK_RTTERMINAL_Read(BufferIndex = 0, BufferSize = 0x00010000)
T28B4 067:495.688   - 0.020ms returns 0
T28B4 067:546.376   JLINK_RTTERMINAL_Read(BufferIndex = 0, BufferSize = 0x00010000)
T28B4 067:546.408   - 0.029ms returns 0
T7AD0 067:590.888 JLINK_IsHalted()
T7AD0 067:591.824 - 0.939ms returns FALSE
T7AD0 067:593.096 JLINK_IsHalted()
T7AD0 067:594.040 - 0.952ms returns FALSE
T28B4 067:596.912   JLINK_RTTERMINAL_Read(BufferIndex = 0, BufferSize = 0x00010000)
T28B4 067:596.928   - 0.019ms returns 0
T28B4 067:647.688   JLINK_RTTERMINAL_Read(BufferIndex = 0, BufferSize = 0x00010000)
T28B4 067:647.704   - 0.019ms returns 0
T7AD0 067:698.272 JLINK_IsHalted()
T7AD0 067:698.688 - 0.413ms returns FALSE
T28B4 067:698.704   JLINK_RTTERMINAL_Read(BufferIndex = 0, BufferSize = 0x00010000)
T28B4 067:698.728   - 0.017ms returns 0
T7AD0 067:699.952 JLINK_IsHalted()
T7AD0 067:700.928 - 0.971ms returns FALSE
T28B4 067:749.680   JLINK_RTTERMINAL_Read(BufferIndex = 0, BufferSize = 0x00010000)
T28B4 067:749.712   - 0.034ms returns 96
T28B4 067:749.928   JLINK_RTTERMINAL_Read(BufferIndex = 0, BufferSize = 0x00010000)
T28B4 067:749.944   - 0.018ms returns 0
T28B4 067:800.928   JLINK_RTTERMINAL_Read(BufferIndex = 0, BufferSize = 0x00010000)
T28B4 067:800.952   - 0.028ms returns 0
T7AD0 067:807.952 JLINK_IsHalted()
T7AD0 067:808.744 - 0.787ms returns FALSE
T7AD0 067:810.016 JLINK_IsHalted()
T7AD0 067:810.976 - 0.963ms returns FALSE
T28B4 067:851.496   JLINK_RTTERMINAL_Read(BufferIndex = 0, BufferSize = 0x00010000)
T28B4 067:851.528   - 0.032ms returns 0
T1758 067:889.584 JLINK_IsHalted()
T1758 067:890.736 - 1.145ms returns FALSE
T1758 067:890.752 JLINK_IsHalted()
T1758 067:891.832 - 1.082ms returns FALSE
T28B4 067:902.864   JLINK_RTTERMINAL_Read(BufferIndex = 0, BufferSize = 0x00010000)
T28B4 067:902.904   - 0.035ms returns 0
T7AD0 067:916.808 JLINK_IsHalted()
T7AD0 067:917.168 - 0.360ms returns FALSE
T7AD0 067:918.496 JLINK_IsHalted()
T7AD0 067:919.432 - 0.936ms returns FALSE
T28B4 067:953.560   JLINK_RTTERMINAL_Read(BufferIndex = 0, BufferSize = 0x00010000)
T28B4 067:953.592   - 0.033ms returns 0
T28B4 068:004.584   JLINK_RTTERMINAL_Read(BufferIndex = 0, BufferSize = 0x00010000)
T28B4 068:004.624   - 0.039ms returns 0
T7AD0 068:025.800 JLINK_IsHalted()
T7AD0 068:026.120 - 0.318ms returns FALSE
T7AD0 068:027.376 JLINK_IsHalted()
T7AD0 068:028.368 - 0.989ms returns FALSE
T28B4 068:055.128   JLINK_RTTERMINAL_Read(BufferIndex = 0, BufferSize = 0x00010000)
T28B4 068:055.160   - 0.036ms returns 0
T28B4 068:105.904   JLINK_RTTERMINAL_Read(BufferIndex = 0, BufferSize = 0x00010000)
T28B4 068:105.936   - 0.029ms returns 0
T7AD0 068:137.600 JLINK_IsHalted()
T7AD0 068:138.512 - 0.917ms returns FALSE
T7AD0 068:139.808 JLINK_IsHalted()
T7AD0 068:140.800 - 0.993ms returns FALSE
T28B4 068:156.296   JLINK_RTTERMINAL_Read(BufferIndex = 0, BufferSize = 0x00010000)
T28B4 068:156.312   - 0.020ms returns 0
T28B4 068:206.792   JLINK_RTTERMINAL_Read(BufferIndex = 0, BufferSize = 0x00010000)
T28B4 068:206.824   - 0.033ms returns 0
T7AD0 068:245.200 JLINK_IsHalted()
T7AD0 068:245.552 - 0.357ms returns FALSE
T7AD0 068:246.904 JLINK_IsHalted()
T7AD0 068:247.800 - 0.895ms returns FALSE
T28B4 068:257.416   JLINK_RTTERMINAL_Read(BufferIndex = 0, BufferSize = 0x00010000)
T28B4 068:257.424   - 0.014ms returns 0
T28B4 068:307.816   JLINK_RTTERMINAL_Read(BufferIndex = 0, BufferSize = 0x00010000)
T28B4 068:307.848   - 0.029ms returns 0
T7AD0 068:354.424 JLINK_IsHalted()
T7AD0 068:355.544 - 1.118ms returns FALSE
T7AD0 068:356.872 JLINK_IsHalted()
T7AD0 068:357.808 - 0.937ms returns FALSE
T28B4 068:359.080   JLINK_RTTERMINAL_Read(BufferIndex = 0, BufferSize = 0x00010000)
T28B4 068:359.096   - 0.019ms returns 0
T28B4 068:409.552   JLINK_RTTERMINAL_Read(BufferIndex = 0, BufferSize = 0x00010000)
T28B4 068:409.592   - 0.035ms returns 0
T28B4 068:460.888   JLINK_RTTERMINAL_Read(BufferIndex = 0, BufferSize = 0x00010000)
T28B4 068:460.920   - 0.032ms returns 0
T7AD0 068:463.344 JLINK_IsHalted()
T7AD0 068:463.896 - 0.551ms returns FALSE
T7AD0 068:465.184 JLINK_IsHalted()
T7AD0 068:466.128 - 0.939ms returns FALSE
T28B4 068:512.040   JLINK_RTTERMINAL_Read(BufferIndex = 0, BufferSize = 0x00010000)
T28B4 068:512.072   - 0.032ms returns 0
T28B4 068:562.848   JLINK_RTTERMINAL_Read(BufferIndex = 0, BufferSize = 0x00010000)
T28B4 068:562.880   - 0.033ms returns 0
T7AD0 068:576.464 JLINK_IsHalted()
T7AD0 068:577.384 - 0.919ms returns FALSE
T7AD0 068:577.392 JLINK_IsHalted()
T7AD0 068:578.496 - 1.096ms returns FALSE
T28B4 068:613.640   JLINK_RTTERMINAL_Read(BufferIndex = 0, BufferSize = 0x00010000)
T28B4 068:613.672   - 0.029ms returns 0
T28B4 068:664.592   JLINK_RTTERMINAL_Read(BufferIndex = 0, BufferSize = 0x00010000)
T28B4 068:664.624   - 0.030ms returns 0
T7AD0 068:682.856 JLINK_IsHalted()
T7AD0 068:684.024 - 1.166ms returns FALSE
T7AD0 068:685.296 JLINK_IsHalted()
T7AD0 068:686.272 - 0.968ms returns FALSE
T28B4 068:715.152   JLINK_RTTERMINAL_Read(BufferIndex = 0, BufferSize = 0x00010000)
T28B4 068:715.184   - 0.033ms returns 96
T28B4 068:715.368   JLINK_RTTERMINAL_Read(BufferIndex = 0, BufferSize = 0x00010000)
T28B4 068:715.376   - 0.012ms returns 0
T28B4 068:765.784   JLINK_RTTERMINAL_Read(BufferIndex = 0, BufferSize = 0x00010000)
T28B4 068:765.816   - 0.030ms returns 0
T7AD0 068:791.888 JLINK_IsHalted()
T7AD0 068:792.424 - 0.538ms returns FALSE
T7AD0 068:793.712 JLINK_IsHalted()
T7AD0 068:794.704 - 0.991ms returns FALSE
T28B4 068:817.000   JLINK_RTTERMINAL_Read(BufferIndex = 0, BufferSize = 0x00010000)
T28B4 068:817.032   - 0.031ms returns 0
T28B4 068:867.512   JLINK_RTTERMINAL_Read(BufferIndex = 0, BufferSize = 0x00010000)
T28B4 068:867.536   - 0.029ms returns 0
T1758 068:891.600 JLINK_IsHalted()
T1758 068:891.984 - 0.379ms returns FALSE
T1758 068:891.992 JLINK_IsHalted()
T1758 068:893.136 - 1.136ms returns FALSE
T7AD0 068:901.416 JLINK_IsHalted()
T7AD0 068:902.696 - 1.280ms returns FALSE
T7AD0 068:903.968 JLINK_IsHalted()
T7AD0 068:904.928 - 0.957ms returns FALSE
T28B4 068:918.504   JLINK_RTTERMINAL_Read(BufferIndex = 0, BufferSize = 0x00010000)
T28B4 068:918.528   - 0.025ms returns 0
T28B4 068:969.600   JLINK_RTTERMINAL_Read(BufferIndex = 0, BufferSize = 0x00010000)
T28B4 068:969.640   - 0.036ms returns 0
T7AD0 069:010.472 JLINK_IsHalted()
T7AD0 069:010.800 - 0.326ms returns FALSE
T7AD0 069:012.112 JLINK_IsHalted()
T7AD0 069:013.040 - 0.934ms returns FALSE
T28B4 069:019.968   JLINK_RTTERMINAL_Read(BufferIndex = 0, BufferSize = 0x00010000)
T28B4 069:019.984   - 0.015ms returns 0
T28B4 069:070.528   JLINK_RTTERMINAL_Read(BufferIndex = 0, BufferSize = 0x00010000)
T28B4 069:070.560   - 0.034ms returns 0
T7AD0 069:120.456 JLINK_IsHalted()
T7AD0 069:121.520 - 1.071ms returns FALSE
T28B4 069:121.552   JLINK_RTTERMINAL_Read(BufferIndex = 0, BufferSize = 0x00010000)
T28B4 069:121.568   - 0.013ms returns 0
T7AD0 069:125.968 JLINK_IsHalted()
T7AD0 069:127.088 - 1.120ms returns FALSE
T28B4 069:172.048   JLINK_RTTERMINAL_Read(BufferIndex = 0, BufferSize = 0x00010000)
T28B4 069:172.080   - 0.035ms returns 0
T7AD0 069:230.632 JLINK_IsHalted()
T7AD0 069:231.592 - 0.960ms returns FALSE
T7AD0 069:232.848 JLINK_IsHalted()
T7AD0 069:233.800 - 0.947ms returns FALSE
T7AD0 069:338.344 JLINK_IsHalted()
T7AD0 069:339.344 - 0.997ms returns FALSE
T7AD0 069:340.592 JLINK_IsHalted()
T7AD0 069:341.512 - 0.922ms returns FALSE
T7AD0 069:448.584 JLINK_IsHalted()
T7AD0 069:449.544 - 0.960ms returns FALSE
T7AD0 069:450.816 JLINK_IsHalted()
T7AD0 069:451.800 - 0.980ms returns FALSE
T7AD0 069:558.600 JLINK_IsHalted()
T7AD0 069:559.536 - 0.939ms returns FALSE
T7AD0 069:560.888 JLINK_IsHalted()
T7AD0 069:561.776 - 0.889ms returns FALSE
T7AD0 069:666.768 JLINK_IsHalted()
T7AD0 069:667.704 - 0.935ms returns FALSE
T7AD0 069:668.912 JLINK_IsHalted()
T7AD0 069:669.904 - 0.992ms returns FALSE
T7AD0 069:775.736 JLINK_IsHalted()
T7AD0 069:776.696 - 0.959ms returns FALSE
T7AD0 069:777.968 JLINK_IsHalted()
T7AD0 069:778.896 - 0.939ms returns FALSE
T7AD0 069:885.376 JLINK_IsHalted()
T7AD0 069:886.304 - 0.927ms returns FALSE
T7AD0 069:887.552 JLINK_IsHalted()
T7AD0 069:888.536 - 0.984ms returns FALSE
T1758 069:893.568 JLINK_IsHalted()
T1758 069:894.520 - 0.957ms returns FALSE
T1758 069:894.544 JLINK_IsHalted()
T1758 069:895.728 - 1.187ms returns FALSE
T7AD0 069:994.680 JLINK_IsHalted()
T7AD0 069:995.704 - 1.025ms returns FALSE
T7AD0 069:997.168 JLINK_IsHalted()
T7AD0 069:997.904 - 0.734ms returns FALSE
T7AD0 070:104.432 JLINK_IsHalted()
T7AD0 070:105.544 - 1.109ms returns FALSE
T7AD0 070:106.856 JLINK_IsHalted()
T7AD0 070:107.792 - 0.934ms returns FALSE
T7AD0 070:213.784 JLINK_IsHalted()
T7AD0 070:214.488 - 0.699ms returns FALSE
T7AD0 070:215.712 JLINK_IsHalted()
T7AD0 070:216.712 - 0.999ms returns FALSE
T7AD0 070:322.856 JLINK_IsHalted()
T7AD0 070:323.312 - 0.452ms returns FALSE
T7AD0 070:324.536 JLINK_IsHalted()
T7AD0 070:325.520 - 0.978ms returns FALSE
T7AD0 070:432.584 JLINK_IsHalted()
T7AD0 070:433.080 - 0.494ms returns FALSE
T7AD0 070:434.344 JLINK_IsHalted()
T7AD0 070:435.280 - 0.938ms returns FALSE
T7AD0 070:541.928 JLINK_IsHalted()
T7AD0 070:542.992 - 1.067ms returns FALSE
T7AD0 070:544.208 JLINK_IsHalted()
T7AD0 070:545.176 - 0.969ms returns FALSE
T7AD0 070:651.536 JLINK_IsHalted()
T7AD0 070:652.240 - 0.702ms returns FALSE
T7AD0 070:653.480 JLINK_IsHalted()
T7AD0 070:654.448 - 0.968ms returns FALSE
T7AD0 070:760.744 JLINK_IsHalted()
T7AD0 070:761.232 - 0.486ms returns FALSE
T7AD0 070:762.520 JLINK_IsHalted()
T7AD0 070:763.448 - 0.930ms returns FALSE
T7AD0 070:869.776 JLINK_IsHalted()
T7AD0 070:870.864 - 1.088ms returns FALSE
T7AD0 070:872.152 JLINK_IsHalted()
T7AD0 070:873.072 - 0.914ms returns FALSE
T1758 070:895.744 JLINK_IsHalted()
T1758 070:896.360 - 0.614ms returns FALSE
T1758 070:896.376 JLINK_IsHalted()
T1758 070:897.472 - 1.093ms returns FALSE
T7AD0 070:979.344 JLINK_IsHalted()
T7AD0 070:980.064 - 0.727ms returns FALSE
T7AD0 070:981.360 JLINK_IsHalted()
T7AD0 070:982.272 - 0.916ms returns FALSE
T7AD0 071:088.504 JLINK_IsHalted()
T7AD0 071:088.864 - 0.360ms returns FALSE
T7AD0 071:090.176 JLINK_IsHalted()
T7AD0 071:091.064 - 0.890ms returns FALSE
T7AD0 071:198.560 JLINK_IsHalted()
T7AD0 071:199.760 - 1.202ms returns FALSE
T7AD0 071:201.000 JLINK_IsHalted()
T7AD0 071:201.944 - 0.944ms returns FALSE
T7AD0 071:307.064 JLINK_IsHalted()
T7AD0 071:307.704 - 0.642ms returns FALSE
T7AD0 071:308.952 JLINK_IsHalted()
T7AD0 071:309.904 - 0.946ms returns FALSE
T7AD0 071:420.408 JLINK_IsHalted()
T7AD0 071:421.392 - 0.988ms returns FALSE
T7AD0 071:421.408 JLINK_IsHalted()
T7AD0 071:422.496 - 1.090ms returns FALSE
T7AD0 071:526.224 JLINK_IsHalted()
T7AD0 071:527.240 - 1.009ms returns FALSE
T7AD0 071:528.496 JLINK_IsHalted()
T7AD0 071:529.424 - 0.933ms returns FALSE
T7AD0 071:635.704 JLINK_IsHalted()
T7AD0 071:636.400 - 0.689ms returns FALSE
T7AD0 071:637.680 JLINK_IsHalted()
T7AD0 071:638.584 - 0.904ms returns FALSE
T7AD0 071:745.232 JLINK_IsHalted()
T7AD0 071:746.288 - 1.060ms returns FALSE
T7AD0 071:747.504 JLINK_IsHalted()
T7AD0 071:748.528 - 1.019ms returns FALSE
T7AD0 071:854.048 JLINK_IsHalted()
T7AD0 071:855.088 - 1.045ms returns FALSE
T7AD0 071:856.312 JLINK_IsHalted()
T7AD0 071:857.264 - 0.947ms returns FALSE
T1758 071:898.448 JLINK_IsHalted()
T1758 071:898.896 - 0.453ms returns FALSE
T1758 071:898.920 JLINK_IsHalted()
T1758 071:900.080 - 1.164ms returns FALSE
T7AD0 071:963.984 JLINK_IsHalted()
T7AD0 071:965.104 - 1.129ms returns FALSE
T7AD0 071:966.336 JLINK_IsHalted()
T7AD0 071:967.312 - 0.977ms returns FALSE
T7AD0 072:072.848 JLINK_IsHalted()
T7AD0 072:073.912 - 1.064ms returns FALSE
T7AD0 072:075.128 JLINK_IsHalted()
T7AD0 072:076.120 - 0.993ms returns FALSE
T7AD0 072:182.336 JLINK_IsHalted()
T7AD0 072:182.832 - 0.496ms returns FALSE
T7AD0 072:184.240 JLINK_IsHalted()
T7AD0 072:185.048 - 0.812ms returns FALSE
T7AD0 072:292.048 JLINK_IsHalted()
T7AD0 072:292.688 - 0.629ms returns FALSE
T7AD0 072:293.952 JLINK_IsHalted()
T7AD0 072:294.896 - 0.941ms returns FALSE
T7AD0 072:400.896 JLINK_IsHalted()
T7AD0 072:401.480 - 0.581ms returns FALSE
T7AD0 072:402.712 JLINK_IsHalted()
T7AD0 072:403.680 - 0.966ms returns FALSE
T7AD0 072:510.096 JLINK_IsHalted()
T7AD0 072:511.256 - 1.157ms returns FALSE
T7AD0 072:512.496 JLINK_IsHalted()
T7AD0 072:513.464 - 0.967ms returns FALSE
T7AD0 072:620.440 JLINK_IsHalted()
T7AD0 072:621.464 - 1.025ms returns FALSE
T7AD0 072:622.728 JLINK_IsHalted()
T7AD0 072:623.688 - 0.959ms returns FALSE
T7AD0 072:728.880 JLINK_IsHalted()
T7AD0 072:729.696 - 0.807ms returns FALSE
T7AD0 072:730.936 JLINK_IsHalted()
T7AD0 072:731.896 - 0.963ms returns FALSE
T7AD0 072:838.696 JLINK_IsHalted()
T7AD0 072:839.304 - 0.608ms returns FALSE
T7AD0 072:840.584 JLINK_IsHalted()
T7AD0 072:841.496 - 0.913ms returns FALSE
T1758 072:901.136 JLINK_IsHalted()
T1758 072:901.552 - 0.405ms returns FALSE
T1758 072:901.560 JLINK_IsHalted()
T1758 072:902.688 - 1.123ms returns FALSE
T7AD0 072:948.376 JLINK_IsHalted()
T7AD0 072:949.552 - 1.181ms returns FALSE
T7AD0 072:950.832 JLINK_IsHalted()
T7AD0 072:951.792 - 0.961ms returns FALSE
T7AD0 073:057.040 JLINK_IsHalted()
T7AD0 073:057.504 - 0.459ms returns FALSE
T7AD0 073:058.832 JLINK_IsHalted()
T7AD0 073:059.800 - 0.965ms returns FALSE
T7AD0 073:170.328 JLINK_IsHalted()
T7AD0 073:171.312 - 0.985ms returns FALSE
T7AD0 073:171.328 JLINK_IsHalted()
T7AD0 073:172.416 - 1.087ms returns FALSE
T7AD0 073:275.936 JLINK_IsHalted()
T7AD0 073:277.136 - 1.204ms returns FALSE
T7AD0 073:278.408 JLINK_IsHalted()
T7AD0 073:279.344 - 0.939ms returns FALSE
T7AD0 073:386.024 JLINK_IsHalted()
T7AD0 073:386.832 - 0.815ms returns FALSE
T7AD0 073:388.072 JLINK_IsHalted()
T7AD0 073:389.032 - 0.961ms returns FALSE
T7AD0 073:495.008 JLINK_IsHalted()
T7AD0 073:495.688 - 0.677ms returns FALSE
T7AD0 073:496.992 JLINK_IsHalted()
T7AD0 073:497.896 - 0.902ms returns FALSE
T7AD0 073:603.896 JLINK_IsHalted()
T7AD0 073:604.920 - 1.024ms returns FALSE
T7AD0 073:606.152 JLINK_IsHalted()
T7AD0 073:607.128 - 0.976ms returns FALSE
T7AD0 073:713.736 JLINK_IsHalted()
T7AD0 073:714.696 - 0.956ms returns FALSE
T7AD0 073:715.952 JLINK_IsHalted()
T7AD0 073:716.912 - 0.955ms returns FALSE
T7AD0 073:822.992 JLINK_IsHalted()
T7AD0 073:823.376 - 0.384ms returns FALSE
T7AD0 073:824.600 JLINK_IsHalted()
T7AD0 073:825.584 - 0.978ms returns FALSE
T1758 073:902.320 JLINK_IsHalted()
T1758 073:902.840 - 0.518ms returns FALSE
T1758 073:902.856 JLINK_IsHalted()
T1758 073:903.952 - 1.102ms returns FALSE
T7AD0 073:932.016 JLINK_IsHalted()
T7AD0 073:932.552 - 0.527ms returns FALSE
T7AD0 073:933.888 JLINK_IsHalted()
T7AD0 073:934.800 - 0.911ms returns FALSE
T7AD0 074:041.960 JLINK_IsHalted()
T7AD0 074:043.096 - 1.136ms returns FALSE
T7AD0 074:044.352 JLINK_IsHalted()
T7AD0 074:045.304 - 0.954ms returns FALSE
T7AD0 074:152.944 JLINK_IsHalted()
T7AD0 074:153.888 - 0.950ms returns FALSE
T7AD0 074:155.136 JLINK_IsHalted()
T7AD0 074:156.112 - 0.975ms returns FALSE
T7AD0 074:260.880 JLINK_IsHalted()
T7AD0 074:261.944 - 1.064ms returns FALSE
T7AD0 074:263.208 JLINK_IsHalted()
T7AD0 074:264.176 - 0.967ms returns FALSE
T7AD0 074:371.936 JLINK_IsHalted()
T7AD0 074:372.784 - 0.848ms returns FALSE
T7AD0 074:374.008 JLINK_IsHalted()
T7AD0 074:375.000 - 0.990ms returns FALSE
T7AD0 074:479.128 JLINK_IsHalted()
T7AD0 074:479.488 - 0.354ms returns FALSE
T7AD0 074:480.752 JLINK_IsHalted()
T7AD0 074:481.696 - 0.937ms returns FALSE
T7AD0 074:590.704 JLINK_IsHalted()
T7AD0 074:591.568 - 0.855ms returns FALSE
T7AD0 074:592.824 JLINK_IsHalted()
T7AD0 074:593.816 - 0.991ms returns FALSE
T7AD0 074:698.088 JLINK_IsHalted()
T7AD0 074:698.456 - 0.371ms returns FALSE
T7AD0 074:699.688 JLINK_IsHalted()
T7AD0 074:700.680 - 0.990ms returns FALSE
T7AD0 074:807.760 JLINK_IsHalted()
T7AD0 074:808.456 - 0.697ms returns FALSE
T7AD0 074:809.696 JLINK_IsHalted()
T7AD0 074:810.672 - 0.980ms returns FALSE
T1758 074:905.200 JLINK_IsHalted()
T1758 074:906.280 - 1.081ms returns FALSE
T1758 074:906.304 JLINK_IsHalted()
T1758 074:907.376 - 1.065ms returns FALSE
T7AD0 074:916.936 JLINK_IsHalted()
T7AD0 074:917.680 - 0.747ms returns FALSE
T7AD0 074:918.928 JLINK_IsHalted()
T7AD0 074:919.888 - 0.959ms returns FALSE
T7AD0 075:026.400 JLINK_IsHalted()
T7AD0 075:027.432 - 1.031ms returns FALSE
T7AD0 075:028.688 JLINK_IsHalted()
T7AD0 075:029.712 - 1.024ms returns FALSE
T7AD0 075:136.416 JLINK_IsHalted()
T7AD0 075:137.104 - 0.693ms returns FALSE
T7AD0 075:138.864 JLINK_IsHalted()
T7AD0 075:139.312 - 0.447ms returns FALSE
T7AD0 075:244.704 JLINK_IsHalted()
T7AD0 075:245.448 - 0.746ms returns FALSE
T7AD0 075:246.832 JLINK_IsHalted()
T7AD0 075:247.744 - 0.915ms returns FALSE
T7AD0 075:354.992 JLINK_IsHalted()
T7AD0 075:355.416 - 0.421ms returns FALSE
T7AD0 075:356.720 JLINK_IsHalted()
T7AD0 075:357.680 - 0.958ms returns FALSE
T7AD0 075:463.344 JLINK_IsHalted()
T7AD0 075:464.416 - 1.066ms returns FALSE
T7AD0 075:465.680 JLINK_IsHalted()
T7AD0 075:466.688 - 1.013ms returns FALSE
T7AD0 075:573.296 JLINK_IsHalted()
T7AD0 075:574.240 - 0.948ms returns FALSE
T7AD0 075:575.424 JLINK_IsHalted()
T7AD0 075:576.392 - 0.967ms returns FALSE
T7AD0 075:682.432 JLINK_IsHalted()
T7AD0 075:683.224 - 0.797ms returns FALSE
T7AD0 075:684.480 JLINK_IsHalted()
T7AD0 075:685.424 - 0.945ms returns FALSE
T7AD0 075:791.440 JLINK_IsHalted()
T7AD0 075:792.536 - 1.099ms returns FALSE
T7AD0 075:793.736 JLINK_IsHalted()
T7AD0 075:794.712 - 0.975ms returns FALSE
T7AD0 075:901.408 JLINK_IsHalted()
T7AD0 075:902.224 - 0.815ms returns FALSE
T7AD0 075:903.560 JLINK_IsHalted()
T7AD0 075:904.480 - 0.922ms returns FALSE
T1758 075:907.560 JLINK_IsHalted()
T1758 075:908.480 - 0.920ms returns FALSE
T1758 075:908.496 JLINK_IsHalted()
T1758 075:909.584 - 1.090ms returns FALSE
T7AD0 076:011.040 JLINK_IsHalted()
T7AD0 076:011.440 - 0.401ms returns FALSE
T7AD0 076:012.776 JLINK_IsHalted()
T7AD0 076:013.712 - 0.930ms returns FALSE
T7AD0 076:119.600 JLINK_IsHalted()
T7AD0 076:120.208 - 0.595ms returns FALSE
T7AD0 076:121.440 JLINK_IsHalted()
T7AD0 076:122.384 - 0.952ms returns FALSE
T7AD0 076:229.072 JLINK_IsHalted()
T7AD0 076:229.872 - 0.807ms returns FALSE
T7AD0 076:231.096 JLINK_IsHalted()
T7AD0 076:232.080 - 0.985ms returns FALSE
T7AD0 076:339.144 JLINK_IsHalted()
T7AD0 076:339.784 - 0.642ms returns FALSE
T7AD0 076:341.032 JLINK_IsHalted()
T7AD0 076:341.984 - 0.953ms returns FALSE
T7AD0 076:448.744 JLINK_IsHalted()
T7AD0 076:449.544 - 0.798ms returns FALSE
T7AD0 076:450.848 JLINK_IsHalted()
T7AD0 076:451.808 - 0.956ms returns FALSE
T7AD0 076:557.456 JLINK_IsHalted()
T7AD0 076:558.376 - 0.919ms returns FALSE
T7AD0 076:559.584 JLINK_IsHalted()
T7AD0 076:560.584 - 0.995ms returns FALSE
T7AD0 076:667.104 JLINK_IsHalted()
T7AD0 076:667.576 - 0.470ms returns FALSE
T7AD0 076:668.832 JLINK_IsHalted()
T7AD0 076:669.792 - 0.957ms returns FALSE
T7AD0 076:776.224 JLINK_IsHalted()
T7AD0 076:776.712 - 0.489ms returns FALSE
T7AD0 076:777.992 JLINK_IsHalted()
T7AD0 076:778.928 - 0.933ms returns FALSE
T7AD0 076:885.952 JLINK_IsHalted()
T7AD0 076:886.400 - 0.447ms returns FALSE
T7AD0 076:887.696 JLINK_IsHalted()
T7AD0 076:888.688 - 0.985ms returns FALSE
T1758 076:910.120 JLINK_IsHalted()
T1758 076:911.048 - 0.927ms returns FALSE
T1758 076:911.080 JLINK_IsHalted()
T1758 076:912.136 - 1.060ms returns FALSE
T7AD0 076:994.568 JLINK_IsHalted()
T7AD0 076:995.728 - 1.157ms returns FALSE
T7AD0 076:997.000 JLINK_IsHalted()
T7AD0 076:997.904 - 0.908ms returns FALSE
T7AD0 077:104.368 JLINK_IsHalted()
T7AD0 077:105.440 - 1.068ms returns FALSE
T7AD0 077:106.680 JLINK_IsHalted()
T7AD0 077:107.712 - 1.029ms returns FALSE
T7AD0 077:213.504 JLINK_IsHalted()
T7AD0 077:214.320 - 0.814ms returns FALSE
T7AD0 077:215.568 JLINK_IsHalted()
T7AD0 077:216.528 - 0.966ms returns FALSE
T7AD0 077:322.904 JLINK_IsHalted()
T7AD0 077:323.600 - 0.697ms returns FALSE
T7AD0 077:325.040 JLINK_IsHalted()
T7AD0 077:325.784 - 0.743ms returns FALSE
T7AD0 077:432.872 JLINK_IsHalted()
T7AD0 077:433.296 - 0.426ms returns FALSE
T7AD0 077:434.576 JLINK_IsHalted()
T7AD0 077:435.504 - 0.925ms returns FALSE
T7AD0 077:542.176 JLINK_IsHalted()
T7AD0 077:542.984 - 0.806ms returns FALSE
T7AD0 077:544.272 JLINK_IsHalted()
T7AD0 077:545.192 - 0.918ms returns FALSE
T7AD0 077:650.928 JLINK_IsHalted()
T7AD0 077:651.408 - 0.481ms returns FALSE
T7AD0 077:652.560 JLINK_IsHalted()
T7AD0 077:653.520 - 0.957ms returns FALSE
T7AD0 077:760.976 JLINK_IsHalted()
T7AD0 077:761.272 - 0.301ms returns FALSE
T7AD0 077:762.536 JLINK_IsHalted()
T7AD0 077:763.496 - 0.960ms returns FALSE
T7AD0 077:869.896 JLINK_IsHalted()
T7AD0 077:870.312 - 0.416ms returns FALSE
T7AD0 077:871.608 JLINK_IsHalted()
T7AD0 077:872.496 - 0.882ms returns FALSE
T1758 077:913.120 JLINK_IsHalted()
T1758 077:914.224 - 1.105ms returns FALSE
T1758 077:914.248 JLINK_IsHalted()
T1758 077:915.312 - 1.069ms returns FALSE
T7AD0 077:979.088 JLINK_IsHalted()
T7AD0 077:979.560 - 0.465ms returns FALSE
T7AD0 077:980.792 JLINK_IsHalted()
T7AD0 077:981.792 - 0.994ms returns FALSE
T7AD0 078:088.344 JLINK_IsHalted()
T7AD0 078:089.296 - 0.952ms returns FALSE
T7AD0 078:090.528 JLINK_IsHalted()
T7AD0 078:091.504 - 0.975ms returns FALSE
T7AD0 078:197.736 JLINK_IsHalted()
T7AD0 078:198.072 - 0.339ms returns FALSE
T7AD0 078:199.344 JLINK_IsHalted()
T7AD0 078:200.272 - 0.931ms returns FALSE
T7AD0 078:307.896 JLINK_IsHalted()
T7AD0 078:309.032 - 1.136ms returns FALSE
T7AD0 078:310.248 JLINK_IsHalted()
T7AD0 078:311.232 - 0.984ms returns FALSE
T7AD0 078:416.880 JLINK_IsHalted()
T7AD0 078:417.872 - 0.997ms returns FALSE
T7AD0 078:419.152 JLINK_IsHalted()
T7AD0 078:420.080 - 0.939ms returns FALSE
T7AD0 078:525.968 JLINK_IsHalted()
T7AD0 078:526.752 - 0.790ms returns FALSE
T7AD0 078:528.040 JLINK_IsHalted()
T7AD0 078:528.976 - 0.933ms returns FALSE
T7AD0 078:635.504 JLINK_IsHalted()
T7AD0 078:635.944 - 0.435ms returns FALSE
T7AD0 078:637.216 JLINK_IsHalted()
T7AD0 078:638.152 - 0.933ms returns FALSE
T7AD0 078:744.680 JLINK_IsHalted()
T7AD0 078:745.968 - 1.282ms returns FALSE
T7AD0 078:747.136 JLINK_IsHalted()
T7AD0 078:748.088 - 0.952ms returns FALSE
T7AD0 078:854.448 JLINK_IsHalted()
T7AD0 078:854.872 - 0.426ms returns FALSE
T7AD0 078:856.136 JLINK_IsHalted()
T7AD0 078:857.088 - 0.954ms returns FALSE
T1758 078:916.072 JLINK_IsHalted()
T1758 078:917.008 - 0.940ms returns FALSE
T1758 078:917.040 JLINK_IsHalted()
T1758 078:918.112 - 1.071ms returns FALSE
T7AD0 078:963.920 JLINK_IsHalted()
T7AD0 078:964.968 - 1.048ms returns FALSE
T7AD0 078:966.232 JLINK_IsHalted()
T7AD0 078:967.184 - 0.944ms returns FALSE
T7AD0 079:073.160 JLINK_IsHalted()
T7AD0 079:073.768 - 0.604ms returns FALSE
T7AD0 079:075.048 JLINK_IsHalted()
T7AD0 079:075.976 - 0.929ms returns FALSE
T7AD0 079:182.240 JLINK_IsHalted()
T7AD0 079:182.688 - 0.451ms returns FALSE
T7AD0 079:183.920 JLINK_IsHalted()
T7AD0 079:184.896 - 0.978ms returns FALSE
T7AD0 079:291.456 JLINK_IsHalted()
T7AD0 079:292.352 - 0.899ms returns FALSE
T7AD0 079:293.560 JLINK_IsHalted()
T7AD0 079:294.552 - 0.992ms returns FALSE
T7AD0 079:401.336 JLINK_IsHalted()
T7AD0 079:402.368 - 1.033ms returns FALSE
T7AD0 079:403.600 JLINK_IsHalted()
T7AD0 079:404.568 - 0.966ms returns FALSE
T7AD0 079:510.160 JLINK_IsHalted()
T7AD0 079:511.192 - 1.036ms returns FALSE
T7AD0 079:512.448 JLINK_IsHalted()
T7AD0 079:513.376 - 0.930ms returns FALSE
T7AD0 079:620.040 JLINK_IsHalted()
T7AD0 079:621.240 - 1.203ms returns FALSE
T7AD0 079:622.528 JLINK_IsHalted()
T7AD0 079:623.440 - 0.916ms returns FALSE
T7AD0 079:729.032 JLINK_IsHalted()
T7AD0 079:730.224 - 1.193ms returns FALSE
T7AD0 079:731.536 JLINK_IsHalted()
T7AD0 079:732.432 - 0.890ms returns FALSE
T7AD0 079:839.184 JLINK_IsHalted()
T7AD0 079:839.864 - 0.685ms returns FALSE
T7AD0 079:841.120 JLINK_IsHalted()
T7AD0 079:842.072 - 0.952ms returns FALSE
T1758 079:918.552 JLINK_IsHalted()
T1758 079:919.752 - 1.199ms returns FALSE
T1758 079:919.776 JLINK_IsHalted()
T1758 079:920.680 - 0.904ms returns FALSE
T7AD0 079:948.576 JLINK_IsHalted()
T7AD0 079:949.416 - 0.839ms returns FALSE
T7AD0 079:950.632 JLINK_IsHalted()
T7AD0 079:951.680 - 1.049ms returns FALSE
T7AD0 080:057.528 JLINK_IsHalted()
T7AD0 080:058.424 - 0.892ms returns FALSE
T7AD0 080:059.656 JLINK_IsHalted()
T7AD0 080:060.680 - 1.021ms returns FALSE
T7AD0 080:167.136 JLINK_IsHalted()
T7AD0 080:168.360 - 1.222ms returns FALSE
T7AD0 080:169.664 JLINK_IsHalted()
T7AD0 080:170.552 - 0.890ms returns FALSE
T7AD0 080:276.560 JLINK_IsHalted()
T7AD0 080:277.224 - 0.662ms returns FALSE
T7AD0 080:278.488 JLINK_IsHalted()
T7AD0 080:279.424 - 0.935ms returns FALSE
T7AD0 080:386.096 JLINK_IsHalted()
T7AD0 080:387.248 - 1.148ms returns FALSE
T7AD0 080:388.488 JLINK_IsHalted()
T7AD0 080:389.456 - 0.966ms returns FALSE
T7AD0 080:495.216 JLINK_IsHalted()
T7AD0 080:496.016 - 0.808ms returns FALSE
T7AD0 080:497.240 JLINK_IsHalted()
T7AD0 080:498.224 - 0.985ms returns FALSE
T7AD0 080:606.352 JLINK_IsHalted()
T7AD0 080:607.248 - 0.903ms returns FALSE
T7AD0 080:608.440 JLINK_IsHalted()
T7AD0 080:609.456 - 1.010ms returns FALSE
T7AD0 080:713.984 JLINK_IsHalted()
T7AD0 080:715.120 - 1.135ms returns FALSE
T7AD0 080:716.344 JLINK_IsHalted()
T7AD0 080:717.304 - 0.958ms returns FALSE
T7AD0 080:823.032 JLINK_IsHalted()
T7AD0 080:823.968 - 0.933ms returns FALSE
T7AD0 080:825.232 JLINK_IsHalted()
T7AD0 080:826.160 - 0.925ms returns FALSE
T1758 080:921.632 JLINK_IsHalted()
T1758 080:922.848 - 1.219ms returns FALSE
T1758 080:922.864 JLINK_IsHalted()
T1758 080:923.952 - 1.086ms returns FALSE
T7AD0 080:932.296 JLINK_IsHalted()
T7AD0 080:933.336 - 1.042ms returns FALSE
T7AD0 080:934.600 JLINK_IsHalted()
T7AD0 080:935.528 - 0.929ms returns FALSE
T7AD0 081:042.320 JLINK_IsHalted()
T7AD0 081:043.096 - 0.779ms returns FALSE
T7AD0 081:044.336 JLINK_IsHalted()
T7AD0 081:045.280 - 0.943ms returns FALSE
T7AD0 081:151.576 JLINK_IsHalted()
T7AD0 081:152.704 - 1.127ms returns FALSE
T7AD0 081:153.952 JLINK_IsHalted()
T7AD0 081:154.912 - 0.962ms returns FALSE
T7AD0 081:260.144 JLINK_IsHalted()
T7AD0 081:260.768 - 0.616ms returns FALSE
T7AD0 081:262.032 JLINK_IsHalted()
T7AD0 081:262.976 - 0.944ms returns FALSE
T7AD0 081:369.992 JLINK_IsHalted()
T7AD0 081:370.704 - 0.714ms returns FALSE
T7AD0 081:372.072 JLINK_IsHalted()
T7AD0 081:372.912 - 0.848ms returns FALSE
T7AD0 081:479.288 JLINK_IsHalted()
T7AD0 081:479.688 - 0.393ms returns FALSE
T7AD0 081:480.936 JLINK_IsHalted()
T7AD0 081:481.904 - 0.960ms returns FALSE
T7AD0 081:588.872 JLINK_IsHalted()
T7AD0 081:589.288 - 0.416ms returns FALSE
T7AD0 081:590.480 JLINK_IsHalted()
T7AD0 081:591.504 - 1.024ms returns FALSE
T7AD0 081:698.224 JLINK_IsHalted()
T7AD0 081:699.432 - 1.210ms returns FALSE
T7AD0 081:700.656 JLINK_IsHalted()
T7AD0 081:701.688 - 1.034ms returns FALSE
T7AD0 081:807.832 JLINK_IsHalted()
T7AD0 081:808.392 - 0.554ms returns FALSE
T7AD0 081:809.648 JLINK_IsHalted()
T7AD0 081:810.672 - 1.029ms returns FALSE
T7AD0 081:917.032 JLINK_IsHalted()
T7AD0 081:918.176 - 1.147ms returns FALSE
T7AD0 081:919.480 JLINK_IsHalted()
T7AD0 081:920.376 - 0.896ms returns FALSE
T1758 081:924.208 JLINK_IsHalted()
T1758 081:924.488 - 0.280ms returns FALSE
T1758 081:924.496 JLINK_IsHalted()
T1758 081:925.696 - 1.200ms returns FALSE
T7AD0 082:026.632 JLINK_IsHalted()
T7AD0 082:027.792 - 1.161ms returns FALSE
T7AD0 082:029.056 JLINK_IsHalted()
T7AD0 082:030.000 - 0.939ms returns FALSE
T7AD0 082:135.920 JLINK_IsHalted()
T7AD0 082:136.688 - 0.763ms returns FALSE
T7AD0 082:137.904 JLINK_IsHalted()
T7AD0 082:138.888 - 0.986ms returns FALSE
T7AD0 082:245.368 JLINK_IsHalted()
T7AD0 082:246.616 - 1.249ms returns FALSE
T7AD0 082:247.816 JLINK_IsHalted()
T7AD0 082:248.792 - 0.976ms returns FALSE
T7AD0 082:356.520 JLINK_IsHalted()
T7AD0 082:357.448 - 0.931ms returns FALSE
T7AD0 082:358.696 JLINK_IsHalted()
T7AD0 082:359.688 - 0.992ms returns FALSE
T7AD0 082:463.496 JLINK_IsHalted()
T7AD0 082:464.288 - 0.788ms returns FALSE
T7AD0 082:465.568 JLINK_IsHalted()
T7AD0 082:466.488 - 0.922ms returns FALSE
T7AD0 082:573.232 JLINK_IsHalted()
T7AD0 082:574.064 - 0.826ms returns FALSE
T7AD0 082:575.368 JLINK_IsHalted()
T7AD0 082:576.232 - 0.859ms returns FALSE
T7AD0 082:682.960 JLINK_IsHalted()
T7AD0 082:684.192 - 1.223ms returns FALSE
T7AD0 082:685.456 JLINK_IsHalted()
T7AD0 082:686.368 - 0.914ms returns FALSE
T7AD0 082:791.408 JLINK_IsHalted()
T7AD0 082:792.256 - 0.853ms returns FALSE
T7AD0 082:793.480 JLINK_IsHalted()
T7AD0 082:794.464 - 0.983ms returns FALSE
T7AD0 082:901.568 JLINK_IsHalted()
T7AD0 082:901.968 - 0.402ms returns FALSE
T7AD0 082:903.256 JLINK_IsHalted()
T7AD0 082:904.280 - 1.022ms returns FALSE
T1758 082:926.104 JLINK_IsHalted()
T1758 082:926.536 - 0.430ms returns FALSE
T1758 082:926.544 JLINK_IsHalted()
T1758 082:927.712 - 1.166ms returns FALSE
T7AD0 083:010.744 JLINK_IsHalted()
T7AD0 083:011.600 - 0.846ms returns FALSE
T7AD0 083:012.848 JLINK_IsHalted()
T7AD0 083:013.808 - 0.958ms returns FALSE
T7AD0 083:120.392 JLINK_IsHalted()
T7AD0 083:121.184 - 0.793ms returns FALSE
T7AD0 083:122.504 JLINK_IsHalted()
T7AD0 083:123.392 - 0.892ms returns FALSE
T7AD0 083:233.168 JLINK_IsHalted()
T7AD0 083:234.152 - 0.983ms returns FALSE
T7AD0 083:234.184 JLINK_IsHalted()
T7AD0 083:235.272 - 1.089ms returns FALSE
T7AD0 083:338.960 JLINK_IsHalted()
T7AD0 083:339.744 - 0.780ms returns FALSE
T7AD0 083:340.984 JLINK_IsHalted()
T7AD0 083:341.944 - 0.955ms returns FALSE
T7AD0 083:448.368 JLINK_IsHalted()
T7AD0 083:448.784 - 0.404ms returns FALSE
T7AD0 083:450.032 JLINK_IsHalted()
T7AD0 083:451.008 - 0.972ms returns FALSE
T7AD0 083:561.544 JLINK_IsHalted()
T7AD0 083:562.504 - 0.961ms returns FALSE
T7AD0 083:562.520 JLINK_IsHalted()
T7AD0 083:563.680 - 1.161ms returns FALSE
T7AD0 083:667.088 JLINK_IsHalted()
T7AD0 083:667.696 - 0.595ms returns FALSE
T7AD0 083:668.944 JLINK_IsHalted()
T7AD0 083:669.896 - 0.954ms returns FALSE
T7AD0 083:776.168 JLINK_IsHalted()
T7AD0 083:776.784 - 0.622ms returns FALSE
T7AD0 083:778.032 JLINK_IsHalted()
T7AD0 083:778.992 - 0.962ms returns FALSE
T7AD0 083:888.624 JLINK_IsHalted()
T7AD0 083:889.680 - 1.054ms returns FALSE
T7AD0 083:889.704 JLINK_IsHalted()
T7AD0 083:890.792 - 1.086ms returns FALSE
T1758 083:927.568 JLINK_IsHalted()
T1758 083:928.464 - 0.897ms returns FALSE
T1758 083:928.496 JLINK_IsHalted()
T1758 083:929.568 - 1.069ms returns FALSE
T7AD0 083:995.120 JLINK_IsHalted()
T7AD0 083:995.688 - 0.562ms returns FALSE
T7AD0 083:996.936 JLINK_IsHalted()
T7AD0 083:997.896 - 0.960ms returns FALSE
T7AD0 084:104.656 JLINK_IsHalted()
T7AD0 084:105.680 - 1.019ms returns FALSE
T7AD0 084:107.008 JLINK_IsHalted()
T7AD0 084:107.888 - 0.875ms returns FALSE
T7AD0 084:213.952 JLINK_IsHalted()
T7AD0 084:214.568 - 0.613ms returns FALSE
T7AD0 084:215.800 JLINK_IsHalted()
T7AD0 084:216.784 - 0.983ms returns FALSE
T7AD0 084:323.256 JLINK_IsHalted()
T7AD0 084:324.336 - 1.076ms returns FALSE
T7AD0 084:325.568 JLINK_IsHalted()
T7AD0 084:326.544 - 0.971ms returns FALSE
T7AD0 084:434.384 JLINK_IsHalted()
T7AD0 084:435.368 - 0.981ms returns FALSE
T7AD0 084:436.600 JLINK_IsHalted()
T7AD0 084:437.584 - 0.977ms returns FALSE
T7AD0 084:542.208 JLINK_IsHalted()
T7AD0 084:543.016 - 0.806ms returns FALSE
T7AD0 084:544.400 JLINK_IsHalted()
T7AD0 084:545.216 - 0.812ms returns FALSE
T7AD0 084:651.208 JLINK_IsHalted()
T7AD0 084:652.168 - 0.962ms returns FALSE
T7AD0 084:653.376 JLINK_IsHalted()
T7AD0 084:654.384 - 1.003ms returns FALSE
T7AD0 084:761.080 JLINK_IsHalted()
T7AD0 084:762.160 - 1.078ms returns FALSE
T7AD0 084:763.440 JLINK_IsHalted()
T7AD0 084:764.368 - 0.931ms returns FALSE
T7AD0 084:869.632 JLINK_IsHalted()
T7AD0 084:870.064 - 0.427ms returns FALSE
T7AD0 084:871.280 JLINK_IsHalted()
T7AD0 084:872.264 - 0.981ms returns FALSE
T1758 084:930.456 JLINK_IsHalted()
T1758 084:931.192 - 0.739ms returns FALSE
T1758 084:931.216 JLINK_IsHalted()
T1758 084:932.288 - 1.071ms returns FALSE
T7AD0 084:979.384 JLINK_IsHalted()
T7AD0 084:980.144 - 0.761ms returns FALSE
T7AD0 084:981.480 JLINK_IsHalted()
T7AD0 084:982.352 - 0.871ms returns FALSE
T7AD0 085:088.832 JLINK_IsHalted()
T7AD0 085:089.920 - 1.088ms returns FALSE
T7AD0 085:091.184 JLINK_IsHalted()
T7AD0 085:092.120 - 0.935ms returns FALSE
T7AD0 085:198.032 JLINK_IsHalted()
T7AD0 085:198.920 - 0.884ms returns FALSE
T7AD0 085:200.176 JLINK_IsHalted()
T7AD0 085:201.120 - 0.939ms returns FALSE
T7AD0 085:307.512 JLINK_IsHalted()
T7AD0 085:308.688 - 1.174ms returns FALSE
T7AD0 085:309.920 JLINK_IsHalted()
T7AD0 085:310.888 - 0.970ms returns FALSE
T7AD0 085:421.496 JLINK_IsHalted()
T7AD0 085:422.680 - 1.177ms returns FALSE
T7AD0 085:422.696 JLINK_IsHalted()
T7AD0 085:423.784 - 1.088ms returns FALSE
T7AD0 085:525.736 JLINK_IsHalted()
T7AD0 085:526.520 - 0.781ms returns FALSE
T7AD0 085:527.808 JLINK_IsHalted()
T7AD0 085:528.784 - 0.974ms returns FALSE
T7AD0 085:638.896 JLINK_IsHalted()
T7AD0 085:640.000 - 1.106ms returns FALSE
T7AD0 085:640.016 JLINK_IsHalted()
T7AD0 085:640.992 - 0.973ms returns FALSE
T7AD0 085:744.640 JLINK_IsHalted()
T7AD0 085:745.712 - 1.072ms returns FALSE
T7AD0 085:746.952 JLINK_IsHalted()
T7AD0 085:747.920 - 0.971ms returns FALSE
T7AD0 085:854.376 JLINK_IsHalted()
T7AD0 085:855.440 - 1.064ms returns FALSE
T7AD0 085:856.704 JLINK_IsHalted()
T7AD0 085:857.680 - 0.972ms returns FALSE
T1758 085:933.136 JLINK_IsHalted()
T1758 085:934.064 - 0.930ms returns FALSE
T1758 085:934.088 JLINK_IsHalted()
T1758 085:935.160 - 1.079ms returns FALSE
T7AD0 085:966.752 JLINK_IsHalted()
T7AD0 085:967.792 - 1.034ms returns FALSE
T7AD0 085:967.792 JLINK_IsHalted()
T7AD0 085:968.888 - 1.090ms returns FALSE
T7AD0 086:072.680 JLINK_IsHalted()
T7AD0 086:073.416 - 0.735ms returns FALSE
T7AD0 086:074.824 JLINK_IsHalted()
T7AD0 086:075.568 - 0.746ms returns FALSE
T7AD0 086:182.888 JLINK_IsHalted()
T7AD0 086:183.392 - 0.504ms returns FALSE
T7AD0 086:184.656 JLINK_IsHalted()
T7AD0 086:185.680 - 1.023ms returns FALSE
T7AD0 086:292.240 JLINK_IsHalted()
T7AD0 086:293.320 - 1.070ms returns FALSE
T7AD0 086:294.552 JLINK_IsHalted()
T7AD0 086:295.520 - 0.967ms returns FALSE
T7AD0 086:401.624 JLINK_IsHalted()
T7AD0 086:402.248 - 0.624ms returns FALSE
T7AD0 086:403.568 JLINK_IsHalted()
T7AD0 086:404.456 - 0.892ms returns FALSE
T7AD0 086:510.336 JLINK_IsHalted()
T7AD0 086:511.296 - 0.962ms returns FALSE
T7AD0 086:512.560 JLINK_IsHalted()
T7AD0 086:513.512 - 0.949ms returns FALSE
T7AD0 086:619.920 JLINK_IsHalted()
T7AD0 086:620.544 - 0.617ms returns FALSE
T7AD0 086:621.640 JLINK_IsHalted()
T7AD0 086:622.680 - 1.040ms returns FALSE
T7AD0 086:729.712 JLINK_IsHalted()
T7AD0 086:730.400 - 0.691ms returns FALSE
T7AD0 086:731.664 JLINK_IsHalted()
T7AD0 086:732.584 - 0.918ms returns FALSE
T7AD0 086:838.352 JLINK_IsHalted()
T7AD0 086:839.344 - 0.996ms returns FALSE
T7AD0 086:840.712 JLINK_IsHalted()
T7AD0 086:841.536 - 0.825ms returns FALSE
T1758 086:936.080 JLINK_IsHalted()
T1758 086:937.360 - 1.276ms returns FALSE
T1758 086:937.376 JLINK_IsHalted()
T1758 086:938.352 - 0.968ms returns FALSE
T7AD0 086:947.952 JLINK_IsHalted()
T7AD0 086:948.600 - 0.651ms returns FALSE
T7AD0 086:949.936 JLINK_IsHalted()
T7AD0 086:950.808 - 0.868ms returns FALSE
T7AD0 087:057.416 JLINK_IsHalted()
T7AD0 087:058.280 - 0.862ms returns FALSE
T7AD0 087:059.552 JLINK_IsHalted()
T7AD0 087:060.488 - 0.931ms returns FALSE
T7AD0 087:167.040 JLINK_IsHalted()
T7AD0 087:168.072 - 1.030ms returns FALSE
T7AD0 087:169.384 JLINK_IsHalted()
T7AD0 087:170.216 - 0.836ms returns FALSE
T7AD0 087:276.304 JLINK_IsHalted()
T7AD0 087:277.264 - 0.957ms returns FALSE
T7AD0 087:278.480 JLINK_IsHalted()
T7AD0 087:279.376 - 0.896ms returns FALSE
T7AD0 087:385.264 JLINK_IsHalted()
T7AD0 087:386.016 - 0.747ms returns FALSE
T7AD0 087:387.280 JLINK_IsHalted()
T7AD0 087:388.208 - 0.931ms returns FALSE
T7AD0 087:494.864 JLINK_IsHalted()
T7AD0 087:495.952 - 1.094ms returns FALSE
T7AD0 087:497.200 JLINK_IsHalted()
T7AD0 087:498.160 - 0.954ms returns FALSE
T7AD0 087:604.656 JLINK_IsHalted()
T7AD0 087:605.568 - 0.910ms returns FALSE
T7AD0 087:606.832 JLINK_IsHalted()
T7AD0 087:607.784 - 0.948ms returns FALSE
T7AD0 087:713.920 JLINK_IsHalted()
T7AD0 087:714.968 - 1.050ms returns FALSE
T7AD0 087:716.248 JLINK_IsHalted()
T7AD0 087:717.184 - 0.935ms returns FALSE
T7AD0 087:823.464 JLINK_IsHalted()
T7AD0 087:824.680 - 1.216ms returns FALSE
T7AD0 087:825.936 JLINK_IsHalted()
T7AD0 087:826.880 - 0.939ms returns FALSE
T7AD0 087:932.800 JLINK_IsHalted()
T7AD0 087:933.392 - 0.588ms returns FALSE
T7AD0 087:934.624 JLINK_IsHalted()
T7AD0 087:935.680 - 1.058ms returns FALSE
T1758 087:938.960 JLINK_IsHalted()
T1758 087:939.792 - 0.829ms returns FALSE
T1758 087:939.816 JLINK_IsHalted()
T1758 087:940.896 - 1.079ms returns FALSE
T7AD0 088:042.024 JLINK_IsHalted()
T7AD0 088:042.696 - 0.673ms returns FALSE
T7AD0 088:043.920 JLINK_IsHalted()
T7AD0 088:044.888 - 0.966ms returns FALSE
T7AD0 088:150.776 JLINK_IsHalted()
T7AD0 088:151.712 - 0.936ms returns FALSE
T7AD0 088:152.928 JLINK_IsHalted()
T7AD0 088:153.888 - 0.961ms returns FALSE
T7AD0 088:261.680 JLINK_IsHalted()
T7AD0 088:262.680 - 0.999ms returns FALSE
T7AD0 088:263.936 JLINK_IsHalted()
T7AD0 088:264.888 - 0.950ms returns FALSE
T7AD0 088:369.760 JLINK_IsHalted()
T7AD0 088:370.384 - 0.615ms returns FALSE
T7AD0 088:371.688 JLINK_IsHalted()
T7AD0 088:372.576 - 0.891ms returns FALSE
T7AD0 088:479.848 JLINK_IsHalted()
T7AD0 088:480.400 - 0.556ms returns FALSE
T7AD0 088:481.648 JLINK_IsHalted()
T7AD0 088:482.672 - 1.034ms returns FALSE
T7AD0 088:589.168 JLINK_IsHalted()
T7AD0 088:590.200 - 1.034ms returns FALSE
T7AD0 088:591.448 JLINK_IsHalted()
T7AD0 088:592.400 - 0.947ms returns FALSE
T7AD0 088:698.352 JLINK_IsHalted()
T7AD0 088:699.424 - 1.073ms returns FALSE
T7AD0 088:700.648 JLINK_IsHalted()
T7AD0 088:701.680 - 1.025ms returns FALSE
T7AD0 088:807.168 JLINK_IsHalted()
T7AD0 088:808.464 - 1.291ms returns FALSE
T7AD0 088:809.680 JLINK_IsHalted()
T7AD0 088:810.680 - 1.004ms returns FALSE
T7AD0 088:916.752 JLINK_IsHalted()
T7AD0 088:917.456 - 0.694ms returns FALSE
T7AD0 088:918.720 JLINK_IsHalted()
T7AD0 088:919.680 - 0.960ms returns FALSE
T1758 088:941.192 JLINK_IsHalted()
T1758 088:942.064 - 0.872ms returns FALSE
T1758 088:942.088 JLINK_IsHalted()
T1758 088:943.152 - 1.068ms returns FALSE
T7AD0 089:026.504 JLINK_IsHalted()
T7AD0 089:027.552 - 1.049ms returns FALSE
T7AD0 089:028.832 JLINK_IsHalted()
T7AD0 089:029.776 - 0.950ms returns FALSE
T7AD0 089:135.600 JLINK_IsHalted()
T7AD0 089:136.568 - 0.967ms returns FALSE
T7AD0 089:136.592 JLINK_IsHalted()
T7AD0 089:137.680 - 1.086ms returns FALSE
T7AD0 089:245.456 JLINK_IsHalted()
T7AD0 089:246.560 - 1.106ms returns FALSE
T7AD0 089:247.824 JLINK_IsHalted()
T7AD0 089:248.784 - 0.957ms returns FALSE
T7AD0 089:354.184 JLINK_IsHalted()
T7AD0 089:354.704 - 0.521ms returns FALSE
T7AD0 089:356.024 JLINK_IsHalted()
T7AD0 089:356.912 - 0.880ms returns FALSE
T7AD0 089:463.744 JLINK_IsHalted()
T7AD0 089:464.408 - 0.665ms returns FALSE
T7AD0 089:465.688 JLINK_IsHalted()
T7AD0 089:466.616 - 0.926ms returns FALSE
T7AD0 089:573.256 JLINK_IsHalted()
T7AD0 089:574.272 - 1.016ms returns FALSE
T7AD0 089:575.576 JLINK_IsHalted()
T7AD0 089:576.464 - 0.891ms returns FALSE
T7AD0 089:682.416 JLINK_IsHalted()
T7AD0 089:683.424 - 1.005ms returns FALSE
T7AD0 089:684.648 JLINK_IsHalted()
T7AD0 089:685.672 - 1.024ms returns FALSE
T7AD0 089:791.440 JLINK_IsHalted()
T7AD0 089:792.472 - 1.040ms returns FALSE
T7AD0 089:793.712 JLINK_IsHalted()
T7AD0 089:794.680 - 0.971ms returns FALSE
T7AD0 089:901.448 JLINK_IsHalted()
T7AD0 089:902.072 - 0.627ms returns FALSE
T7AD0 089:902.096 JLINK_IsHalted()
T7AD0 089:903.176 - 1.077ms returns FALSE
T1758 089:943.624 JLINK_IsHalted()
T1758 089:944.104 - 0.476ms returns FALSE
T1758 089:944.120 JLINK_IsHalted()
T1758 089:945.200 - 1.081ms returns FALSE
T7AD0 090:010.528 JLINK_IsHalted()
T7AD0 090:011.344 - 0.817ms returns FALSE
T7AD0 090:012.576 JLINK_IsHalted()
T7AD0 090:013.536 - 0.961ms returns FALSE
T7AD0 090:119.944 JLINK_IsHalted()
T7AD0 090:121.080 - 1.137ms returns FALSE
T7AD0 090:122.352 JLINK_IsHalted()
T7AD0 090:123.280 - 0.925ms returns FALSE
T7AD0 090:229.120 JLINK_IsHalted()
T7AD0 090:229.904 - 0.779ms returns FALSE
T7AD0 090:231.160 JLINK_IsHalted()
T7AD0 090:232.096 - 0.938ms returns FALSE
T7AD0 090:340.112 JLINK_IsHalted()
T7AD0 090:341.088 - 0.977ms returns FALSE
T7AD0 090:342.264 JLINK_IsHalted()
T7AD0 090:343.288 - 1.021ms returns FALSE
T7AD0 090:447.744 JLINK_IsHalted()
T7AD0 090:448.784 - 1.042ms returns FALSE
T7AD0 090:450.064 JLINK_IsHalted()
T7AD0 090:450.976 - 0.915ms returns FALSE
T7AD0 090:557.248 JLINK_IsHalted()
T7AD0 090:557.808 - 0.557ms returns FALSE
T7AD0 090:559.056 JLINK_IsHalted()
T7AD0 090:559.984 - 0.924ms returns FALSE
T7AD0 090:666.352 JLINK_IsHalted()
T7AD0 090:667.024 - 0.664ms returns FALSE
T7AD0 090:668.224 JLINK_IsHalted()
T7AD0 090:669.224 - 0.999ms returns FALSE
T7AD0 090:775.856 JLINK_IsHalted()
T7AD0 090:776.952 - 1.094ms returns FALSE
T7AD0 090:778.224 JLINK_IsHalted()
T7AD0 090:779.144 - 0.917ms returns FALSE
T7AD0 090:885.560 JLINK_IsHalted()
T7AD0 090:886.680 - 1.118ms returns FALSE
T7AD0 090:887.928 JLINK_IsHalted()
T7AD0 090:888.928 - 0.994ms returns FALSE
T1758 090:944.640 JLINK_IsHalted()
T1758 090:945.144 - 0.509ms returns FALSE
T1758 090:945.168 JLINK_IsHalted()
T1758 090:946.256 - 1.085ms returns FALSE
T7AD0 090:995.248 JLINK_IsHalted()
T7AD0 090:995.880 - 0.632ms returns FALSE
T7AD0 090:997.280 JLINK_IsHalted()
T7AD0 090:998.064 - 0.782ms returns FALSE
T7AD0 091:104.696 JLINK_IsHalted()
T7AD0 091:105.712 - 1.016ms returns FALSE
T7AD0 091:106.984 JLINK_IsHalted()
T7AD0 091:107.920 - 0.935ms returns FALSE
T7AD0 091:213.784 JLINK_IsHalted()
T7AD0 091:214.416 - 0.628ms returns FALSE
T7AD0 091:214.432 JLINK_IsHalted()
T7AD0 091:215.552 - 1.116ms returns FALSE
T7AD0 091:322.632 JLINK_IsHalted()
T7AD0 091:323.192 - 0.567ms returns FALSE
T7AD0 091:324.472 JLINK_IsHalted()
T7AD0 091:325.408 - 0.931ms returns FALSE
T7AD0 091:432.488 JLINK_IsHalted()
T7AD0 091:433.128 - 0.644ms returns FALSE
T7AD0 091:434.344 JLINK_IsHalted()
T7AD0 091:435.368 - 1.019ms returns FALSE
T7AD0 091:541.808 JLINK_IsHalted()
T7AD0 091:542.232 - 0.425ms returns FALSE
T7AD0 091:543.464 JLINK_IsHalted()
T7AD0 091:544.432 - 0.973ms returns FALSE
T7AD0 091:651.200 JLINK_IsHalted()
T7AD0 091:652.496 - 1.293ms returns FALSE
T7AD0 091:653.672 JLINK_IsHalted()
T7AD0 091:654.672 - 1.008ms returns FALSE
T7AD0 091:760.768 JLINK_IsHalted()
T7AD0 091:761.688 - 0.919ms returns FALSE
T7AD0 091:762.960 JLINK_IsHalted()
T7AD0 091:763.888 - 0.926ms returns FALSE
T7AD0 091:869.808 JLINK_IsHalted()
T7AD0 091:870.448 - 0.647ms returns FALSE
T7AD0 091:871.680 JLINK_IsHalted()
T7AD0 091:872.688 - 1.002ms returns FALSE
T1758 091:945.952 JLINK_IsHalted()
T1758 091:946.344 - 0.389ms returns FALSE
T1758 091:946.352 JLINK_IsHalted()
T1758 091:947.440 - 1.087ms returns FALSE
T7AD0 091:979.264 JLINK_IsHalted()
T7AD0 091:979.688 - 0.423ms returns FALSE
T7AD0 091:980.944 JLINK_IsHalted()
T7AD0 091:981.888 - 0.946ms returns FALSE
T7AD0 092:091.264 JLINK_IsHalted()
T7AD0 092:092.336 - 1.073ms returns FALSE
T7AD0 092:093.560 JLINK_IsHalted()
T7AD0 092:094.544 - 0.983ms returns FALSE
T7AD0 092:198.184 JLINK_IsHalted()
T7AD0 092:199.048 - 0.860ms returns FALSE
T7AD0 092:200.304 JLINK_IsHalted()
T7AD0 092:201.232 - 0.928ms returns FALSE
T7AD0 092:307.896 JLINK_IsHalted()
T7AD0 092:308.904 - 1.003ms returns FALSE
T7AD0 092:310.128 JLINK_IsHalted()
T7AD0 092:311.104 - 0.979ms returns FALSE
T7AD0 092:417.072 JLINK_IsHalted()
T7AD0 092:417.936 - 0.854ms returns FALSE
T7AD0 092:419.216 JLINK_IsHalted()
T7AD0 092:420.144 - 0.928ms returns FALSE
T7AD0 092:525.912 JLINK_IsHalted()
T7AD0 092:526.752 - 0.840ms returns FALSE
T7AD0 092:528.016 JLINK_IsHalted()
T7AD0 092:528.944 - 0.929ms returns FALSE
T7AD0 092:635.944 JLINK_IsHalted()
T7AD0 092:636.976 - 1.028ms returns FALSE
T7AD0 092:638.216 JLINK_IsHalted()
T7AD0 092:639.152 - 0.937ms returns FALSE
T7AD0 092:749.000 JLINK_IsHalted()
T7AD0 092:749.960 - 0.958ms returns FALSE
T7AD0 092:749.968 JLINK_IsHalted()
T7AD0 092:751.056 - 1.091ms returns FALSE
T7AD0 092:854.800 JLINK_IsHalted()
T7AD0 092:855.568 - 0.764ms returns FALSE
T7AD0 092:856.816 JLINK_IsHalted()
T7AD0 092:857.784 - 0.968ms returns FALSE
T1758 092:947.536 JLINK_IsHalted()
T1758 092:948.792 - 1.259ms returns FALSE
T1758 092:948.816 JLINK_IsHalted()
T1758 092:949.944 - 1.124ms returns FALSE
T7AD0 092:966.968 JLINK_IsHalted()
T7AD0 092:967.984 - 1.018ms returns FALSE
T7AD0 092:968.008 JLINK_IsHalted()
T7AD0 092:968.992 - 0.982ms returns FALSE
T7AD0 093:073.264 JLINK_IsHalted()
T7AD0 093:074.360 - 1.092ms returns FALSE
T7AD0 093:075.744 JLINK_IsHalted()
T7AD0 093:076.568 - 0.828ms returns FALSE
T7AD0 093:182.880 JLINK_IsHalted()
T7AD0 093:184.040 - 1.157ms returns FALSE
T7AD0 093:185.272 JLINK_IsHalted()
T7AD0 093:186.192 - 0.921ms returns FALSE
T7AD0 093:295.128 JLINK_IsHalted()
T7AD0 093:296.072 - 0.939ms returns FALSE
T7AD0 093:296.080 JLINK_IsHalted()
T7AD0 093:297.168 - 1.080ms returns FALSE
T7AD0 093:400.976 JLINK_IsHalted()
T7AD0 093:401.872 - 0.888ms returns FALSE
T7AD0 093:403.120 JLINK_IsHalted()
T7AD0 093:404.264 - 1.136ms returns FALSE
T7AD0 093:510.624 JLINK_IsHalted()
T7AD0 093:511.784 - 1.157ms returns FALSE
T7AD0 093:513.048 JLINK_IsHalted()
T7AD0 093:513.984 - 0.929ms returns FALSE
T7AD0 093:619.568 JLINK_IsHalted()
T7AD0 093:620.768 - 1.203ms returns FALSE
T7AD0 093:622.032 JLINK_IsHalted()
T7AD0 093:622.968 - 0.941ms returns FALSE
T7AD0 093:729.584 JLINK_IsHalted()
T7AD0 093:730.120 - 0.527ms returns FALSE
T7AD0 093:731.272 JLINK_IsHalted()
T7AD0 093:732.264 - 0.994ms returns FALSE
T7AD0 093:839.104 JLINK_IsHalted()
T7AD0 093:839.776 - 0.673ms returns FALSE
T7AD0 093:841.024 JLINK_IsHalted()
T7AD0 093:841.976 - 0.954ms returns FALSE
T7AD0 093:948.144 JLINK_IsHalted()
T7AD0 093:948.528 - 0.384ms returns FALSE
T7AD0 093:949.784 JLINK_IsHalted()
T7AD0 093:950.800 - 1.013ms returns FALSE
T1758 093:952.888 JLINK_IsHalted()
T1758 093:954.096 - 1.210ms returns FALSE
T1758 093:954.112 JLINK_IsHalted()
T1758 093:955.152 - 1.042ms returns FALSE
T7AD0 094:057.128 JLINK_IsHalted()
T7AD0 094:057.760 - 0.633ms returns FALSE
T7AD0 094:059.160 JLINK_IsHalted()
T7AD0 094:059.992 - 0.829ms returns FALSE
T7AD0 094:167.056 JLINK_IsHalted()
T7AD0 094:167.680 - 0.628ms returns FALSE
T7AD0 094:168.984 JLINK_IsHalted()
T7AD0 094:169.880 - 0.902ms returns FALSE
T7AD0 094:276.488 JLINK_IsHalted()
T7AD0 094:277.280 - 0.792ms returns FALSE
T7AD0 094:278.512 JLINK_IsHalted()
T7AD0 094:279.488 - 0.974ms returns FALSE
T7AD0 094:385.960 JLINK_IsHalted()
T7AD0 094:386.984 - 1.027ms returns FALSE
T7AD0 094:388.232 JLINK_IsHalted()
T7AD0 094:389.264 - 1.029ms returns FALSE
T7AD0 094:494.512 JLINK_IsHalted()
T7AD0 094:495.096 - 0.583ms returns FALSE
T7AD0 094:496.368 JLINK_IsHalted()
T7AD0 094:497.304 - 0.933ms returns FALSE
T7AD0 094:604.344 JLINK_IsHalted()
T7AD0 094:604.984 - 0.644ms returns FALSE
T7AD0 094:606.256 JLINK_IsHalted()
T7AD0 094:607.184 - 0.936ms returns FALSE
T7AD0 094:716.352 JLINK_IsHalted()
T7AD0 094:717.280 - 0.929ms returns FALSE
T7AD0 094:718.544 JLINK_IsHalted()
T7AD0 094:719.496 - 0.947ms returns FALSE
T7AD0 094:823.184 JLINK_IsHalted()
T7AD0 094:824.040 - 0.852ms returns FALSE
T7AD0 094:825.336 JLINK_IsHalted()
T7AD0 094:826.240 - 0.903ms returns FALSE
T7AD0 094:932.416 JLINK_IsHalted()
T7AD0 094:932.808 - 0.392ms returns FALSE
T7AD0 094:934.208 JLINK_IsHalted()
T7AD0 094:935.024 - 0.817ms returns FALSE
T1758 094:955.664 JLINK_IsHalted()
T1758 094:956.504 - 0.838ms returns FALSE
T1758 094:956.528 JLINK_IsHalted()
T1758 094:957.680 - 1.157ms returns FALSE
T7AD0 095:043.216 JLINK_IsHalted()
T7AD0 095:044.120 - 0.897ms returns FALSE
T7AD0 095:045.360 JLINK_IsHalted()
T7AD0 095:046.320 - 0.959ms returns FALSE
T7AD0 095:151.248 JLINK_IsHalted()
T7AD0 095:151.768 - 0.521ms returns FALSE
T7AD0 095:153.008 JLINK_IsHalted()
T7AD0 095:153.968 - 0.967ms returns FALSE
T7AD0 095:260.336 JLINK_IsHalted()
T7AD0 095:260.680 - 0.349ms returns FALSE
T7AD0 095:261.920 JLINK_IsHalted()
T7AD0 095:262.888 - 0.970ms returns FALSE
T7AD0 095:369.768 JLINK_IsHalted()
T7AD0 095:370.320 - 0.554ms returns FALSE
T7AD0 095:371.592 JLINK_IsHalted()
T7AD0 095:372.528 - 0.937ms returns FALSE
T7AD0 095:479.376 JLINK_IsHalted()
T7AD0 095:480.168 - 0.795ms returns FALSE
T7AD0 095:481.384 JLINK_IsHalted()
T7AD0 095:482.360 - 0.979ms returns FALSE
T7AD0 095:592.248 JLINK_IsHalted()
T7AD0 095:593.296 - 1.044ms returns FALSE
T7AD0 095:593.312 JLINK_IsHalted()
T7AD0 095:594.344 - 1.030ms returns FALSE
T7AD0 095:698.672 JLINK_IsHalted()
T7AD0 095:699.424 - 0.754ms returns FALSE
T7AD0 095:700.784 JLINK_IsHalted()
T7AD0 095:701.680 - 0.898ms returns FALSE
T7AD0 095:807.040 JLINK_IsHalted()
T7AD0 095:807.488 - 0.453ms returns FALSE
T7AD0 095:808.736 JLINK_IsHalted()
T7AD0 095:809.696 - 0.959ms returns FALSE
T7AD0 095:916.640 JLINK_IsHalted()
T7AD0 095:917.328 - 0.690ms returns FALSE
T7AD0 095:918.632 JLINK_IsHalted()
T7AD0 095:919.536 - 0.899ms returns FALSE
T1758 095:958.888 JLINK_IsHalted()
T1758 095:959.376 - 0.494ms returns FALSE
T1758 095:959.400 JLINK_IsHalted()
T1758 095:960.488 - 1.087ms returns FALSE
T7AD0 096:026.000 JLINK_IsHalted()
T7AD0 096:026.576 - 0.567ms returns FALSE
T7AD0 096:027.872 JLINK_IsHalted()
T7AD0 096:028.784 - 0.906ms returns FALSE
T7AD0 096:135.384 JLINK_IsHalted()
T7AD0 096:136.400 - 1.012ms returns FALSE
T7AD0 096:137.624 JLINK_IsHalted()
T7AD0 096:138.624 - 0.997ms returns FALSE
T7AD0 096:244.800 JLINK_IsHalted()
T7AD0 096:245.984 - 1.178ms returns FALSE
T7AD0 096:247.248 JLINK_IsHalted()
T7AD0 096:248.184 - 0.942ms returns FALSE
T7AD0 096:354.344 JLINK_IsHalted()
T7AD0 096:354.992 - 0.646ms returns FALSE
T7AD0 096:356.256 JLINK_IsHalted()
T7AD0 096:357.192 - 0.933ms returns FALSE
T7AD0 096:463.888 JLINK_IsHalted()
T7AD0 096:464.688 - 0.797ms returns FALSE
T7AD0 096:465.928 JLINK_IsHalted()
T7AD0 096:466.888 - 0.963ms returns FALSE
T7AD0 096:572.712 JLINK_IsHalted()
T7AD0 096:573.736 - 1.024ms returns FALSE
T7AD0 096:575.080 JLINK_IsHalted()
T7AD0 096:575.952 - 0.867ms returns FALSE
T7AD0 096:682.752 JLINK_IsHalted()
T7AD0 096:683.144 - 0.389ms returns FALSE
T7AD0 096:684.392 JLINK_IsHalted()
T7AD0 096:685.384 - 0.994ms returns FALSE
T7AD0 096:792.048 JLINK_IsHalted()
T7AD0 096:792.976 - 0.932ms returns FALSE
T7AD0 096:794.272 JLINK_IsHalted()
T7AD0 096:795.184 - 0.912ms returns FALSE
T7AD0 096:902.920 JLINK_IsHalted()
T7AD0 096:903.824 - 0.907ms returns FALSE
T7AD0 096:905.032 JLINK_IsHalted()
T7AD0 096:906.000 - 0.963ms returns FALSE
T1758 096:960.976 JLINK_IsHalted()
T1758 096:961.992 - 1.014ms returns FALSE
T1758 096:962.000 JLINK_IsHalted()
T1758 096:963.080 - 1.073ms returns FALSE
T7AD0 097:010.992 JLINK_IsHalted()
T7AD0 097:011.992 - 0.998ms returns FALSE
T7AD0 097:013.136 JLINK_IsHalted()
T7AD0 097:014.064 - 0.932ms returns FALSE
T7AD0 097:119.824 JLINK_IsHalted()
T7AD0 097:120.808 - 0.976ms returns FALSE
T7AD0 097:121.944 JLINK_IsHalted()
T7AD0 097:122.888 - 0.941ms returns FALSE
T7AD0 097:230.232 JLINK_IsHalted()
T7AD0 097:231.440 - 1.203ms returns FALSE
T7AD0 097:232.704 JLINK_IsHalted()
T7AD0 097:233.680 - 0.983ms returns FALSE
T7AD0 097:338.848 JLINK_IsHalted()
T7AD0 097:339.672 - 0.828ms returns FALSE
T7AD0 097:340.912 JLINK_IsHalted()
T7AD0 097:341.880 - 0.969ms returns FALSE
T7AD0 097:448.112 JLINK_IsHalted()
T7AD0 097:448.528 - 0.415ms returns FALSE
T7AD0 097:449.824 JLINK_IsHalted()
T7AD0 097:450.776 - 0.953ms returns FALSE
T7AD0 097:559.384 JLINK_IsHalted()
T7AD0 097:560.304 - 0.921ms returns FALSE
T7AD0 097:561.624 JLINK_IsHalted()
T7AD0 097:562.576 - 0.951ms returns FALSE
T7AD0 097:666.704 JLINK_IsHalted()
T7AD0 097:667.856 - 1.145ms returns FALSE
T7AD0 097:669.160 JLINK_IsHalted()
T7AD0 097:670.032 - 0.871ms returns FALSE
T7AD0 097:776.536 JLINK_IsHalted()
T7AD0 097:777.760 - 1.226ms returns FALSE
T7AD0 097:778.984 JLINK_IsHalted()
T7AD0 097:779.944 - 0.958ms returns FALSE
T7AD0 097:885.592 JLINK_IsHalted()
T7AD0 097:886.416 - 0.824ms returns FALSE
T7AD0 097:887.696 JLINK_IsHalted()
T7AD0 097:888.688 - 0.985ms returns FALSE
T1758 097:963.968 JLINK_IsHalted()
T1758 097:965.056 - 1.088ms returns FALSE
T1758 097:965.072 JLINK_IsHalted()
T1758 097:966.184 - 1.114ms returns FALSE
T7AD0 097:994.520 JLINK_IsHalted()
T7AD0 097:995.704 - 1.185ms returns FALSE
T7AD0 097:996.936 JLINK_IsHalted()
T7AD0 097:997.912 - 0.976ms returns FALSE
T7AD0 098:104.424 JLINK_IsHalted()
T7AD0 098:105.464 - 1.042ms returns FALSE
T7AD0 098:106.720 JLINK_IsHalted()
T7AD0 098:107.680 - 0.958ms returns FALSE
T7AD0 098:214.216 JLINK_IsHalted()
T7AD0 098:215.160 - 0.946ms returns FALSE
T7AD0 098:216.384 JLINK_IsHalted()
T7AD0 098:217.368 - 0.986ms returns FALSE
T7AD0 098:322.960 JLINK_IsHalted()
T7AD0 098:324.080 - 1.127ms returns FALSE
T7AD0 098:325.336 JLINK_IsHalted()
T7AD0 098:326.264 - 0.927ms returns FALSE
T7AD0 098:432.776 JLINK_IsHalted()
T7AD0 098:433.856 - 1.084ms returns FALSE
T7AD0 098:435.024 JLINK_IsHalted()
T7AD0 098:435.984 - 0.958ms returns FALSE
T7AD0 098:541.488 JLINK_IsHalted()
T7AD0 098:542.480 - 0.993ms returns FALSE
T7AD0 098:543.760 JLINK_IsHalted()
T7AD0 098:544.688 - 0.930ms returns FALSE
T7AD0 098:651.472 JLINK_IsHalted()
T7AD0 098:651.984 - 0.515ms returns FALSE
T7AD0 098:653.200 JLINK_IsHalted()
T7AD0 098:654.192 - 0.993ms returns FALSE
T7AD0 098:760.456 JLINK_IsHalted()
T7AD0 098:761.136 - 0.677ms returns FALSE
T7AD0 098:762.352 JLINK_IsHalted()
T7AD0 098:763.336 - 0.982ms returns FALSE
T7AD0 098:870.384 JLINK_IsHalted()
T7AD0 098:870.856 - 0.473ms returns FALSE
T7AD0 098:872.072 JLINK_IsHalted()
T7AD0 098:873.064 - 0.989ms returns FALSE
T1758 098:967.696 JLINK_IsHalted()
T1758 098:968.784 - 1.085ms returns FALSE
T1758 098:968.800 JLINK_IsHalted()
T1758 098:969.872 - 1.079ms returns FALSE
T7AD0 098:979.224 JLINK_IsHalted()
T7AD0 098:980.144 - 0.924ms returns FALSE
T7AD0 098:981.376 JLINK_IsHalted()
T7AD0 098:982.352 - 0.977ms returns FALSE
T7AD0 099:089.184 JLINK_IsHalted()
T7AD0 099:089.832 - 0.650ms returns FALSE
T7AD0 099:089.848 JLINK_IsHalted()
T7AD0 099:090.928 - 1.078ms returns FALSE
T7AD0 099:198.160 JLINK_IsHalted()
T7AD0 099:198.704 - 0.554ms returns FALSE
T7AD0 099:199.960 JLINK_IsHalted()
T7AD0 099:200.880 - 0.918ms returns FALSE
T7AD0 099:308.976 JLINK_IsHalted()
T7AD0 099:309.912 - 0.934ms returns FALSE
T7AD0 099:311.160 JLINK_IsHalted()
T7AD0 099:312.112 - 0.957ms returns FALSE
T7AD0 099:416.552 JLINK_IsHalted()
T7AD0 099:417.488 - 0.933ms returns FALSE
T7AD0 099:418.736 JLINK_IsHalted()
T7AD0 099:419.680 - 0.946ms returns FALSE
T7AD0 099:526.152 JLINK_IsHalted()
T7AD0 099:527.232 - 1.079ms returns FALSE
T7AD0 099:528.464 JLINK_IsHalted()
T7AD0 099:529.424 - 0.959ms returns FALSE
T7AD0 099:635.728 JLINK_IsHalted()
T7AD0 099:636.856 - 1.130ms returns FALSE
T7AD0 099:638.128 JLINK_IsHalted()
T7AD0 099:639.088 - 0.958ms returns FALSE
T7AD0 099:746.928 JLINK_IsHalted()
T7AD0 099:747.888 - 0.964ms returns FALSE
T7AD0 099:749.128 JLINK_IsHalted()
T7AD0 099:750.096 - 0.960ms returns FALSE
T7AD0 099:854.096 JLINK_IsHalted()
T7AD0 099:854.576 - 0.478ms returns FALSE
T7AD0 099:855.840 JLINK_IsHalted()
T7AD0 099:856.784 - 0.944ms returns FALSE
T7AD0 099:963.992 JLINK_IsHalted()
T7AD0 099:965.200 - 1.206ms returns FALSE
T7AD0 099:966.472 JLINK_IsHalted()
T7AD0 099:967.416 - 0.949ms returns FALSE
T1758 099:969.680 JLINK_IsHalted()
T1758 099:970.512 - 0.838ms returns FALSE
T1758 099:970.544 JLINK_IsHalted()
T1758 099:971.680 - 1.140ms returns FALSE
T7AD0 100:072.888 JLINK_IsHalted()
T7AD0 100:073.456 - 0.559ms returns FALSE
T7AD0 100:074.736 JLINK_IsHalted()
T7AD0 100:075.688 - 0.954ms returns FALSE
T7AD0 100:182.408 JLINK_IsHalted()
T7AD0 100:183.160 - 0.759ms returns FALSE
T7AD0 100:184.440 JLINK_IsHalted()
T7AD0 100:185.376 - 0.933ms returns FALSE
T7AD0 100:292.240 JLINK_IsHalted()
T7AD0 100:292.944 - 0.704ms returns FALSE
T7AD0 100:292.960 JLINK_IsHalted()
T7AD0 100:293.968 - 1.005ms returns FALSE
T7AD0 100:400.760 JLINK_IsHalted()
T7AD0 100:401.680 - 0.916ms returns FALSE
T7AD0 100:402.896 JLINK_IsHalted()
T7AD0 100:403.888 - 0.996ms returns FALSE
T7AD0 100:510.544 JLINK_IsHalted()
T7AD0 100:511.496 - 0.941ms returns FALSE
T7AD0 100:512.848 JLINK_IsHalted()
T7AD0 100:513.784 - 0.941ms returns FALSE
T7AD0 100:619.560 JLINK_IsHalted()
T7AD0 100:620.296 - 0.735ms returns FALSE
T7AD0 100:621.544 JLINK_IsHalted()
T7AD0 100:622.512 - 0.963ms returns FALSE
T7AD0 100:729.008 JLINK_IsHalted()
T7AD0 100:730.056 - 1.048ms returns FALSE
T7AD0 100:731.296 JLINK_IsHalted()
T7AD0 100:732.240 - 0.940ms returns FALSE
T7AD0 100:838.832 JLINK_IsHalted()
T7AD0 100:839.968 - 1.132ms returns FALSE
T7AD0 100:841.200 JLINK_IsHalted()
T7AD0 100:842.160 - 0.957ms returns FALSE
T7AD0 100:948.032 JLINK_IsHalted()
T7AD0 100:948.688 - 0.653ms returns FALSE
T7AD0 100:949.912 JLINK_IsHalted()
T7AD0 100:950.888 - 0.973ms returns FALSE
T1758 100:971.320 JLINK_IsHalted()
T1758 100:972.368 - 1.042ms returns FALSE
T1758 100:972.400 JLINK_IsHalted()
T1758 100:973.456 - 1.057ms returns FALSE
T7AD0 101:057.224 JLINK_IsHalted()
T7AD0 101:057.904 - 0.683ms returns FALSE
T7AD0 101:059.200 JLINK_IsHalted()
T7AD0 101:060.096 - 0.895ms returns FALSE
T7AD0 101:167.264 JLINK_IsHalted()
T7AD0 101:167.680 - 0.417ms returns FALSE
T7AD0 101:168.896 JLINK_IsHalted()
T7AD0 101:169.880 - 0.984ms returns FALSE
T7AD0 101:276.432 JLINK_IsHalted()
T7AD0 101:276.800 - 0.374ms returns FALSE
T7AD0 101:278.032 JLINK_IsHalted()
T7AD0 101:279.000 - 0.973ms returns FALSE
T7AD0 101:385.352 JLINK_IsHalted()
T7AD0 101:386.408 - 1.057ms returns FALSE
T7AD0 101:387.760 JLINK_IsHalted()
T7AD0 101:388.720 - 0.962ms returns FALSE
T7AD0 101:494.864 JLINK_IsHalted()
T7AD0 101:495.264 - 0.403ms returns FALSE
T7AD0 101:496.496 JLINK_IsHalted()
T7AD0 101:497.472 - 0.980ms returns FALSE
T7AD0 101:604.224 JLINK_IsHalted()
T7AD0 101:605.008 - 0.790ms returns FALSE
T7AD0 101:606.256 JLINK_IsHalted()
T7AD0 101:607.216 - 0.969ms returns FALSE
T7AD0 101:713.848 JLINK_IsHalted()
T7AD0 101:714.832 - 0.983ms returns FALSE
T7AD0 101:716.048 JLINK_IsHalted()
T7AD0 101:716.960 - 0.915ms returns FALSE
T7AD0 101:823.144 JLINK_IsHalted()
T7AD0 101:823.768 - 0.630ms returns FALSE
T7AD0 101:824.976 JLINK_IsHalted()
T7AD0 101:825.912 - 0.939ms returns FALSE
T7AD0 101:932.760 JLINK_IsHalted()
T7AD0 101:933.392 - 0.629ms returns FALSE
T7AD0 101:933.408 JLINK_IsHalted()
T7AD0 101:934.488 - 1.079ms returns FALSE
T1758 101:974.288 JLINK_IsHalted()
T1758 101:975.568 - 1.280ms returns FALSE
T1758 101:975.584 JLINK_IsHalted()
T1758 101:976.616 - 1.030ms returns FALSE
T7AD0 102:041.416 JLINK_IsHalted()
T7AD0 102:042.744 - 1.326ms returns FALSE
T7AD0 102:044.064 JLINK_IsHalted()
T7AD0 102:044.968 - 0.896ms returns FALSE
T7AD0 102:151.648 JLINK_IsHalted()
T7AD0 102:152.536 - 0.888ms returns FALSE
T7AD0 102:153.840 JLINK_IsHalted()
T7AD0 102:154.784 - 0.942ms returns FALSE
T7AD0 102:261.112 JLINK_IsHalted()
T7AD0 102:262.280 - 1.166ms returns FALSE
T7AD0 102:263.568 JLINK_IsHalted()
T7AD0 102:264.488 - 0.920ms returns FALSE
T7AD0 102:369.832 JLINK_IsHalted()
T7AD0 102:370.288 - 0.461ms returns FALSE
T7AD0 102:371.536 JLINK_IsHalted()
T7AD0 102:372.496 - 0.960ms returns FALSE
T7AD0 102:479.856 JLINK_IsHalted()
T7AD0 102:480.992 - 1.139ms returns FALSE
T7AD0 102:482.240 JLINK_IsHalted()
T7AD0 102:483.168 - 0.925ms returns FALSE
T7AD0 102:588.736 JLINK_IsHalted()
T7AD0 102:589.824 - 1.089ms returns FALSE
T7AD0 102:591.064 JLINK_IsHalted()
T7AD0 102:591.984 - 0.917ms returns FALSE
T7AD0 102:697.864 JLINK_IsHalted()
T7AD0 102:698.880 - 1.017ms returns FALSE
T7AD0 102:700.152 JLINK_IsHalted()
T7AD0 102:701.080 - 0.928ms returns FALSE
T7AD0 102:807.384 JLINK_IsHalted()
T7AD0 102:808.008 - 0.618ms returns FALSE
T7AD0 102:809.248 JLINK_IsHalted()
T7AD0 102:810.208 - 0.959ms returns FALSE
T7AD0 102:917.256 JLINK_IsHalted()
T7AD0 102:917.936 - 0.678ms returns FALSE
T7AD0 102:919.200 JLINK_IsHalted()
T7AD0 102:920.136 - 0.934ms returns FALSE
T1758 102:977.136 JLINK_IsHalted()
T1758 102:978.224 - 1.086ms returns FALSE
T1758 102:978.240 JLINK_IsHalted()
T1758 102:979.320 - 1.079ms returns FALSE
T7AD0 103:025.776 JLINK_IsHalted()
T7AD0 103:026.304 - 0.524ms returns FALSE
T7AD0 103:027.552 JLINK_IsHalted()
T7AD0 103:028.528 - 0.968ms returns FALSE
T7AD0 103:135.880 JLINK_IsHalted()
T7AD0 103:136.376 - 0.493ms returns FALSE
T7AD0 103:137.624 JLINK_IsHalted()
T7AD0 103:138.536 - 0.904ms returns FALSE
T7AD0 103:244.688 JLINK_IsHalted()
T7AD0 103:245.280 - 0.588ms returns FALSE
T7AD0 103:246.536 JLINK_IsHalted()
T7AD0 103:247.568 - 1.029ms returns FALSE
T7AD0 103:354.464 JLINK_IsHalted()
T7AD0 103:355.016 - 0.545ms returns FALSE
T7AD0 103:356.224 JLINK_IsHalted()
T7AD0 103:357.184 - 0.962ms returns FALSE
T7AD0 103:463.560 JLINK_IsHalted()
T7AD0 103:464.712 - 1.150ms returns FALSE
T7AD0 103:466.016 JLINK_IsHalted()
T7AD0 103:466.904 - 0.894ms returns FALSE
T7AD0 103:573.448 JLINK_IsHalted()
T7AD0 103:574.416 - 0.966ms returns FALSE
T7AD0 103:574.440 JLINK_IsHalted()
T7AD0 103:575.512 - 1.074ms returns FALSE
T7AD0 103:682.768 JLINK_IsHalted()
T7AD0 103:683.600 - 0.834ms returns FALSE
T7AD0 103:684.880 JLINK_IsHalted()
T7AD0 103:685.808 - 0.929ms returns FALSE
T7AD0 103:791.728 JLINK_IsHalted()
T7AD0 103:792.792 - 1.067ms returns FALSE
T7AD0 103:794.040 JLINK_IsHalted()
T7AD0 103:795.008 - 0.967ms returns FALSE
T7AD0 103:900.736 JLINK_IsHalted()
T7AD0 103:901.688 - 0.954ms returns FALSE
T7AD0 103:902.928 JLINK_IsHalted()
T7AD0 103:903.896 - 0.972ms returns FALSE
T1758 103:979.568 JLINK_IsHalted()
T1758 103:980.320 - 0.750ms returns FALSE
T1758 103:980.336 JLINK_IsHalted()
T1758 103:981.416 - 1.075ms returns FALSE
T7AD0 104:010.488 JLINK_IsHalted()
T7AD0 104:010.960 - 0.474ms returns FALSE
T7AD0 104:012.200 JLINK_IsHalted()
T7AD0 104:013.136 - 0.939ms returns FALSE
T7AD0 104:120.320 JLINK_IsHalted()
T7AD0 104:120.712 - 0.389ms returns FALSE
T7AD0 104:121.936 JLINK_IsHalted()
T7AD0 104:122.880 - 0.939ms returns FALSE
T7AD0 104:229.088 JLINK_IsHalted()
T7AD0 104:230.312 - 1.219ms returns FALSE
T7AD0 104:231.688 JLINK_IsHalted()
T7AD0 104:232.520 - 0.828ms returns FALSE
T7AD0 104:340.328 JLINK_IsHalted()
T7AD0 104:341.288 - 0.964ms returns FALSE
T7AD0 104:342.520 JLINK_IsHalted()
T7AD0 104:343.504 - 0.981ms returns FALSE
T7AD0 104:448.240 JLINK_IsHalted()
T7AD0 104:448.960 - 0.711ms returns FALSE
T7AD0 104:452.144 JLINK_IsHalted()
T7AD0 104:453.352 - 1.212ms returns FALSE
T7AD0 104:557.008 JLINK_IsHalted()
T7AD0 104:557.776 - 0.769ms returns FALSE
T7AD0 104:559.040 JLINK_IsHalted()
T7AD0 104:559.984 - 0.941ms returns FALSE
T7AD0 104:667.144 JLINK_IsHalted()
T7AD0 104:667.896 - 0.751ms returns FALSE
T7AD0 104:669.128 JLINK_IsHalted()
T7AD0 104:670.104 - 0.976ms returns FALSE
T7AD0 104:779.312 JLINK_IsHalted()
T7AD0 104:780.296 - 0.980ms returns FALSE
T7AD0 104:780.312 JLINK_IsHalted()
T7AD0 104:781.400 - 1.085ms returns FALSE
T7AD0 104:885.712 JLINK_IsHalted()
T7AD0 104:886.800 - 1.092ms returns FALSE
T7AD0 104:888.032 JLINK_IsHalted()
T7AD0 104:889.008 - 0.969ms returns FALSE
T1758 104:982.440 JLINK_IsHalted()
T1758 104:983.016 - 0.574ms returns FALSE
T1758 104:983.032 JLINK_IsHalted()
T1758 104:984.112 - 1.083ms returns FALSE
T7AD0 104:995.232 JLINK_IsHalted()
T7AD0 104:996.304 - 1.077ms returns FALSE
T7AD0 104:997.544 JLINK_IsHalted()
T7AD0 104:998.512 - 0.974ms returns FALSE
T7AD0 105:104.632 JLINK_IsHalted()
T7AD0 105:105.088 - 0.449ms returns FALSE
T7AD0 105:106.312 JLINK_IsHalted()
T7AD0 105:107.288 - 0.981ms returns FALSE
T7AD0 105:213.448 JLINK_IsHalted()
T7AD0 105:213.872 - 0.416ms returns FALSE
T7AD0 105:215.088 JLINK_IsHalted()
T7AD0 105:216.072 - 0.983ms returns FALSE
T7AD0 105:323.232 JLINK_IsHalted()
T7AD0 105:323.680 - 0.447ms returns FALSE
T7AD0 105:324.960 JLINK_IsHalted()
T7AD0 105:325.880 - 0.925ms returns FALSE
T7AD0 105:432.624 JLINK_IsHalted()
T7AD0 105:433.424 - 0.807ms returns FALSE
T7AD0 105:434.680 JLINK_IsHalted()
T7AD0 105:435.696 - 1.020ms returns FALSE
T7AD0 105:541.792 JLINK_IsHalted()
T7AD0 105:542.440 - 0.647ms returns FALSE
T7AD0 105:543.720 JLINK_IsHalted()
T7AD0 105:544.704 - 0.985ms returns FALSE
T7AD0 105:651.736 JLINK_IsHalted()
T7AD0 105:652.272 - 0.531ms returns FALSE
T7AD0 105:653.584 JLINK_IsHalted()
T7AD0 105:654.416 - 0.835ms returns FALSE
T7AD0 105:760.344 JLINK_IsHalted()
T7AD0 105:761.488 - 1.139ms returns FALSE
T7AD0 105:762.760 JLINK_IsHalted()
T7AD0 105:763.728 - 0.971ms returns FALSE
T7AD0 105:870.392 JLINK_IsHalted()
T7AD0 105:871.376 - 0.979ms returns FALSE
T7AD0 105:872.592 JLINK_IsHalted()
T7AD0 105:873.584 - 0.983ms returns FALSE
T7AD0 105:979.416 JLINK_IsHalted()
T7AD0 105:980.376 - 0.959ms returns FALSE
T7AD0 105:981.632 JLINK_IsHalted()
T7AD0 105:982.576 - 0.944ms returns FALSE
T1758 105:984.696 JLINK_IsHalted()
T1758 105:985.816 - 1.118ms returns FALSE
T1758 105:985.840 JLINK_IsHalted()
T1758 105:986.992 - 1.154ms returns FALSE
T7AD0 106:088.576 JLINK_IsHalted()
T7AD0 106:089.552 - 0.979ms returns FALSE
T7AD0 106:090.832 JLINK_IsHalted()
T7AD0 106:091.776 - 0.941ms returns FALSE
T7AD0 106:198.536 JLINK_IsHalted()
T7AD0 106:199.312 - 0.782ms returns FALSE
T7AD0 106:200.552 JLINK_IsHalted()
T7AD0 106:201.488 - 0.938ms returns FALSE
T7AD0 106:307.416 JLINK_IsHalted()
T7AD0 106:308.168 - 0.750ms returns FALSE
T7AD0 106:309.416 JLINK_IsHalted()
T7AD0 106:310.384 - 0.969ms returns FALSE
T7AD0 106:416.408 JLINK_IsHalted()
T7AD0 106:416.968 - 0.560ms returns FALSE
T7AD0 106:418.256 JLINK_IsHalted()
T7AD0 106:419.184 - 0.934ms returns FALSE
T7AD0 106:525.944 JLINK_IsHalted()
T7AD0 106:526.736 - 0.788ms returns FALSE
T7AD0 106:527.976 JLINK_IsHalted()
T7AD0 106:528.920 - 0.948ms returns FALSE
T7AD0 106:635.368 JLINK_IsHalted()
T7AD0 106:636.400 - 1.032ms returns FALSE
T7AD0 106:637.680 JLINK_IsHalted()
T7AD0 106:638.592 - 0.908ms returns FALSE
T7AD0 106:746.016 JLINK_IsHalted()
T7AD0 106:746.992 - 0.969ms returns FALSE
T7AD0 106:748.152 JLINK_IsHalted()
T7AD0 106:749.144 - 0.992ms returns FALSE
T7AD0 106:854.000 JLINK_IsHalted()
T7AD0 106:854.776 - 0.773ms returns FALSE
T7AD0 106:856.184 JLINK_IsHalted()
T7AD0 106:856.968 - 0.783ms returns FALSE
T7AD0 106:967.520 JLINK_IsHalted()
T7AD0 106:968.488 - 0.969ms returns FALSE
T7AD0 106:968.512 JLINK_IsHalted()
T7AD0 106:969.600 - 1.089ms returns FALSE
T1758 106:986.880 JLINK_IsHalted()
T1758 106:988.024 - 1.140ms returns FALSE
T1758 106:988.048 JLINK_IsHalted()
T1758 106:989.128 - 1.081ms returns FALSE
T7AD0 107:072.832 JLINK_IsHalted()
T7AD0 107:073.840 - 1.010ms returns FALSE
T7AD0 107:075.088 JLINK_IsHalted()
T7AD0 107:076.040 - 0.950ms returns FALSE
T7AD0 107:182.552 JLINK_IsHalted()
T7AD0 107:183.600 - 1.048ms returns FALSE
T7AD0 107:184.904 JLINK_IsHalted()
T7AD0 107:185.808 - 0.905ms returns FALSE
T7AD0 107:291.944 JLINK_IsHalted()
T7AD0 107:293.176 - 1.232ms returns FALSE
T7AD0 107:294.416 JLINK_IsHalted()
T7AD0 107:295.376 - 0.953ms returns FALSE
T7AD0 107:400.768 JLINK_IsHalted()
T7AD0 107:401.384 - 0.617ms returns FALSE
T7AD0 107:402.480 JLINK_IsHalted()
T7AD0 107:403.408 - 0.928ms returns FALSE
T7AD0 107:510.312 JLINK_IsHalted()
T7AD0 107:511.040 - 0.731ms returns FALSE
T7AD0 107:512.368 JLINK_IsHalted()
T7AD0 107:513.152 - 0.788ms returns FALSE
T7AD0 107:623.024 JLINK_IsHalted()
T7AD0 107:623.984 - 0.956ms returns FALSE
T7AD0 107:624.016 JLINK_IsHalted()
T7AD0 107:625.104 - 1.081ms returns FALSE
T7AD0 107:729.000 JLINK_IsHalted()
T7AD0 107:730.112 - 1.113ms returns FALSE
T7AD0 107:731.376 JLINK_IsHalted()
T7AD0 107:732.312 - 0.934ms returns FALSE
T7AD0 107:838.608 JLINK_IsHalted()
T7AD0 107:839.088 - 0.490ms returns FALSE
T7AD0 107:840.360 JLINK_IsHalted()
T7AD0 107:841.296 - 0.937ms returns FALSE
T7AD0 107:948.144 JLINK_IsHalted()
T7AD0 107:948.776 - 0.625ms returns FALSE
T7AD0 107:950.032 JLINK_IsHalted()
T7AD0 107:950.976 - 0.949ms returns FALSE
T1758 107:989.264 JLINK_IsHalted()
T1758 107:989.888 - 0.625ms returns FALSE
T1758 107:989.904 JLINK_IsHalted()
T1758 107:991.040 - 1.134ms returns FALSE
T7AD0 108:057.392 JLINK_IsHalted()
T7AD0 108:058.264 - 0.870ms returns FALSE
T7AD0 108:059.584 JLINK_IsHalted()
T7AD0 108:060.392 - 0.804ms returns FALSE
T7AD0 108:166.552 JLINK_IsHalted()
T7AD0 108:166.928 - 0.376ms returns FALSE
T7AD0 108:168.168 JLINK_IsHalted()
T7AD0 108:169.136 - 0.972ms returns FALSE
T7AD0 108:275.760 JLINK_IsHalted()
T7AD0 108:276.672 - 0.909ms returns FALSE
T7AD0 108:277.952 JLINK_IsHalted()
T7AD0 108:278.896 - 0.941ms returns FALSE
T7AD0 108:386.856 JLINK_IsHalted()
T7AD0 108:387.800 - 0.943ms returns FALSE
T7AD0 108:388.952 JLINK_IsHalted()
T7AD0 108:389.992 - 1.029ms returns FALSE
T7AD0 108:494.720 JLINK_IsHalted()
T7AD0 108:495.376 - 0.653ms returns FALSE
T7AD0 108:496.560 JLINK_IsHalted()
T7AD0 108:497.576 - 1.009ms returns FALSE
T7AD0 108:604.120 JLINK_IsHalted()
T7AD0 108:605.168 - 1.056ms returns FALSE
T7AD0 108:606.424 JLINK_IsHalted()
T7AD0 108:607.376 - 0.954ms returns FALSE
T7AD0 108:713.344 JLINK_IsHalted()
T7AD0 108:714.000 - 0.652ms returns FALSE
T7AD0 108:715.240 JLINK_IsHalted()
T7AD0 108:716.176 - 0.932ms returns FALSE
T7AD0 108:823.488 JLINK_IsHalted()
T7AD0 108:823.912 - 0.422ms returns FALSE
T7AD0 108:825.296 JLINK_IsHalted()
T7AD0 108:826.112 - 0.814ms returns FALSE
T7AD0 108:932.136 JLINK_IsHalted()
T7AD0 108:932.696 - 0.563ms returns FALSE
T7AD0 108:933.976 JLINK_IsHalted()
T7AD0 108:934.912 - 0.936ms returns FALSE
T1758 108:991.872 JLINK_IsHalted()
T1758 108:993.008 - 1.137ms returns FALSE
T1758 108:993.040 JLINK_IsHalted()
T1758 108:994.128 - 1.084ms returns FALSE
T7AD0 109:041.896 JLINK_IsHalted()
T7AD0 109:042.776 - 0.884ms returns FALSE
T7AD0 109:044.032 JLINK_IsHalted()
T7AD0 109:044.976 - 0.955ms returns FALSE
T7AD0 109:151.632 JLINK_IsHalted()
T7AD0 109:152.680 - 1.047ms returns FALSE
T7AD0 109:153.984 JLINK_IsHalted()
T7AD0 109:154.896 - 0.907ms returns FALSE
T7AD0 109:260.928 JLINK_IsHalted()
T7AD0 109:261.464 - 0.541ms returns FALSE
T7AD0 109:262.704 JLINK_IsHalted()
T7AD0 109:263.696 - 0.997ms returns FALSE
T7AD0 109:370.304 JLINK_IsHalted()
T7AD0 109:371.280 - 0.962ms returns FALSE
T7AD0 109:372.544 JLINK_IsHalted()
T7AD0 109:373.480 - 0.927ms returns FALSE
T7AD0 109:479.312 JLINK_IsHalted()
T7AD0 109:480.048 - 0.734ms returns FALSE
T7AD0 109:481.344 JLINK_IsHalted()
T7AD0 109:482.264 - 0.924ms returns FALSE
T7AD0 109:588.904 JLINK_IsHalted()
T7AD0 109:589.680 - 0.780ms returns FALSE
T7AD0 109:591.024 JLINK_IsHalted()
T7AD0 109:591.888 - 0.853ms returns FALSE
T7AD0 109:698.456 JLINK_IsHalted()
T7AD0 109:698.880 - 0.423ms returns FALSE
T7AD0 109:700.208 JLINK_IsHalted()
T7AD0 109:701.096 - 0.886ms returns FALSE
T7AD0 109:807.320 JLINK_IsHalted()
T7AD0 109:807.912 - 0.592ms returns FALSE
T7AD0 109:809.152 JLINK_IsHalted()
T7AD0 109:810.112 - 0.960ms returns FALSE
T7AD0 109:917.360 JLINK_IsHalted()
T7AD0 109:917.808 - 0.454ms returns FALSE
T7AD0 109:919.080 JLINK_IsHalted()
T7AD0 109:920.016 - 0.934ms returns FALSE
T1758 109:994.576 JLINK_IsHalted()
T1758 109:995.456 - 0.893ms returns FALSE
T1758 109:995.480 JLINK_IsHalted()
T1758 109:996.568 - 1.091ms returns FALSE
T7AD0 110:026.408 JLINK_IsHalted()
T7AD0 110:026.928 - 0.520ms returns FALSE
T7AD0 110:028.200 JLINK_IsHalted()
T7AD0 110:029.232 - 1.042ms returns FALSE
T7AD0 110:135.744 JLINK_IsHalted()
T7AD0 110:136.936 - 1.189ms returns FALSE
T7AD0 110:138.256 JLINK_IsHalted()
T7AD0 110:139.136 - 0.881ms returns FALSE
T7AD0 110:245.312 JLINK_IsHalted()
T7AD0 110:245.680 - 0.371ms returns FALSE
T7AD0 110:246.992 JLINK_IsHalted()
T7AD0 110:247.888 - 0.886ms returns FALSE
T7AD0 110:353.944 JLINK_IsHalted()
T7AD0 110:354.536 - 0.586ms returns FALSE
T7AD0 110:355.880 JLINK_IsHalted()
T7AD0 110:356.840 - 0.961ms returns FALSE
T7AD0 110:463.792 JLINK_IsHalted()
T7AD0 110:464.304 - 0.518ms returns FALSE
T7AD0 110:465.616 JLINK_IsHalted()
T7AD0 110:466.520 - 0.916ms returns FALSE
T7AD0 110:572.752 JLINK_IsHalted()
T7AD0 110:573.160 - 0.408ms returns FALSE
T7AD0 110:574.400 JLINK_IsHalted()
T7AD0 110:575.360 - 0.961ms returns FALSE
T7AD0 110:682.512 JLINK_IsHalted()
T7AD0 110:683.408 - 0.897ms returns FALSE
T7AD0 110:684.584 JLINK_IsHalted()
T7AD0 110:685.528 - 0.947ms returns FALSE
T7AD0 110:791.704 JLINK_IsHalted()
T7AD0 110:792.296 - 0.580ms returns FALSE
T7AD0 110:793.576 JLINK_IsHalted()
T7AD0 110:794.512 - 0.932ms returns FALSE
T7AD0 110:900.776 JLINK_IsHalted()
T7AD0 110:901.360 - 0.585ms returns FALSE
T7AD0 110:902.680 JLINK_IsHalted()
T7AD0 110:903.576 - 0.895ms returns FALSE
T1758 110:997.296 JLINK_IsHalted()
T1758 110:998.208 - 0.905ms returns FALSE
T1758 110:998.232 JLINK_IsHalted()
T1758 110:999.296 - 1.069ms returns FALSE
T7AD0 111:011.088 JLINK_IsHalted()
T7AD0 111:012.288 - 1.207ms returns FALSE
T7AD0 111:013.584 JLINK_IsHalted()
T7AD0 111:014.512 - 0.934ms returns FALSE
T7AD0 111:119.792 JLINK_IsHalted()
T7AD0 111:120.256 - 0.449ms returns FALSE
T7AD0 111:121.520 JLINK_IsHalted()
T7AD0 111:122.472 - 0.938ms returns FALSE
T7AD0 111:229.208 JLINK_IsHalted()
T7AD0 111:230.184 - 0.981ms returns FALSE
T7AD0 111:231.504 JLINK_IsHalted()
T7AD0 111:232.400 - 0.895ms returns FALSE
T7AD0 111:338.304 JLINK_IsHalted()
T7AD0 111:339.112 - 0.807ms returns FALSE
T7AD0 111:340.352 JLINK_IsHalted()
T7AD0 111:341.312 - 0.950ms returns FALSE
T7AD0 111:447.768 JLINK_IsHalted()
T7AD0 111:448.792 - 1.016ms returns FALSE
T7AD0 111:449.984 JLINK_IsHalted()
T7AD0 111:450.992 - 1.004ms returns FALSE
T7AD0 111:558.144 JLINK_IsHalted()
T7AD0 111:558.696 - 0.557ms returns FALSE
T7AD0 111:559.960 JLINK_IsHalted()
T7AD0 111:560.912 - 0.953ms returns FALSE
T7AD0 111:668.560 JLINK_IsHalted()
T7AD0 111:669.488 - 0.930ms returns FALSE
T7AD0 111:670.848 JLINK_IsHalted()
T7AD0 111:671.792 - 0.954ms returns FALSE
T7AD0 111:776.424 JLINK_IsHalted()
T7AD0 111:777.048 - 0.629ms returns FALSE
T7AD0 111:778.304 JLINK_IsHalted()
T7AD0 111:779.280 - 0.972ms returns FALSE
T7AD0 111:887.088 JLINK_IsHalted()
T7AD0 111:888.064 - 0.968ms returns FALSE
T7AD0 111:889.256 JLINK_IsHalted()
T7AD0 111:890.256 - 0.997ms returns FALSE
T7AD0 111:994.800 JLINK_IsHalted()
T7AD0 111:995.840 - 1.039ms returns FALSE
T7AD0 111:997.096 JLINK_IsHalted()
T7AD0 111:998.056 - 0.971ms returns FALSE
T1758 112:000.168 JLINK_IsHalted()
T1758 112:001.296 - 1.120ms returns FALSE
T1758 112:001.320 JLINK_IsHalted()
T1758 112:002.392 - 1.082ms returns FALSE
T7AD0 112:104.280 JLINK_IsHalted()
T7AD0 112:105.008 - 0.729ms returns FALSE
T7AD0 112:106.264 JLINK_IsHalted()
T7AD0 112:107.216 - 0.939ms returns FALSE
T7AD0 112:213.904 JLINK_IsHalted()
T7AD0 112:214.872 - 0.976ms returns FALSE
T7AD0 112:216.128 JLINK_IsHalted()
T7AD0 112:217.088 - 0.962ms returns FALSE
T7AD0 112:322.664 JLINK_IsHalted()
T7AD0 112:323.696 - 1.039ms returns FALSE
T7AD0 112:324.976 JLINK_IsHalted()
T7AD0 112:325.904 - 0.932ms returns FALSE
T7AD0 112:432.496 JLINK_IsHalted()
T7AD0 112:433.560 - 1.052ms returns FALSE
T7AD0 112:434.688 JLINK_IsHalted()
T7AD0 112:435.712 - 1.017ms returns FALSE
T7AD0 112:541.504 JLINK_IsHalted()
T7AD0 112:542.168 - 0.662ms returns FALSE
T7AD0 112:543.424 JLINK_IsHalted()
T7AD0 112:544.368 - 0.944ms returns FALSE
T7AD0 112:651.288 JLINK_IsHalted()
T7AD0 112:651.864 - 0.584ms returns FALSE
T7AD0 112:653.120 JLINK_IsHalted()
T7AD0 112:654.064 - 0.951ms returns FALSE
T7AD0 112:761.000 JLINK_IsHalted()
T7AD0 112:761.384 - 0.378ms returns FALSE
T7AD0 112:762.768 JLINK_IsHalted()
T7AD0 112:763.568 - 0.805ms returns FALSE
T7AD0 112:869.608 JLINK_IsHalted()
T7AD0 112:870.576 - 0.971ms returns FALSE
T7AD0 112:871.896 JLINK_IsHalted()
T7AD0 112:872.680 - 0.781ms returns FALSE
T7AD0 112:979.304 JLINK_IsHalted()
T7AD0 112:980.184 - 0.880ms returns FALSE
T7AD0 112:981.456 JLINK_IsHalted()
T7AD0 112:982.384 - 0.938ms returns FALSE
T1758 113:002.064 JLINK_IsHalted()
T1758 113:002.960 - 0.906ms returns FALSE
T1758 113:002.984 JLINK_IsHalted()
T1758 113:004.048 - 1.060ms returns FALSE
T7AD0 113:088.680 JLINK_IsHalted()
T7AD0 113:089.240 - 0.553ms returns FALSE
T7AD0 113:090.496 JLINK_IsHalted()
T7AD0 113:091.440 - 0.940ms returns FALSE
T7AD0 113:198.552 JLINK_IsHalted()
T7AD0 113:198.912 - 0.361ms returns FALSE
T7AD0 113:200.232 JLINK_IsHalted()
T7AD0 113:201.136 - 0.913ms returns FALSE
T7AD0 113:307.840 JLINK_IsHalted()
T7AD0 113:308.848 - 1.008ms returns FALSE
T7AD0 113:310.064 JLINK_IsHalted()
T7AD0 113:311.024 - 0.955ms returns FALSE
T7AD0 113:417.360 JLINK_IsHalted()
T7AD0 113:417.776 - 0.426ms returns FALSE
T7AD0 113:419.024 JLINK_IsHalted()
T7AD0 113:419.992 - 0.966ms returns FALSE
T7AD0 113:526.168 JLINK_IsHalted()
T7AD0 113:527.408 - 1.239ms returns FALSE
T7AD0 113:528.624 JLINK_IsHalted()
T7AD0 113:529.688 - 1.056ms returns FALSE
T7AD0 113:635.160 JLINK_IsHalted()
T7AD0 113:636.312 - 1.149ms returns FALSE
T7AD0 113:637.552 JLINK_IsHalted()
T7AD0 113:638.528 - 0.967ms returns FALSE
T7AD0 113:749.008 JLINK_IsHalted()
T7AD0 113:749.888 - 0.883ms returns FALSE
T7AD0 113:749.912 JLINK_IsHalted()
T7AD0 113:751.016 - 1.097ms returns FALSE
T7AD0 113:854.704 JLINK_IsHalted()
T7AD0 113:855.464 - 0.758ms returns FALSE
T7AD0 113:856.704 JLINK_IsHalted()
T7AD0 113:857.680 - 0.963ms returns FALSE
T7AD0 113:963.816 JLINK_IsHalted()
T7AD0 113:964.688 - 0.869ms returns FALSE
T7AD0 113:965.912 JLINK_IsHalted()
T7AD0 113:966.888 - 0.968ms returns FALSE
T1758 114:004.048 JLINK_IsHalted()
T1758 114:004.848 - 0.806ms returns FALSE
T1758 114:004.864 JLINK_IsHalted()
T1758 114:005.928 - 1.059ms returns FALSE
T7AD0 114:072.880 JLINK_IsHalted()
T7AD0 114:073.968 - 1.092ms returns FALSE
T7AD0 114:075.248 JLINK_IsHalted()
T7AD0 114:076.160 - 0.912ms returns FALSE
T7AD0 114:182.120 JLINK_IsHalted()
T7AD0 114:182.736 - 0.610ms returns FALSE
T7AD0 114:183.952 JLINK_IsHalted()
T7AD0 114:184.944 - 0.988ms returns FALSE
T7AD0 114:291.824 JLINK_IsHalted()
T7AD0 114:292.520 - 0.696ms returns FALSE
T7AD0 114:293.992 JLINK_IsHalted()
T7AD0 114:294.784 - 0.797ms returns FALSE
T7AD0 114:401.264 JLINK_IsHalted()
T7AD0 114:401.728 - 0.465ms returns FALSE
T7AD0 114:402.992 JLINK_IsHalted()
T7AD0 114:403.928 - 0.936ms returns FALSE
T7AD0 114:512.560 JLINK_IsHalted()
T7AD0 114:513.536 - 0.969ms returns FALSE
T7AD0 114:514.968 JLINK_IsHalted()
T7AD0 114:515.792 - 0.811ms returns FALSE
T7AD0 114:619.672 JLINK_IsHalted()
T7AD0 114:620.248 - 0.569ms returns FALSE
T7AD0 114:621.488 JLINK_IsHalted()
T7AD0 114:622.448 - 0.961ms returns FALSE
T7AD0 114:729.360 JLINK_IsHalted()
T7AD0 114:730.560 - 1.200ms returns FALSE
T7AD0 114:731.968 JLINK_IsHalted()
T7AD0 114:732.800 - 0.829ms returns FALSE
T7AD0 114:838.936 JLINK_IsHalted()
T7AD0 114:839.512 - 0.580ms returns FALSE
T7AD0 114:840.856 JLINK_IsHalted()
T7AD0 114:841.792 - 0.942ms returns FALSE
T7AD0 114:948.048 JLINK_IsHalted()
T7AD0 114:948.496 - 0.446ms returns FALSE
T7AD0 114:949.824 JLINK_IsHalted()
T7AD0 114:950.784 - 0.951ms returns FALSE
T1758 115:006.184 JLINK_IsHalted()
T1758 115:007.056 - 0.870ms returns FALSE
T1758 115:007.064 JLINK_IsHalted()
T1758 115:008.144 - 1.082ms returns FALSE
T7AD0 115:057.968 JLINK_IsHalted()
T7AD0 115:058.712 - 0.732ms returns FALSE
T7AD0 115:059.984 JLINK_IsHalted()
T7AD0 115:060.912 - 0.929ms returns FALSE
T7AD0 115:166.488 JLINK_IsHalted()
T7AD0 115:167.512 - 1.019ms returns FALSE
T7AD0 115:169.176 JLINK_IsHalted()
T7AD0 115:169.792 - 0.610ms returns FALSE
T7AD0 115:276.864 JLINK_IsHalted()
T7AD0 115:277.464 - 0.599ms returns FALSE
T7AD0 115:278.832 JLINK_IsHalted()
T7AD0 115:279.696 - 0.855ms returns FALSE
T7AD0 115:385.688 JLINK_IsHalted()
T7AD0 115:386.368 - 0.688ms returns FALSE
T7AD0 115:387.664 JLINK_IsHalted()
T7AD0 115:388.584 - 0.925ms returns FALSE
T7AD0 115:495.376 JLINK_IsHalted()
T7AD0 115:496.064 - 0.692ms returns FALSE
T7AD0 115:497.344 JLINK_IsHalted()
T7AD0 115:498.264 - 0.933ms returns FALSE
T7AD0 115:604.672 JLINK_IsHalted()
T7AD0 115:605.744 - 1.085ms returns FALSE
T7AD0 115:607.000 JLINK_IsHalted()
T7AD0 115:607.936 - 0.942ms returns FALSE
T7AD0 115:716.240 JLINK_IsHalted()
T7AD0 115:717.232 - 0.992ms returns FALSE
T7AD0 115:718.488 JLINK_IsHalted()
T7AD0 115:719.424 - 0.934ms returns FALSE
T7AD0 115:823.152 JLINK_IsHalted()
T7AD0 115:824.016 - 0.862ms returns FALSE
T7AD0 115:825.296 JLINK_IsHalted()
T7AD0 115:826.304 - 1.013ms returns FALSE
T7AD0 115:936.080 JLINK_IsHalted()
T7AD0 115:937.024 - 0.941ms returns FALSE
T7AD0 115:937.048 JLINK_IsHalted()
T7AD0 115:938.128 - 1.079ms returns FALSE
T1758 116:008.728 JLINK_IsHalted()
T1758 116:009.680 - 0.947ms returns FALSE
T1758 116:009.704 JLINK_IsHalted()
T1758 116:010.776 - 1.084ms returns FALSE
T7AD0 116:041.536 JLINK_IsHalted()
T7AD0 116:042.096 - 0.563ms returns FALSE
T7AD0 116:043.352 JLINK_IsHalted()
T7AD0 116:044.312 - 0.959ms returns FALSE
T7AD0 116:153.944 JLINK_IsHalted()
T7AD0 116:154.928 - 0.989ms returns FALSE
T7AD0 116:154.944 JLINK_IsHalted()
T7AD0 116:156.032 - 1.086ms returns FALSE
T7AD0 116:260.584 JLINK_IsHalted()
T7AD0 116:261.416 - 0.824ms returns FALSE
T7AD0 116:262.760 JLINK_IsHalted()
T7AD0 116:263.680 - 0.924ms returns FALSE
T7AD0 116:370.048 JLINK_IsHalted()
T7AD0 116:370.432 - 0.374ms returns FALSE
T7AD0 116:371.672 JLINK_IsHalted()
T7AD0 116:372.672 - 1.000ms returns FALSE
T7AD0 116:479.824 JLINK_IsHalted()
T7AD0 116:480.368 - 0.546ms returns FALSE
T7AD0 116:481.624 JLINK_IsHalted()
T7AD0 116:482.576 - 0.948ms returns FALSE
T7AD0 116:589.224 JLINK_IsHalted()
T7AD0 116:590.256 - 1.037ms returns FALSE
T7AD0 116:591.512 JLINK_IsHalted()
T7AD0 116:592.464 - 0.953ms returns FALSE
T7AD0 116:698.152 JLINK_IsHalted()
T7AD0 116:698.672 - 0.525ms returns FALSE
T7AD0 116:699.904 JLINK_IsHalted()
T7AD0 116:700.888 - 0.974ms returns FALSE
T7AD0 116:807.680 JLINK_IsHalted()
T7AD0 116:808.680 - 1.002ms returns FALSE
T7AD0 116:809.920 JLINK_IsHalted()
T7AD0 116:810.880 - 0.967ms returns FALSE
T7AD0 116:917.072 JLINK_IsHalted()
T7AD0 116:917.520 - 0.452ms returns FALSE
T7AD0 116:918.872 JLINK_IsHalted()
T7AD0 116:919.808 - 0.934ms returns FALSE
T1758 117:011.248 JLINK_IsHalted()
T1758 117:012.016 - 0.770ms returns FALSE
T1758 117:012.048 JLINK_IsHalted()
T1758 117:013.168 - 1.122ms returns FALSE
T7AD0 117:026.048 JLINK_IsHalted()
T7AD0 117:027.072 - 1.017ms returns FALSE
T7AD0 117:028.200 JLINK_IsHalted()
T7AD0 117:029.272 - 1.067ms returns FALSE
T7AD0 117:135.664 JLINK_IsHalted()
T7AD0 117:136.688 - 1.015ms returns FALSE
T7AD0 117:137.920 JLINK_IsHalted()
T7AD0 117:138.896 - 0.971ms returns FALSE
T7AD0 117:245.224 JLINK_IsHalted()
T7AD0 117:246.416 - 1.189ms returns FALSE
T7AD0 117:247.680 JLINK_IsHalted()
T7AD0 117:248.688 - 1.015ms returns FALSE
T7AD0 117:354.280 JLINK_IsHalted()
T7AD0 117:355.368 - 1.080ms returns FALSE
T7AD0 117:356.584 JLINK_IsHalted()
T7AD0 117:357.552 - 0.970ms returns FALSE
T7AD0 117:463.976 JLINK_IsHalted()
T7AD0 117:464.528 - 0.556ms returns FALSE
T7AD0 117:465.840 JLINK_IsHalted()
T7AD0 117:466.816 - 0.982ms returns FALSE
T7AD0 117:573.232 JLINK_IsHalted()
T7AD0 117:574.288 - 1.052ms returns FALSE
T7AD0 117:575.528 JLINK_IsHalted()
T7AD0 117:576.488 - 0.967ms returns FALSE
T7AD0 117:682.512 JLINK_IsHalted()
T7AD0 117:683.184 - 0.669ms returns FALSE
T7AD0 117:684.440 JLINK_IsHalted()
T7AD0 117:685.392 - 0.947ms returns FALSE
T7AD0 117:791.888 JLINK_IsHalted()
T7AD0 117:792.688 - 0.810ms returns FALSE
T7AD0 117:793.960 JLINK_IsHalted()
T7AD0 117:794.904 - 0.948ms returns FALSE
T7AD0 117:900.968 JLINK_IsHalted()
T7AD0 117:901.568 - 0.603ms returns FALSE
T7AD0 117:902.832 JLINK_IsHalted()
T7AD0 117:903.808 - 0.975ms returns FALSE
T7AD0 118:010.224 JLINK_IsHalted()
T7AD0 118:010.600 - 0.371ms returns FALSE
T7AD0 118:011.800 JLINK_IsHalted()
T7AD0 118:012.800 - 1.000ms returns FALSE
T1758 118:014.928 JLINK_IsHalted()
T1758 118:016.016 - 1.086ms returns FALSE
T1758 118:016.040 JLINK_IsHalted()
T1758 118:017.104 - 1.069ms returns FALSE
T7AD0 118:120.448 JLINK_IsHalted()
T7AD0 118:121.648 - 1.200ms returns FALSE
T7AD0 118:122.904 JLINK_IsHalted()
T7AD0 118:123.792 - 0.884ms returns FALSE
T7AD0 118:229.096 JLINK_IsHalted()
T7AD0 118:229.520 - 0.426ms returns FALSE
T7AD0 118:230.800 JLINK_IsHalted()
T7AD0 118:231.784 - 0.990ms returns FALSE
T7AD0 118:338.576 JLINK_IsHalted()
T7AD0 118:339.376 - 0.796ms returns FALSE
T7AD0 118:340.592 JLINK_IsHalted()
T7AD0 118:341.696 - 1.097ms returns FALSE
T7AD0 118:448.048 JLINK_IsHalted()
T7AD0 118:449.200 - 1.146ms returns FALSE
T7AD0 118:450.416 JLINK_IsHalted()
T7AD0 118:451.376 - 0.950ms returns FALSE
T7AD0 118:557.840 JLINK_IsHalted()
T7AD0 118:558.960 - 1.131ms returns FALSE
T7AD0 118:560.176 JLINK_IsHalted()
T7AD0 118:561.168 - 0.990ms returns FALSE
T7AD0 118:666.456 JLINK_IsHalted()
T7AD0 118:666.832 - 0.381ms returns FALSE
T7AD0 118:668.080 JLINK_IsHalted()
T7AD0 118:669.032 - 0.952ms returns FALSE
T7AD0 118:776.304 JLINK_IsHalted()
T7AD0 118:777.176 - 0.874ms returns FALSE
T7AD0 118:778.448 JLINK_IsHalted()
T7AD0 118:779.376 - 0.942ms returns FALSE
T7AD0 118:888.984 JLINK_IsHalted()
T7AD0 118:889.984 - 0.998ms returns FALSE
T7AD0 118:890.000 JLINK_IsHalted()
T7AD0 118:891.088 - 1.087ms returns FALSE
T7AD0 118:994.920 JLINK_IsHalted()
T7AD0 118:995.760 - 0.844ms returns FALSE
T7AD0 118:996.992 JLINK_IsHalted()
T7AD0 118:997.976 - 0.987ms returns FALSE
T1758 119:017.960 JLINK_IsHalted()
T1758 119:018.512 - 0.548ms returns FALSE
T1758 119:018.520 JLINK_IsHalted()
T1758 119:019.696 - 1.170ms returns FALSE
T7AD0 119:103.952 JLINK_IsHalted()
T7AD0 119:105.000 - 1.045ms returns FALSE
T7AD0 119:106.280 JLINK_IsHalted()
T7AD0 119:107.200 - 0.916ms returns FALSE
T7AD0 119:216.912 JLINK_IsHalted()
T7AD0 119:217.904 - 0.991ms returns FALSE
T7AD0 119:217.920 JLINK_IsHalted()
T7AD0 119:218.992 - 1.076ms returns FALSE
T7AD0 119:322.992 JLINK_IsHalted()
T7AD0 119:323.520 - 0.522ms returns FALSE
T7AD0 119:324.848 JLINK_IsHalted()
T7AD0 119:325.808 - 0.958ms returns FALSE
T7AD0 119:432.040 JLINK_IsHalted()
T7AD0 119:432.536 - 0.505ms returns FALSE
T7AD0 119:433.792 JLINK_IsHalted()
T7AD0 119:434.800 - 1.003ms returns FALSE
T7AD0 119:542.248 JLINK_IsHalted()
T7AD0 119:543.424 - 1.182ms returns FALSE
T7AD0 119:544.640 JLINK_IsHalted()
T7AD0 119:545.704 - 1.057ms returns FALSE
T7AD0 119:652.496 JLINK_IsHalted()
T7AD0 119:653.480 - 0.978ms returns FALSE
T7AD0 119:654.696 JLINK_IsHalted()
T7AD0 119:655.680 - 0.988ms returns FALSE
T7AD0 119:763.120 JLINK_IsHalted()
T7AD0 119:764.096 - 0.960ms returns FALSE
T7AD0 119:764.112 JLINK_IsHalted()
T7AD0 119:765.200 - 1.085ms returns FALSE
T7AD0 119:869.784 JLINK_IsHalted()
T7AD0 119:870.616 - 0.842ms returns FALSE
T7AD0 119:871.848 JLINK_IsHalted()
T7AD0 119:872.832 - 0.977ms returns FALSE
T7AD0 119:979.200 JLINK_IsHalted()
T7AD0 119:979.544 - 0.341ms returns FALSE
T7AD0 119:980.904 JLINK_IsHalted()
T7AD0 119:981.784 - 0.883ms returns FALSE
T1758 120:020.816 JLINK_IsHalted()
T1758 120:021.648 - 0.828ms returns FALSE
T1758 120:021.656 JLINK_IsHalted()
T1758 120:022.832 - 1.172ms returns FALSE
T7AD0 120:088.832 JLINK_IsHalted()
T7AD0 120:089.688 - 0.854ms returns FALSE
T7AD0 120:090.944 JLINK_IsHalted()
T7AD0 120:091.888 - 0.948ms returns FALSE
T7AD0 120:197.696 JLINK_IsHalted()
T7AD0 120:198.552 - 0.852ms returns FALSE
T7AD0 120:199.824 JLINK_IsHalted()
T7AD0 120:200.784 - 0.964ms returns FALSE
T7AD0 120:311.464 JLINK_IsHalted()
T7AD0 120:312.552 - 1.094ms returns FALSE
T7AD0 120:312.560 JLINK_IsHalted()
T7AD0 120:313.680 - 1.111ms returns FALSE
T7AD0 120:416.464 JLINK_IsHalted()
T7AD0 120:417.320 - 0.854ms returns FALSE
T7AD0 120:418.536 JLINK_IsHalted()
T7AD0 120:419.504 - 0.973ms returns FALSE
T7AD0 120:526.448 JLINK_IsHalted()
T7AD0 120:526.976 - 0.524ms returns FALSE
T7AD0 120:528.216 JLINK_IsHalted()
T7AD0 120:529.264 - 1.051ms returns FALSE
T7AD0 120:635.928 JLINK_IsHalted()
T7AD0 120:636.992 - 1.067ms returns FALSE
T7AD0 120:638.232 JLINK_IsHalted()
T7AD0 120:639.192 - 0.959ms returns FALSE
T7AD0 120:745.424 JLINK_IsHalted()
T7AD0 120:746.384 - 0.950ms returns FALSE
T7AD0 120:747.624 JLINK_IsHalted()
T7AD0 120:748.584 - 0.964ms returns FALSE
T7AD0 120:854.096 JLINK_IsHalted()
T7AD0 120:855.192 - 1.101ms returns FALSE
T7AD0 120:856.424 JLINK_IsHalted()
T7AD0 120:857.392 - 0.976ms returns FALSE
T7AD0 120:963.480 JLINK_IsHalted()
T7AD0 120:963.984 - 0.496ms returns FALSE
T7AD0 120:965.144 JLINK_IsHalted()
T7AD0 120:966.128 - 0.984ms returns FALSE
T1758 121:023.024 JLINK_IsHalted()
T1758 121:023.464 - 0.434ms returns FALSE
T1758 121:023.472 JLINK_IsHalted()
T1758 121:024.656 - 1.174ms returns FALSE
T7AD0 121:072.896 JLINK_IsHalted()
T7AD0 121:073.392 - 0.496ms returns FALSE
T7AD0 121:074.640 JLINK_IsHalted()
T7AD0 121:075.584 - 0.944ms returns FALSE
T7AD0 121:182.016 JLINK_IsHalted()
T7AD0 121:183.128 - 1.110ms returns FALSE
T7AD0 121:184.360 JLINK_IsHalted()
T7AD0 121:185.424 - 1.058ms returns FALSE
T7AD0 121:292.144 JLINK_IsHalted()
T7AD0 121:292.848 - 0.696ms returns FALSE
T7AD0 121:294.096 JLINK_IsHalted()
T7AD0 121:295.080 - 0.984ms returns FALSE
T7AD0 121:400.792 JLINK_IsHalted()
T7AD0 121:401.680 - 0.884ms returns FALSE
T7AD0 121:402.944 JLINK_IsHalted()
T7AD0 121:403.888 - 0.942ms returns FALSE
T7AD0 121:510.448 JLINK_IsHalted()
T7AD0 121:511.344 - 0.900ms returns FALSE
T7AD0 121:512.600 JLINK_IsHalted()
T7AD0 121:513.552 - 0.957ms returns FALSE
T7AD0 121:620.456 JLINK_IsHalted()
T7AD0 121:621.376 - 0.920ms returns FALSE
T7AD0 121:622.568 JLINK_IsHalted()
T7AD0 121:623.664 - 1.101ms returns FALSE
T7AD0 121:728.960 JLINK_IsHalted()
T7AD0 121:729.960 - 0.996ms returns FALSE
T7AD0 121:731.248 JLINK_IsHalted()
T7AD0 121:732.160 - 0.904ms returns FALSE
T7AD0 121:838.800 JLINK_IsHalted()
T7AD0 121:839.664 - 0.879ms returns FALSE
T7AD0 121:841.008 JLINK_IsHalted()
T7AD0 121:841.880 - 0.879ms returns FALSE
T7AD0 121:948.304 JLINK_IsHalted()
T7AD0 121:949.480 - 1.178ms returns FALSE
T7AD0 121:950.784 JLINK_IsHalted()
T7AD0 121:951.704 - 0.919ms returns FALSE
T1758 122:024.848 JLINK_IsHalted()
T1758 122:025.456 - 0.607ms returns FALSE
T1758 122:025.472 JLINK_IsHalted()
T1758 122:026.560 - 1.082ms returns FALSE
T7AD0 122:057.664 JLINK_IsHalted()
T7AD0 122:058.896 - 1.238ms returns FALSE
T7AD0 122:060.120 JLINK_IsHalted()
T7AD0 122:061.104 - 0.976ms returns FALSE
T7AD0 122:167.256 JLINK_IsHalted()
T7AD0 122:167.664 - 0.420ms returns FALSE
T7AD0 122:168.872 JLINK_IsHalted()
T7AD0 122:169.880 - 1.012ms returns FALSE
T7AD0 122:275.728 JLINK_IsHalted()
T7AD0 122:276.416 - 0.686ms returns FALSE
T7AD0 122:277.776 JLINK_IsHalted()
T7AD0 122:278.704 - 0.937ms returns FALSE
T7AD0 122:385.240 JLINK_IsHalted()
T7AD0 122:386.352 - 1.104ms returns FALSE
T7AD0 122:387.632 JLINK_IsHalted()
T7AD0 122:388.560 - 0.920ms returns FALSE
T7AD0 122:495.360 JLINK_IsHalted()
T7AD0 122:496.104 - 0.739ms returns FALSE
T7AD0 122:497.280 JLINK_IsHalted()
T7AD0 122:498.368 - 1.089ms returns FALSE
T7AD0 122:603.888 JLINK_IsHalted()
T7AD0 122:604.904 - 1.014ms returns FALSE
T7AD0 122:606.144 JLINK_IsHalted()
T7AD0 122:607.120 - 0.964ms returns FALSE
T7AD0 122:713.264 JLINK_IsHalted()
T7AD0 122:713.704 - 0.430ms returns FALSE
T7AD0 122:714.920 JLINK_IsHalted()
T7AD0 122:715.904 - 0.982ms returns FALSE
T7AD0 122:822.992 JLINK_IsHalted()
T7AD0 122:823.504 - 0.514ms returns FALSE
T7AD0 122:824.816 JLINK_IsHalted()
T7AD0 122:825.904 - 1.088ms returns FALSE
T7AD0 122:932.528 JLINK_IsHalted()
T7AD0 122:933.336 - 0.818ms returns FALSE
T7AD0 122:934.608 JLINK_IsHalted()
T7AD0 122:935.568 - 0.963ms returns FALSE
T1758 123:027.536 JLINK_IsHalted()
T1758 123:028.584 - 1.047ms returns FALSE
T1758 123:028.592 JLINK_IsHalted()
T1758 123:029.784 - 1.191ms returns FALSE
T7AD0 123:043.088 JLINK_IsHalted()
T7AD0 123:043.888 - 0.800ms returns FALSE
T7AD0 123:045.120 JLINK_IsHalted()
T7AD0 123:046.096 - 0.970ms returns FALSE
T7AD0 123:151.592 JLINK_IsHalted()
T7AD0 123:152.552 - 0.955ms returns FALSE
T7AD0 123:153.896 JLINK_IsHalted()
T7AD0 123:154.896 - 1.004ms returns FALSE
T7AD0 123:260.584 JLINK_IsHalted()
T7AD0 123:261.360 - 0.781ms returns FALSE
T7AD0 123:262.680 JLINK_IsHalted()
T7AD0 123:263.576 - 0.883ms returns FALSE
T7AD0 123:370.264 JLINK_IsHalted()
T7AD0 123:371.264 - 1.009ms returns FALSE
T7AD0 123:372.480 JLINK_IsHalted()
T7AD0 123:373.520 - 1.043ms returns FALSE
T7AD0 123:479.384 JLINK_IsHalted()
T7AD0 123:480.080 - 0.683ms returns FALSE
T7AD0 123:481.320 JLINK_IsHalted()
T7AD0 123:482.304 - 0.973ms returns FALSE
T7AD0 123:589.016 JLINK_IsHalted()
T7AD0 123:589.712 - 0.683ms returns FALSE
T7AD0 123:590.952 JLINK_IsHalted()
T7AD0 123:591.912 - 0.962ms returns FALSE
T7AD0 123:698.216 JLINK_IsHalted()
T7AD0 123:698.600 - 0.384ms returns FALSE
T7AD0 123:700.016 JLINK_IsHalted()
T7AD0 123:700.800 - 0.777ms returns FALSE
T7AD0 123:807.896 JLINK_IsHalted()
T7AD0 123:809.024 - 1.124ms returns FALSE
T7AD0 123:810.432 JLINK_IsHalted()
T7AD0 123:811.328 - 0.897ms returns FALSE
T7AD0 123:919.976 JLINK_IsHalted()
T7AD0 123:921.008 - 1.029ms returns FALSE
T7AD0 123:921.040 JLINK_IsHalted()
T7AD0 123:922.024 - 0.987ms returns FALSE
T7AD0 124:026.384 JLINK_IsHalted()
T7AD0 124:027.376 - 0.993ms returns FALSE
T7AD0 124:028.624 JLINK_IsHalted()
T7AD0 124:029.672 - 1.056ms returns FALSE
T1758 124:032.920 JLINK_IsHalted()
T1758 124:034.032 - 1.102ms returns FALSE
T1758 124:034.048 JLINK_IsHalted()
T1758 124:035.120 - 1.079ms returns FALSE
T7AD0 124:135.888 JLINK_IsHalted()
T7AD0 124:136.896 - 1.016ms returns FALSE
T7AD0 124:138.136 JLINK_IsHalted()
T7AD0 124:139.088 - 0.943ms returns FALSE
T7AD0 124:245.328 JLINK_IsHalted()
T7AD0 124:246.544 - 1.211ms returns FALSE
T7AD0 124:247.808 JLINK_IsHalted()
T7AD0 124:248.792 - 0.982ms returns FALSE
T7AD0 124:354.408 JLINK_IsHalted()
T7AD0 124:355.456 - 1.050ms returns FALSE
T7AD0 124:356.712 JLINK_IsHalted()
T7AD0 124:357.696 - 0.986ms returns FALSE
T7AD0 124:463.528 JLINK_IsHalted()
T7AD0 124:464.304 - 0.775ms returns FALSE
T7AD0 124:465.512 JLINK_IsHalted()
T7AD0 124:466.512 - 0.997ms returns FALSE
T7AD0 124:573.488 JLINK_IsHalted()
T7AD0 124:573.968 - 0.469ms returns FALSE
T7AD0 124:575.192 JLINK_IsHalted()
T7AD0 124:576.168 - 0.975ms returns FALSE
T7AD0 124:682.032 JLINK_IsHalted()
T7AD0 124:682.816 - 0.783ms returns FALSE
T7AD0 124:683.952 JLINK_IsHalted()
T7AD0 124:684.952 - 1.003ms returns FALSE
T7AD0 124:791.696 JLINK_IsHalted()
T7AD0 124:792.360 - 0.665ms returns FALSE
T7AD0 124:793.552 JLINK_IsHalted()
T7AD0 124:794.560 - 1.007ms returns FALSE
T7AD0 124:900.864 JLINK_IsHalted()
T7AD0 124:901.224 - 0.346ms returns FALSE
T7AD0 124:902.464 JLINK_IsHalted()
T7AD0 124:903.464 - 1.007ms returns FALSE
T7AD0 125:010.728 JLINK_IsHalted()
T7AD0 125:011.800 - 1.068ms returns FALSE
T7AD0 125:013.072 JLINK_IsHalted()
T7AD0 125:014.016 - 0.942ms returns FALSE
T1758 125:034.904 JLINK_IsHalted()
T1758 125:035.504 - 0.598ms returns FALSE
T1758 125:035.536 JLINK_IsHalted()
T1758 125:036.720 - 1.190ms returns FALSE
T7AD0 125:119.576 JLINK_IsHalted()
T7AD0 125:120.232 - 0.654ms returns FALSE
T7AD0 125:121.456 JLINK_IsHalted()
T7AD0 125:122.416 - 0.956ms returns FALSE
T7AD0 125:229.592 JLINK_IsHalted()
T7AD0 125:229.992 - 0.394ms returns FALSE
T7AD0 125:231.248 JLINK_IsHalted()
T7AD0 125:232.232 - 0.982ms returns FALSE
T7AD0 125:338.432 JLINK_IsHalted()
T7AD0 125:338.800 - 0.379ms returns FALSE
T7AD0 125:340.144 JLINK_IsHalted()
T7AD0 125:341.144 - 0.997ms returns FALSE
T7AD0 125:447.872 JLINK_IsHalted()
T7AD0 125:448.704 - 0.834ms returns FALSE
T7AD0 125:449.904 JLINK_IsHalted()
T7AD0 125:450.880 - 0.966ms returns FALSE
T7AD0 125:557.360 JLINK_IsHalted()
T7AD0 125:558.512 - 1.150ms returns FALSE
T7AD0 125:559.664 JLINK_IsHalted()
T7AD0 125:560.592 - 0.916ms returns FALSE
T7AD0 125:666.600 JLINK_IsHalted()
T7AD0 125:667.264 - 0.664ms returns FALSE
T7AD0 125:668.480 JLINK_IsHalted()
T7AD0 125:669.464 - 0.979ms returns FALSE
T7AD0 125:776.616 JLINK_IsHalted()
T7AD0 125:777.552 - 0.927ms returns FALSE
T7AD0 125:778.768 JLINK_IsHalted()
T7AD0 125:779.776 - 1.011ms returns FALSE
T7AD0 125:885.720 JLINK_IsHalted()
T7AD0 125:886.768 - 1.058ms returns FALSE
T7AD0 125:888.080 JLINK_IsHalted()
T7AD0 125:889.000 - 0.926ms returns FALSE
T7AD0 125:994.896 JLINK_IsHalted()
T7AD0 125:995.600 - 0.698ms returns FALSE
T7AD0 125:996.840 JLINK_IsHalted()
T7AD0 125:997.824 - 0.984ms returns FALSE
T1758 126:037.416 JLINK_IsHalted()
T1758 126:038.504 - 1.079ms returns FALSE
T1758 126:038.528 JLINK_IsHalted()
T1758 126:039.600 - 1.076ms returns FALSE
T7AD0 126:103.936 JLINK_IsHalted()
T7AD0 126:104.984 - 1.041ms returns FALSE
T7AD0 126:106.176 JLINK_IsHalted()
T7AD0 126:107.176 - 1.003ms returns FALSE
T7AD0 126:214.040 JLINK_IsHalted()
T7AD0 126:214.720 - 0.679ms returns FALSE
T7AD0 126:215.920 JLINK_IsHalted()
T7AD0 126:216.896 - 0.976ms returns FALSE
T7AD0 126:322.712 JLINK_IsHalted()
T7AD0 126:323.688 - 0.971ms returns FALSE
T7AD0 126:324.888 JLINK_IsHalted()
T7AD0 126:325.872 - 0.982ms returns FALSE
T7AD0 126:432.016 JLINK_IsHalted()
T7AD0 126:432.448 - 0.435ms returns FALSE
T7AD0 126:433.704 JLINK_IsHalted()
T7AD0 126:434.688 - 0.980ms returns FALSE
T7AD0 126:543.192 JLINK_IsHalted()
T7AD0 126:544.168 - 0.971ms returns FALSE
T7AD0 126:545.424 JLINK_IsHalted()
T7AD0 126:546.384 - 0.964ms returns FALSE
T7AD0 126:654.912 JLINK_IsHalted()
T7AD0 126:655.872 - 0.968ms returns FALSE
T7AD0 126:655.888 JLINK_IsHalted()
T7AD0 126:656.976 - 1.089ms returns FALSE
T7AD0 126:760.216 JLINK_IsHalted()
T7AD0 126:761.176 - 0.953ms returns FALSE
T7AD0 126:762.408 JLINK_IsHalted()
T7AD0 126:763.376 - 0.974ms returns FALSE
T7AD0 126:873.256 JLINK_IsHalted()
T7AD0 126:874.176 - 0.926ms returns FALSE
T7AD0 126:874.192 JLINK_IsHalted()
T7AD0 126:875.304 - 1.108ms returns FALSE
T7AD0 126:979.472 JLINK_IsHalted()
T7AD0 126:979.816 - 0.341ms returns FALSE
T7AD0 126:981.040 JLINK_IsHalted()
T7AD0 126:982.016 - 0.971ms returns FALSE
T1758 127:040.128 JLINK_IsHalted()
T1758 127:041.008 - 0.872ms returns FALSE
T1758 127:041.024 JLINK_IsHalted()
T1758 127:042.112 - 1.088ms returns FALSE
T7AD0 127:088.944 JLINK_IsHalted()
T7AD0 127:090.096 - 1.148ms returns FALSE
T7AD0 127:091.312 JLINK_IsHalted()
T7AD0 127:092.312 - 0.990ms returns FALSE
T7AD0 127:197.872 JLINK_IsHalted()
T7AD0 127:198.912 - 1.033ms returns FALSE
T7AD0 127:200.144 JLINK_IsHalted()
T7AD0 127:201.128 - 0.986ms returns FALSE
T7AD0 127:307.032 JLINK_IsHalted()
T7AD0 127:307.672 - 0.641ms returns FALSE
T7AD0 127:308.928 JLINK_IsHalted()
T7AD0 127:309.888 - 0.956ms returns FALSE
T7AD0 127:416.832 JLINK_IsHalted()
T7AD0 127:417.424 - 0.582ms returns FALSE
T7AD0 127:418.648 JLINK_IsHalted()
T7AD0 127:419.672 - 1.020ms returns FALSE
T7AD0 127:526.312 JLINK_IsHalted()
T7AD0 127:533.848 - 7.533ms returns FALSE
T7AD0 127:534.928 JLINK_IsHalted()
T7AD0 127:535.784 - 0.854ms returns FALSE
T7AD0 127:635.944 JLINK_IsHalted()
T7AD0 127:636.912 - 0.966ms returns FALSE
T7AD0 127:638.160 JLINK_IsHalted()
T7AD0 127:639.120 - 0.965ms returns FALSE
T7AD0 127:747.712 JLINK_IsHalted()
T7AD0 127:748.568 - 0.855ms returns FALSE
T7AD0 127:748.584 JLINK_IsHalted()
T7AD0 127:749.672 - 1.088ms returns FALSE
T7AD0 127:854.296 JLINK_IsHalted()
T7AD0 127:855.080 - 0.785ms returns FALSE
T7AD0 127:856.336 JLINK_IsHalted()
T7AD0 127:857.280 - 0.942ms returns FALSE
T7AD0 127:963.904 JLINK_IsHalted()
T7AD0 127:964.992 - 1.084ms returns FALSE
T7AD0 127:966.256 JLINK_IsHalted()
T7AD0 127:967.208 - 0.954ms returns FALSE
T1758 128:042.608 JLINK_IsHalted()
T1758 128:043.520 - 0.901ms returns FALSE
T1758 128:043.536 JLINK_IsHalted()
T1758 128:044.688 - 1.148ms returns FALSE
T7AD0 128:073.216 JLINK_IsHalted()
T7AD0 128:074.200 - 0.975ms returns FALSE
T7AD0 128:075.440 JLINK_IsHalted()
T7AD0 128:076.416 - 0.965ms returns FALSE
T7AD0 128:181.992 JLINK_IsHalted()
T7AD0 128:183.120 - 1.120ms returns FALSE
T7AD0 128:184.408 JLINK_IsHalted()
T7AD0 128:185.304 - 0.904ms returns FALSE
T7AD0 128:291.864 JLINK_IsHalted()
T7AD0 128:292.816 - 0.951ms returns FALSE
T7AD0 128:294.128 JLINK_IsHalted()
T7AD0 128:295.024 - 0.892ms returns FALSE
T7AD0 128:401.408 JLINK_IsHalted()
T7AD0 128:402.688 - 1.281ms returns FALSE
T7AD0 128:403.928 JLINK_IsHalted()
T7AD0 128:404.888 - 0.964ms returns FALSE
T7AD0 128:510.512 JLINK_IsHalted()
T7AD0 128:511.408 - 0.892ms returns FALSE
T7AD0 128:512.616 JLINK_IsHalted()
T7AD0 128:513.680 - 1.064ms returns FALSE
T7AD0 128:619.928 JLINK_IsHalted()
T7AD0 128:621.144 - 1.216ms returns FALSE
T7AD0 128:622.528 JLINK_IsHalted()
T7AD0 128:623.344 - 0.819ms returns FALSE
T7AD0 128:729.424 JLINK_IsHalted()
T7AD0 128:730.472 - 1.052ms returns FALSE
T7AD0 128:731.736 JLINK_IsHalted()
T7AD0 128:732.696 - 0.955ms returns FALSE
T7AD0 128:840.368 JLINK_IsHalted()
T7AD0 128:841.304 - 0.934ms returns FALSE
T7AD0 128:842.560 JLINK_IsHalted()
T7AD0 128:843.600 - 1.038ms returns FALSE
T7AD0 128:947.792 JLINK_IsHalted()
T7AD0 128:948.248 - 0.468ms returns FALSE
T7AD0 128:949.480 JLINK_IsHalted()
T7AD0 128:950.448 - 0.969ms returns FALSE
T1758 129:044.976 JLINK_IsHalted()
T1758 129:046.056 - 1.077ms returns FALSE
T1758 129:046.080 JLINK_IsHalted()
T1758 129:047.152 - 1.079ms returns FALSE
T7AD0 129:057.776 JLINK_IsHalted()
T7AD0 129:058.328 - 0.557ms returns FALSE
T7AD0 129:059.560 JLINK_IsHalted()
T7AD0 129:060.544 - 0.975ms returns FALSE
T7AD0 129:167.056 JLINK_IsHalted()
T7AD0 129:168.176 - 1.130ms returns FALSE
T7AD0 129:169.368 JLINK_IsHalted()
T7AD0 129:170.384 - 1.002ms returns FALSE
T7AD0 129:275.856 JLINK_IsHalted()
T7AD0 129:276.976 - 1.132ms returns FALSE
T7AD0 129:278.256 JLINK_IsHalted()
T7AD0 129:279.192 - 0.935ms returns FALSE
T7AD0 129:385.688 JLINK_IsHalted()
T7AD0 129:386.840 - 1.153ms returns FALSE
T7AD0 129:388.120 JLINK_IsHalted()
T7AD0 129:389.040 - 0.919ms returns FALSE
T7AD0 129:494.888 JLINK_IsHalted()
T7AD0 129:495.696 - 0.798ms returns FALSE
T7AD0 129:496.944 JLINK_IsHalted()
T7AD0 129:497.896 - 0.938ms returns FALSE
T7AD0 129:604.656 JLINK_IsHalted()
T7AD0 129:605.416 - 0.751ms returns FALSE
T7AD0 129:606.680 JLINK_IsHalted()
T7AD0 129:607.680 - 1.000ms returns FALSE
T7AD0 129:713.904 JLINK_IsHalted()
T7AD0 129:714.968 - 1.064ms returns FALSE
T7AD0 129:716.248 JLINK_IsHalted()
T7AD0 129:717.168 - 0.912ms returns FALSE
T7AD0 129:823.088 JLINK_IsHalted()
T7AD0 129:824.048 - 0.957ms returns FALSE
T7AD0 129:825.368 JLINK_IsHalted()
T7AD0 129:826.264 - 0.891ms returns FALSE
T7AD0 129:932.912 JLINK_IsHalted()
T7AD0 129:933.720 - 0.803ms returns FALSE
T7AD0 129:934.928 JLINK_IsHalted()
T7AD0 129:935.896 - 0.980ms returns FALSE
T7AD0 130:041.552 JLINK_IsHalted()
T7AD0 130:042.736 - 1.192ms returns FALSE
T7AD0 130:043.968 JLINK_IsHalted()
T7AD0 130:044.944 - 0.971ms returns FALSE
T1758 130:047.760 JLINK_IsHalted()
T1758 130:049.008 - 1.262ms returns FALSE
T1758 130:049.040 JLINK_IsHalted()
T1758 130:050.064 - 1.023ms returns FALSE
T7AD0 130:151.000 JLINK_IsHalted()
T7AD0 130:152.168 - 1.164ms returns FALSE
T7AD0 130:153.488 JLINK_IsHalted()
T7AD0 130:154.368 - 0.879ms returns FALSE
T7AD0 130:260.952 JLINK_IsHalted()
T7AD0 130:261.824 - 0.866ms returns FALSE
T7AD0 130:263.120 JLINK_IsHalted()
T7AD0 130:264.016 - 0.905ms returns FALSE
T7AD0 130:369.880 JLINK_IsHalted()
T7AD0 130:370.672 - 0.793ms returns FALSE
T7AD0 130:371.984 JLINK_IsHalted()
T7AD0 130:372.880 - 0.899ms returns FALSE
T7AD0 130:478.976 JLINK_IsHalted()
T7AD0 130:479.408 - 0.437ms returns FALSE
T7AD0 130:480.704 JLINK_IsHalted()
T7AD0 130:481.704 - 1.002ms returns FALSE
T7AD0 130:588.224 JLINK_IsHalted()
T7AD0 130:589.168 - 0.949ms returns FALSE
T7AD0 130:590.360 JLINK_IsHalted()
T7AD0 130:591.376 - 1.002ms returns FALSE
T7AD0 130:697.640 JLINK_IsHalted()
T7AD0 130:698.864 - 1.222ms returns FALSE
T7AD0 130:700.072 JLINK_IsHalted()
T7AD0 130:701.072 - 0.998ms returns FALSE
T7AD0 130:807.744 JLINK_IsHalted()
T7AD0 130:808.168 - 0.417ms returns FALSE
T7AD0 130:809.488 JLINK_IsHalted()
T7AD0 130:810.448 - 0.955ms returns FALSE
T7AD0 130:916.816 JLINK_IsHalted()
T7AD0 130:917.864 - 1.052ms returns FALSE
T7AD0 130:919.104 JLINK_IsHalted()
T7AD0 130:920.080 - 0.971ms returns FALSE
T7AD0 131:028.992 JLINK_IsHalted()
T7AD0 131:029.968 - 0.968ms returns FALSE
T7AD0 131:029.976 JLINK_IsHalted()
T7AD0 131:031.064 - 1.086ms returns FALSE
T1758 131:049.920 JLINK_IsHalted()
T1758 131:050.512 - 0.594ms returns FALSE
T1758 131:050.536 JLINK_IsHalted()
T1758 131:051.776 - 1.248ms returns FALSE
T7AD0 131:135.768 JLINK_IsHalted()
T7AD0 131:136.112 - 0.356ms returns FALSE
T7AD0 131:137.360 JLINK_IsHalted()
T7AD0 131:138.344 - 0.979ms returns FALSE
T7AD0 131:245.160 JLINK_IsHalted()
T7AD0 131:246.064 - 0.907ms returns FALSE
T7AD0 131:247.232 JLINK_IsHalted()
T7AD0 131:248.168 - 0.929ms returns FALSE
T7AD0 131:354.648 JLINK_IsHalted()
T7AD0 131:355.776 - 1.114ms returns FALSE
T7AD0 131:356.928 JLINK_IsHalted()
T7AD0 131:357.888 - 0.953ms returns FALSE
T7AD0 131:463.528 JLINK_IsHalted()
T7AD0 131:464.792 - 1.258ms returns FALSE
T7AD0 131:466.088 JLINK_IsHalted()
T7AD0 131:466.984 - 0.901ms returns FALSE
T7AD0 131:572.784 JLINK_IsHalted()
T7AD0 131:573.528 - 0.746ms returns FALSE
T7AD0 131:574.832 JLINK_IsHalted()
T7AD0 131:575.784 - 0.946ms returns FALSE
T7AD0 131:682.560 JLINK_IsHalted()
T7AD0 131:683.328 - 0.770ms returns FALSE
T7AD0 131:684.752 JLINK_IsHalted()
T7AD0 131:685.504 - 0.758ms returns FALSE
T7AD0 131:792.048 JLINK_IsHalted()
T7AD0 131:792.792 - 0.753ms returns FALSE
T7AD0 131:794.048 JLINK_IsHalted()
T7AD0 131:795.024 - 0.962ms returns FALSE
T7AD0 131:900.912 JLINK_IsHalted()
T7AD0 131:901.552 - 0.639ms returns FALSE
T7AD0 131:902.800 JLINK_IsHalted()
T7AD0 131:903.784 - 0.976ms returns FALSE
T7AD0 132:010.880 JLINK_IsHalted()
T7AD0 132:011.280 - 0.396ms returns FALSE
T7AD0 132:012.520 JLINK_IsHalted()
T7AD0 132:013.480 - 0.962ms returns FALSE
T1758 132:053.184 JLINK_IsHalted()
T1758 132:054.272 - 1.083ms returns FALSE
T1758 132:054.288 JLINK_IsHalted()
T1758 132:055.360 - 1.079ms returns FALSE
T7AD0 132:120.176 JLINK_IsHalted()
T7AD0 132:120.808 - 0.633ms returns FALSE
T7AD0 132:122.064 JLINK_IsHalted()
T7AD0 132:122.992 - 0.935ms returns FALSE
T7AD0 132:228.912 JLINK_IsHalted()
T7AD0 132:229.864 - 0.938ms returns FALSE
T7AD0 132:231.152 JLINK_IsHalted()
T7AD0 132:232.192 - 1.041ms returns FALSE
T7AD0 132:339.048 JLINK_IsHalted()
T7AD0 132:339.816 - 0.765ms returns FALSE
T7AD0 132:341.072 JLINK_IsHalted()
T7AD0 132:342.016 - 0.953ms returns FALSE
T7AD0 132:447.792 JLINK_IsHalted()
T7AD0 132:448.528 - 0.729ms returns FALSE
T7AD0 132:449.776 JLINK_IsHalted()
T7AD0 132:450.792 - 1.015ms returns FALSE
T7AD0 132:557.912 JLINK_IsHalted()
T7AD0 132:558.272 - 0.356ms returns FALSE
T7AD0 132:559.632 JLINK_IsHalted()
T7AD0 132:560.496 - 0.873ms returns FALSE
T7AD0 132:666.640 JLINK_IsHalted()
T7AD0 132:667.112 - 0.467ms returns FALSE
T7AD0 132:668.392 JLINK_IsHalted()
T7AD0 132:669.296 - 0.902ms returns FALSE
T7AD0 132:776.528 JLINK_IsHalted()
T7AD0 132:777.384 - 0.854ms returns FALSE
T7AD0 132:778.688 JLINK_IsHalted()
T7AD0 132:779.600 - 0.903ms returns FALSE
T7AD0 132:887.184 JLINK_IsHalted()
T7AD0 132:888.152 - 0.974ms returns FALSE
T7AD0 132:889.384 JLINK_IsHalted()
T7AD0 132:890.368 - 0.981ms returns FALSE
T7AD0 132:995.112 JLINK_IsHalted()
T7AD0 132:995.864 - 0.756ms returns FALSE
T7AD0 132:997.168 JLINK_IsHalted()
T7AD0 132:998.080 - 0.915ms returns FALSE
T1758 133:056.256 JLINK_IsHalted()
T1758 133:057.024 - 0.769ms returns FALSE
T1758 133:057.048 JLINK_IsHalted()
T1758 133:058.128 - 1.083ms returns FALSE
T7AD0 133:104.624 JLINK_IsHalted()
T7AD0 133:105.280 - 0.659ms returns FALSE
T7AD0 133:106.536 JLINK_IsHalted()
T7AD0 133:107.504 - 0.977ms returns FALSE
T7AD0 133:213.584 JLINK_IsHalted()
T7AD0 133:214.320 - 0.746ms returns FALSE
T7AD0 133:215.576 JLINK_IsHalted()
T7AD0 133:216.536 - 0.956ms returns FALSE
T7AD0 133:322.792 JLINK_IsHalted()
T7AD0 133:323.136 - 0.346ms returns FALSE
T7AD0 133:324.400 JLINK_IsHalted()
T7AD0 133:325.352 - 0.946ms returns FALSE
T7AD0 133:432.848 JLINK_IsHalted()
T7AD0 133:433.792 - 0.947ms returns FALSE
T7AD0 133:435.048 JLINK_IsHalted()
T7AD0 133:435.992 - 0.951ms returns FALSE
T7AD0 133:541.464 JLINK_IsHalted()
T7AD0 133:542.576 - 1.106ms returns FALSE
T7AD0 133:543.824 JLINK_IsHalted()
T7AD0 133:544.792 - 0.971ms returns FALSE
T7AD0 133:651.440 JLINK_IsHalted()
T7AD0 133:652.288 - 0.847ms returns FALSE
T7AD0 133:653.608 JLINK_IsHalted()
T7AD0 133:654.504 - 0.896ms returns FALSE
T7AD0 133:760.216 JLINK_IsHalted()
T7AD0 133:760.728 - 0.515ms returns FALSE
T7AD0 133:762.008 JLINK_IsHalted()
T7AD0 133:762.968 - 0.950ms returns FALSE
T7AD0 133:870.424 JLINK_IsHalted()
T7AD0 133:871.424 - 1.000ms returns FALSE
T7AD0 133:872.688 JLINK_IsHalted()
T7AD0 133:873.688 - 0.996ms returns FALSE
T7AD0 133:981.464 JLINK_IsHalted()
T7AD0 133:982.424 - 0.954ms returns FALSE
T7AD0 133:983.760 JLINK_IsHalted()
T7AD0 133:984.688 - 0.925ms returns FALSE
T1758 134:058.584 JLINK_IsHalted()
T1758 134:059.112 - 0.523ms returns FALSE
T1758 134:059.120 JLINK_IsHalted()
T1758 134:060.224 - 1.097ms returns FALSE
T7AD0 134:088.680 JLINK_IsHalted()
T7AD0 134:089.776 - 1.097ms returns FALSE
T7AD0 134:091.008 JLINK_IsHalted()
T7AD0 134:091.992 - 0.982ms returns FALSE
T7AD0 134:201.984 JLINK_IsHalted()
T7AD0 134:203.184 - 1.194ms returns FALSE
T7AD0 134:203.200 JLINK_IsHalted()
T7AD0 134:204.200 - 1.004ms returns FALSE
T7AD0 134:307.024 JLINK_IsHalted()
T7AD0 134:307.744 - 0.726ms returns FALSE
T7AD0 134:309.008 JLINK_IsHalted()
T7AD0 134:309.984 - 0.976ms returns FALSE
T7AD0 134:416.816 JLINK_IsHalted()
T7AD0 134:417.680 - 0.857ms returns FALSE
T7AD0 134:418.944 JLINK_IsHalted()
T7AD0 134:419.872 - 0.935ms returns FALSE
T7AD0 134:527.584 JLINK_IsHalted()
T7AD0 134:528.480 - 0.906ms returns FALSE
T7AD0 134:529.776 JLINK_IsHalted()
T7AD0 134:530.784 - 1.001ms returns FALSE
T7AD0 134:636.112 JLINK_IsHalted()
T7AD0 134:637.120 - 1.015ms returns FALSE
T7AD0 134:638.368 JLINK_IsHalted()
T7AD0 134:639.312 - 0.934ms returns FALSE
T7AD0 134:745.104 JLINK_IsHalted()
T7AD0 134:745.568 - 0.464ms returns FALSE
T7AD0 134:746.784 JLINK_IsHalted()
T7AD0 134:747.792 - 0.992ms returns FALSE
T7AD0 134:854.624 JLINK_IsHalted()
T7AD0 134:855.200 - 0.585ms returns FALSE
T7AD0 134:856.544 JLINK_IsHalted()
T7AD0 134:857.408 - 0.872ms returns FALSE
T7AD0 134:963.424 JLINK_IsHalted()
T7AD0 134:964.080 - 0.644ms returns FALSE
T7AD0 134:965.312 JLINK_IsHalted()
T7AD0 134:966.288 - 0.968ms returns FALSE
T1758 135:060.720 JLINK_IsHalted()
T1758 135:061.904 - 1.171ms returns FALSE
T1758 135:061.920 JLINK_IsHalted()
T1758 135:063.008 - 1.087ms returns FALSE
T7AD0 135:073.616 JLINK_IsHalted()
T7AD0 135:074.224 - 0.610ms returns FALSE
T7AD0 135:075.472 JLINK_IsHalted()
T7AD0 135:076.448 - 0.967ms returns FALSE
T7AD0 135:184.176 JLINK_IsHalted()
T7AD0 135:185.056 - 0.867ms returns FALSE
T7AD0 135:186.208 JLINK_IsHalted()
T7AD0 135:187.232 - 1.009ms returns FALSE
T7AD0 135:292.240 JLINK_IsHalted()
T7AD0 135:293.168 - 0.937ms returns FALSE
T7AD0 135:294.432 JLINK_IsHalted()
T7AD0 135:295.376 - 0.935ms returns FALSE
T7AD0 135:401.120 JLINK_IsHalted()
T7AD0 135:402.208 - 1.085ms returns FALSE
T7AD0 135:403.408 JLINK_IsHalted()
T7AD0 135:404.432 - 1.028ms returns FALSE
T7AD0 135:510.208 JLINK_IsHalted()
T7AD0 135:510.880 - 0.663ms returns FALSE
T7AD0 135:512.144 JLINK_IsHalted()
T7AD0 135:513.072 - 0.938ms returns FALSE
T7AD0 135:619.552 JLINK_IsHalted()
T7AD0 135:620.592 - 1.037ms returns FALSE
T7AD0 135:621.856 JLINK_IsHalted()
T7AD0 135:622.816 - 0.949ms returns FALSE
T7AD0 135:732.784 JLINK_IsHalted()
T7AD0 135:733.792 - 0.999ms returns FALSE
T7AD0 135:733.792 JLINK_IsHalted()
T7AD0 135:734.880 - 1.072ms returns FALSE
T7AD0 135:838.784 JLINK_IsHalted()
T7AD0 135:839.680 - 0.898ms returns FALSE
T7AD0 135:840.896 JLINK_IsHalted()
T7AD0 135:841.920 - 1.030ms returns FALSE
T7AD0 135:947.744 JLINK_IsHalted()
T7AD0 135:948.512 - 0.762ms returns FALSE
T7AD0 135:949.808 JLINK_IsHalted()
T7AD0 135:950.784 - 0.969ms returns FALSE
T7AD0 136:057.936 JLINK_IsHalted()
T7AD0 136:058.400 - 0.461ms returns FALSE
T7AD0 136:059.680 JLINK_IsHalted()
T7AD0 136:060.672 - 1.005ms returns FALSE
T1758 136:063.072 JLINK_IsHalted()
T1758 136:063.888 - 0.813ms returns FALSE
T1758 136:063.904 JLINK_IsHalted()
T1758 136:064.992 - 1.075ms returns FALSE
T7AD0 136:166.560 JLINK_IsHalted()
T7AD0 136:167.680 - 1.126ms returns FALSE
T7AD0 136:168.944 JLINK_IsHalted()
T7AD0 136:169.888 - 0.934ms returns FALSE
T7AD0 136:275.728 JLINK_IsHalted()
T7AD0 136:276.128 - 0.398ms returns FALSE
T7AD0 136:277.280 JLINK_IsHalted()
T7AD0 136:278.256 - 0.990ms returns FALSE
T7AD0 136:385.312 JLINK_IsHalted()
T7AD0 136:385.712 - 0.404ms returns FALSE
T7AD0 136:386.976 JLINK_IsHalted()
T7AD0 136:387.936 - 0.963ms returns FALSE
T7AD0 136:494.656 JLINK_IsHalted()
T7AD0 136:495.520 - 0.851ms returns FALSE
T7AD0 136:496.928 JLINK_IsHalted()
T7AD0 136:497.776 - 0.854ms returns FALSE
T7AD0 136:607.504 JLINK_IsHalted()
T7AD0 136:608.384 - 0.886ms returns FALSE
T7AD0 136:608.400 JLINK_IsHalted()
T7AD0 136:609.504 - 1.102ms returns FALSE
T7AD0 136:714.144 JLINK_IsHalted()
T7AD0 136:715.120 - 0.981ms returns FALSE
T7AD0 136:716.352 JLINK_IsHalted()
T7AD0 136:717.344 - 0.988ms returns FALSE
T7AD0 136:826.464 JLINK_IsHalted()
T7AD0 136:827.408 - 0.942ms returns FALSE
T7AD0 136:827.424 JLINK_IsHalted()
T7AD0 136:828.512 - 1.089ms returns FALSE
T7AD0 136:934.208 JLINK_IsHalted()
T7AD0 136:935.120 - 0.916ms returns FALSE
T7AD0 136:936.368 JLINK_IsHalted()
T7AD0 136:937.328 - 0.962ms returns FALSE
T7AD0 137:041.520 JLINK_IsHalted()
T7AD0 137:041.952 - 0.428ms returns FALSE
T7AD0 137:043.200 JLINK_IsHalted()
T7AD0 137:044.144 - 0.945ms returns FALSE
T1758 137:065.792 JLINK_IsHalted()
T1758 137:066.528 - 0.748ms returns FALSE
T1758 137:066.560 JLINK_IsHalted()
T1758 137:067.680 - 1.136ms returns FALSE
T7AD0 137:151.136 JLINK_IsHalted()
T7AD0 137:152.112 - 0.969ms returns FALSE
T7AD0 137:153.328 JLINK_IsHalted()
T7AD0 137:154.320 - 0.988ms returns FALSE
T7AD0 137:260.992 JLINK_IsHalted()
T7AD0 137:262.064 - 1.079ms returns FALSE
T7AD0 137:263.872 JLINK_IsHalted()
T7AD0 137:264.272 - 0.399ms returns FALSE
T7AD0 137:369.616 JLINK_IsHalted()
T7AD0 137:370.144 - 0.517ms returns FALSE
T7AD0 137:371.376 JLINK_IsHalted()
T7AD0 137:372.352 - 0.967ms returns FALSE
T7AD0 137:479.328 JLINK_IsHalted()
T7AD0 137:479.968 - 0.642ms returns FALSE
T7AD0 137:480.000 JLINK_IsHalted()
T7AD0 137:481.072 - 1.078ms returns FALSE
T7AD0 137:588.560 JLINK_IsHalted()
T7AD0 137:589.696 - 1.144ms returns FALSE
T7AD0 137:590.944 JLINK_IsHalted()
T7AD0 137:591.904 - 0.954ms returns FALSE
T7AD0 137:698.400 JLINK_IsHalted()
T7AD0 137:699.488 - 1.074ms returns FALSE
T7AD0 137:700.832 JLINK_IsHalted()
T7AD0 137:701.712 - 0.868ms returns FALSE
T7AD0 137:807.168 JLINK_IsHalted()
T7AD0 137:807.888 - 0.710ms returns FALSE
T7AD0 137:809.168 JLINK_IsHalted()
T7AD0 137:810.080 - 0.910ms returns FALSE
T7AD0 137:917.280 JLINK_IsHalted()
T7AD0 137:918.544 - 1.251ms returns FALSE
T7AD0 137:919.744 JLINK_IsHalted()
T7AD0 137:920.672 - 0.927ms returns FALSE
T7AD0 138:026.656 JLINK_IsHalted()
T7AD0 138:027.360 - 0.706ms returns FALSE
T7AD0 138:028.640 JLINK_IsHalted()
T7AD0 138:029.568 - 0.937ms returns FALSE
T1758 138:067.824 JLINK_IsHalted()
T1758 138:068.480 - 0.657ms returns FALSE
T1758 138:068.512 JLINK_IsHalted()
T1758 138:069.600 - 1.088ms returns FALSE
T7AD0 138:136.624 JLINK_IsHalted()
T7AD0 138:137.680 - 1.049ms returns FALSE
T7AD0 138:138.928 JLINK_IsHalted()
T7AD0 138:139.888 - 0.958ms returns FALSE
T7AD0 138:244.624 JLINK_IsHalted()
T7AD0 138:245.328 - 0.710ms returns FALSE
T7AD0 138:246.688 JLINK_IsHalted()
T7AD0 138:247.520 - 0.843ms returns FALSE
T7AD0 138:356.048 JLINK_IsHalted()
T7AD0 138:356.960 - 0.917ms returns FALSE
T7AD0 138:358.240 JLINK_IsHalted()
T7AD0 138:359.184 - 0.946ms returns FALSE
T7AD0 138:463.776 JLINK_IsHalted()
T7AD0 138:464.832 - 1.045ms returns FALSE
T7AD0 138:466.144 JLINK_IsHalted()
T7AD0 138:467.008 - 0.861ms returns FALSE
T7AD0 138:573.184 JLINK_IsHalted()
T7AD0 138:574.432 - 1.248ms returns FALSE
T7AD0 138:575.776 JLINK_IsHalted()
T7AD0 138:576.672 - 0.906ms returns FALSE
T7AD0 138:682.384 JLINK_IsHalted()
T7AD0 138:683.408 - 1.024ms returns FALSE
T7AD0 138:684.768 JLINK_IsHalted()
T7AD0 138:685.664 - 0.895ms returns FALSE
T7AD0 138:792.320 JLINK_IsHalted()
T7AD0 138:792.928 - 0.623ms returns FALSE
T7AD0 138:794.192 JLINK_IsHalted()
T7AD0 138:795.104 - 0.922ms returns FALSE
T7AD0 138:901.728 JLINK_IsHalted()
T7AD0 138:902.752 - 1.034ms returns FALSE
T7AD0 138:904.000 JLINK_IsHalted()
T7AD0 138:904.960 - 0.951ms returns FALSE
T7AD0 139:010.560 JLINK_IsHalted()
T7AD0 139:011.440 - 0.881ms returns FALSE
T7AD0 139:012.704 JLINK_IsHalted()
T7AD0 139:013.664 - 0.957ms returns FALSE
T1758 139:069.920 JLINK_IsHalted()
T1758 139:070.816 - 0.890ms returns FALSE
T1758 139:070.832 JLINK_IsHalted()
T1758 139:071.920 - 1.080ms returns FALSE
T7AD0 139:119.520 JLINK_IsHalted()
T7AD0 139:120.688 - 1.182ms returns FALSE
T7AD0 139:121.952 JLINK_IsHalted()
T7AD0 139:122.896 - 0.928ms returns FALSE
T7AD0 139:229.840 JLINK_IsHalted()
T7AD0 139:230.688 - 0.834ms returns FALSE
T7AD0 139:231.968 JLINK_IsHalted()
T7AD0 139:232.880 - 0.916ms returns FALSE
T7AD0 139:339.008 JLINK_IsHalted()
T7AD0 139:339.712 - 0.704ms returns FALSE
T7AD0 139:340.976 JLINK_IsHalted()
T7AD0 139:341.920 - 0.933ms returns FALSE
T7AD0 139:448.032 JLINK_IsHalted()
T7AD0 139:448.672 - 0.657ms returns FALSE
T7AD0 139:449.920 JLINK_IsHalted()
T7AD0 139:450.896 - 0.968ms returns FALSE
T7AD0 139:557.760 JLINK_IsHalted()
T7AD0 139:558.576 - 0.815ms returns FALSE
T7AD0 139:559.824 JLINK_IsHalted()
T7AD0 139:560.768 - 0.951ms returns FALSE
T7AD0 139:666.432 JLINK_IsHalted()
T7AD0 139:667.552 - 1.102ms returns FALSE
T7AD0 139:668.832 JLINK_IsHalted()
T7AD0 139:669.792 - 0.947ms returns FALSE
T7AD0 139:780.032 JLINK_IsHalted()
T7AD0 139:780.976 - 0.951ms returns FALSE
T7AD0 139:780.992 JLINK_IsHalted()
T7AD0 139:782.080 - 1.086ms returns FALSE
T7AD0 139:885.744 JLINK_IsHalted()
T7AD0 139:886.768 - 1.022ms returns FALSE
T7AD0 139:888.016 JLINK_IsHalted()
T7AD0 139:888.976 - 0.947ms returns FALSE
T7AD0 139:994.928 JLINK_IsHalted()
T7AD0 139:995.680 - 0.753ms returns FALSE
T7AD0 139:996.944 JLINK_IsHalted()
T7AD0 139:997.904 - 0.953ms returns FALSE
T1758 140:072.640 JLINK_IsHalted()
T1758 140:073.376 - 0.723ms returns FALSE
T1758 140:073.392 JLINK_IsHalted()
T1758 140:074.432 - 1.037ms returns FALSE
T7AD0 140:103.904 JLINK_IsHalted()
T7AD0 140:104.864 - 0.964ms returns FALSE
T7AD0 140:106.048 JLINK_IsHalted()
T7AD0 140:107.056 - 1.009ms returns FALSE
T7AD0 140:213.472 JLINK_IsHalted()
T7AD0 140:213.792 - 0.316ms returns FALSE
T7AD0 140:215.072 JLINK_IsHalted()
T7AD0 140:216.000 - 0.935ms returns FALSE
T7AD0 140:324.960 JLINK_IsHalted()
T7AD0 140:325.920 - 0.966ms returns FALSE
T7AD0 140:327.152 JLINK_IsHalted()
T7AD0 140:328.144 - 0.989ms returns FALSE
T7AD0 140:432.800 JLINK_IsHalted()
T7AD0 140:433.984 - 1.172ms returns FALSE
T7AD0 140:435.248 JLINK_IsHalted()
T7AD0 140:436.176 - 0.925ms returns FALSE
T7AD0 140:541.984 JLINK_IsHalted()
T7AD0 140:542.896 - 0.925ms returns FALSE
T7AD0 140:543.984 JLINK_IsHalted()
T7AD0 140:544.992 - 1.003ms returns FALSE
T7AD0 140:651.520 JLINK_IsHalted()
T7AD0 140:652.512 - 0.991ms returns FALSE
T7AD0 140:653.808 JLINK_IsHalted()
T7AD0 140:654.816 - 1.003ms returns FALSE
T7AD0 140:764.096 JLINK_IsHalted()
T7AD0 140:765.152 - 1.045ms returns FALSE
T7AD0 140:765.168 JLINK_IsHalted()
T7AD0 140:766.160 - 0.994ms returns FALSE
T7AD0 140:873.776 JLINK_IsHalted()
T7AD0 140:874.784 - 0.999ms returns FALSE
T7AD0 140:874.784 JLINK_IsHalted()
T7AD0 140:875.888 - 1.096ms returns FALSE
T7AD0 140:979.776 JLINK_IsHalted()
T7AD0 140:980.384 - 0.605ms returns FALSE
T7AD0 140:981.696 JLINK_IsHalted()
T7AD0 140:982.576 - 0.878ms returns FALSE
T1758 141:075.360 JLINK_IsHalted()
T1758 141:076.512 - 1.164ms returns FALSE
T1758 141:076.544 JLINK_IsHalted()
T1758 141:077.664 - 1.135ms returns FALSE
T7AD0 141:088.400 JLINK_IsHalted()
T7AD0 141:089.696 - 1.308ms returns FALSE
T7AD0 141:090.944 JLINK_IsHalted()
T7AD0 141:092.000 - 1.048ms returns FALSE
T7AD0 141:197.776 JLINK_IsHalted()
T7AD0 141:198.352 - 0.583ms returns FALSE
T7AD0 141:199.584 JLINK_IsHalted()
T7AD0 141:200.560 - 0.972ms returns FALSE
T7AD0 141:307.408 JLINK_IsHalted()
T7AD0 141:308.064 - 0.651ms returns FALSE
T7AD0 141:309.344 JLINK_IsHalted()
T7AD0 141:310.256 - 0.922ms returns FALSE
T7AD0 141:416.880 JLINK_IsHalted()
T7AD0 141:418.048 - 1.167ms returns FALSE
T7AD0 141:419.392 JLINK_IsHalted()
T7AD0 141:420.256 - 0.858ms returns FALSE
T7AD0 141:525.760 JLINK_IsHalted()
T7AD0 141:526.128 - 0.375ms returns FALSE
T7AD0 141:527.328 JLINK_IsHalted()
T7AD0 141:528.352 - 1.013ms returns FALSE
T7AD0 141:635.808 JLINK_IsHalted()
T7AD0 141:636.736 - 0.923ms returns FALSE
T7AD0 141:637.984 JLINK_IsHalted()
T7AD0 141:638.944 - 0.948ms returns FALSE
T7AD0 141:744.896 JLINK_IsHalted()
T7AD0 141:745.696 - 0.789ms returns FALSE
T7AD0 141:746.912 JLINK_IsHalted()
T7AD0 141:747.888 - 0.972ms returns FALSE
T7AD0 141:854.832 JLINK_IsHalted()
T7AD0 141:855.808 - 0.973ms returns FALSE
T7AD0 141:857.040 JLINK_IsHalted()
T7AD0 141:858.016 - 0.975ms returns FALSE
T7AD0 141:963.296 JLINK_IsHalted()
T7AD0 141:963.776 - 0.473ms returns FALSE
T7AD0 141:965.024 JLINK_IsHalted()
T7AD0 141:965.968 - 0.942ms returns FALSE
T7AD0 142:073.216 JLINK_IsHalted()
T7AD0 142:073.680 - 0.465ms returns FALSE
T7AD0 142:074.912 JLINK_IsHalted()
T7AD0 142:075.888 - 0.991ms returns FALSE
T1758 142:077.344 JLINK_IsHalted()
T1758 142:078.096 - 0.749ms returns FALSE
T1758 142:078.112 JLINK_IsHalted()
T1758 142:079.216 - 1.105ms returns FALSE
T7AD0 142:182.944 JLINK_IsHalted()
T7AD0 142:183.840 - 0.889ms returns FALSE
T7AD0 142:185.056 JLINK_IsHalted()
T7AD0 142:186.000 - 0.926ms returns FALSE
T7AD0 142:291.568 JLINK_IsHalted()
T7AD0 142:292.512 - 0.943ms returns FALSE
T7AD0 142:293.872 JLINK_IsHalted()
T7AD0 142:294.784 - 0.920ms returns FALSE
T7AD0 142:402.656 JLINK_IsHalted()
T7AD0 142:403.680 - 1.033ms returns FALSE
T7AD0 142:404.896 JLINK_IsHalted()
T7AD0 142:405.888 - 0.997ms returns FALSE
T7AD0 142:510.624 JLINK_IsHalted()
T7AD0 142:511.520 - 0.897ms returns FALSE
T7AD0 142:512.992 JLINK_IsHalted()
T7AD0 142:513.792 - 0.788ms returns FALSE
T7AD0 142:619.760 JLINK_IsHalted()
T7AD0 142:620.448 - 0.698ms returns FALSE
T7AD0 142:621.776 JLINK_IsHalted()
T7AD0 142:622.704 - 0.931ms returns FALSE
T7AD0 142:729.696 JLINK_IsHalted()
T7AD0 142:730.304 - 0.607ms returns FALSE
T7AD0 142:731.520 JLINK_IsHalted()
T7AD0 142:732.496 - 0.975ms returns FALSE
T7AD0 142:839.824 JLINK_IsHalted()
T7AD0 142:840.784 - 0.963ms returns FALSE
T7AD0 142:842.096 JLINK_IsHalted()
T7AD0 142:842.976 - 0.884ms returns FALSE
T7AD0 142:951.536 JLINK_IsHalted()
T7AD0 142:952.480 - 0.948ms returns FALSE
T7AD0 142:952.496 JLINK_IsHalted()
T7AD0 142:953.680 - 1.170ms returns FALSE
T7AD0 143:057.440 JLINK_IsHalted()
T7AD0 143:058.160 - 0.712ms returns FALSE
T7AD0 143:059.392 JLINK_IsHalted()
T7AD0 143:060.368 - 0.977ms returns FALSE
T1758 143:079.952 JLINK_IsHalted()
T1758 143:081.040 - 1.083ms returns FALSE
T1758 143:081.056 JLINK_IsHalted()
T1758 143:082.016 - 0.952ms returns FALSE
T7AD0 143:166.704 JLINK_IsHalted()
T7AD0 143:167.504 - 0.797ms returns FALSE
T7AD0 143:168.912 JLINK_IsHalted()
T7AD0 143:169.792 - 0.886ms returns FALSE
T7AD0 143:276.432 JLINK_IsHalted()
T7AD0 143:277.360 - 0.941ms returns FALSE
T7AD0 143:278.704 JLINK_IsHalted()
T7AD0 143:279.584 - 0.891ms returns FALSE
T7AD0 143:385.680 JLINK_IsHalted()
T7AD0 143:386.496 - 0.827ms returns FALSE
T7AD0 143:387.872 JLINK_IsHalted()
T7AD0 143:388.784 - 0.896ms returns FALSE
T7AD0 143:495.360 JLINK_IsHalted()
T7AD0 143:496.512 - 1.143ms returns FALSE
T7AD0 143:497.856 JLINK_IsHalted()
T7AD0 143:498.800 - 0.948ms returns FALSE
T7AD0 143:604.064 JLINK_IsHalted()
T7AD0 143:604.704 - 0.640ms returns FALSE
T7AD0 143:606.112 JLINK_IsHalted()
T7AD0 143:606.960 - 0.844ms returns FALSE
T7AD0 143:714.128 JLINK_IsHalted()
T7AD0 143:714.704 - 0.575ms returns FALSE
T7AD0 143:715.952 JLINK_IsHalted()
T7AD0 143:717.008 - 1.038ms returns FALSE
T9064 143:867.664   JLINK_RTTERMINAL_Control(Cmd = JLINKARM_RTTERMINAL_CMD_START, CtrlBlockAddr = 0x2200048C)
T9064 143:867.680   - 0.017ms returns 0x00
T9064 143:868.128   JLINK_RTTERMINAL_Read(BufferIndex = 0, BufferSize = 0x00010000)
T9064 143:868.160   - 0.016ms returns 7200
T7AD0 143:868.256 JLINK_IsHalted()
T7AD0 143:868.560 - 0.294ms returns FALSE
T9064 143:868.576   JLINK_RTTERMINAL_Read(BufferIndex = 0, BufferSize = 0x00010000)
T9064 143:868.576   - 0.012ms returns 0
T7AD0 143:868.640 JLINK_IsHalted()
T7AD0 143:868.912 - 0.273ms returns FALSE
T9064 143:919.152   JLINK_RTTERMINAL_Read(BufferIndex = 0, BufferSize = 0x00010000)
T9064 143:919.200   - 0.032ms returns 0
T7AD0 143:963.920 JLINK_IsHalted()
T7AD0 143:964.480 - 0.570ms returns FALSE
T7AD0 143:965.856 JLINK_IsHalted()
T7AD0 143:966.800 - 0.953ms returns FALSE
T9064 143:969.984   JLINK_RTTERMINAL_Read(BufferIndex = 0, BufferSize = 0x00010000)
T9064 143:970.016   - 0.022ms returns 0
T9064 144:020.576   JLINK_RTTERMINAL_Read(BufferIndex = 0, BufferSize = 0x00010000)
T9064 144:020.592   - 0.031ms returns 0
T9064 144:071.584   JLINK_RTTERMINAL_Read(BufferIndex = 0, BufferSize = 0x00010000)
T9064 144:071.600   - 0.032ms returns 0
T7AD0 144:073.488 JLINK_IsHalted()
T7AD0 144:074.592 - 1.111ms returns FALSE
T7AD0 144:075.872 JLINK_IsHalted()
T7AD0 144:076.832 - 0.957ms returns FALSE
T1758 144:082.688 JLINK_IsHalted()
T1758 144:083.808 - 1.113ms returns FALSE
T1758 144:083.824 JLINK_IsHalted()
T1758 144:084.928 - 1.094ms returns FALSE
T9064 144:122.080   JLINK_RTTERMINAL_Read(BufferIndex = 0, BufferSize = 0x00010000)
T9064 144:122.128   - 0.031ms returns 0
T9064 144:173.152   JLINK_RTTERMINAL_Read(BufferIndex = 0, BufferSize = 0x00010000)
T9064 144:173.184   - 0.028ms returns 0
T7AD0 144:182.112 JLINK_IsHalted()
T7AD0 144:183.200 - 1.093ms returns FALSE
T7AD0 144:184.624 JLINK_IsHalted()
T7AD0 144:185.456 - 0.832ms returns FALSE
T9064 144:223.776   JLINK_RTTERMINAL_Read(BufferIndex = 0, BufferSize = 0x00010000)
T9064 144:223.808   - 0.028ms returns 0
T9064 144:274.960   JLINK_RTTERMINAL_Read(BufferIndex = 0, BufferSize = 0x00010000)
T9064 144:274.976   - 0.033ms returns 0
T7AD0 144:291.872 JLINK_IsHalted()
T7AD0 144:292.176 - 0.300ms returns FALSE
T7AD0 144:293.408 JLINK_IsHalted()
T7AD0 144:294.416 - 0.997ms returns FALSE
T9064 144:326.048   JLINK_RTTERMINAL_Read(BufferIndex = 0, BufferSize = 0x00010000)
T9064 144:326.080   - 0.038ms returns 0
T9064 144:377.184   JLINK_RTTERMINAL_Read(BufferIndex = 0, BufferSize = 0x00010000)
T9064 144:377.232   - 0.036ms returns 0
T7AD0 144:400.816 JLINK_IsHalted()
T7AD0 144:401.696 - 0.869ms returns FALSE
T7AD0 144:402.960 JLINK_IsHalted()
T7AD0 144:403.936 - 0.980ms returns FALSE
T9064 144:427.856   JLINK_RTTERMINAL_Read(BufferIndex = 0, BufferSize = 0x00010000)
T9064 144:427.888   - 0.032ms returns 0
T9064 144:478.832   JLINK_RTTERMINAL_Read(BufferIndex = 0, BufferSize = 0x00010000)
T9064 144:478.880   - 0.033ms returns 0
T7AD0 144:510.512 JLINK_IsHalted()
T7AD0 144:511.552 - 1.035ms returns FALSE
T7AD0 144:512.832 JLINK_IsHalted()
T7AD0 144:513.808 - 0.971ms returns FALSE
T9064 144:529.888   JLINK_RTTERMINAL_Read(BufferIndex = 0, BufferSize = 0x00010000)
T9064 144:529.920   - 0.031ms returns 0
T9064 144:580.592   JLINK_RTTERMINAL_Read(BufferIndex = 0, BufferSize = 0x00010000)
T9064 144:580.624   - 0.029ms returns 0
T7AD0 144:619.680 JLINK_IsHalted()
T7AD0 144:620.848 - 1.167ms returns FALSE
T7AD0 144:622.096 JLINK_IsHalted()
T7AD0 144:623.104 - 1.009ms returns FALSE
T9064 144:631.728   JLINK_RTTERMINAL_Read(BufferIndex = 0, BufferSize = 0x00010000)
T9064 144:631.744   - 0.012ms returns 0
T9064 144:682.160   JLINK_RTTERMINAL_Read(BufferIndex = 0, BufferSize = 0x00010000)
T9064 144:682.192   - 0.034ms returns 0
T7AD0 144:731.136 JLINK_IsHalted()
T7AD0 144:732.128 - 0.992ms returns FALSE
T9064 144:733.408   JLINK_RTTERMINAL_Read(BufferIndex = 0, BufferSize = 0x00010000)
T9064 144:733.424   - 0.014ms returns 98
T7AD0 144:733.536 JLINK_IsHalted()
T7AD0 144:734.384 - 0.854ms returns FALSE
T9064 144:734.416   JLINK_RTTERMINAL_Read(BufferIndex = 0, BufferSize = 0x00010000)
T9064 144:734.432   - 0.012ms returns 0
T9064 144:785.888   JLINK_RTTERMINAL_Read(BufferIndex = 0, BufferSize = 0x00010000)
T9064 144:785.904   - 0.028ms returns 0
T9064 144:836.736   JLINK_RTTERMINAL_Read(BufferIndex = 0, BufferSize = 0x00010000)
T9064 144:836.768   - 0.028ms returns 0
T7AD0 144:838.656 JLINK_IsHalted()
T7AD0 144:839.680 - 1.020ms returns FALSE
T7AD0 144:840.928 JLINK_IsHalted()
T7AD0 144:841.984 - 1.047ms returns FALSE
T9064 144:888.096   JLINK_RTTERMINAL_Read(BufferIndex = 0, BufferSize = 0x00010000)
T9064 144:888.128   - 0.034ms returns 0
T9064 144:938.848   JLINK_RTTERMINAL_Read(BufferIndex = 0, BufferSize = 0x00010000)
T9064 144:938.896   - 0.029ms returns 0
T7AD0 144:947.744 JLINK_IsHalted()
T7AD0 144:948.720 - 0.971ms returns FALSE
T7AD0 144:950.048 JLINK_IsHalted()
T7AD0 144:950.944 - 0.892ms returns FALSE
T9064 144:990.384   JLINK_RTTERMINAL_Read(BufferIndex = 0, BufferSize = 0x00010000)
T9064 144:990.416   - 0.028ms returns 0
T9064 145:041.168   JLINK_RTTERMINAL_Read(BufferIndex = 0, BufferSize = 0x00010000)
T9064 145:041.184   - 0.033ms returns 0
T7AD0 145:058.848 JLINK_IsHalted()
T7AD0 145:059.824 - 0.968ms returns FALSE
T7AD0 145:061.024 JLINK_IsHalted()
T7AD0 145:062.064 - 1.040ms returns FALSE
T1758 145:085.248 JLINK_IsHalted()
T1758 145:085.680 - 0.434ms returns FALSE
T1758 145:085.696 JLINK_IsHalted()
T1758 145:086.784 - 1.089ms returns FALSE
T9064 145:091.552   JLINK_RTTERMINAL_Read(BufferIndex = 0, BufferSize = 0x00010000)
T9064 145:091.584   - 0.023ms returns 0
T9064 145:141.808   JLINK_RTTERMINAL_Read(BufferIndex = 0, BufferSize = 0x00010000)
T9064 145:141.840   - 0.030ms returns 0
T7AD0 145:166.752 JLINK_IsHalted()
T7AD0 145:167.360 - 0.605ms returns FALSE
T7AD0 145:168.736 JLINK_IsHalted()
T7AD0 145:169.632 - 0.874ms returns FALSE
T9064 145:192.096   JLINK_RTTERMINAL_Read(BufferIndex = 0, BufferSize = 0x00010000)
T9064 145:192.128   - 0.024ms returns 0
T9064 145:242.416   JLINK_RTTERMINAL_Read(BufferIndex = 0, BufferSize = 0x00010000)
T9064 145:242.464   - 0.037ms returns 0
T7AD0 145:276.544 JLINK_IsHalted()
T7AD0 145:277.360 - 0.823ms returns FALSE
T7AD0 145:278.576 JLINK_IsHalted()
T7AD0 145:279.552 - 0.973ms returns FALSE
T9064 145:293.680   JLINK_RTTERMINAL_Read(BufferIndex = 0, BufferSize = 0x00010000)
T9064 145:293.712   - 0.022ms returns 0
T9064 145:344.160   JLINK_RTTERMINAL_Read(BufferIndex = 0, BufferSize = 0x00010000)
T9064 145:344.192   - 0.028ms returns 0
T7AD0 145:385.392 JLINK_IsHalted()
T7AD0 145:386.576 - 1.178ms returns FALSE
T7AD0 145:387.824 JLINK_IsHalted()
T7AD0 145:388.832 - 0.992ms returns FALSE
T9064 145:394.688   JLINK_RTTERMINAL_Read(BufferIndex = 0, BufferSize = 0x00010000)
T9064 145:394.720   - 0.018ms returns 0
T9064 145:445.728   JLINK_RTTERMINAL_Read(BufferIndex = 0, BufferSize = 0x00010000)
T9064 145:445.776   - 0.043ms returns 0
T9064 145:496.688   JLINK_RTTERMINAL_Read(BufferIndex = 0, BufferSize = 0x00010000)
T9064 145:496.720   - 0.020ms returns 0
T7AD0 145:497.952 JLINK_IsHalted()
T7AD0 145:498.928 - 0.990ms returns FALSE
T7AD0 145:498.960 JLINK_IsHalted()
T7AD0 145:500.048 - 1.097ms returns FALSE
T9064 145:547.568   JLINK_RTTERMINAL_Read(BufferIndex = 0, BufferSize = 0x00010000)
T9064 145:547.600   - 0.028ms returns 0
T9064 145:598.800   JLINK_RTTERMINAL_Read(BufferIndex = 0, BufferSize = 0x00010000)
T9064 145:598.816   - 0.035ms returns 0
T7AD0 145:604.496 JLINK_IsHalted()
T7AD0 145:605.696 - 1.205ms returns FALSE
T7AD0 145:606.960 JLINK_IsHalted()
T7AD0 145:607.920 - 0.967ms returns FALSE
T9064 145:649.072   JLINK_RTTERMINAL_Read(BufferIndex = 0, BufferSize = 0x00010000)
T9064 145:649.120   - 0.030ms returns 0
T9064 145:700.096   JLINK_RTTERMINAL_Read(BufferIndex = 0, BufferSize = 0x00010000)
T9064 145:700.112   - 0.017ms returns 0
T7AD0 145:716.256 JLINK_IsHalted()
T7AD0 145:717.200 - 0.944ms returns FALSE
T7AD0 145:718.448 JLINK_IsHalted()
T7AD0 145:719.440 - 0.990ms returns FALSE
T9064 145:750.560   JLINK_RTTERMINAL_Read(BufferIndex = 0, BufferSize = 0x00010000)
T9064 145:750.608   - 0.039ms returns 98
T9064 145:750.816   JLINK_RTTERMINAL_Read(BufferIndex = 0, BufferSize = 0x00010000)
T9064 145:750.832   - 0.019ms returns 0
T9064 145:801.760   JLINK_RTTERMINAL_Read(BufferIndex = 0, BufferSize = 0x00010000)
T9064 145:801.792   - 0.031ms returns 0
T7AD0 145:823.648 JLINK_IsHalted()
T7AD0 145:824.864 - 1.208ms returns FALSE
T7AD0 145:826.128 JLINK_IsHalted()
T7AD0 145:827.120 - 0.996ms returns FALSE
T9064 145:852.576   JLINK_RTTERMINAL_Read(BufferIndex = 0, BufferSize = 0x00010000)
T9064 145:852.608   - 0.029ms returns 0
T9064 145:903.632   JLINK_RTTERMINAL_Read(BufferIndex = 0, BufferSize = 0x00010000)
T9064 145:903.664   - 0.030ms returns 0
T7AD0 145:932.064 JLINK_IsHalted()
T7AD0 145:933.024 - 0.959ms returns FALSE
T7AD0 145:934.240 JLINK_IsHalted()
T7AD0 145:935.264 - 1.017ms returns FALSE
T9064 145:954.144   JLINK_RTTERMINAL_Read(BufferIndex = 0, BufferSize = 0x00010000)
T9064 145:954.160   - 0.017ms returns 0
T9064 146:004.608   JLINK_RTTERMINAL_Read(BufferIndex = 0, BufferSize = 0x00010000)
T9064 146:004.640   - 0.032ms returns 0
T7AD0 146:041.984 JLINK_IsHalted()
T7AD0 146:042.880 - 0.898ms returns FALSE
T7AD0 146:044.176 JLINK_IsHalted()
T7AD0 146:045.136 - 0.956ms returns FALSE
T9064 146:055.072   JLINK_RTTERMINAL_Read(BufferIndex = 0, BufferSize = 0x00010000)
T9064 146:055.072   - 0.015ms returns 0
T1758 146:087.168 JLINK_IsHalted()
T1758 146:087.520 - 0.351ms returns FALSE
T1758 146:087.520 JLINK_IsHalted()
T1758 146:088.800 - 1.263ms returns FALSE
T9064 146:106.208   JLINK_RTTERMINAL_Read(BufferIndex = 0, BufferSize = 0x00010000)
T9064 146:106.240   - 0.030ms returns 0
T7AD0 146:151.664 JLINK_IsHalted()
T7AD0 146:152.416 - 0.742ms returns FALSE
T7AD0 146:153.696 JLINK_IsHalted()
T7AD0 146:154.656 - 0.980ms returns FALSE
T9064 146:156.752   JLINK_RTTERMINAL_Read(BufferIndex = 0, BufferSize = 0x00010000)
T9064 146:156.768   - 0.016ms returns 0
T9064 146:207.712   JLINK_RTTERMINAL_Read(BufferIndex = 0, BufferSize = 0x00010000)
T9064 146:207.744   - 0.037ms returns 0
T9064 146:258.624   JLINK_RTTERMINAL_Read(BufferIndex = 0, BufferSize = 0x00010000)
T9064 146:258.656   - 0.036ms returns 0
T7AD0 146:263.648 JLINK_IsHalted()
T7AD0 146:264.672 - 1.023ms returns FALSE
T7AD0 146:264.688 JLINK_IsHalted()
T7AD0 146:265.792 - 1.093ms returns FALSE
T9064 146:309.024   JLINK_RTTERMINAL_Read(BufferIndex = 0, BufferSize = 0x00010000)
T9064 146:309.072   - 0.034ms returns 0
T9064 146:359.792   JLINK_RTTERMINAL_Read(BufferIndex = 0, BufferSize = 0x00010000)
T9064 146:359.840   - 0.038ms returns 0
T7AD0 146:369.664 JLINK_IsHalted()
T7AD0 146:370.464 - 0.781ms returns FALSE
T7AD0 146:371.696 JLINK_IsHalted()
T7AD0 146:372.688 - 0.979ms returns FALSE
T9064 146:410.272   JLINK_RTTERMINAL_Read(BufferIndex = 0, BufferSize = 0x00010000)
T9064 146:410.304   - 0.033ms returns 0
T9064 146:460.576   JLINK_RTTERMINAL_Read(BufferIndex = 0, BufferSize = 0x00010000)
T9064 146:460.592   - 0.032ms returns 0
T7AD0 146:479.248 JLINK_IsHalted()
T7AD0 146:479.920 - 0.676ms returns FALSE
T7AD0 146:481.216 JLINK_IsHalted()
T7AD0 146:482.176 - 0.956ms returns FALSE
T9064 146:511.328   JLINK_RTTERMINAL_Read(BufferIndex = 0, BufferSize = 0x00010000)
T9064 146:511.344   - 0.023ms returns 0
T9064 146:562.192   JLINK_RTTERMINAL_Read(BufferIndex = 0, BufferSize = 0x00010000)
T9064 146:562.208   - 0.028ms returns 0
T7AD0 146:590.944 JLINK_IsHalted()
T7AD0 146:592.000 - 1.067ms returns FALSE
T7AD0 146:593.184 JLINK_IsHalted()
T7AD0 146:594.192 - 0.995ms returns FALSE
T9064 146:612.896   JLINK_RTTERMINAL_Read(BufferIndex = 0, BufferSize = 0x00010000)
T9064 146:612.928   - 0.028ms returns 0
T9064 146:663.776   JLINK_RTTERMINAL_Read(BufferIndex = 0, BufferSize = 0x00010000)
T9064 146:663.792   - 0.026ms returns 0
T7AD0 146:697.888 JLINK_IsHalted()
T7AD0 146:699.072 - 1.187ms returns FALSE
T7AD0 146:700.352 JLINK_IsHalted()
T7AD0 146:701.280 - 0.928ms returns FALSE
T9064 146:714.848   JLINK_RTTERMINAL_Read(BufferIndex = 0, BufferSize = 0x00010000)
T9064 146:714.880   - 0.021ms returns 98
T9064 146:715.040   JLINK_RTTERMINAL_Read(BufferIndex = 0, BufferSize = 0x00010000)
T9064 146:715.040   - 0.009ms returns 0
T9064 146:765.968   JLINK_RTTERMINAL_Read(BufferIndex = 0, BufferSize = 0x00010000)
T9064 146:765.984   - 0.031ms returns 0
T7AD0 146:807.296 JLINK_IsHalted()
T7AD0 146:807.888 - 0.593ms returns FALSE
T7AD0 146:809.072 JLINK_IsHalted()
T7AD0 146:810.032 - 0.962ms returns FALSE
T9064 146:816.912   JLINK_RTTERMINAL_Read(BufferIndex = 0, BufferSize = 0x00010000)
T9064 146:816.928   - 0.018ms returns 0
T9064 146:868.160   JLINK_RTTERMINAL_Read(BufferIndex = 0, BufferSize = 0x00010000)
T9064 146:868.192   - 0.026ms returns 0
T7AD0 146:916.656 JLINK_IsHalted()
T7AD0 146:917.056 - 0.392ms returns FALSE
T7AD0 146:918.304 JLINK_IsHalted()
T7AD0 146:919.296 - 0.991ms returns FALSE
T9064 146:919.328   JLINK_RTTERMINAL_Read(BufferIndex = 0, BufferSize = 0x00010000)
T9064 146:919.328   - 0.019ms returns 0
T9064 146:970.368   JLINK_RTTERMINAL_Read(BufferIndex = 0, BufferSize = 0x00010000)
T9064 146:970.400   - 0.028ms returns 0
T9064 147:021.456   JLINK_RTTERMINAL_Read(BufferIndex = 0, BufferSize = 0x00010000)
T9064 147:021.472   - 0.030ms returns 0
T7AD0 147:026.352 JLINK_IsHalted()
T7AD0 147:027.008 - 0.653ms returns FALSE
T7AD0 147:028.256 JLINK_IsHalted()
T7AD0 147:029.248 - 0.996ms returns FALSE
T9064 147:072.480   JLINK_RTTERMINAL_Read(BufferIndex = 0, BufferSize = 0x00010000)
T9064 147:072.496   - 0.024ms returns 0
T1758 147:088.560 JLINK_IsHalted()
T1758 147:089.312 - 0.743ms returns FALSE
T1758 147:089.328 JLINK_IsHalted()
T1758 147:090.416 - 1.090ms returns FALSE
T9064 147:122.976   JLINK_RTTERMINAL_Read(BufferIndex = 0, BufferSize = 0x00010000)
T9064 147:123.008   - 0.032ms returns 0
T7AD0 147:135.872 JLINK_IsHalted()
T7AD0 147:136.336 - 0.470ms returns FALSE
T7AD0 147:137.552 JLINK_IsHalted()
T7AD0 147:138.576 - 1.025ms returns FALSE
T9064 147:174.304   JLINK_RTTERMINAL_Read(BufferIndex = 0, BufferSize = 0x00010000)
T9064 147:174.336   - 0.031ms returns 0
T9064 147:224.688   JLINK_RTTERMINAL_Read(BufferIndex = 0, BufferSize = 0x00010000)
T9064 147:224.736   - 0.036ms returns 0
T7AD0 147:244.576 JLINK_IsHalted()
T7AD0 147:245.344 - 0.773ms returns FALSE
T7AD0 147:246.560 JLINK_IsHalted()
T7AD0 147:247.664 - 1.105ms returns FALSE
T9064 147:275.552   JLINK_RTTERMINAL_Read(BufferIndex = 0, BufferSize = 0x00010000)
T9064 147:275.584   - 0.025ms returns 0
T9064 147:326.176   JLINK_RTTERMINAL_Read(BufferIndex = 0, BufferSize = 0x00010000)
T9064 147:326.208   - 0.030ms returns 0
T7AD0 147:354.448 JLINK_IsHalted()
T7AD0 147:355.472 - 1.031ms returns FALSE
T7AD0 147:356.768 JLINK_IsHalted()
T7AD0 147:357.712 - 0.948ms returns FALSE
T9064 147:376.864   JLINK_RTTERMINAL_Read(BufferIndex = 0, BufferSize = 0x00010000)
T9064 147:376.912   - 0.037ms returns 0
T9064 147:427.744   JLINK_RTTERMINAL_Read(BufferIndex = 0, BufferSize = 0x00010000)
T9064 147:427.760   - 0.027ms returns 0
T7AD0 147:463.968 JLINK_IsHalted()
T7AD0 147:464.752 - 0.783ms returns FALSE
T7AD0 147:466.144 JLINK_IsHalted()
T7AD0 147:467.184 - 1.034ms returns FALSE
T9064 147:478.608   JLINK_RTTERMINAL_Read(BufferIndex = 0, BufferSize = 0x00010000)
T9064 147:478.624   - 0.026ms returns 0
T9064 147:530.000   JLINK_RTTERMINAL_Read(BufferIndex = 0, BufferSize = 0x00010000)
T9064 147:530.016   - 0.023ms returns 0
T7AD0 147:573.904 JLINK_IsHalted()
T7AD0 147:574.704 - 0.802ms returns FALSE
T7AD0 147:576.000 JLINK_IsHalted()
T7AD0 147:576.976 - 0.962ms returns FALSE
T9064 147:580.736   JLINK_RTTERMINAL_Read(BufferIndex = 0, BufferSize = 0x00010000)
T9064 147:580.768   - 0.027ms returns 0
T9064 147:631.872   JLINK_RTTERMINAL_Read(BufferIndex = 0, BufferSize = 0x00010000)
T9064 147:631.904   - 0.027ms returns 0
T7AD0 147:682.720 JLINK_IsHalted()
T7AD0 147:683.808 - 1.080ms returns FALSE
T9064 147:683.808   JLINK_RTTERMINAL_Read(BufferIndex = 0, BufferSize = 0x00010000)
T9064 147:683.824   - 0.011ms returns 0
T7AD0 147:685.088 JLINK_IsHalted()
T7AD0 147:686.048 - 0.957ms returns FALSE
T9064 147:734.672   JLINK_RTTERMINAL_Read(BufferIndex = 0, BufferSize = 0x00010000)
T9064 147:734.688   - 0.037ms returns 98
T9064 147:734.896   JLINK_RTTERMINAL_Read(BufferIndex = 0, BufferSize = 0x00010000)
T9064 147:734.912   - 0.011ms returns 0
T9064 147:785.856   JLINK_RTTERMINAL_Read(BufferIndex = 0, BufferSize = 0x00010000)
T9064 147:785.888   - 0.023ms returns 0
T7AD0 147:791.792 JLINK_IsHalted()
T7AD0 147:792.560 - 0.756ms returns FALSE
T7AD0 147:793.824 JLINK_IsHalted()
T7AD0 147:794.784 - 0.980ms returns FALSE
T9064 147:837.024   JLINK_RTTERMINAL_Read(BufferIndex = 0, BufferSize = 0x00010000)
T9064 147:837.072   - 0.039ms returns 0
T9064 147:888.000   JLINK_RTTERMINAL_Read(BufferIndex = 0, BufferSize = 0x00010000)
T9064 147:888.032   - 0.034ms returns 0
T7AD0 147:900.912 JLINK_IsHalted()
T7AD0 147:901.568 - 0.656ms returns FALSE
T7AD0 147:902.864 JLINK_IsHalted()
T7AD0 147:903.808 - 0.950ms returns FALSE
T9064 147:938.960   JLINK_RTTERMINAL_Read(BufferIndex = 0, BufferSize = 0x00010000)
T9064 147:938.992   - 0.035ms returns 0
T9064 147:989.952   JLINK_RTTERMINAL_Read(BufferIndex = 0, BufferSize = 0x00010000)
T9064 147:989.984   - 0.028ms returns 0
T7AD0 148:010.400 JLINK_IsHalted()
T7AD0 148:010.864 - 0.480ms returns FALSE
T7AD0 148:012.144 JLINK_IsHalted()
T7AD0 148:013.104 - 0.967ms returns FALSE
T9064 148:040.480   JLINK_RTTERMINAL_Read(BufferIndex = 0, BufferSize = 0x00010000)
T9064 148:040.512   - 0.028ms returns 0
T1758 148:090.592 JLINK_IsHalted()
T1758 148:091.008 - 0.407ms returns FALSE
T1758 148:091.040 JLINK_IsHalted()
T1758 148:092.096 - 1.062ms returns FALSE
T9064 148:092.128   JLINK_RTTERMINAL_Read(BufferIndex = 0, BufferSize = 0x00010000)
T9064 148:092.128   - 0.011ms returns 0
T7AD0 148:119.520 JLINK_IsHalted()
T7AD0 148:120.288 - 0.786ms returns FALSE
T7AD0 148:121.568 JLINK_IsHalted()
T7AD0 148:122.528 - 0.965ms returns FALSE
T9064 148:142.752   JLINK_RTTERMINAL_Read(BufferIndex = 0, BufferSize = 0x00010000)
T9064 148:142.768   - 0.035ms returns 0
T9064 148:193.168   JLINK_RTTERMINAL_Read(BufferIndex = 0, BufferSize = 0x00010000)
T9064 148:193.248   - 0.083ms returns 0
T7AD0 148:229.600 JLINK_IsHalted()
T7AD0 148:230.176 - 0.555ms returns FALSE
T7AD0 148:231.440 JLINK_IsHalted()
T7AD0 148:232.416 - 0.966ms returns FALSE
T9064 148:244.224   JLINK_RTTERMINAL_Read(BufferIndex = 0, BufferSize = 0x00010000)
T9064 148:244.256   - 0.024ms returns 0
T9064 148:294.464   JLINK_RTTERMINAL_Read(BufferIndex = 0, BufferSize = 0x00010000)
T9064 148:294.496   - 0.035ms returns 0
T7AD0 148:338.256 JLINK_IsHalted()
T7AD0 148:339.232 - 0.972ms returns FALSE
T7AD0 148:340.464 JLINK_IsHalted()
T7AD0 148:341.456 - 0.991ms returns FALSE
T9064 148:345.696   JLINK_RTTERMINAL_Read(BufferIndex = 0, BufferSize = 0x00010000)
T9064 148:345.696   - 0.016ms returns 0
T9064 148:396.816   JLINK_RTTERMINAL_Read(BufferIndex = 0, BufferSize = 0x00010000)
T9064 148:396.848   - 0.035ms returns 0
T7AD0 148:447.840 JLINK_IsHalted()
T7AD0 148:448.464 - 0.613ms returns FALSE
T9064 148:449.808   JLINK_RTTERMINAL_Read(BufferIndex = 0, BufferSize = 0x00010000)
T9064 148:449.824   - 0.009ms returns 0
T7AD0 148:450.880 JLINK_IsHalted()
T7AD0 148:451.920 - 1.037ms returns FALSE
T9064 148:500.496   JLINK_RTTERMINAL_Read(BufferIndex = 0, BufferSize = 0x00010000)
T9064 148:500.512   - 0.032ms returns 0
T9064 148:551.008   JLINK_RTTERMINAL_Read(BufferIndex = 0, BufferSize = 0x00010000)
T9064 148:551.056   - 0.035ms returns 0
T7AD0 148:557.936 JLINK_IsHalted()
T7AD0 148:558.544 - 0.605ms returns FALSE
T7AD0 148:559.840 JLINK_IsHalted()
T7AD0 148:560.816 - 0.965ms returns FALSE
T9064 148:601.344   JLINK_RTTERMINAL_Read(BufferIndex = 0, BufferSize = 0x00010000)
T9064 148:601.392   - 0.041ms returns 0
T9064 148:652.384   JLINK_RTTERMINAL_Read(BufferIndex = 0, BufferSize = 0x00010000)
T9064 148:652.416   - 0.036ms returns 0
T7AD0 148:666.528 JLINK_IsHalted()
T7AD0 148:667.680 - 1.149ms returns FALSE
T7AD0 148:668.960 JLINK_IsHalted()
T7AD0 148:669.920 - 0.956ms returns FALSE
T9064 148:702.688   JLINK_RTTERMINAL_Read(BufferIndex = 0, BufferSize = 0x00010000)
T9064 148:702.736   - 0.034ms returns 0
T9064 148:753.200   JLINK_RTTERMINAL_Read(BufferIndex = 0, BufferSize = 0x00010000)
T9064 148:753.232   - 0.030ms returns 98
T9064 148:753.408   JLINK_RTTERMINAL_Read(BufferIndex = 0, BufferSize = 0x00010000)
T9064 148:753.424   - 0.017ms returns 0
T7AD0 148:776.368 JLINK_IsHalted()
T7AD0 148:776.736 - 0.363ms returns FALSE
T7AD0 148:777.968 JLINK_IsHalted()
T7AD0 148:778.992 - 1.019ms returns FALSE
T9064 148:804.464   JLINK_RTTERMINAL_Read(BufferIndex = 0, BufferSize = 0x00010000)
T9064 148:804.512   - 0.031ms returns 0
T9064 148:855.632   JLINK_RTTERMINAL_Read(BufferIndex = 0, BufferSize = 0x00010000)
T9064 148:855.648   - 0.027ms returns 0
T7AD0 148:885.536 JLINK_IsHalted()
T7AD0 148:886.144 - 0.612ms returns FALSE
T7AD0 148:887.408 JLINK_IsHalted()
T7AD0 148:888.384 - 0.971ms returns FALSE
T9064 148:905.840   JLINK_RTTERMINAL_Read(BufferIndex = 0, BufferSize = 0x00010000)
T9064 148:905.872   - 0.030ms returns 0
T9064 148:956.384   JLINK_RTTERMINAL_Read(BufferIndex = 0, BufferSize = 0x00010000)
T9064 148:956.416   - 0.028ms returns 0
T7AD0 148:994.880 JLINK_IsHalted()
T7AD0 148:995.488 - 0.609ms returns FALSE
T7AD0 148:995.504 JLINK_IsHalted()
T7AD0 148:997.072 - 1.560ms returns FALSE
T9064 149:007.408   JLINK_RTTERMINAL_Read(BufferIndex = 0, BufferSize = 0x00010000)
T9064 149:007.456   - 0.032ms returns 0
T9064 149:058.144   JLINK_RTTERMINAL_Read(BufferIndex = 0, BufferSize = 0x00010000)
T9064 149:058.160   - 0.023ms returns 0
T1758 149:092.256 JLINK_IsHalted()
T1758 149:093.328 - 1.070ms returns FALSE
T1758 149:093.344 JLINK_IsHalted()
T1758 149:094.432 - 1.093ms returns FALSE
T7AD0 149:104.096 JLINK_IsHalted()
T7AD0 149:104.896 - 0.796ms returns FALSE
T7AD0 149:106.144 JLINK_IsHalted()
T7AD0 149:107.152 - 1.011ms returns FALSE
T9064 149:109.296   JLINK_RTTERMINAL_Read(BufferIndex = 0, BufferSize = 0x00010000)
T9064 149:109.312   - 0.013ms returns 0
T9064 149:159.520   JLINK_RTTERMINAL_Read(BufferIndex = 0, BufferSize = 0x00010000)
T9064 149:159.552   - 0.046ms returns 0
T9064 149:210.528   JLINK_RTTERMINAL_Read(BufferIndex = 0, BufferSize = 0x00010000)
T9064 149:210.560   - 0.030ms returns 0
T7AD0 149:213.664 JLINK_IsHalted()
T7AD0 149:214.048 - 0.377ms returns FALSE
T7AD0 149:215.344 JLINK_IsHalted()
T7AD0 149:216.304 - 0.960ms returns FALSE
T9064 149:261.376   JLINK_RTTERMINAL_Read(BufferIndex = 0, BufferSize = 0x00010000)
T9064 149:261.408   - 0.035ms returns 0
T9064 149:311.840   JLINK_RTTERMINAL_Read(BufferIndex = 0, BufferSize = 0x00010000)
T9064 149:311.872   - 0.032ms returns 0
T7AD0 149:322.768 JLINK_IsHalted()
T7AD0 149:323.168 - 0.392ms returns FALSE
T7AD0 149:324.448 JLINK_IsHalted()
T7AD0 149:325.408 - 0.950ms returns FALSE
T9064 149:362.336   JLINK_RTTERMINAL_Read(BufferIndex = 0, BufferSize = 0x00010000)
T9064 149:362.368   - 0.034ms returns 0
T9064 149:413.696   JLINK_RTTERMINAL_Read(BufferIndex = 0, BufferSize = 0x00010000)
T9064 149:413.728   - 0.036ms returns 0
T7AD0 149:431.984 JLINK_IsHalted()
T7AD0 149:432.384 - 0.393ms returns FALSE
T7AD0 149:433.696 JLINK_IsHalted()
T7AD0 149:434.720 - 1.046ms returns FALSE
T9064 149:464.208   JLINK_RTTERMINAL_Read(BufferIndex = 0, BufferSize = 0x00010000)
T9064 149:464.224   - 0.031ms returns 0
T9064 149:515.296   JLINK_RTTERMINAL_Read(BufferIndex = 0, BufferSize = 0x00010000)
T9064 149:515.328   - 0.032ms returns 0
T7AD0 149:541.888 JLINK_IsHalted()
T7AD0 149:542.544 - 0.658ms returns FALSE
T7AD0 149:543.840 JLINK_IsHalted()
T7AD0 149:544.784 - 0.945ms returns FALSE
T9064 149:565.648   JLINK_RTTERMINAL_Read(BufferIndex = 0, BufferSize = 0x00010000)
T9064 149:565.680   - 0.030ms returns 0
T9064 149:616.480   JLINK_RTTERMINAL_Read(BufferIndex = 0, BufferSize = 0x00010000)
T9064 149:616.512   - 0.028ms returns 0
T7AD0 149:651.392 JLINK_IsHalted()
T7AD0 149:652.672 - 1.277ms returns FALSE
T7AD0 149:654.016 JLINK_IsHalted()
T7AD0 149:654.912 - 0.900ms returns FALSE
T9064 149:667.328   JLINK_RTTERMINAL_Read(BufferIndex = 0, BufferSize = 0x00010000)
T9064 149:667.360   - 0.030ms returns 0
T9064 149:717.792   JLINK_RTTERMINAL_Read(BufferIndex = 0, BufferSize = 0x00010000)
T9064 149:717.808   - 0.033ms returns 98
T9064 149:718.032   JLINK_RTTERMINAL_Read(BufferIndex = 0, BufferSize = 0x00010000)
T9064 149:718.048   - 0.017ms returns 0
T7AD0 149:760.800 JLINK_IsHalted()
T7AD0 149:761.856 - 1.057ms returns FALSE
T7AD0 149:763.280 JLINK_IsHalted()
T7AD0 149:764.112 - 0.834ms returns FALSE
T9064 149:768.592   JLINK_RTTERMINAL_Read(BufferIndex = 0, BufferSize = 0x00010000)
T9064 149:768.624   - 0.026ms returns 0
T9064 149:819.664   JLINK_RTTERMINAL_Read(BufferIndex = 0, BufferSize = 0x00010000)
T9064 149:819.680   - 0.028ms returns 0
T9064 149:870.640   JLINK_RTTERMINAL_Read(BufferIndex = 0, BufferSize = 0x00010000)
T9064 149:870.672   - 0.017ms returns 0
T7AD0 149:871.808 JLINK_IsHalted()
T7AD0 149:872.816 - 1.002ms returns FALSE
T7AD0 149:874.096 JLINK_IsHalted()
T7AD0 149:875.040 - 0.949ms returns FALSE
T9064 149:921.808   JLINK_RTTERMINAL_Read(BufferIndex = 0, BufferSize = 0x00010000)
T9064 149:921.824   - 0.021ms returns 0
T9064 149:972.768   JLINK_RTTERMINAL_Read(BufferIndex = 0, BufferSize = 0x00010000)
T9064 149:972.800   - 0.030ms returns 0
T7AD0 149:979.696 JLINK_IsHalted()
T7AD0 149:980.752 - 1.044ms returns FALSE
T7AD0 149:981.984 JLINK_IsHalted()
T7AD0 149:982.992 - 0.997ms returns FALSE
T9064 150:023.920   JLINK_RTTERMINAL_Read(BufferIndex = 0, BufferSize = 0x00010000)
T9064 150:023.968   - 0.032ms returns 0
T9064 150:074.704   JLINK_RTTERMINAL_Read(BufferIndex = 0, BufferSize = 0x00010000)
T9064 150:074.720   - 0.034ms returns 0
T7AD0 150:088.672 JLINK_IsHalted()
T7AD0 150:089.904 - 1.232ms returns FALSE
T7AD0 150:091.168 JLINK_IsHalted()
T7AD0 150:092.160 - 0.987ms returns FALSE
T1758 150:094.848 JLINK_IsHalted()
T1758 150:095.424 - 0.578ms returns FALSE
T1758 150:095.440 JLINK_IsHalted()
T1758 150:096.544 - 1.110ms returns FALSE
T9064 150:126.192   JLINK_RTTERMINAL_Read(BufferIndex = 0, BufferSize = 0x00010000)
T9064 150:126.240   - 0.034ms returns 0
T9064 150:176.944   JLINK_RTTERMINAL_Read(BufferIndex = 0, BufferSize = 0x00010000)
T9064 150:176.992   - 0.033ms returns 0
T7AD0 150:197.856 JLINK_IsHalted()
T7AD0 150:198.496 - 0.650ms returns FALSE
T7AD0 150:199.888 JLINK_IsHalted()
T7AD0 150:200.816 - 0.930ms returns FALSE
T9064 150:227.248   JLINK_RTTERMINAL_Read(BufferIndex = 0, BufferSize = 0x00010000)
T9064 150:227.280   - 0.028ms returns 0
T9064 150:278.176   JLINK_RTTERMINAL_Read(BufferIndex = 0, BufferSize = 0x00010000)
T9064 150:278.208   - 0.038ms returns 0
T7AD0 150:307.376 JLINK_IsHalted()
T7AD0 150:308.400 - 1.021ms returns FALSE
T7AD0 150:309.664 JLINK_IsHalted()
T7AD0 150:310.688 - 1.030ms returns FALSE
T9064 150:328.976   JLINK_RTTERMINAL_Read(BufferIndex = 0, BufferSize = 0x00010000)
T9064 150:328.992   - 0.030ms returns 0
T9064 150:379.920   JLINK_RTTERMINAL_Read(BufferIndex = 0, BufferSize = 0x00010000)
T9064 150:379.952   - 0.035ms returns 0
T7AD0 150:416.368 JLINK_IsHalted()
T7AD0 150:417.520 - 1.157ms returns FALSE
T7AD0 150:418.800 JLINK_IsHalted()
T7AD0 150:419.808 - 0.997ms returns FALSE
T9064 150:430.816   JLINK_RTTERMINAL_Read(BufferIndex = 0, BufferSize = 0x00010000)
T9064 150:430.848   - 0.024ms returns 0
T9064 150:481.296   JLINK_RTTERMINAL_Read(BufferIndex = 0, BufferSize = 0x00010000)
T9064 150:481.328   - 0.040ms returns 0
T7AD0 150:526.352 JLINK_IsHalted()
T7AD0 150:526.928 - 0.577ms returns FALSE
T7AD0 150:528.224 JLINK_IsHalted()
T7AD0 150:529.168 - 0.941ms returns FALSE
T9064 150:532.416   JLINK_RTTERMINAL_Read(BufferIndex = 0, BufferSize = 0x00010000)
T9064 150:532.448   - 0.023ms returns 0
T9064 150:583.456   JLINK_RTTERMINAL_Read(BufferIndex = 0, BufferSize = 0x00010000)
T9064 150:583.472   - 0.030ms returns 0
T9064 150:634.288   JLINK_RTTERMINAL_Read(BufferIndex = 0, BufferSize = 0x00010000)
T9064 150:634.336   - 0.038ms returns 0
T7AD0 150:635.184 JLINK_IsHalted()
T7AD0 150:635.872 - 0.673ms returns FALSE
T7AD0 150:637.152 JLINK_IsHalted()
T7AD0 150:638.112 - 0.964ms returns FALSE
T9064 150:684.576   JLINK_RTTERMINAL_Read(BufferIndex = 0, BufferSize = 0x00010000)
T9064 150:684.608   - 0.034ms returns 0
T9064 150:735.760   JLINK_RTTERMINAL_Read(BufferIndex = 0, BufferSize = 0x00010000)
T9064 150:735.776   - 0.032ms returns 98
T9064 150:735.968   JLINK_RTTERMINAL_Read(BufferIndex = 0, BufferSize = 0x00010000)
T9064 150:735.968   - 0.020ms returns 0
T7AD0 150:744.672 JLINK_IsHalted()
T7AD0 150:745.456 - 0.794ms returns FALSE
T7AD0 150:746.848 JLINK_IsHalted()
T7AD0 150:747.808 - 0.956ms returns FALSE
T9064 150:787.440   JLINK_RTTERMINAL_Read(BufferIndex = 0, BufferSize = 0x00010000)
T9064 150:787.456   - 0.018ms returns 0
T9064 150:837.712   JLINK_RTTERMINAL_Read(BufferIndex = 0, BufferSize = 0x00010000)
T9064 150:837.728   - 0.031ms returns 0
T7AD0 150:854.624 JLINK_IsHalted()
T7AD0 150:855.120 - 0.485ms returns FALSE
T7AD0 150:856.384 JLINK_IsHalted()
T7AD0 150:857.344 - 0.969ms returns FALSE
T9064 150:888.000   JLINK_RTTERMINAL_Read(BufferIndex = 0, BufferSize = 0x00010000)
T9064 150:888.032   - 0.026ms returns 0
T9064 150:939.696   JLINK_RTTERMINAL_Read(BufferIndex = 0, BufferSize = 0x00010000)
T9064 150:939.728   - 0.022ms returns 0
T7AD0 150:963.952 JLINK_IsHalted()
T7AD0 150:965.136 - 1.188ms returns FALSE
T7AD0 150:966.448 JLINK_IsHalted()
T7AD0 150:967.296 - 0.842ms returns FALSE
T9064 150:990.464   JLINK_RTTERMINAL_Read(BufferIndex = 0, BufferSize = 0x00010000)
T9064 150:990.496   - 0.030ms returns 0
T9064 151:040.944   JLINK_RTTERMINAL_Read(BufferIndex = 0, BufferSize = 0x00010000)
T9064 151:040.976   - 0.028ms returns 0
T7AD0 151:076.576 JLINK_IsHalted()
T7AD0 151:077.536 - 0.959ms returns FALSE
T7AD0 151:077.552 JLINK_IsHalted()
T7AD0 151:078.672 - 1.110ms returns FALSE
T9064 151:091.968   JLINK_RTTERMINAL_Read(BufferIndex = 0, BufferSize = 0x00010000)
T9064 151:092.000   - 0.030ms returns 0
T1758 151:098.304 JLINK_IsHalted()
T1758 151:099.408 - 1.108ms returns FALSE
T1758 151:099.424 JLINK_IsHalted()
T1758 151:100.528 - 1.100ms returns FALSE
T9064 151:143.264   JLINK_RTTERMINAL_Read(BufferIndex = 0, BufferSize = 0x00010000)
T9064 151:143.312   - 0.031ms returns 0
T7AD0 151:182.352 JLINK_IsHalted()
T7AD0 151:182.816 - 0.481ms returns FALSE
T7AD0 151:184.080 JLINK_IsHalted()
T7AD0 151:185.072 - 1.000ms returns FALSE
T9064 151:193.856   JLINK_RTTERMINAL_Read(BufferIndex = 0, BufferSize = 0x00010000)
T9064 151:193.888   - 0.031ms returns 0
T9064 151:245.040   JLINK_RTTERMINAL_Read(BufferIndex = 0, BufferSize = 0x00010000)
T9064 151:245.088   - 0.042ms returns 0
T7AD0 151:292.016 JLINK_IsHalted()
T7AD0 151:292.784 - 0.775ms returns FALSE
T7AD0 151:294.864 JLINK_IsHalted()
T7AD0 151:296.000 - 1.135ms returns FALSE
T9064 151:297.328   JLINK_RTTERMINAL_Read(BufferIndex = 0, BufferSize = 0x00010000)
T9064 151:297.344   - 0.017ms returns 0
T9064 151:348.128   JLINK_RTTERMINAL_Read(BufferIndex = 0, BufferSize = 0x00010000)
T9064 151:348.160   - 0.028ms returns 0
T9064 151:398.624   JLINK_RTTERMINAL_Read(BufferIndex = 0, BufferSize = 0x00010000)
T9064 151:398.672   - 0.038ms returns 0
T7AD0 151:401.568 JLINK_IsHalted()
T7AD0 151:401.872 - 0.299ms returns FALSE
T7AD0 151:403.168 JLINK_IsHalted()
T7AD0 151:404.240 - 1.061ms returns FALSE
T9064 151:449.360   JLINK_RTTERMINAL_Read(BufferIndex = 0, BufferSize = 0x00010000)
T9064 151:449.392   - 0.030ms returns 0
T9064 151:500.640   JLINK_RTTERMINAL_Read(BufferIndex = 0, BufferSize = 0x00010000)
T9064 151:500.688   - 0.039ms returns 0
T7AD0 151:510.304 JLINK_IsHalted()
T7AD0 151:511.136 - 0.843ms returns FALSE
T7AD0 151:512.416 JLINK_IsHalted()
T7AD0 151:513.392 - 0.964ms returns FALSE
T9064 151:551.056   JLINK_RTTERMINAL_Read(BufferIndex = 0, BufferSize = 0x00010000)
T9064 151:551.072   - 0.038ms returns 0
T9064 151:602.080   JLINK_RTTERMINAL_Read(BufferIndex = 0, BufferSize = 0x00010000)
T9064 151:602.096   - 0.028ms returns 0
T7AD0 151:619.488 JLINK_IsHalted()
T7AD0 151:620.240 - 0.747ms returns FALSE
T7AD0 151:621.472 JLINK_IsHalted()
T7AD0 151:622.480 - 0.998ms returns FALSE
T9064 151:652.992   JLINK_RTTERMINAL_Read(BufferIndex = 0, BufferSize = 0x00010000)
T9064 151:653.024   - 0.029ms returns 0
T9064 151:704.032   JLINK_RTTERMINAL_Read(BufferIndex = 0, BufferSize = 0x00010000)
T9064 151:704.064   - 0.029ms returns 0
T7AD0 151:729.488 JLINK_IsHalted()
T7AD0 151:730.464 - 0.988ms returns FALSE
T7AD0 151:731.664 JLINK_IsHalted()
T7AD0 151:732.672 - 1.001ms returns FALSE
T9064 151:755.008   JLINK_RTTERMINAL_Read(BufferIndex = 0, BufferSize = 0x00010000)
T9064 151:755.040   - 0.025ms returns 98
T9064 151:755.200   JLINK_RTTERMINAL_Read(BufferIndex = 0, BufferSize = 0x00010000)
T9064 151:755.232   - 0.017ms returns 0
T9064 151:806.304   JLINK_RTTERMINAL_Read(BufferIndex = 0, BufferSize = 0x00010000)
T9064 151:806.320   - 0.032ms returns 0
T7AD0 151:838.448 JLINK_IsHalted()
T7AD0 151:838.896 - 0.446ms returns FALSE
T7AD0 151:840.160 JLINK_IsHalted()
T7AD0 151:841.136 - 0.975ms returns FALSE
T9064 151:857.552   JLINK_RTTERMINAL_Read(BufferIndex = 0, BufferSize = 0x00010000)
T9064 151:857.568   - 0.021ms returns 0
T9064 151:908.224   JLINK_RTTERMINAL_Read(BufferIndex = 0, BufferSize = 0x00010000)
T9064 151:908.256   - 0.033ms returns 0
T7AD0 151:947.680 JLINK_IsHalted()
T7AD0 151:948.224 - 0.533ms returns FALSE
T7AD0 151:949.504 JLINK_IsHalted()
T7AD0 151:950.464 - 0.968ms returns FALSE
T9064 151:958.752   JLINK_RTTERMINAL_Read(BufferIndex = 0, BufferSize = 0x00010000)
T9064 151:958.784   - 0.019ms returns 0
T9064 152:009.424   JLINK_RTTERMINAL_Read(BufferIndex = 0, BufferSize = 0x00010000)
T9064 152:009.456   - 0.030ms returns 0
T7AD0 152:057.200 JLINK_IsHalted()
T7AD0 152:058.240 - 1.039ms returns FALSE
T7AD0 152:059.488 JLINK_IsHalted()
T7AD0 152:060.496 - 0.987ms returns FALSE
T9064 152:060.512   JLINK_RTTERMINAL_Read(BufferIndex = 0, BufferSize = 0x00010000)
T9064 152:060.528   - 0.016ms returns 0
T1758 152:100.496 JLINK_IsHalted()
T1758 152:101.456 - 0.957ms returns FALSE
T1758 152:101.472 JLINK_IsHalted()
T1758 152:102.576 - 1.117ms returns FALSE
T9064 152:111.936   JLINK_RTTERMINAL_Read(BufferIndex = 0, BufferSize = 0x00010000)
T9064 152:111.968   - 0.027ms returns 0
T9064 152:162.448   JLINK_RTTERMINAL_Read(BufferIndex = 0, BufferSize = 0x00010000)
T9064 152:162.464   - 0.026ms returns 0
T7AD0 152:171.344 JLINK_IsHalted()
T7AD0 152:172.272 - 0.923ms returns FALSE
T7AD0 152:172.304 JLINK_IsHalted()
T7AD0 152:173.376 - 1.067ms returns FALSE
T9064 152:212.960   JLINK_RTTERMINAL_Read(BufferIndex = 0, BufferSize = 0x00010000)
T9064 152:212.992   - 0.027ms returns 0
T9064 152:263.968   JLINK_RTTERMINAL_Read(BufferIndex = 0, BufferSize = 0x00010000)
T9064 152:264.000   - 0.034ms returns 0
T7AD0 152:275.872 JLINK_IsHalted()
T7AD0 152:277.056 - 1.197ms returns FALSE
T7AD0 152:278.304 JLINK_IsHalted()
T7AD0 152:279.312 - 1.015ms returns FALSE
T9064 152:315.184   JLINK_RTTERMINAL_Read(BufferIndex = 0, BufferSize = 0x00010000)
T9064 152:315.216   - 0.026ms returns 0
T9064 152:366.176   JLINK_RTTERMINAL_Read(BufferIndex = 0, BufferSize = 0x00010000)
T9064 152:366.192   - 0.027ms returns 0
T7AD0 152:386.080 JLINK_IsHalted()
T7AD0 152:387.024 - 0.925ms returns FALSE
T7AD0 152:388.256 JLINK_IsHalted()
T7AD0 152:389.264 - 0.998ms returns FALSE
T9064 152:417.504   JLINK_RTTERMINAL_Read(BufferIndex = 0, BufferSize = 0x00010000)
T9064 152:417.520   - 0.025ms returns 0
T9064 152:467.808   JLINK_RTTERMINAL_Read(BufferIndex = 0, BufferSize = 0x00010000)
T9064 152:467.840   - 0.026ms returns 0
T7AD0 152:494.720 JLINK_IsHalted()
T7AD0 152:495.424 - 0.698ms returns FALSE
T7AD0 152:496.784 JLINK_IsHalted()
T7AD0 152:497.696 - 0.918ms returns FALSE
T9064 152:518.320   JLINK_RTTERMINAL_Read(BufferIndex = 0, BufferSize = 0x00010000)
T9064 152:518.352   - 0.029ms returns 0
T9064 152:569.824   JLINK_RTTERMINAL_Read(BufferIndex = 0, BufferSize = 0x00010000)
T9064 152:569.840   - 0.023ms returns 0
T7AD0 152:604.320 JLINK_IsHalted()
T7AD0 152:605.440 - 1.107ms returns FALSE
T7AD0 152:606.688 JLINK_IsHalted()
T7AD0 152:607.680 - 0.989ms returns FALSE
T9064 152:620.848   JLINK_RTTERMINAL_Read(BufferIndex = 0, BufferSize = 0x00010000)
T9064 152:620.880   - 0.025ms returns 0
T9064 152:672.288   JLINK_RTTERMINAL_Read(BufferIndex = 0, BufferSize = 0x00010000)
T9064 152:672.320   - 0.027ms returns 0
T7AD0 152:713.248 JLINK_IsHalted()
T7AD0 152:713.680 - 0.429ms returns FALSE
T7AD0 152:714.960 JLINK_IsHalted()
T7AD0 152:715.920 - 0.956ms returns FALSE
T9064 152:723.360   JLINK_RTTERMINAL_Read(BufferIndex = 0, BufferSize = 0x00010000)
T9064 152:723.392   - 0.025ms returns 98
T9064 152:723.632   JLINK_RTTERMINAL_Read(BufferIndex = 0, BufferSize = 0x00010000)
T9064 152:723.648   - 0.018ms returns 0
T9064 152:774.336   JLINK_RTTERMINAL_Read(BufferIndex = 0, BufferSize = 0x00010000)
T9064 152:774.368   - 0.026ms returns 0
T7AD0 152:823.520 JLINK_IsHalted()
T7AD0 152:824.096 - 0.565ms returns FALSE
T9064 152:825.344   JLINK_RTTERMINAL_Read(BufferIndex = 0, BufferSize = 0x00010000)
T9064 152:825.376   - 0.018ms returns 0
T7AD0 152:826.464 JLINK_IsHalted()
T7AD0 152:827.472 - 1.014ms returns FALSE
T9064 152:875.648   JLINK_RTTERMINAL_Read(BufferIndex = 0, BufferSize = 0x00010000)
T9064 152:875.680   - 0.028ms returns 0
T9064 152:926.160   JLINK_RTTERMINAL_Read(BufferIndex = 0, BufferSize = 0x00010000)
T9064 152:926.176   - 0.027ms returns 0
T7AD0 152:932.064 JLINK_IsHalted()
T7AD0 152:932.512 - 0.443ms returns FALSE
T7AD0 152:933.808 JLINK_IsHalted()
T7AD0 152:934.800 - 0.997ms returns FALSE
T9064 152:977.184   JLINK_RTTERMINAL_Read(BufferIndex = 0, BufferSize = 0x00010000)
T9064 152:977.200   - 0.024ms returns 0
T9064 153:028.320   JLINK_RTTERMINAL_Read(BufferIndex = 0, BufferSize = 0x00010000)
T9064 153:028.336   - 0.029ms returns 0
T7AD0 153:042.208 JLINK_IsHalted()
T7AD0 153:042.688 - 0.486ms returns FALSE
T7AD0 153:044.064 JLINK_IsHalted()
T7AD0 153:044.928 - 0.855ms returns FALSE
T9064 153:079.328   JLINK_RTTERMINAL_Read(BufferIndex = 0, BufferSize = 0x00010000)
T9064 153:079.344   - 0.028ms returns 0
T1758 153:103.344 JLINK_IsHalted()
T1758 153:104.080 - 0.726ms returns FALSE
T1758 153:104.096 JLINK_IsHalted()
T1758 153:105.200 - 1.100ms returns FALSE
T9064 153:129.824   JLINK_RTTERMINAL_Read(BufferIndex = 0, BufferSize = 0x00010000)
T9064 153:129.840   - 0.028ms returns 0
T7AD0 153:153.440 JLINK_IsHalted()
T7AD0 153:154.400 - 0.978ms returns FALSE
T7AD0 153:155.680 JLINK_IsHalted()
T7AD0 153:156.672 - 1.005ms returns FALSE
T9064 153:180.800   JLINK_RTTERMINAL_Read(BufferIndex = 0, BufferSize = 0x00010000)
T9064 153:180.832   - 0.041ms returns 0
T9064 153:231.344   JLINK_RTTERMINAL_Read(BufferIndex = 0, BufferSize = 0x00010000)
T9064 153:231.376   - 0.033ms returns 0
T7AD0 153:260.208 JLINK_IsHalted()
T7AD0 153:261.360 - 1.150ms returns FALSE
T7AD0 153:262.656 JLINK_IsHalted()
T7AD0 153:263.696 - 1.024ms returns FALSE
T9064 153:282.320   JLINK_RTTERMINAL_Read(BufferIndex = 0, BufferSize = 0x00010000)
T9064 153:282.336   - 0.026ms returns 0
T9064 153:332.816   JLINK_RTTERMINAL_Read(BufferIndex = 0, BufferSize = 0x00010000)
T9064 153:332.832   - 0.025ms returns 0
T7AD0 153:369.712 JLINK_IsHalted()
T7AD0 153:370.496 - 0.780ms returns FALSE
T7AD0 153:371.824 JLINK_IsHalted()
T7AD0 153:372.880 - 1.049ms returns FALSE
T9064 153:383.824   JLINK_RTTERMINAL_Read(BufferIndex = 0, BufferSize = 0x00010000)
T9064 153:383.840   - 0.024ms returns 0
T9064 153:434.448   JLINK_RTTERMINAL_Read(BufferIndex = 0, BufferSize = 0x00010000)
T9064 153:434.480   - 0.027ms returns 0
T7AD0 153:478.896 JLINK_IsHalted()
T7AD0 153:479.792 - 0.893ms returns FALSE
T7AD0 153:481.056 JLINK_IsHalted()
T7AD0 153:482.048 - 0.992ms returns FALSE
T9064 153:485.504   JLINK_RTTERMINAL_Read(BufferIndex = 0, BufferSize = 0x00010000)
T9064 153:485.536   - 0.022ms returns 0
T9064 153:536.096   JLINK_RTTERMINAL_Read(BufferIndex = 0, BufferSize = 0x00010000)
T9064 153:536.128   - 0.033ms returns 0
T9064 153:587.040   JLINK_RTTERMINAL_Read(BufferIndex = 0, BufferSize = 0x00010000)
T9064 153:587.056   - 0.021ms returns 0
T7AD0 153:588.960 JLINK_IsHalted()
T7AD0 153:590.000 - 1.048ms returns FALSE
T7AD0 153:591.232 JLINK_IsHalted()
T7AD0 153:592.240 - 1.017ms returns FALSE
T9064 153:637.536   JLINK_RTTERMINAL_Read(BufferIndex = 0, BufferSize = 0x00010000)
T9064 153:637.568   - 0.024ms returns 0
T9064 153:688.576   JLINK_RTTERMINAL_Read(BufferIndex = 0, BufferSize = 0x00010000)
T9064 153:688.608   - 0.022ms returns 0
T7AD0 153:698.480 JLINK_IsHalted()
T7AD0 153:698.912 - 0.434ms returns FALSE
T7AD0 153:700.176 JLINK_IsHalted()
T7AD0 153:701.152 - 0.994ms returns FALSE
T9064 153:739.456   JLINK_RTTERMINAL_Read(BufferIndex = 0, BufferSize = 0x00010000)
T9064 153:739.488   - 0.030ms returns 98
T9064 153:740.816   JLINK_RTTERMINAL_Read(BufferIndex = 0, BufferSize = 0x00010000)
T9064 153:740.832   - 0.018ms returns 0
T9064 153:791.088   JLINK_RTTERMINAL_Read(BufferIndex = 0, BufferSize = 0x00010000)
T9064 153:791.136   - 0.034ms returns 0
T7AD0 153:807.008 JLINK_IsHalted()
T7AD0 153:807.520 - 0.515ms returns FALSE
T7AD0 153:808.928 JLINK_IsHalted()
T7AD0 153:809.808 - 0.885ms returns FALSE
T9064 153:841.680   JLINK_RTTERMINAL_Read(BufferIndex = 0, BufferSize = 0x00010000)
T9064 153:841.696   - 0.025ms returns 0
T9064 153:892.592   JLINK_RTTERMINAL_Read(BufferIndex = 0, BufferSize = 0x00010000)
T9064 153:892.624   - 0.026ms returns 0
T7AD0 153:917.024 JLINK_IsHalted()
T7AD0 153:917.712 - 0.689ms returns FALSE
T7AD0 153:918.992 JLINK_IsHalted()
T7AD0 153:919.904 - 0.921ms returns FALSE
T9064 153:943.088   JLINK_RTTERMINAL_Read(BufferIndex = 0, BufferSize = 0x00010000)
T9064 153:943.120   - 0.022ms returns 0
T9064 153:994.144   JLINK_RTTERMINAL_Read(BufferIndex = 0, BufferSize = 0x00010000)
T9064 153:994.176   - 0.039ms returns 0
T7AD0 154:027.920 JLINK_IsHalted()
T7AD0 154:028.896 - 0.976ms returns FALSE
T7AD0 154:030.160 JLINK_IsHalted()
T7AD0 154:031.136 - 0.993ms returns FALSE
T9064 154:044.656   JLINK_RTTERMINAL_Read(BufferIndex = 0, BufferSize = 0x00010000)
T9064 154:044.688   - 0.023ms returns 0
T9064 154:095.632   JLINK_RTTERMINAL_Read(BufferIndex = 0, BufferSize = 0x00010000)
T9064 154:095.648   - 0.028ms returns 0
T1758 154:105.792 JLINK_IsHalted()
T1758 154:107.040 - 1.242ms returns FALSE
T1758 154:107.072 JLINK_IsHalted()
T1758 154:108.096 - 1.032ms returns FALSE
T7AD0 154:137.376 JLINK_IsHalted()
T7AD0 154:138.336 - 0.968ms returns FALSE
T7AD0 154:139.632 JLINK_IsHalted()
T7AD0 154:140.576 - 0.942ms returns FALSE
T9064 154:146.976   JLINK_RTTERMINAL_Read(BufferIndex = 0, BufferSize = 0x00010000)
T9064 154:146.992   - 0.026ms returns 0
T9064 154:197.696   JLINK_RTTERMINAL_Read(BufferIndex = 0, BufferSize = 0x00010000)
T9064 154:197.712   - 0.025ms returns 0
T7AD0 154:245.104 JLINK_IsHalted()
T7AD0 154:246.384 - 1.283ms returns FALSE
T7AD0 154:247.712 JLINK_IsHalted()
T7AD0 154:248.704 - 0.992ms returns FALSE
T9064 154:249.968   JLINK_RTTERMINAL_Read(BufferIndex = 0, BufferSize = 0x00010000)
T9064 154:250.000   - 0.019ms returns 0
T9064 154:301.184   JLINK_RTTERMINAL_Read(BufferIndex = 0, BufferSize = 0x00010000)
T9064 154:301.216   - 0.027ms returns 0
T9064 154:351.712   JLINK_RTTERMINAL_Read(BufferIndex = 0, BufferSize = 0x00010000)
T9064 154:351.760   - 0.033ms returns 0
T7AD0 154:358.576 JLINK_IsHalted()
T7AD0 154:359.568 - 0.983ms returns FALSE
T7AD0 154:359.584 JLINK_IsHalted()
T7AD0 154:360.672 - 1.103ms returns FALSE
T9064 154:402.704   JLINK_RTTERMINAL_Read(BufferIndex = 0, BufferSize = 0x00010000)
T9064 154:402.720   - 0.027ms returns 0
T9064 154:453.280   JLINK_RTTERMINAL_Read(BufferIndex = 0, BufferSize = 0x00010000)
T9064 154:453.312   - 0.026ms returns 0
T7AD0 154:464.240 JLINK_IsHalted()
T7AD0 154:465.424 - 1.186ms returns FALSE
T7AD0 154:466.672 JLINK_IsHalted()
T7AD0 154:467.712 - 1.041ms returns FALSE
T9064 154:504.320   JLINK_RTTERMINAL_Read(BufferIndex = 0, BufferSize = 0x00010000)
T9064 154:504.352   - 0.038ms returns 0
T9064 154:554.848   JLINK_RTTERMINAL_Read(BufferIndex = 0, BufferSize = 0x00010000)
T9064 154:554.864   - 0.028ms returns 0
T7AD0 154:574.944 JLINK_IsHalted()
T7AD0 154:575.824 - 0.874ms returns FALSE
T7AD0 154:577.120 JLINK_IsHalted()
T7AD0 154:578.080 - 0.962ms returns FALSE
T9064 154:605.888   JLINK_RTTERMINAL_Read(BufferIndex = 0, BufferSize = 0x00010000)
T9064 154:605.920   - 0.027ms returns 0
T9064 154:656.400   JLINK_RTTERMINAL_Read(BufferIndex = 0, BufferSize = 0x00010000)
T9064 154:656.416   - 0.025ms returns 0
T7AD0 154:682.256 JLINK_IsHalted()
T7AD0 154:682.704 - 0.450ms returns FALSE
T7AD0 154:684.064 JLINK_IsHalted()
T7AD0 154:684.960 - 0.876ms returns FALSE
T9064 154:707.392   JLINK_RTTERMINAL_Read(BufferIndex = 0, BufferSize = 0x00010000)
T9064 154:707.424   - 0.035ms returns 0
T9064 154:758.128   JLINK_RTTERMINAL_Read(BufferIndex = 0, BufferSize = 0x00010000)
T9064 154:758.160   - 0.030ms returns 98
T9064 154:758.400   JLINK_RTTERMINAL_Read(BufferIndex = 0, BufferSize = 0x00010000)
T9064 154:758.432   - 0.021ms returns 0
T7AD0 154:791.792 JLINK_IsHalted()
T7AD0 154:792.784 - 0.983ms returns FALSE
T7AD0 154:794.144 JLINK_IsHalted()
T7AD0 154:795.040 - 0.889ms returns FALSE
T9064 154:808.864   JLINK_RTTERMINAL_Read(BufferIndex = 0, BufferSize = 0x00010000)
T9064 154:808.896   - 0.027ms returns 0
T9064 154:859.296   JLINK_RTTERMINAL_Read(BufferIndex = 0, BufferSize = 0x00010000)
T9064 154:859.328   - 0.031ms returns 0
T7AD0 154:903.456 JLINK_IsHalted()
T7AD0 154:904.352 - 0.900ms returns FALSE
T7AD0 154:905.664 JLINK_IsHalted()
T7AD0 154:906.672 - 1.012ms returns FALSE
T9064 154:910.304   JLINK_RTTERMINAL_Read(BufferIndex = 0, BufferSize = 0x00010000)
T9064 154:910.336   - 0.041ms returns 0
T9064 154:960.800   JLINK_RTTERMINAL_Read(BufferIndex = 0, BufferSize = 0x00010000)
T9064 154:960.832   - 0.025ms returns 0
T7AD0 155:010.720 JLINK_IsHalted()
T7AD0 155:011.536 - 0.816ms returns FALSE
T9064 155:012.912   JLINK_RTTERMINAL_Read(BufferIndex = 0, BufferSize = 0x00010000)
T9064 155:012.928   - 0.012ms returns 0
T7AD0 155:013.936 JLINK_IsHalted()
T7AD0 155:014.928 - 0.979ms returns FALSE
T9064 155:063.968   JLINK_RTTERMINAL_Read(BufferIndex = 0, BufferSize = 0x00010000)
T9064 155:064.000   - 0.025ms returns 0
T1758 155:108.256 JLINK_IsHalted()
T1758 155:109.392 - 1.123ms returns FALSE
T1758 155:109.408 JLINK_IsHalted()
T1758 155:110.496 - 1.089ms returns FALSE
T9064 155:115.456   JLINK_RTTERMINAL_Read(BufferIndex = 0, BufferSize = 0x00010000)
T9064 155:115.488   - 0.032ms returns 0
T7AD0 155:120.352 JLINK_IsHalted()
T7AD0 155:120.944 - 0.610ms returns FALSE
T7AD0 155:122.240 JLINK_IsHalted()
T7AD0 155:123.200 - 0.958ms returns FALSE
T9064 155:166.480   JLINK_RTTERMINAL_Read(BufferIndex = 0, BufferSize = 0x00010000)
T9064 155:166.512   - 0.032ms returns 0
T9064 155:216.976   JLINK_RTTERMINAL_Read(BufferIndex = 0, BufferSize = 0x00010000)
T9064 155:216.992   - 0.029ms returns 0
T7AD0 155:231.392 JLINK_IsHalted()
T7AD0 155:232.320 - 0.914ms returns FALSE
T7AD0 155:233.776 JLINK_IsHalted()
T7AD0 155:234.576 - 0.792ms returns FALSE
T9064 155:268.464   JLINK_RTTERMINAL_Read(BufferIndex = 0, BufferSize = 0x00010000)
T9064 155:268.496   - 0.028ms returns 0
T9064 155:319.456   JLINK_RTTERMINAL_Read(BufferIndex = 0, BufferSize = 0x00010000)
T9064 155:319.472   - 0.027ms returns 0
T7AD0 155:338.336 JLINK_IsHalted()
T7AD0 155:339.200 - 0.855ms returns FALSE
T7AD0 155:340.496 JLINK_IsHalted()
T7AD0 155:341.456 - 0.951ms returns FALSE
T9064 155:370.304   JLINK_RTTERMINAL_Read(BufferIndex = 0, BufferSize = 0x00010000)
T9064 155:370.336   - 0.027ms returns 0
T9064 155:421.088   JLINK_RTTERMINAL_Read(BufferIndex = 0, BufferSize = 0x00010000)
T9064 155:421.104   - 0.027ms returns 0
T7AD0 155:448.112 JLINK_IsHalted()
T7AD0 155:449.232 - 1.117ms returns FALSE
T7AD0 155:450.608 JLINK_IsHalted()
T7AD0 155:451.472 - 0.854ms returns FALSE
T9064 155:472.400   JLINK_RTTERMINAL_Read(BufferIndex = 0, BufferSize = 0x00010000)
T9064 155:472.416   - 0.025ms returns 0
T9064 155:523.104   JLINK_RTTERMINAL_Read(BufferIndex = 0, BufferSize = 0x00010000)
T9064 155:523.136   - 0.026ms returns 0
T7AD0 155:557.280 JLINK_IsHalted()
T7AD0 155:557.728 - 0.453ms returns FALSE
T7AD0 155:559.024 JLINK_IsHalted()
T7AD0 155:559.968 - 0.956ms returns FALSE
T9064 155:573.440   JLINK_RTTERMINAL_Read(BufferIndex = 0, BufferSize = 0x00010000)
T9064 155:573.472   - 0.029ms returns 0
T9064 155:624.768   JLINK_RTTERMINAL_Read(BufferIndex = 0, BufferSize = 0x00010000)
T9064 155:624.800   - 0.029ms returns 0
T7AD0 155:667.424 JLINK_IsHalted()
T7AD0 155:668.512 - 1.098ms returns FALSE
T7AD0 155:669.968 JLINK_IsHalted()
T7AD0 155:670.832 - 0.871ms returns FALSE
T9064 155:675.472   JLINK_RTTERMINAL_Read(BufferIndex = 0, BufferSize = 0x00010000)
T9064 155:675.488   - 0.029ms returns 0
T9064 155:726.320   JLINK_RTTERMINAL_Read(BufferIndex = 0, BufferSize = 0x00010000)
T9064 155:726.368   - 0.040ms returns 98
T9064 155:726.608   JLINK_RTTERMINAL_Read(BufferIndex = 0, BufferSize = 0x00010000)
T9064 155:726.624   - 0.021ms returns 0
T7AD0 155:776.064 JLINK_IsHalted()
T7AD0 155:776.928 - 0.859ms returns FALSE
T9064 155:778.048   JLINK_RTTERMINAL_Read(BufferIndex = 0, BufferSize = 0x00010000)
T9064 155:778.080   - 0.023ms returns 0
T7AD0 155:779.200 JLINK_IsHalted()
T7AD0 155:780.112 - 0.903ms returns FALSE
T9064 155:829.152   JLINK_RTTERMINAL_Read(BufferIndex = 0, BufferSize = 0x00010000)
T9064 155:829.184   - 0.029ms returns 0
T9064 155:880.160   JLINK_RTTERMINAL_Read(BufferIndex = 0, BufferSize = 0x00010000)
T9064 155:880.192   - 0.027ms returns 0
T7AD0 155:886.032 JLINK_IsHalted()
T7AD0 155:887.200 - 1.177ms returns FALSE
T7AD0 155:891.376 JLINK_IsHalted()
T7AD0 155:892.512 - 1.139ms returns FALSE
T9064 155:931.024   JLINK_RTTERMINAL_Read(BufferIndex = 0, BufferSize = 0x00010000)
T9064 155:931.040   - 0.031ms returns 0
T9064 155:982.176   JLINK_RTTERMINAL_Read(BufferIndex = 0, BufferSize = 0x00010000)
T9064 155:982.192   - 0.029ms returns 0
T7AD0 155:994.640 JLINK_IsHalted()
T7AD0 155:995.312 - 0.677ms returns FALSE
T7AD0 155:996.704 JLINK_IsHalted()
T7AD0 155:997.552 - 0.841ms returns FALSE
T9064 156:033.184   JLINK_RTTERMINAL_Read(BufferIndex = 0, BufferSize = 0x00010000)
T9064 156:033.200   - 0.024ms returns 0
T9064 156:083.536   JLINK_RTTERMINAL_Read(BufferIndex = 0, BufferSize = 0x00010000)
T9064 156:083.552   - 0.023ms returns 0
T7AD0 156:104.688 JLINK_IsHalted()
T7AD0 156:105.424 - 0.734ms returns FALSE
T7AD0 156:106.784 JLINK_IsHalted()
T7AD0 156:107.680 - 0.904ms returns FALSE
T1758 156:111.472 JLINK_IsHalted()
T1758 156:111.856 - 0.385ms returns FALSE
T1758 156:111.888 JLINK_IsHalted()
T1758 156:112.992 - 1.115ms returns FALSE
T9064 156:134.048   JLINK_RTTERMINAL_Read(BufferIndex = 0, BufferSize = 0x00010000)
T9064 156:134.064   - 0.029ms returns 0
T9064 156:184.688   JLINK_RTTERMINAL_Read(BufferIndex = 0, BufferSize = 0x00010000)
T9064 156:184.720   - 0.027ms returns 0
T7AD0 156:213.440 JLINK_IsHalted()
T7AD0 156:214.032 - 0.596ms returns FALSE
T7AD0 156:215.376 JLINK_IsHalted()
T7AD0 156:216.288 - 0.902ms returns FALSE
T9064 156:235.248   JLINK_RTTERMINAL_Read(BufferIndex = 0, BufferSize = 0x00010000)
T9064 156:235.280   - 0.026ms returns 0
T9064 156:285.904   JLINK_RTTERMINAL_Read(BufferIndex = 0, BufferSize = 0x00010000)
T9064 156:285.936   - 0.033ms returns 0
T7AD0 156:322.848 JLINK_IsHalted()
T7AD0 156:323.232 - 0.378ms returns FALSE
T7AD0 156:324.576 JLINK_IsHalted()
T7AD0 156:325.520 - 0.943ms returns FALSE
T9064 156:336.208   JLINK_RTTERMINAL_Read(BufferIndex = 0, BufferSize = 0x00010000)
T9064 156:336.240   - 0.037ms returns 0
T9064 156:386.832   JLINK_RTTERMINAL_Read(BufferIndex = 0, BufferSize = 0x00010000)
T9064 156:386.864   - 0.036ms returns 0
T7AD0 156:432.400 JLINK_IsHalted()
T7AD0 156:433.280 - 0.881ms returns FALSE
T7AD0 156:434.640 JLINK_IsHalted()
T7AD0 156:435.536 - 0.901ms returns FALSE
T9064 156:437.616   JLINK_RTTERMINAL_Read(BufferIndex = 0, BufferSize = 0x00010000)
T9064 156:437.648   - 0.027ms returns 0
T9064 156:488.048   JLINK_RTTERMINAL_Read(BufferIndex = 0, BufferSize = 0x00010000)
T9064 156:488.080   - 0.034ms returns 0
T9064 156:538.512   JLINK_RTTERMINAL_Read(BufferIndex = 0, BufferSize = 0x00010000)
T9064 156:538.544   - 0.035ms returns 0
T7AD0 156:541.696 JLINK_IsHalted()
T7AD0 156:542.448 - 0.760ms returns FALSE
T7AD0 156:543.760 JLINK_IsHalted()
T7AD0 156:544.688 - 0.934ms returns FALSE
T9064 156:589.184   JLINK_RTTERMINAL_Read(BufferIndex = 0, BufferSize = 0x00010000)
T9064 156:589.216   - 0.026ms returns 0
T9064 156:640.368   JLINK_RTTERMINAL_Read(BufferIndex = 0, BufferSize = 0x00010000)
T9064 156:640.400   - 0.028ms returns 0
T7AD0 156:651.200 JLINK_IsHalted()
T7AD0 156:651.728 - 0.520ms returns FALSE
T7AD0 156:653.072 JLINK_IsHalted()
T7AD0 156:653.984 - 0.906ms returns FALSE
T9064 156:690.960   JLINK_RTTERMINAL_Read(BufferIndex = 0, BufferSize = 0x00010000)
T9064 156:690.976   - 0.032ms returns 0
T9064 156:741.216   JLINK_RTTERMINAL_Read(BufferIndex = 0, BufferSize = 0x00010000)
T9064 156:741.264   - 0.036ms returns 98
T9064 156:741.408   JLINK_RTTERMINAL_Read(BufferIndex = 0, BufferSize = 0x00010000)
T9064 156:741.424   - 0.014ms returns 0
T7AD0 156:760.112 JLINK_IsHalted()
T7AD0 156:760.848 - 0.727ms returns FALSE
T7AD0 156:762.192 JLINK_IsHalted()
T7AD0 156:763.088 - 0.901ms returns FALSE
T9064 156:791.664   JLINK_RTTERMINAL_Read(BufferIndex = 0, BufferSize = 0x00010000)
T9064 156:791.696   - 0.026ms returns 0
T9064 156:842.272   JLINK_RTTERMINAL_Read(BufferIndex = 0, BufferSize = 0x00010000)
T9064 156:842.304   - 0.032ms returns 0
T7AD0 156:870.048 JLINK_IsHalted()
T7AD0 156:870.432 - 0.379ms returns FALSE
T7AD0 156:871.744 JLINK_IsHalted()
T7AD0 156:872.688 - 0.953ms returns FALSE
T9064 156:893.136   JLINK_RTTERMINAL_Read(BufferIndex = 0, BufferSize = 0x00010000)
T9064 156:893.168   - 0.028ms returns 0
T9064 156:943.392   JLINK_RTTERMINAL_Read(BufferIndex = 0, BufferSize = 0x00010000)
T9064 156:943.440   - 0.035ms returns 0
T7AD0 156:979.296 JLINK_IsHalted()
T7AD0 156:980.304 - 1.001ms returns FALSE
T7AD0 156:981.616 JLINK_IsHalted()
T7AD0 156:982.544 - 0.923ms returns FALSE
T9064 156:994.400   JLINK_RTTERMINAL_Read(BufferIndex = 0, BufferSize = 0x00010000)
T9064 156:994.432   - 0.033ms returns 0
T9064 157:045.328   JLINK_RTTERMINAL_Read(BufferIndex = 0, BufferSize = 0x00010000)
T9064 157:045.360   - 0.041ms returns 0
T7AD0 157:088.352 JLINK_IsHalted()
T7AD0 157:089.408 - 1.053ms returns FALSE
T7AD0 157:090.784 JLINK_IsHalted()
T7AD0 157:091.728 - 0.929ms returns FALSE
T9064 157:096.848   JLINK_RTTERMINAL_Read(BufferIndex = 0, BufferSize = 0x00010000)
T9064 157:096.880   - 0.040ms returns 0
T1758 157:112.672 JLINK_IsHalted()
T1758 157:113.776 - 1.095ms returns FALSE
T1758 157:113.808 JLINK_IsHalted()
T1758 157:114.912 - 1.091ms returns FALSE
T9064 157:148.032   JLINK_RTTERMINAL_Read(BufferIndex = 0, BufferSize = 0x00010000)
T9064 157:148.064   - 0.033ms returns 0
T7AD0 157:198.336 JLINK_IsHalted()
T7AD0 157:199.072 - 0.738ms returns FALSE
T9064 157:199.120   JLINK_RTTERMINAL_Read(BufferIndex = 0, BufferSize = 0x00010000)
T9064 157:199.136   - 0.020ms returns 0
T7AD0 157:200.416 JLINK_IsHalted()
T7AD0 157:201.312 - 0.908ms returns FALSE
T9064 157:249.952   JLINK_RTTERMINAL_Read(BufferIndex = 0, BufferSize = 0x00010000)
T9064 157:249.968   - 0.033ms returns 0
T9064 157:300.272   JLINK_RTTERMINAL_Read(BufferIndex = 0, BufferSize = 0x00010000)
T9064 157:300.496   - 0.216ms returns 0
T7AD0 157:308.096 JLINK_IsHalted()
T7AD0 157:309.184 - 1.090ms returns FALSE
T7AD0 157:310.512 JLINK_IsHalted()
T7AD0 157:311.424 - 0.899ms returns FALSE
T9064 157:351.520   JLINK_RTTERMINAL_Read(BufferIndex = 0, BufferSize = 0x00010000)
T9064 157:351.552   - 0.035ms returns 0
T9064 157:402.832   JLINK_RTTERMINAL_Read(BufferIndex = 0, BufferSize = 0x00010000)
T9064 157:402.848   - 0.028ms returns 0
T7AD0 157:416.608 JLINK_IsHalted()
T7AD0 157:417.232 - 0.616ms returns FALSE
T7AD0 157:418.544 JLINK_IsHalted()
T7AD0 157:419.616 - 1.060ms returns FALSE
T9064 157:453.728   JLINK_RTTERMINAL_Read(BufferIndex = 0, BufferSize = 0x00010000)
T9064 157:453.760   - 0.030ms returns 0
T9064 157:504.608   JLINK_RTTERMINAL_Read(BufferIndex = 0, BufferSize = 0x00010000)
T9064 157:504.624   - 0.021ms returns 0
T7AD0 157:530.272 JLINK_IsHalted()
T7AD0 157:531.248 - 0.980ms returns FALSE
T7AD0 157:531.280 JLINK_IsHalted()
T7AD0 157:532.384 - 1.088ms returns FALSE
T9064 157:555.680   JLINK_RTTERMINAL_Read(BufferIndex = 0, BufferSize = 0x00010000)
T9064 157:555.712   - 0.025ms returns 0
T9064 157:607.072   JLINK_RTTERMINAL_Read(BufferIndex = 0, BufferSize = 0x00010000)
T9064 157:607.088   - 0.023ms returns 0
T7AD0 157:635.472 JLINK_IsHalted()
T7AD0 157:636.320 - 0.838ms returns FALSE
T7AD0 157:637.584 JLINK_IsHalted()
T7AD0 157:638.528 - 0.953ms returns FALSE
T9064 157:657.616   JLINK_RTTERMINAL_Read(BufferIndex = 0, BufferSize = 0x00010000)
T9064 157:657.632   - 0.018ms returns 0
T9064 157:708.512   JLINK_RTTERMINAL_Read(BufferIndex = 0, BufferSize = 0x00010000)
T9064 157:708.528   - 0.023ms returns 0
T7AD0 157:745.376 JLINK_IsHalted()
T7AD0 157:746.384 - 1.014ms returns FALSE
T7AD0 157:747.648 JLINK_IsHalted()
T7AD0 157:748.672 - 1.033ms returns FALSE
T9064 157:759.712   JLINK_RTTERMINAL_Read(BufferIndex = 0, BufferSize = 0x00010000)
T9064 157:759.744   - 0.035ms returns 98
T9064 157:760.128   JLINK_RTTERMINAL_Read(BufferIndex = 0, BufferSize = 0x00010000)
T9064 157:760.160   - 0.026ms returns 0
T9064 157:811.040   JLINK_RTTERMINAL_Read(BufferIndex = 0, BufferSize = 0x00010000)
T9064 157:811.056   - 0.017ms returns 0
T7AD0 157:854.368 JLINK_IsHalted()
T7AD0 157:854.832 - 0.475ms returns FALSE
T7AD0 157:856.128 JLINK_IsHalted()
T7AD0 157:857.072 - 0.955ms returns FALSE
T9064 157:862.176   JLINK_RTTERMINAL_Read(BufferIndex = 0, BufferSize = 0x00010000)
T9064 157:862.192   - 0.030ms returns 0
T9064 157:912.592   JLINK_RTTERMINAL_Read(BufferIndex = 0, BufferSize = 0x00010000)
T9064 157:912.624   - 0.036ms returns 0
T9064 157:963.696   JLINK_RTTERMINAL_Read(BufferIndex = 0, BufferSize = 0x00010000)
T9064 157:963.728   - 0.030ms returns 0
T7AD0 157:964.000 JLINK_IsHalted()
T7AD0 157:964.800 - 0.790ms returns FALSE
T7AD0 157:966.096 JLINK_IsHalted()
T7AD0 157:967.200 - 1.090ms returns FALSE
T9064 158:014.912   JLINK_RTTERMINAL_Read(BufferIndex = 0, BufferSize = 0x00010000)
T9064 158:014.944   - 0.027ms returns 0
T9064 158:066.416   JLINK_RTTERMINAL_Read(BufferIndex = 0, BufferSize = 0x00010000)
T9064 158:066.448   - 0.026ms returns 0
T7AD0 158:073.312 JLINK_IsHalted()
T7AD0 158:073.792 - 0.480ms returns FALSE
T7AD0 158:075.104 JLINK_IsHalted()
T7AD0 158:076.032 - 0.929ms returns FALSE
T1758 158:115.472 JLINK_IsHalted()
T1758 158:116.736 - 1.278ms returns FALSE
T1758 158:116.768 JLINK_IsHalted()
T1758 158:117.824 - 1.057ms returns FALSE
T9064 158:117.856   JLINK_RTTERMINAL_Read(BufferIndex = 0, BufferSize = 0x00010000)
T9064 158:117.888   - 0.020ms returns 0
T9064 158:168.176   JLINK_RTTERMINAL_Read(BufferIndex = 0, BufferSize = 0x00010000)
T9064 158:168.208   - 0.032ms returns 0
T7AD0 158:184.736 JLINK_IsHalted()
T7AD0 158:185.696 - 0.953ms returns FALSE
T7AD0 158:187.168 JLINK_IsHalted()
T7AD0 158:188.000 - 0.832ms returns FALSE
T9064 158:218.880   JLINK_RTTERMINAL_Read(BufferIndex = 0, BufferSize = 0x00010000)
T9064 158:218.912   - 0.028ms returns 0
T9064 158:269.488   JLINK_RTTERMINAL_Read(BufferIndex = 0, BufferSize = 0x00010000)
T9064 158:269.520   - 0.031ms returns 0
T7AD0 158:291.696 JLINK_IsHalted()
T7AD0 158:292.704 - 0.996ms returns FALSE
T7AD0 158:294.128 JLINK_IsHalted()
T7AD0 158:294.944 - 0.801ms returns FALSE
T9064 158:320.288   JLINK_RTTERMINAL_Read(BufferIndex = 0, BufferSize = 0x00010000)
T9064 158:320.304   - 0.030ms returns 0
T9064 158:384.672   JLINK_RTTERMINAL_Read(BufferIndex = 0, BufferSize = 0x00010000)
T9064 158:384.704   - 0.032ms returns 0
T7AD0 158:401.504 JLINK_IsHalted()
T7AD0 158:402.736 - 1.235ms returns FALSE
T7AD0 158:404.256 JLINK_IsHalted()
T7AD0 158:406.848 - 2.597ms returns FALSE
T9064 158:435.344   JLINK_RTTERMINAL_Read(BufferIndex = 0, BufferSize = 0x00010000)
T9064 158:435.360   - 0.026ms returns 0
T9064 158:485.680   JLINK_RTTERMINAL_Read(BufferIndex = 0, BufferSize = 0x00010000)
T9064 158:485.712   - 0.028ms returns 0
T7AD0 158:510.544 JLINK_IsHalted()
T7AD0 158:511.040 - 0.506ms returns FALSE
T7AD0 158:512.400 JLINK_IsHalted()
T7AD0 158:513.296 - 0.895ms returns FALSE
T9064 158:536.928   JLINK_RTTERMINAL_Read(BufferIndex = 0, BufferSize = 0x00010000)
T9064 158:536.944   - 0.024ms returns 0
T9064 158:587.920   JLINK_RTTERMINAL_Read(BufferIndex = 0, BufferSize = 0x00010000)
T9064 158:587.952   - 0.029ms returns 0
T7AD0 158:620.064 JLINK_IsHalted()
T7AD0 158:621.376 - 1.306ms returns FALSE
T7AD0 158:622.560 JLINK_IsHalted()
T7AD0 158:623.504 - 0.932ms returns FALSE
T9064 158:639.616   JLINK_RTTERMINAL_Read(BufferIndex = 0, BufferSize = 0x00010000)
T9064 158:639.648   - 0.034ms returns 0
T9064 158:689.952   JLINK_RTTERMINAL_Read(BufferIndex = 0, BufferSize = 0x00010000)
T9064 158:690.000   - 0.032ms returns 0
T7AD0 158:729.376 JLINK_IsHalted()
T7AD0 158:730.432 - 1.059ms returns FALSE
T7AD0 158:731.744 JLINK_IsHalted()
T7AD0 158:732.704 - 0.949ms returns FALSE
T9064 158:740.368   JLINK_RTTERMINAL_Read(BufferIndex = 0, BufferSize = 0x00010000)
T9064 158:740.400   - 0.044ms returns 98
T9064 158:740.656   JLINK_RTTERMINAL_Read(BufferIndex = 0, BufferSize = 0x00010000)
T9064 158:740.672   - 0.017ms returns 0
T9064 158:791.408   JLINK_RTTERMINAL_Read(BufferIndex = 0, BufferSize = 0x00010000)
T9064 158:791.440   - 0.031ms returns 0
T7AD0 158:838.352 JLINK_IsHalted()
T7AD0 158:838.816 - 0.474ms returns FALSE
T7AD0 158:840.160 JLINK_IsHalted()
T7AD0 158:841.088 - 0.924ms returns FALSE
T9064 158:842.512   JLINK_RTTERMINAL_Read(BufferIndex = 0, BufferSize = 0x00010000)
T9064 158:842.528   - 0.023ms returns 0
T9064 158:893.520   JLINK_RTTERMINAL_Read(BufferIndex = 0, BufferSize = 0x00010000)
T9064 158:893.536   - 0.027ms returns 0
T9064 158:943.808   JLINK_RTTERMINAL_Read(BufferIndex = 0, BufferSize = 0x00010000)
T9064 158:943.840   - 0.030ms returns 0
T7AD0 158:950.048 JLINK_IsHalted()
T7AD0 158:950.976 - 0.920ms returns FALSE
T7AD0 158:952.320 JLINK_IsHalted()
T7AD0 158:953.232 - 0.903ms returns FALSE
T9064 158:994.848   JLINK_RTTERMINAL_Read(BufferIndex = 0, BufferSize = 0x00010000)
T9064 158:994.912   - 0.060ms returns 0
T9064 159:045.680   JLINK_RTTERMINAL_Read(BufferIndex = 0, BufferSize = 0x00010000)
T9064 159:045.712   - 0.025ms returns 0
T7AD0 159:060.032 JLINK_IsHalted()
T7AD0 159:060.960 - 0.925ms returns FALSE
T7AD0 159:062.528 JLINK_IsHalted()
T7AD0 159:063.216 - 0.694ms returns FALSE
T9064 159:096.432   JLINK_RTTERMINAL_Read(BufferIndex = 0, BufferSize = 0x00010000)
T9064 159:096.464   - 0.022ms returns 0
T1758 159:118.704 JLINK_IsHalted()
T1758 159:119.392 - 0.693ms returns FALSE
T1758 159:119.424 JLINK_IsHalted()
T1758 159:120.528 - 1.105ms returns FALSE
T9064 159:146.880   JLINK_RTTERMINAL_Read(BufferIndex = 0, BufferSize = 0x00010000)
T9064 159:146.912   - 0.031ms returns 0
T7AD0 159:167.328 JLINK_IsHalted()
T7AD0 159:168.352 - 1.013ms returns FALSE
T7AD0 159:169.648 JLINK_IsHalted()
T7AD0 159:170.736 - 1.088ms returns FALSE
T9064 159:197.744   JLINK_RTTERMINAL_Read(BufferIndex = 0, BufferSize = 0x00010000)
T9064 159:197.792   - 0.031ms returns 0
T9064 159:248.080   JLINK_RTTERMINAL_Read(BufferIndex = 0, BufferSize = 0x00010000)
T9064 159:248.096   - 0.022ms returns 0
T7AD0 159:281.088 JLINK_IsHalted()
T7AD0 159:281.952 - 0.876ms returns FALSE
T7AD0 159:282.000 JLINK_IsHalted()
T7AD0 159:283.072 - 1.073ms returns FALSE
T9064 159:299.360   JLINK_RTTERMINAL_Read(BufferIndex = 0, BufferSize = 0x00010000)
T9064 159:299.376   - 0.032ms returns 0
T9064 159:351.184   JLINK_RTTERMINAL_Read(BufferIndex = 0, BufferSize = 0x00010000)
T9064 159:351.232   - 0.044ms returns 0
T7AD0 159:388.000 JLINK_IsHalted()
T7AD0 159:389.040 - 1.056ms returns FALSE
T7AD0 159:390.320 JLINK_IsHalted()
T7AD0 159:391.280 - 0.958ms returns FALSE
T9064 159:402.688   JLINK_RTTERMINAL_Read(BufferIndex = 0, BufferSize = 0x00010000)
T9064 159:402.720   - 0.025ms returns 0
T9064 159:453.728   JLINK_RTTERMINAL_Read(BufferIndex = 0, BufferSize = 0x00010000)
T9064 159:453.760   - 0.026ms returns 0
T7AD0 159:495.760 JLINK_IsHalted()
T7AD0 159:496.352 - 0.577ms returns FALSE
T7AD0 159:497.488 JLINK_IsHalted()
T7AD0 159:498.432 - 0.947ms returns FALSE
T9064 159:504.640   JLINK_RTTERMINAL_Read(BufferIndex = 0, BufferSize = 0x00010000)
T9064 159:504.672   - 0.029ms returns 0
T9064 159:556.256   JLINK_RTTERMINAL_Read(BufferIndex = 0, BufferSize = 0x00010000)
T9064 159:556.288   - 0.029ms returns 0
T7AD0 159:604.832 JLINK_IsHalted()
T7AD0 159:606.112 - 1.259ms returns FALSE
T9064 159:607.440   JLINK_RTTERMINAL_Read(BufferIndex = 0, BufferSize = 0x00010000)
T9064 159:607.456   - 0.021ms returns 0
T7AD0 159:608.560 JLINK_IsHalted()
T7AD0 159:609.472 - 0.918ms returns FALSE
T9064 159:658.144   JLINK_RTTERMINAL_Read(BufferIndex = 0, BufferSize = 0x00010000)
T9064 159:658.176   - 0.028ms returns 0
T9064 159:709.472   JLINK_RTTERMINAL_Read(BufferIndex = 0, BufferSize = 0x00010000)
T9064 159:709.504   - 0.034ms returns 98
T9064 159:710.032   JLINK_RTTERMINAL_Read(BufferIndex = 0, BufferSize = 0x00010000)
T9064 159:710.048   - 0.026ms returns 0
T7AD0 159:714.208 JLINK_IsHalted()
T7AD0 159:714.672 - 0.484ms returns FALSE
T7AD0 159:716.080 JLINK_IsHalted()
T7AD0 159:716.928 - 0.844ms returns FALSE
T9064 159:760.928   JLINK_RTTERMINAL_Read(BufferIndex = 0, BufferSize = 0x00010000)
T9064 159:760.944   - 0.031ms returns 0
T9064 159:811.264   JLINK_RTTERMINAL_Read(BufferIndex = 0, BufferSize = 0x00010000)
T9064 159:811.296   - 0.028ms returns 0
T7AD0 159:822.944 JLINK_IsHalted()
T7AD0 159:824.160 - 1.213ms returns FALSE
T7AD0 159:825.504 JLINK_IsHalted()
T7AD0 159:826.416 - 0.906ms returns FALSE
T9064 159:861.584   JLINK_RTTERMINAL_Read(BufferIndex = 0, BufferSize = 0x00010000)
T9064 159:861.616   - 0.031ms returns 0
T9064 159:912.320   JLINK_RTTERMINAL_Read(BufferIndex = 0, BufferSize = 0x00010000)
T9064 159:912.352   - 0.026ms returns 0
T7AD0 159:932.480 JLINK_IsHalted()
T7AD0 159:933.072 - 0.585ms returns FALSE
T7AD0 159:934.352 JLINK_IsHalted()
T7AD0 159:935.312 - 0.959ms returns FALSE
T9064 159:963.104   JLINK_RTTERMINAL_Read(BufferIndex = 0, BufferSize = 0x00010000)
T9064 159:963.136   - 0.028ms returns 0
T9064 160:013.600   JLINK_RTTERMINAL_Read(BufferIndex = 0, BufferSize = 0x00010000)
T9064 160:013.632   - 0.026ms returns 0
T7AD0 160:041.808 JLINK_IsHalted()
T7AD0 160:042.176 - 0.379ms returns FALSE
T7AD0 160:043.456 JLINK_IsHalted()
T7AD0 160:044.432 - 0.977ms returns FALSE
T9064 160:064.416   JLINK_RTTERMINAL_Read(BufferIndex = 0, BufferSize = 0x00010000)
T9064 160:064.432   - 0.025ms returns 0
T9064 160:115.040   JLINK_RTTERMINAL_Read(BufferIndex = 0, BufferSize = 0x00010000)
T9064 160:115.056   - 0.025ms returns 0
T1758 160:121.168 JLINK_IsHalted()
T1758 160:122.272 - 1.107ms returns FALSE
T1758 160:122.288 JLINK_IsHalted()
T1758 160:123.392 - 1.093ms returns FALSE
T7AD0 160:151.520 JLINK_IsHalted()
T7AD0 160:152.464 - 0.953ms returns FALSE
T7AD0 160:153.744 JLINK_IsHalted()
T7AD0 160:154.720 - 0.963ms returns FALSE
T9064 160:165.520   JLINK_RTTERMINAL_Read(BufferIndex = 0, BufferSize = 0x00010000)
T9064 160:165.536   - 0.030ms returns 0
T9064 160:215.824   JLINK_RTTERMINAL_Read(BufferIndex = 0, BufferSize = 0x00010000)
T9064 160:215.840   - 0.022ms returns 0
T7AD0 160:262.784 JLINK_IsHalted()
T7AD0 160:263.792 - 1.002ms returns FALSE
T7AD0 160:265.008 JLINK_IsHalted()
T7AD0 160:266.048 - 1.033ms returns FALSE
T9064 160:266.592   JLINK_RTTERMINAL_Read(BufferIndex = 0, BufferSize = 0x00010000)
T9064 160:266.608   - 0.017ms returns 0
T9064 160:317.408   JLINK_RTTERMINAL_Read(BufferIndex = 0, BufferSize = 0x00010000)
T9064 160:317.408   - 0.021ms returns 0
T9064 160:368.352   JLINK_RTTERMINAL_Read(BufferIndex = 0, BufferSize = 0x00010000)
T9064 160:368.368   - 0.026ms returns 0
T7AD0 160:370.224 JLINK_IsHalted()
T7AD0 160:370.800 - 0.574ms returns FALSE
T7AD0 160:372.064 JLINK_IsHalted()
T7AD0 160:373.072 - 1.003ms returns FALSE
T9064 160:418.656   JLINK_RTTERMINAL_Read(BufferIndex = 0, BufferSize = 0x00010000)
T9064 160:418.688   - 0.029ms returns 0
T9064 160:470.592   JLINK_RTTERMINAL_Read(BufferIndex = 0, BufferSize = 0x00010000)
T9064 160:470.624   - 0.023ms returns 0
T7AD0 160:478.960 JLINK_IsHalted()
T7AD0 160:480.032 - 1.077ms returns FALSE
T7AD0 160:481.408 JLINK_IsHalted()
T7AD0 160:482.384 - 0.976ms returns FALSE
T9064 160:521.472   JLINK_RTTERMINAL_Read(BufferIndex = 0, BufferSize = 0x00010000)
T9064 160:521.504   - 0.025ms returns 0
T9064 160:572.704   JLINK_RTTERMINAL_Read(BufferIndex = 0, BufferSize = 0x00010000)
T9064 160:572.752   - 0.037ms returns 0
T7AD0 160:589.136 JLINK_IsHalted()
T7AD0 160:589.968 - 0.837ms returns FALSE
T7AD0 160:591.344 JLINK_IsHalted()
T7AD0 160:592.208 - 0.857ms returns FALSE
T9064 160:623.232   JLINK_RTTERMINAL_Read(BufferIndex = 0, BufferSize = 0x00010000)
T9064 160:623.264   - 0.026ms returns 0
T9064 160:674.432   JLINK_RTTERMINAL_Read(BufferIndex = 0, BufferSize = 0x00010000)
T9064 160:674.464   - 0.027ms returns 0
T7AD0 160:697.776 JLINK_IsHalted()
T7AD0 160:698.288 - 0.505ms returns FALSE
T7AD0 160:699.600 JLINK_IsHalted()
T7AD0 160:700.528 - 0.941ms returns FALSE
T9064 160:725.728   JLINK_RTTERMINAL_Read(BufferIndex = 0, BufferSize = 0x00010000)
T9064 160:725.776   - 0.033ms returns 98
T9064 160:726.000   JLINK_RTTERMINAL_Read(BufferIndex = 0, BufferSize = 0x00010000)
T9064 160:726.032   - 0.017ms returns 0
T9064 160:777.520   JLINK_RTTERMINAL_Read(BufferIndex = 0, BufferSize = 0x00010000)
T9064 160:777.552   - 0.030ms returns 0
T7AD0 160:807.088 JLINK_IsHalted()
T7AD0 160:807.520 - 0.418ms returns FALSE
T7AD0 160:809.136 JLINK_IsHalted()
T7AD0 160:809.808 - 0.662ms returns FALSE
T9064 160:828.608   JLINK_RTTERMINAL_Read(BufferIndex = 0, BufferSize = 0x00010000)
T9064 160:828.640   - 0.025ms returns 0
T9064 160:879.584   JLINK_RTTERMINAL_Read(BufferIndex = 0, BufferSize = 0x00010000)
T9064 160:879.600   - 0.028ms returns 0
T7AD0 160:916.384 JLINK_IsHalted()
T7AD0 160:916.960 - 0.564ms returns FALSE
T7AD0 160:918.240 JLINK_IsHalted()
T7AD0 160:919.200 - 0.964ms returns FALSE
T9064 160:930.016   JLINK_RTTERMINAL_Read(BufferIndex = 0, BufferSize = 0x00010000)
T9064 160:930.032   - 0.032ms returns 0
T9064 160:980.832   JLINK_RTTERMINAL_Read(BufferIndex = 0, BufferSize = 0x00010000)
T9064 160:980.848   - 0.026ms returns 0
T7AD0 161:026.272 JLINK_IsHalted()
T7AD0 161:026.928 - 0.671ms returns FALSE
T7AD0 161:028.320 JLINK_IsHalted()
T7AD0 161:029.184 - 0.864ms returns FALSE
T9064 161:031.152   JLINK_RTTERMINAL_Read(BufferIndex = 0, BufferSize = 0x00010000)
T9064 161:031.184   - 0.023ms returns 0
T9064 161:081.824   JLINK_RTTERMINAL_Read(BufferIndex = 0, BufferSize = 0x00010000)
T9064 161:081.856   - 0.021ms returns 0
T1758 161:124.576 JLINK_IsHalted()
T1758 161:125.680 - 1.111ms returns FALSE
T1758 161:125.696 JLINK_IsHalted()
T1758 161:126.800 - 1.098ms returns FALSE
T9064 161:132.352   JLINK_RTTERMINAL_Read(BufferIndex = 0, BufferSize = 0x00010000)
T9064 161:132.384   - 0.029ms returns 0
T7AD0 161:137.360 JLINK_IsHalted()
T7AD0 161:138.384 - 1.030ms returns FALSE
T7AD0 161:139.616 JLINK_IsHalted()
T7AD0 161:140.672 - 1.064ms returns FALSE
T9064 161:183.408   JLINK_RTTERMINAL_Read(BufferIndex = 0, BufferSize = 0x00010000)
T9064 161:183.440   - 0.022ms returns 0
T9064 161:234.384   JLINK_RTTERMINAL_Read(BufferIndex = 0, BufferSize = 0x00010000)
T9064 161:234.400   - 0.025ms returns 0
T7AD0 161:245.280 JLINK_IsHalted()
T7AD0 161:246.304 - 1.010ms returns FALSE
T7AD0 161:247.584 JLINK_IsHalted()
T7AD0 161:248.528 - 0.934ms returns FALSE
T9064 161:285.552   JLINK_RTTERMINAL_Read(BufferIndex = 0, BufferSize = 0x00010000)
T9064 161:285.568   - 0.020ms returns 0
T9064 161:336.512   JLINK_RTTERMINAL_Read(BufferIndex = 0, BufferSize = 0x00010000)
T9064 161:336.544   - 0.032ms returns 0
T7AD0 161:354.016 JLINK_IsHalted()
T7AD0 161:354.720 - 0.718ms returns FALSE
T7AD0 161:356.032 JLINK_IsHalted()
T7AD0 161:356.960 - 0.927ms returns FALSE
T9064 161:388.064   JLINK_RTTERMINAL_Read(BufferIndex = 0, BufferSize = 0x00010000)
T9064 161:388.096   - 0.026ms returns 0
T9064 161:438.544   JLINK_RTTERMINAL_Read(BufferIndex = 0, BufferSize = 0x00010000)
T9064 161:438.560   - 0.028ms returns 0
T7AD0 161:466.128 JLINK_IsHalted()
T7AD0 161:467.040 - 0.906ms returns FALSE
T7AD0 161:468.320 JLINK_IsHalted()
T7AD0 161:469.280 - 0.967ms returns FALSE
T9064 161:490.400   JLINK_RTTERMINAL_Read(BufferIndex = 0, BufferSize = 0x00010000)
T9064 161:490.416   - 0.032ms returns 0
T9064 161:541.984   JLINK_RTTERMINAL_Read(BufferIndex = 0, BufferSize = 0x00010000)
T9064 161:542.032   - 0.034ms returns 0
T7AD0 161:573.024 JLINK_IsHalted()
T7AD0 161:573.952 - 0.910ms returns FALSE
T7AD0 161:575.248 JLINK_IsHalted()
T7AD0 161:576.176 - 0.935ms returns FALSE
T9064 161:592.400   JLINK_RTTERMINAL_Read(BufferIndex = 0, BufferSize = 0x00010000)
T9064 161:592.416   - 0.030ms returns 0
T9064 161:643.584   JLINK_RTTERMINAL_Read(BufferIndex = 0, BufferSize = 0x00010000)
T9064 161:643.616   - 0.035ms returns 0
T7AD0 161:683.408 JLINK_IsHalted()
T7AD0 161:684.336 - 0.938ms returns FALSE
T7AD0 161:684.384 JLINK_IsHalted()
T7AD0 161:685.456 - 1.075ms returns FALSE
T9064 161:694.176   JLINK_RTTERMINAL_Read(BufferIndex = 0, BufferSize = 0x00010000)
T9064 161:694.224   - 0.037ms returns 0
T9064 161:745.376   JLINK_RTTERMINAL_Read(BufferIndex = 0, BufferSize = 0x00010000)
T9064 161:745.408   - 0.029ms returns 98
T9064 161:745.616   JLINK_RTTERMINAL_Read(BufferIndex = 0, BufferSize = 0x00010000)
T9064 161:745.616   - 0.012ms returns 0
T7AD0 161:792.352 JLINK_IsHalted()
T7AD0 161:792.800 - 0.460ms returns FALSE
T7AD0 161:792.816 JLINK_IsHalted()
T7AD0 161:793.920 - 1.093ms returns FALSE
T9064 161:795.824   JLINK_RTTERMINAL_Read(BufferIndex = 0, BufferSize = 0x00010000)
T9064 161:795.856   - 0.021ms returns 0
T9064 161:847.504   JLINK_RTTERMINAL_Read(BufferIndex = 0, BufferSize = 0x00010000)
T9064 161:847.520   - 0.029ms returns 0
T9064 161:898.080   JLINK_RTTERMINAL_Read(BufferIndex = 0, BufferSize = 0x00010000)
T9064 161:898.128   - 0.029ms returns 0
T7AD0 161:900.944 JLINK_IsHalted()
T7AD0 161:901.360 - 0.420ms returns FALSE
T7AD0 161:901.392 JLINK_IsHalted()
T7AD0 161:902.496 - 1.099ms returns FALSE
T9064 161:948.688   JLINK_RTTERMINAL_Read(BufferIndex = 0, BufferSize = 0x00010000)
T9064 161:948.704   - 0.023ms returns 0
T9064 161:999.760   JLINK_RTTERMINAL_Read(BufferIndex = 0, BufferSize = 0x00010000)
T9064 161:999.776   - 0.026ms returns 0
T7AD0 162:010.528 JLINK_IsHalted()
T7AD0 162:011.712 - 1.181ms returns FALSE
T7AD0 162:011.728 JLINK_IsHalted()
T7AD0 162:012.784 - 1.059ms returns FALSE
T9064 162:050.240   JLINK_RTTERMINAL_Read(BufferIndex = 0, BufferSize = 0x00010000)
T9064 162:050.272   - 0.029ms returns 0
T9064 162:100.672   JLINK_RTTERMINAL_Read(BufferIndex = 0, BufferSize = 0x00010000)
T9064 162:100.704   - 0.023ms returns 0
T7AD0 162:120.032 JLINK_IsHalted()
T7AD0 162:121.040 - 1.008ms returns FALSE
T7AD0 162:121.056 JLINK_IsHalted()
T7AD0 162:122.160 - 1.110ms returns FALSE
T1758 162:127.168 JLINK_IsHalted()
T1758 162:127.872 - 0.707ms returns FALSE
T1758 162:127.904 JLINK_IsHalted()
T1758 162:128.976 - 1.069ms returns FALSE
T9064 162:152.096   JLINK_RTTERMINAL_Read(BufferIndex = 0, BufferSize = 0x00010000)
T9064 162:152.112   - 0.028ms returns 0
T9064 162:203.040   JLINK_RTTERMINAL_Read(BufferIndex = 0, BufferSize = 0x00010000)
T9064 162:203.056   - 0.024ms returns 0
T7AD0 162:229.984 JLINK_IsHalted()
T7AD0 162:230.688 - 0.701ms returns FALSE
T7AD0 162:230.720 JLINK_IsHalted()
T7AD0 162:231.808 - 1.082ms returns FALSE
T9064 162:253.872   JLINK_RTTERMINAL_Read(BufferIndex = 0, BufferSize = 0x00010000)
T9064 162:253.920   - 0.039ms returns 0
T9064 162:304.448   JLINK_RTTERMINAL_Read(BufferIndex = 0, BufferSize = 0x00010000)
T9064 162:304.480   - 0.034ms returns 0
T7AD0 162:339.776 JLINK_IsHalted()
T7AD0 162:340.864 - 1.088ms returns FALSE
T7AD0 162:340.880 JLINK_IsHalted()
T7AD0 162:341.968 - 1.086ms returns FALSE
T9064 162:355.040   JLINK_RTTERMINAL_Read(BufferIndex = 0, BufferSize = 0x00010000)
T9064 162:355.056   - 0.032ms returns 0
T9064 162:406.352   JLINK_RTTERMINAL_Read(BufferIndex = 0, BufferSize = 0x00010000)
T9064 162:406.368   - 0.027ms returns 0
T7AD0 162:448.288 JLINK_IsHalted()
T7AD0 162:449.312 - 1.014ms returns FALSE
T7AD0 162:449.328 JLINK_IsHalted()
T7AD0 162:450.512 - 1.177ms returns FALSE
T9064 162:457.040   JLINK_RTTERMINAL_Read(BufferIndex = 0, BufferSize = 0x00010000)
T9064 162:457.072   - 0.028ms returns 0
T9064 162:507.776   JLINK_RTTERMINAL_Read(BufferIndex = 0, BufferSize = 0x00010000)
T9064 162:507.808   - 0.028ms returns 0
T7AD0 162:557.280 JLINK_IsHalted()
T7AD0 162:557.872 - 0.581ms returns FALSE
T7AD0 162:557.888 JLINK_IsHalted()
T7AD0 162:558.960 - 1.081ms returns FALSE
T9064 162:558.992   JLINK_RTTERMINAL_Read(BufferIndex = 0, BufferSize = 0x00010000)
T9064 162:559.008   - 0.012ms returns 0
T9064 162:610.304   JLINK_RTTERMINAL_Read(BufferIndex = 0, BufferSize = 0x00010000)
T9064 162:610.336   - 0.030ms returns 0
T9064 162:661.504   JLINK_RTTERMINAL_Read(BufferIndex = 0, BufferSize = 0x00010000)
T9064 162:661.536   - 0.027ms returns 0
T7AD0 162:667.008 JLINK_IsHalted()
T7AD0 162:668.096 - 1.089ms returns FALSE
T7AD0 162:668.112 JLINK_IsHalted()
T7AD0 162:669.200 - 1.091ms returns FALSE
T9064 162:712.496   JLINK_RTTERMINAL_Read(BufferIndex = 0, BufferSize = 0x00010000)
T9064 162:712.528   - 0.027ms returns 0
T9064 162:763.568   JLINK_RTTERMINAL_Read(BufferIndex = 0, BufferSize = 0x00010000)
T9064 162:763.600   - 0.032ms returns 98
T9064 162:763.808   JLINK_RTTERMINAL_Read(BufferIndex = 0, BufferSize = 0x00010000)
T9064 162:763.808   - 0.016ms returns 0
T7AD0 162:776.480 JLINK_IsHalted()
T7AD0 162:777.760 - 1.266ms returns FALSE
T7AD0 162:777.776 JLINK_IsHalted()
T7AD0 162:778.848 - 1.057ms returns FALSE
T9064 162:814.688   JLINK_RTTERMINAL_Read(BufferIndex = 0, BufferSize = 0x00010000)
T9064 162:814.704   - 0.031ms returns 0
T9064 162:865.056   JLINK_RTTERMINAL_Read(BufferIndex = 0, BufferSize = 0x00010000)
T9064 162:865.088   - 0.027ms returns 0
T7AD0 162:885.856 JLINK_IsHalted()
T7AD0 162:886.336 - 0.494ms returns FALSE
T7AD0 162:886.368 JLINK_IsHalted()
T7AD0 162:887.408 - 1.050ms returns FALSE
T9064 162:916.256   JLINK_RTTERMINAL_Read(BufferIndex = 0, BufferSize = 0x00010000)
T9064 162:916.272   - 0.027ms returns 0
T9064 162:967.648   JLINK_RTTERMINAL_Read(BufferIndex = 0, BufferSize = 0x00010000)
T9064 162:967.680   - 0.025ms returns 0
T7AD0 162:995.296 JLINK_IsHalted()
T7AD0 162:996.480 - 1.191ms returns FALSE
T7AD0 162:996.496 JLINK_IsHalted()
T7AD0 162:997.584 - 1.077ms returns FALSE
T9064 163:018.144   JLINK_RTTERMINAL_Read(BufferIndex = 0, BufferSize = 0x00010000)
T9064 163:018.160   - 0.028ms returns 0
T9064 163:069.680   JLINK_RTTERMINAL_Read(BufferIndex = 0, BufferSize = 0x00010000)
T9064 163:069.712   - 0.023ms returns 0
T7AD0 163:103.968 JLINK_IsHalted()
T7AD0 163:104.832 - 0.862ms returns FALSE
T7AD0 163:104.864 JLINK_IsHalted()
T7AD0 163:105.936 - 1.078ms returns FALSE
T9064 163:120.160   JLINK_RTTERMINAL_Read(BufferIndex = 0, BufferSize = 0x00010000)
T9064 163:120.176   - 0.025ms returns 0
T1758 163:130.384 JLINK_IsHalted()
T1758 163:130.816 - 0.436ms returns FALSE
T1758 163:130.832 JLINK_IsHalted()
T1758 163:131.936 - 1.099ms returns FALSE
T9064 163:170.864   JLINK_RTTERMINAL_Read(BufferIndex = 0, BufferSize = 0x00010000)
T9064 163:170.896   - 0.033ms returns 0
T7AD0 163:214.416 JLINK_IsHalted()
T7AD0 163:215.520 - 1.106ms returns FALSE
T7AD0 163:215.536 JLINK_IsHalted()
T7AD0 163:216.672 - 1.136ms returns FALSE
T9064 163:221.184   JLINK_RTTERMINAL_Read(BufferIndex = 0, BufferSize = 0x00010000)
T9064 163:221.216   - 0.023ms returns 0
T9064 163:271.888   JLINK_RTTERMINAL_Read(BufferIndex = 0, BufferSize = 0x00010000)
T9064 163:271.904   - 0.025ms returns 0
T9064 163:322.400   JLINK_RTTERMINAL_Read(BufferIndex = 0, BufferSize = 0x00010000)
T9064 163:322.416   - 0.026ms returns 0
T7AD0 163:323.296 JLINK_IsHalted()
T7AD0 163:323.856 - 0.563ms returns FALSE
T7AD0 163:323.872 JLINK_IsHalted()
T7AD0 163:324.960 - 1.102ms returns FALSE
T9064 163:373.568   JLINK_RTTERMINAL_Read(BufferIndex = 0, BufferSize = 0x00010000)
T9064 163:373.600   - 0.033ms returns 0
T9064 163:423.968   JLINK_RTTERMINAL_Read(BufferIndex = 0, BufferSize = 0x00010000)
T9064 163:423.984   - 0.027ms returns 0
T7AD0 163:432.864 JLINK_IsHalted()
T7AD0 163:433.248 - 0.380ms returns FALSE
T7AD0 163:433.264 JLINK_IsHalted()
T7AD0 163:434.352 - 1.087ms returns FALSE
T9064 163:475.136   JLINK_RTTERMINAL_Read(BufferIndex = 0, BufferSize = 0x00010000)
T9064 163:475.152   - 0.021ms returns 0
T9064 163:526.240   JLINK_RTTERMINAL_Read(BufferIndex = 0, BufferSize = 0x00010000)
T9064 163:526.288   - 0.042ms returns 0
T7AD0 163:541.536 JLINK_IsHalted()
T7AD0 163:542.688 - 1.139ms returns FALSE
T7AD0 163:543.920 JLINK_IsHalted()
T7AD0 163:544.912 - 0.985ms returns FALSE
T9064 163:577.472   JLINK_RTTERMINAL_Read(BufferIndex = 0, BufferSize = 0x00010000)
T9064 163:577.504   - 0.036ms returns 0
T9064 163:628.000   JLINK_RTTERMINAL_Read(BufferIndex = 0, BufferSize = 0x00010000)
T9064 163:628.032   - 0.034ms returns 0
T7AD0 163:650.896 JLINK_IsHalted()
T7AD0 163:652.048 - 1.151ms returns FALSE
T7AD0 163:652.064 JLINK_IsHalted()
T7AD0 163:653.152 - 1.087ms returns FALSE
T9064 163:678.992   JLINK_RTTERMINAL_Read(BufferIndex = 0, BufferSize = 0x00010000)
T9064 163:679.008   - 0.027ms returns 0
T9064 163:729.584   JLINK_RTTERMINAL_Read(BufferIndex = 0, BufferSize = 0x00010000)
T9064 163:729.632   - 0.040ms returns 98
T9064 163:729.840   JLINK_RTTERMINAL_Read(BufferIndex = 0, BufferSize = 0x00010000)
T9064 163:729.856   - 0.017ms returns 0
T7AD0 163:760.480 JLINK_IsHalted()
T7AD0 163:760.832 - 0.367ms returns FALSE
T7AD0 163:760.848 JLINK_IsHalted()
T7AD0 163:761.936 - 1.087ms returns FALSE
T9064 163:780.560   JLINK_RTTERMINAL_Read(BufferIndex = 0, BufferSize = 0x00010000)
T9064 163:780.592   - 0.038ms returns 0
T9064 163:831.104   JLINK_RTTERMINAL_Read(BufferIndex = 0, BufferSize = 0x00010000)
T9064 163:831.136   - 0.036ms returns 0
T7AD0 163:869.984 JLINK_IsHalted()
T7AD0 163:871.040 - 1.059ms returns FALSE
T7AD0 163:871.056 JLINK_IsHalted()
T7AD0 163:872.144 - 1.098ms returns FALSE
T9064 163:882.096   JLINK_RTTERMINAL_Read(BufferIndex = 0, BufferSize = 0x00010000)
T9064 163:882.144   - 0.036ms returns 0
T9064 163:932.656   JLINK_RTTERMINAL_Read(BufferIndex = 0, BufferSize = 0x00010000)
T9064 163:932.704   - 0.037ms returns 0
T7AD0 163:979.216 JLINK_IsHalted()
T7AD0 163:980.320 - 1.109ms returns FALSE
T7AD0 163:980.320 JLINK_IsHalted()
T7AD0 163:981.408 - 1.087ms returns FALSE
T9064 163:983.520   JLINK_RTTERMINAL_Read(BufferIndex = 0, BufferSize = 0x00010000)
T9064 163:983.520   - 0.011ms returns 0
T9064 164:034.288   JLINK_RTTERMINAL_Read(BufferIndex = 0, BufferSize = 0x00010000)
T9064 164:034.320   - 0.029ms returns 0
T9064 164:085.456   JLINK_RTTERMINAL_Read(BufferIndex = 0, BufferSize = 0x00010000)
T9064 164:085.472   - 0.023ms returns 0
T7AD0 164:088.352 JLINK_IsHalted()
T7AD0 164:089.568 - 1.208ms returns FALSE
T7AD0 164:089.584 JLINK_IsHalted()
T7AD0 164:090.688 - 1.111ms returns FALSE
T1758 164:131.936 JLINK_IsHalted()
T1758 164:133.024 - 1.073ms returns FALSE
T1758 164:133.040 JLINK_IsHalted()
T1758 164:134.112 - 1.072ms returns FALSE
T9064 164:136.096   JLINK_RTTERMINAL_Read(BufferIndex = 0, BufferSize = 0x00010000)
T9064 164:136.112   - 0.027ms returns 0
T9064 164:186.880   JLINK_RTTERMINAL_Read(BufferIndex = 0, BufferSize = 0x00010000)
T9064 164:186.912   - 0.037ms returns 0
T7AD0 164:197.760 JLINK_IsHalted()
T7AD0 164:198.416 - 0.646ms returns FALSE
T7AD0 164:198.432 JLINK_IsHalted()
T7AD0 164:199.520 - 1.086ms returns FALSE
T9064 164:237.648   JLINK_RTTERMINAL_Read(BufferIndex = 0, BufferSize = 0x00010000)
T9064 164:237.664   - 0.034ms returns 0
T9064 164:288.432   JLINK_RTTERMINAL_Read(BufferIndex = 0, BufferSize = 0x00010000)
T9064 164:288.480   - 0.034ms returns 0
T7AD0 164:307.552 JLINK_IsHalted()
T7AD0 164:308.672 - 1.108ms returns FALSE
T7AD0 164:308.688 JLINK_IsHalted()
T7AD0 164:309.776 - 1.078ms returns FALSE
T9064 164:338.912   JLINK_RTTERMINAL_Read(BufferIndex = 0, BufferSize = 0x00010000)
T9064 164:338.944   - 0.027ms returns 0
T9064 164:389.616   JLINK_RTTERMINAL_Read(BufferIndex = 0, BufferSize = 0x00010000)
T9064 164:389.648   - 0.024ms returns 0
T7AD0 164:417.216 JLINK_IsHalted()
T7AD0 164:417.888 - 0.663ms returns FALSE
T7AD0 164:417.888 JLINK_IsHalted()
T7AD0 164:418.976 - 1.083ms returns FALSE
T9064 164:440.432   JLINK_RTTERMINAL_Read(BufferIndex = 0, BufferSize = 0x00010000)
T9064 164:440.464   - 0.026ms returns 0
T9064 164:491.616   JLINK_RTTERMINAL_Read(BufferIndex = 0, BufferSize = 0x00010000)
T9064 164:491.632   - 0.027ms returns 0
T7AD0 164:526.032 JLINK_IsHalted()
T7AD0 164:527.200 - 1.180ms returns FALSE
T7AD0 164:527.216 JLINK_IsHalted()
T7AD0 164:528.304 - 1.087ms returns FALSE
T9064 164:542.480   JLINK_RTTERMINAL_Read(BufferIndex = 0, BufferSize = 0x00010000)
T9064 164:542.496   - 0.026ms returns 0
T9064 164:593.120   JLINK_RTTERMINAL_Read(BufferIndex = 0, BufferSize = 0x00010000)
T9064 164:593.152   - 0.027ms returns 0
T7AD0 164:635.920 JLINK_IsHalted()
T7AD0 164:636.720 - 0.802ms returns FALSE
T7AD0 164:636.736 JLINK_IsHalted()
T7AD0 164:637.872 - 1.144ms returns FALSE
T9064 164:644.064   JLINK_RTTERMINAL_Read(BufferIndex = 0, BufferSize = 0x00010000)
T9064 164:644.064   - 0.019ms returns 0
T9064 164:695.328   JLINK_RTTERMINAL_Read(BufferIndex = 0, BufferSize = 0x00010000)
T9064 164:695.376   - 0.043ms returns 0
T7AD0 164:744.688 JLINK_IsHalted()
T7AD0 164:745.520 - 0.827ms returns FALSE
T7AD0 164:745.552 JLINK_IsHalted()
T7AD0 164:746.704 - 1.149ms returns FALSE
T9064 164:746.720   JLINK_RTTERMINAL_Read(BufferIndex = 0, BufferSize = 0x00010000)
T9064 164:746.720   - 0.009ms returns 98
T9064 164:746.896   JLINK_RTTERMINAL_Read(BufferIndex = 0, BufferSize = 0x00010000)
T9064 164:746.912   - 0.016ms returns 0
T9064 164:797.808   JLINK_RTTERMINAL_Read(BufferIndex = 0, BufferSize = 0x00010000)
T9064 164:797.840   - 0.020ms returns 0
T9064 164:848.528   JLINK_RTTERMINAL_Read(BufferIndex = 0, BufferSize = 0x00010000)
T9064 164:848.544   - 0.029ms returns 0
T7AD0 164:854.800 JLINK_IsHalted()
T7AD0 164:855.696 - 0.892ms returns FALSE
T7AD0 164:855.712 JLINK_IsHalted()
T7AD0 164:856.784 - 1.059ms returns FALSE
T9064 164:899.104   JLINK_RTTERMINAL_Read(BufferIndex = 0, BufferSize = 0x00010000)
T9064 164:899.120   - 0.029ms returns 0
T9064 164:949.936   JLINK_RTTERMINAL_Read(BufferIndex = 0, BufferSize = 0x00010000)
T9064 164:949.984   - 0.031ms returns 0
T7AD0 164:964.352 JLINK_IsHalted()
T7AD0 164:965.200 - 0.839ms returns FALSE
T7AD0 164:965.216 JLINK_IsHalted()
T7AD0 164:966.304 - 1.084ms returns FALSE
T9064 165:000.752   JLINK_RTTERMINAL_Read(BufferIndex = 0, BufferSize = 0x00010000)
T9064 165:000.784   - 0.027ms returns 0
T9064 165:051.872   JLINK_RTTERMINAL_Read(BufferIndex = 0, BufferSize = 0x00010000)
T9064 165:051.904   - 0.041ms returns 0
T7AD0 165:072.640 JLINK_IsHalted()
T7AD0 165:073.472 - 0.836ms returns FALSE
T7AD0 165:073.504 JLINK_IsHalted()
T7AD0 165:074.576 - 1.075ms returns FALSE
T9064 165:102.576   JLINK_RTTERMINAL_Read(BufferIndex = 0, BufferSize = 0x00010000)
T9064 165:102.608   - 0.030ms returns 0
T1758 165:134.144 JLINK_IsHalted()
T1758 165:135.200 - 1.047ms returns FALSE
T1758 165:135.216 JLINK_IsHalted()
T1758 165:136.288 - 1.075ms returns FALSE
T9064 165:153.408   JLINK_RTTERMINAL_Read(BufferIndex = 0, BufferSize = 0x00010000)
T9064 165:153.440   - 0.025ms returns 0
T7AD0 165:182.304 JLINK_IsHalted()
T7AD0 165:183.120 - 0.798ms returns FALSE
T7AD0 165:183.136 JLINK_IsHalted()
T7AD0 165:184.224 - 1.085ms returns FALSE
T9064 165:204.096   JLINK_RTTERMINAL_Read(BufferIndex = 0, BufferSize = 0x00010000)
T9064 165:204.128   - 0.037ms returns 0
T9064 165:255.520   JLINK_RTTERMINAL_Read(BufferIndex = 0, BufferSize = 0x00010000)
T9064 165:255.552   - 0.035ms returns 0
T7AD0 165:293.152 JLINK_IsHalted()
T7AD0 165:294.240 - 1.087ms returns FALSE
T7AD0 165:294.288 JLINK_IsHalted()
T7AD0 165:295.344 - 1.069ms returns FALSE
T9064 165:306.704   JLINK_RTTERMINAL_Read(BufferIndex = 0, BufferSize = 0x00010000)
T9064 165:306.720   - 0.022ms returns 0
T9064 165:357.824   JLINK_RTTERMINAL_Read(BufferIndex = 0, BufferSize = 0x00010000)
T9064 165:357.856   - 0.029ms returns 0
T7AD0 165:400.944 JLINK_IsHalted()
T7AD0 165:401.696 - 0.743ms returns FALSE
T7AD0 165:401.712 JLINK_IsHalted()
T7AD0 165:402.784 - 1.077ms returns FALSE
T9064 165:409.296   JLINK_RTTERMINAL_Read(BufferIndex = 0, BufferSize = 0x00010000)
T9064 165:409.312   - 0.024ms returns 0
T9064 165:459.600   JLINK_RTTERMINAL_Read(BufferIndex = 0, BufferSize = 0x00010000)
T9064 165:459.616   - 0.026ms returns 0
T7AD0 165:510.736 JLINK_IsHalted()
T7AD0 165:511.904 - 1.180ms returns FALSE
T9064 165:511.936   JLINK_RTTERMINAL_Read(BufferIndex = 0, BufferSize = 0x00010000)
T9064 165:511.952   - 0.013ms returns 0
T7AD0 165:512.032 JLINK_IsHalted()
T7AD0 165:513.008 - 0.972ms returns FALSE
T9064 165:562.800   JLINK_RTTERMINAL_Read(BufferIndex = 0, BufferSize = 0x00010000)
T9064 165:562.832   - 0.032ms returns 0
T9064 165:613.808   JLINK_RTTERMINAL_Read(BufferIndex = 0, BufferSize = 0x00010000)
T9064 165:613.824   - 0.020ms returns 0
T7AD0 165:620.080 JLINK_IsHalted()
T7AD0 165:621.168 - 1.086ms returns FALSE
T7AD0 165:621.200 JLINK_IsHalted()
T7AD0 165:622.272 - 1.085ms returns FALSE
T9064 165:664.672   JLINK_RTTERMINAL_Read(BufferIndex = 0, BufferSize = 0x00010000)
T9064 165:664.704   - 0.024ms returns 0
T9064 165:715.504   JLINK_RTTERMINAL_Read(BufferIndex = 0, BufferSize = 0x00010000)
T9064 165:715.536   - 0.025ms returns 98
T9064 165:715.680   JLINK_RTTERMINAL_Read(BufferIndex = 0, BufferSize = 0x00010000)
T9064 165:715.696   - 0.010ms returns 0
T7AD0 165:729.328 JLINK_IsHalted()
T7AD0 165:730.272 - 0.934ms returns FALSE
T7AD0 165:730.272 JLINK_IsHalted()
T7AD0 165:731.360 - 1.072ms returns FALSE
T9064 165:766.432   JLINK_RTTERMINAL_Read(BufferIndex = 0, BufferSize = 0x00010000)
T9064 165:766.448   - 0.031ms returns 0
T9064 165:817.408   JLINK_RTTERMINAL_Read(BufferIndex = 0, BufferSize = 0x00010000)
T9064 165:817.440   - 0.032ms returns 0
T7AD0 165:838.848 JLINK_IsHalted()
T7AD0 165:839.664 - 0.820ms returns FALSE
T7AD0 165:839.712 JLINK_IsHalted()
T7AD0 165:840.768 - 1.067ms returns FALSE
T9064 165:867.968   JLINK_RTTERMINAL_Read(BufferIndex = 0, BufferSize = 0x00010000)
T9064 165:868.000   - 0.033ms returns 0
T9064 165:918.448   JLINK_RTTERMINAL_Read(BufferIndex = 0, BufferSize = 0x00010000)
T9064 165:918.480   - 0.021ms returns 0
T7AD0 165:947.984 JLINK_IsHalted()
T7AD0 165:948.976 - 0.998ms returns FALSE
T7AD0 165:948.992 JLINK_IsHalted()
T7AD0 165:950.080 - 1.086ms returns FALSE
T9064 165:969.472   JLINK_RTTERMINAL_Read(BufferIndex = 0, BufferSize = 0x00010000)
T9064 165:969.504   - 0.036ms returns 0
T9064 166:020.512   JLINK_RTTERMINAL_Read(BufferIndex = 0, BufferSize = 0x00010000)
T9064 166:020.544   - 0.031ms returns 0
T7AD0 166:057.104 JLINK_IsHalted()
T7AD0 166:058.128 - 1.023ms returns FALSE
T7AD0 166:058.144 JLINK_IsHalted()
T7AD0 166:059.232 - 1.079ms returns FALSE
T9064 166:071.040   JLINK_RTTERMINAL_Read(BufferIndex = 0, BufferSize = 0x00010000)
T9064 166:071.072   - 0.022ms returns 0
T9064 166:121.616   JLINK_RTTERMINAL_Read(BufferIndex = 0, BufferSize = 0x00010000)
T9064 166:121.632   - 0.030ms returns 0
T1758 166:136.576 JLINK_IsHalted()
T1758 166:137.232 - 0.645ms returns FALSE
T1758 166:137.248 JLINK_IsHalted()
T1758 166:138.320 - 1.078ms returns FALSE
T7AD0 166:166.384 JLINK_IsHalted()
T7AD0 166:166.944 - 0.545ms returns FALSE
T7AD0 166:166.960 JLINK_IsHalted()
T7AD0 166:168.048 - 1.087ms returns FALSE
T9064 166:172.688   JLINK_RTTERMINAL_Read(BufferIndex = 0, BufferSize = 0x00010000)
T9064 166:172.720   - 0.033ms returns 0
T9064 166:223.328   JLINK_RTTERMINAL_Read(BufferIndex = 0, BufferSize = 0x00010000)
T9064 166:223.376   - 0.031ms returns 0
T9064 166:274.288   JLINK_RTTERMINAL_Read(BufferIndex = 0, BufferSize = 0x00010000)
T9064 166:274.320   - 0.035ms returns 0
T7AD0 166:276.176 JLINK_IsHalted()
T7AD0 166:277.264 - 1.083ms returns FALSE
T7AD0 166:277.280 JLINK_IsHalted()
T7AD0 166:278.352 - 1.065ms returns FALSE
T9064 166:325.792   JLINK_RTTERMINAL_Read(BufferIndex = 0, BufferSize = 0x00010000)
T9064 166:325.840   - 0.037ms returns 0
T9064 166:376.800   JLINK_RTTERMINAL_Read(BufferIndex = 0, BufferSize = 0x00010000)
T9064 166:376.832   - 0.036ms returns 0
T7AD0 166:385.680 JLINK_IsHalted()
T7AD0 166:385.984 - 0.304ms returns FALSE
T7AD0 166:386.000 JLINK_IsHalted()
T7AD0 166:386.240 - 0.239ms returns FALSE
T9064 166:427.776   JLINK_RTTERMINAL_Read(BufferIndex = 0, BufferSize = 0x00010000)
T9064 166:427.808   - 0.025ms returns 0
T9064 166:478.416   JLINK_RTTERMINAL_Read(BufferIndex = 0, BufferSize = 0x00010000)
T9064 166:478.432   - 0.036ms returns 0
T7AD0 166:494.784 JLINK_IsHalted()
T7AD0 166:495.136 - 0.338ms returns FALSE
T7AD0 166:495.136 JLINK_IsHalted()
T7AD0 166:495.440 - 0.295ms returns FALSE
T9064 166:528.720   JLINK_RTTERMINAL_Read(BufferIndex = 0, BufferSize = 0x00010000)
T9064 166:528.736   - 0.034ms returns 0
T9064 166:579.808   JLINK_RTTERMINAL_Read(BufferIndex = 0, BufferSize = 0x00010000)
T9064 166:579.840   - 0.035ms returns 0
T7AD0 166:604.688 JLINK_IsHalted()
T7AD0 166:605.056 - 0.374ms returns FALSE
T7AD0 166:605.072 JLINK_IsHalted()
T7AD0 166:605.344 - 0.274ms returns FALSE
T9064 166:630.320   JLINK_RTTERMINAL_Read(BufferIndex = 0, BufferSize = 0x00010000)
T9064 166:630.352   - 0.028ms returns 0
T9064 166:680.976   JLINK_RTTERMINAL_Read(BufferIndex = 0, BufferSize = 0x00010000)
T9064 166:680.992   - 0.026ms returns 0
T7AD0 166:713.936 JLINK_IsHalted()
T7AD0 166:714.272 - 0.331ms returns FALSE
T7AD0 166:714.272 JLINK_IsHalted()
T7AD0 166:714.528 - 0.249ms returns FALSE
T9064 166:731.488   JLINK_RTTERMINAL_Read(BufferIndex = 0, BufferSize = 0x00010000)
T9064 166:731.504   - 0.031ms returns 0
T9064 166:781.728   JLINK_RTTERMINAL_Read(BufferIndex = 0, BufferSize = 0x00010000)
T9064 166:781.744   - 0.027ms returns 0
T7AD0 166:822.672 JLINK_IsHalted()
T7AD0 166:823.008 - 0.335ms returns FALSE
T7AD0 166:823.024 JLINK_IsHalted()
T7AD0 166:823.312 - 0.287ms returns FALSE
T9064 166:832.720   JLINK_RTTERMINAL_Read(BufferIndex = 0, BufferSize = 0x00010000)
T9064 166:832.736   - 0.027ms returns 0
T9064 166:883.248   JLINK_RTTERMINAL_Read(BufferIndex = 0, BufferSize = 0x00010000)
T9064 166:883.296   - 0.035ms returns 0
T7AD0 166:932.528 JLINK_IsHalted()
T7AD0 166:932.896 - 0.353ms returns FALSE
T7AD0 166:932.896 JLINK_IsHalted()
T7AD0 166:933.136 - 0.237ms returns FALSE
T9064 166:933.680   JLINK_RTTERMINAL_Read(BufferIndex = 0, BufferSize = 0x00010000)
T9064 166:933.712   - 0.024ms returns 0
T9064 166:984.288   JLINK_RTTERMINAL_Read(BufferIndex = 0, BufferSize = 0x00010000)
T9064 166:984.304   - 0.028ms returns 0
T9064 167:034.944   JLINK_RTTERMINAL_Read(BufferIndex = 0, BufferSize = 0x00010000)
T9064 167:034.976   - 0.031ms returns 0
T7AD0 167:041.824 JLINK_IsHalted()
T7AD0 167:042.144 - 0.310ms returns FALSE
T7AD0 167:042.160 JLINK_IsHalted()
T7AD0 167:042.432 - 0.274ms returns FALSE
T9064 167:085.888   JLINK_RTTERMINAL_Read(BufferIndex = 0, BufferSize = 0x00010000)
T9064 167:085.920   - 0.029ms returns 0
T9064 167:136.480   JLINK_RTTERMINAL_Read(BufferIndex = 0, BufferSize = 0x00010000)
T9064 167:136.512   - 0.020ms returns 0
T1758 167:138.608 JLINK_IsHalted()
T1758 167:138.912 - 0.299ms returns FALSE
T1758 167:138.928 JLINK_IsHalted()
T1758 167:139.200 - 0.270ms returns FALSE
T7AD0 167:151.520 JLINK_IsHalted()
T7AD0 167:151.904 - 0.374ms returns FALSE
T7AD0 167:151.920 JLINK_IsHalted()
T7AD0 167:152.160 - 0.251ms returns FALSE
T9064 167:187.616   JLINK_RTTERMINAL_Read(BufferIndex = 0, BufferSize = 0x00010000)
T9064 167:187.648   - 0.030ms returns 0
T9064 167:238.624   JLINK_RTTERMINAL_Read(BufferIndex = 0, BufferSize = 0x00010000)
T9064 167:238.656   - 0.037ms returns 0
T7AD0 167:260.288 JLINK_IsHalted()
T7AD0 167:261.472 - 1.188ms returns FALSE
T7AD0 167:261.504 JLINK_IsHalted()
T7AD0 167:262.576 - 1.075ms returns FALSE
T9064 167:289.600   JLINK_RTTERMINAL_Read(BufferIndex = 0, BufferSize = 0x00010000)
T9064 167:289.632   - 0.029ms returns 0
T9064 167:340.304   JLINK_RTTERMINAL_Read(BufferIndex = 0, BufferSize = 0x00010000)
T9064 167:340.336   - 0.039ms returns 0
T7AD0 167:369.664 JLINK_IsHalted()
T7AD0 167:370.720 - 1.069ms returns FALSE
T7AD0 167:370.736 JLINK_IsHalted()
T7AD0 167:371.840 - 1.095ms returns FALSE
T9064 167:391.408   JLINK_RTTERMINAL_Read(BufferIndex = 0, BufferSize = 0x00010000)
T9064 167:391.456   - 0.044ms returns 0
T9064 167:441.888   JLINK_RTTERMINAL_Read(BufferIndex = 0, BufferSize = 0x00010000)
T9064 167:441.920   - 0.029ms returns 0
T7AD0 167:479.040 JLINK_IsHalted()
T7AD0 167:480.272 - 1.223ms returns FALSE
T7AD0 167:480.288 JLINK_IsHalted()
T7AD0 167:481.360 - 1.066ms returns FALSE
T9064 167:493.152   JLINK_RTTERMINAL_Read(BufferIndex = 0, BufferSize = 0x00010000)
T9064 167:493.168   - 0.026ms returns 0
T9064 167:543.664   JLINK_RTTERMINAL_Read(BufferIndex = 0, BufferSize = 0x00010000)
T9064 167:543.712   - 0.034ms returns 0
T7AD0 167:589.088 JLINK_IsHalted()
T7AD0 167:589.536 - 0.460ms returns FALSE
T7AD0 167:589.552 JLINK_IsHalted()
T7AD0 167:590.672 - 1.123ms returns FALSE
T9064 167:594.320   JLINK_RTTERMINAL_Read(BufferIndex = 0, BufferSize = 0x00010000)
T9064 167:594.336   - 0.019ms returns 0
T9064 167:645.680   JLINK_RTTERMINAL_Read(BufferIndex = 0, BufferSize = 0x00010000)
T9064 167:645.712   - 0.028ms returns 0
T9064 167:696.304   JLINK_RTTERMINAL_Read(BufferIndex = 0, BufferSize = 0x00010000)
T9064 167:696.336   - 0.025ms returns 0
T7AD0 167:698.400 JLINK_IsHalted()
T7AD0 167:698.848 - 0.456ms returns FALSE
T7AD0 167:698.864 JLINK_IsHalted()
T7AD0 167:699.952 - 1.090ms returns FALSE
T9064 167:747.296   JLINK_RTTERMINAL_Read(BufferIndex = 0, BufferSize = 0x00010000)
T9064 167:747.312   - 0.026ms returns 0
T9064 167:798.288   JLINK_RTTERMINAL_Read(BufferIndex = 0, BufferSize = 0x00010000)
T9064 167:798.304   - 0.024ms returns 0
T7AD0 167:809.280 JLINK_IsHalted()
T7AD0 167:810.352 - 1.083ms returns FALSE
T7AD0 167:810.368 JLINK_IsHalted()
T7AD0 167:811.472 - 1.099ms returns FALSE
T9064 167:849.232   JLINK_RTTERMINAL_Read(BufferIndex = 0, BufferSize = 0x00010000)
T9064 167:849.248   - 0.030ms returns 0
T9064 167:900.320   JLINK_RTTERMINAL_Read(BufferIndex = 0, BufferSize = 0x00010000)
T9064 167:900.352   - 0.030ms returns 0
T7AD0 167:916.592 JLINK_IsHalted()
T7AD0 167:917.024 - 0.432ms returns FALSE
T7AD0 167:917.040 JLINK_IsHalted()
T7AD0 167:918.112 - 1.066ms returns FALSE
T9064 167:951.408   JLINK_RTTERMINAL_Read(BufferIndex = 0, BufferSize = 0x00010000)
T9064 167:951.456   - 0.040ms returns 0
T9064 168:001.824   JLINK_RTTERMINAL_Read(BufferIndex = 0, BufferSize = 0x00010000)
T9064 168:001.856   - 0.036ms returns 0
T7AD0 168:026.304 JLINK_IsHalted()
T7AD0 168:027.216 - 0.918ms returns FALSE
T7AD0 168:027.232 JLINK_IsHalted()
T7AD0 168:028.384 - 1.156ms returns FALSE
T9064 168:052.784   JLINK_RTTERMINAL_Read(BufferIndex = 0, BufferSize = 0x00010000)
T9064 168:052.816   - 0.024ms returns 0
T9064 168:103.328   JLINK_RTTERMINAL_Read(BufferIndex = 0, BufferSize = 0x00010000)
T9064 168:103.376   - 0.033ms returns 0
T7AD0 168:137.296 JLINK_IsHalted()
T7AD0 168:138.288 - 0.997ms returns FALSE
T7AD0 168:138.304 JLINK_IsHalted()
T7AD0 168:139.392 - 1.082ms returns FALSE
T1758 168:139.424 JLINK_IsHalted()
T1758 168:140.496 - 1.069ms returns FALSE
T1758 168:140.512 JLINK_IsHalted()
T1758 168:141.680 - 1.155ms returns FALSE
T9064 168:153.600   JLINK_RTTERMINAL_Read(BufferIndex = 0, BufferSize = 0x00010000)
T9064 168:153.632   - 0.037ms returns 0
T9064 168:205.232   JLINK_RTTERMINAL_Read(BufferIndex = 0, BufferSize = 0x00010000)
T9064 168:205.296   - 0.054ms returns 0
T7AD0 168:245.216 JLINK_IsHalted()
T7AD0 168:246.160 - 0.949ms returns FALSE
T7AD0 168:246.176 JLINK_IsHalted()
T7AD0 168:247.328 - 1.166ms returns FALSE
T9064 168:255.824   JLINK_RTTERMINAL_Read(BufferIndex = 0, BufferSize = 0x00010000)
T9064 168:255.856   - 0.037ms returns 0
T9064 168:306.464   JLINK_RTTERMINAL_Read(BufferIndex = 0, BufferSize = 0x00010000)
T9064 168:306.512   - 0.039ms returns 0
T7AD0 168:354.000 JLINK_IsHalted()
T7AD0 168:354.400 - 0.419ms returns FALSE
T7AD0 168:354.416 JLINK_IsHalted()
T7AD0 168:355.536 - 1.109ms returns FALSE
T9064 168:357.216   JLINK_RTTERMINAL_Read(BufferIndex = 0, BufferSize = 0x00010000)
T9064 168:357.232   - 0.019ms returns 0
T9064 168:408.272   JLINK_RTTERMINAL_Read(BufferIndex = 0, BufferSize = 0x00010000)
T9064 168:408.304   - 0.039ms returns 0
T9064 168:458.544   JLINK_RTTERMINAL_Read(BufferIndex = 0, BufferSize = 0x00010000)
T9064 168:458.592   - 0.040ms returns 0
T7AD0 168:463.424 JLINK_IsHalted()
T7AD0 168:463.824 - 0.402ms returns FALSE
T7AD0 168:463.840 JLINK_IsHalted()
T7AD0 168:464.928 - 1.089ms returns FALSE
T9064 168:509.680   JLINK_RTTERMINAL_Read(BufferIndex = 0, BufferSize = 0x00010000)
T9064 168:509.728   - 0.045ms returns 0
T9064 168:559.968   JLINK_RTTERMINAL_Read(BufferIndex = 0, BufferSize = 0x00010000)
T9064 168:560.016   - 0.040ms returns 0
T7AD0 168:573.248 JLINK_IsHalted()
T7AD0 168:573.904 - 0.646ms returns FALSE
T7AD0 168:573.920 JLINK_IsHalted()
T7AD0 168:575.008 - 1.094ms returns FALSE
T9064 168:610.816   JLINK_RTTERMINAL_Read(BufferIndex = 0, BufferSize = 0x00010000)
T9064 168:610.848   - 0.040ms returns 0
T9064 168:661.664   JLINK_RTTERMINAL_Read(BufferIndex = 0, BufferSize = 0x00010000)
T9064 168:661.696   - 0.039ms returns 0
T7AD0 168:682.720 JLINK_IsHalted()
T7AD0 168:683.264 - 0.538ms returns FALSE
T7AD0 168:683.280 JLINK_IsHalted()
T7AD0 168:684.384 - 1.092ms returns FALSE
T9064 168:712.608   JLINK_RTTERMINAL_Read(BufferIndex = 0, BufferSize = 0x00010000)
T9064 168:712.640   - 0.033ms returns 0
T9064 168:763.424   JLINK_RTTERMINAL_Read(BufferIndex = 0, BufferSize = 0x00010000)
T9064 168:763.536   - 0.117ms returns 0
T7AD0 168:792.160 JLINK_IsHalted()
T7AD0 168:792.928 - 0.776ms returns FALSE
T7AD0 168:792.960 JLINK_IsHalted()
T7AD0 168:794.016 - 1.057ms returns FALSE
T9064 168:814.160   JLINK_RTTERMINAL_Read(BufferIndex = 0, BufferSize = 0x00010000)
T9064 168:814.192   - 0.030ms returns 0
T9064 168:864.432   JLINK_RTTERMINAL_Read(BufferIndex = 0, BufferSize = 0x00010000)
T9064 168:864.480   - 0.039ms returns 0
T7AD0 168:900.832 JLINK_IsHalted()
T7AD0 168:901.360 - 0.536ms returns FALSE
T7AD0 168:901.408 JLINK_IsHalted()
T7AD0 168:902.464 - 1.069ms returns FALSE
T9064 168:915.584   JLINK_RTTERMINAL_Read(BufferIndex = 0, BufferSize = 0x00010000)
T9064 168:915.616   - 0.038ms returns 0
T9064 168:966.480   JLINK_RTTERMINAL_Read(BufferIndex = 0, BufferSize = 0x00010000)
T9064 168:966.512   - 0.033ms returns 0
T7AD0 169:011.040 JLINK_IsHalted()
T7AD0 169:011.712 - 0.670ms returns FALSE
T7AD0 169:011.728 JLINK_IsHalted()
T7AD0 169:012.800 - 1.074ms returns FALSE
T9064 169:017.168   JLINK_RTTERMINAL_Read(BufferIndex = 0, BufferSize = 0x00010000)
T9064 169:017.184   - 0.030ms returns 0
T9064 169:067.680   JLINK_RTTERMINAL_Read(BufferIndex = 0, BufferSize = 0x00010000)
T9064 169:067.712   - 0.039ms returns 0
T9064 169:118.288   JLINK_RTTERMINAL_Read(BufferIndex = 0, BufferSize = 0x00010000)
T9064 169:118.304   - 0.032ms returns 0
T7AD0 169:121.696 JLINK_IsHalted()
T7AD0 169:122.784 - 1.088ms returns FALSE
T7AD0 169:122.800 JLINK_IsHalted()
T7AD0 169:123.888 - 1.092ms returns FALSE
T1758 169:141.904 JLINK_IsHalted()
T1758 169:142.320 - 0.416ms returns FALSE
T1758 169:142.320 JLINK_IsHalted()
T1758 169:143.440 - 1.101ms returns FALSE
T9064 169:168.864   JLINK_RTTERMINAL_Read(BufferIndex = 0, BufferSize = 0x00010000)
T9064 169:168.896   - 0.043ms returns 0
T9064 169:219.856   JLINK_RTTERMINAL_Read(BufferIndex = 0, BufferSize = 0x00010000)
T9064 169:219.888   - 0.032ms returns 0
T7AD0 169:229.264 JLINK_IsHalted()
T7AD0 169:229.680 - 0.421ms returns FALSE
T7AD0 169:229.696 JLINK_IsHalted()
T7AD0 169:230.784 - 1.083ms returns FALSE
T9064 169:271.072   JLINK_RTTERMINAL_Read(BufferIndex = 0, BufferSize = 0x00010000)
T9064 169:271.120   - 0.035ms returns 0
T9064 169:322.240   JLINK_RTTERMINAL_Read(BufferIndex = 0, BufferSize = 0x00010000)
T9064 169:322.256   - 0.023ms returns 0
T7AD0 169:339.696 JLINK_IsHalted()
T7AD0 169:340.768 - 1.075ms returns FALSE
T7AD0 169:340.784 JLINK_IsHalted()
T7AD0 169:341.888 - 1.092ms returns FALSE
T9064 169:373.008   JLINK_RTTERMINAL_Read(BufferIndex = 0, BufferSize = 0x00010000)
T9064 169:373.024   - 0.028ms returns 0
T9064 169:424.032   JLINK_RTTERMINAL_Read(BufferIndex = 0, BufferSize = 0x00010000)
T9064 169:424.064   - 0.028ms returns 0
T7AD0 169:448.416 JLINK_IsHalted()
T7AD0 169:449.120 - 0.708ms returns FALSE
T7AD0 169:449.136 JLINK_IsHalted()
T7AD0 169:450.208 - 1.075ms returns FALSE
T9064 169:474.816   JLINK_RTTERMINAL_Read(BufferIndex = 0, BufferSize = 0x00010000)
T9064 169:474.848   - 0.032ms returns 0
T9064 169:525.184   JLINK_RTTERMINAL_Read(BufferIndex = 0, BufferSize = 0x00010000)
T9064 169:525.216   - 0.041ms returns 0
T7AD0 169:557.632 JLINK_IsHalted()
T7AD0 169:558.416 - 0.781ms returns FALSE
T7AD0 169:558.432 JLINK_IsHalted()
T7AD0 169:559.520 - 1.090ms returns FALSE
T9064 169:576.032   JLINK_RTTERMINAL_Read(BufferIndex = 0, BufferSize = 0x00010000)
T9064 169:576.048   - 0.027ms returns 0
T9064 169:626.768   JLINK_RTTERMINAL_Read(BufferIndex = 0, BufferSize = 0x00010000)
T9064 169:626.800   - 0.033ms returns 0
T7AD0 169:666.832 JLINK_IsHalted()
T7AD0 169:667.808 - 0.968ms returns FALSE
T7AD0 169:667.824 JLINK_IsHalted()
T7AD0 169:668.912 - 1.091ms returns FALSE
T9064 169:678.064   JLINK_RTTERMINAL_Read(BufferIndex = 0, BufferSize = 0x00010000)
T9064 169:678.112   - 0.037ms returns 0
T9064 169:729.040   JLINK_RTTERMINAL_Read(BufferIndex = 0, BufferSize = 0x00010000)
T9064 169:729.072   - 0.034ms returns 0
T7AD0 169:775.792 JLINK_IsHalted()
T7AD0 169:776.128 - 0.329ms returns FALSE
T7AD0 169:776.224 JLINK_IsHalted()
T7AD0 169:777.216 - 0.993ms returns FALSE
T9064 169:779.872   JLINK_RTTERMINAL_Read(BufferIndex = 0, BufferSize = 0x00010000)
T9064 169:779.872   - 0.013ms returns 0
T9064 169:830.112   JLINK_RTTERMINAL_Read(BufferIndex = 0, BufferSize = 0x00010000)
T9064 169:830.128   - 0.023ms returns 0
T9064 169:880.624   JLINK_RTTERMINAL_Read(BufferIndex = 0, BufferSize = 0x00010000)
T9064 169:880.656   - 0.024ms returns 0
T7AD0 169:885.536 JLINK_IsHalted()
T7AD0 169:886.736 - 1.205ms returns FALSE
T7AD0 169:886.752 JLINK_IsHalted()
T7AD0 169:887.840 - 1.064ms returns FALSE
T9064 169:931.168   JLINK_RTTERMINAL_Read(BufferIndex = 0, BufferSize = 0x00010000)
T9064 169:931.216   - 0.036ms returns 0
T9064 169:981.952   JLINK_RTTERMINAL_Read(BufferIndex = 0, BufferSize = 0x00010000)
T9064 169:981.984   - 0.040ms returns 0
T7AD0 169:994.912 JLINK_IsHalted()
T7AD0 169:996.000 - 1.095ms returns FALSE
T7AD0 169:996.032 JLINK_IsHalted()
T7AD0 169:997.120 - 1.094ms returns FALSE
T9064 170:032.352   JLINK_RTTERMINAL_Read(BufferIndex = 0, BufferSize = 0x00010000)
T9064 170:032.368   - 0.031ms returns 0
T9064 170:083.424   JLINK_RTTERMINAL_Read(BufferIndex = 0, BufferSize = 0x00010000)
T9064 170:083.440   - 0.034ms returns 0
T7AD0 170:104.496 JLINK_IsHalted()
T7AD0 170:105.168 - 0.668ms returns FALSE
T7AD0 170:105.184 JLINK_IsHalted()
T7AD0 170:106.272 - 1.090ms returns FALSE
T9064 170:134.432   JLINK_RTTERMINAL_Read(BufferIndex = 0, BufferSize = 0x00010000)
T9064 170:134.448   - 0.021ms returns 0
T1758 170:143.152 JLINK_IsHalted()
T1758 170:143.968 - 0.809ms returns FALSE
T1758 170:143.984 JLINK_IsHalted()
T1758 170:145.088 - 1.111ms returns FALSE
T9064 170:185.008   JLINK_RTTERMINAL_Read(BufferIndex = 0, BufferSize = 0x00010000)
T9064 170:185.040   - 0.022ms returns 0
T7AD0 170:213.440 JLINK_IsHalted()
T7AD0 170:213.856 - 0.419ms returns FALSE
T7AD0 170:213.888 JLINK_IsHalted()
T7AD0 170:215.024 - 1.146ms returns FALSE
T9064 170:235.360   JLINK_RTTERMINAL_Read(BufferIndex = 0, BufferSize = 0x00010000)
T9064 170:235.392   - 0.026ms returns 0
T9064 170:286.384   JLINK_RTTERMINAL_Read(BufferIndex = 0, BufferSize = 0x00010000)
T9064 170:286.432   - 0.032ms returns 0
T7AD0 170:322.864 JLINK_IsHalted()
T7AD0 170:323.200 - 0.337ms returns FALSE
T7AD0 170:323.232 JLINK_IsHalted()
T7AD0 170:324.304 - 1.073ms returns FALSE
T9064 170:337.200   JLINK_RTTERMINAL_Read(BufferIndex = 0, BufferSize = 0x00010000)
T9064 170:337.232   - 0.023ms returns 0
T9064 170:387.872   JLINK_RTTERMINAL_Read(BufferIndex = 0, BufferSize = 0x00010000)
T9064 170:387.872   - 0.020ms returns 0
T7AD0 170:432.736 JLINK_IsHalted()
T7AD0 170:433.376 - 0.650ms returns FALSE
T7AD0 170:433.376 JLINK_IsHalted()
T7AD0 170:434.480 - 1.098ms returns FALSE
T9064 170:439.120   JLINK_RTTERMINAL_Read(BufferIndex = 0, BufferSize = 0x00010000)
T9064 170:439.136   - 0.025ms returns 0
T9064 170:490.304   JLINK_RTTERMINAL_Read(BufferIndex = 0, BufferSize = 0x00010000)
T9064 170:490.336   - 0.038ms returns 0
T9064 170:540.512   JLINK_RTTERMINAL_Read(BufferIndex = 0, BufferSize = 0x00010000)
T9064 170:540.544   - 0.040ms returns 0
T7AD0 170:542.544 JLINK_IsHalted()
T7AD0 170:543.664 - 1.123ms returns FALSE
T7AD0 170:543.680 JLINK_IsHalted()
T7AD0 170:544.768 - 1.092ms returns FALSE
T9064 170:590.816   JLINK_RTTERMINAL_Read(BufferIndex = 0, BufferSize = 0x00010000)
T9064 170:590.848   - 0.032ms returns 0
T9064 170:641.328   JLINK_RTTERMINAL_Read(BufferIndex = 0, BufferSize = 0x00010000)
T9064 170:641.376   - 0.033ms returns 0
T7AD0 170:651.232 JLINK_IsHalted()
T7AD0 170:652.144 - 0.924ms returns FALSE
T7AD0 170:652.176 JLINK_IsHalted()
T7AD0 170:653.232 - 1.057ms returns FALSE
T9064 170:692.336   JLINK_RTTERMINAL_Read(BufferIndex = 0, BufferSize = 0x00010000)
T9064 170:692.384   - 0.034ms returns 0
T9064 170:743.520   JLINK_RTTERMINAL_Read(BufferIndex = 0, BufferSize = 0x00010000)
T9064 170:743.552   - 0.028ms returns 0
T7AD0 170:760.576 JLINK_IsHalted()
T7AD0 170:761.376 - 0.800ms returns FALSE
T7AD0 170:761.440 JLINK_IsHalted()
T7AD0 170:762.480 - 1.043ms returns FALSE
T9064 170:793.984   JLINK_RTTERMINAL_Read(BufferIndex = 0, BufferSize = 0x00010000)
T9064 170:794.016   - 0.030ms returns 0
T9064 170:844.448   JLINK_RTTERMINAL_Read(BufferIndex = 0, BufferSize = 0x00010000)
T9064 170:844.496   - 0.032ms returns 0
T7AD0 170:870.416 JLINK_IsHalted()
T7AD0 170:871.120 - 0.700ms returns FALSE
T7AD0 170:871.136 JLINK_IsHalted()
T7AD0 170:872.224 - 1.091ms returns FALSE
T9064 170:895.296   JLINK_RTTERMINAL_Read(BufferIndex = 0, BufferSize = 0x00010000)
T9064 170:895.328   - 0.038ms returns 0
T9064 170:945.600   JLINK_RTTERMINAL_Read(BufferIndex = 0, BufferSize = 0x00010000)
T9064 170:945.616   - 0.022ms returns 0
T7AD0 170:979.600 JLINK_IsHalted()
T7AD0 170:980.448 - 0.841ms returns FALSE
T7AD0 170:980.448 JLINK_IsHalted()
T7AD0 170:981.536 - 1.095ms returns FALSE
T9064 170:997.120   JLINK_RTTERMINAL_Read(BufferIndex = 0, BufferSize = 0x00010000)
T9064 170:997.152   - 0.023ms returns 0
T9064 171:047.392   JLINK_RTTERMINAL_Read(BufferIndex = 0, BufferSize = 0x00010000)
T9064 171:047.408   - 0.028ms returns 0
T7AD0 171:088.304 JLINK_IsHalted()
T7AD0 171:088.768 - 0.465ms returns FALSE
T7AD0 171:088.784 JLINK_IsHalted()
T7AD0 171:089.920 - 1.137ms returns FALSE
T9064 171:099.056   JLINK_RTTERMINAL_Read(BufferIndex = 0, BufferSize = 0x00010000)
T9064 171:099.088   - 0.031ms returns 0
T1758 171:146.016 JLINK_IsHalted()
T1758 171:146.784 - 0.757ms returns FALSE
T1758 171:146.800 JLINK_IsHalted()
T1758 171:147.872 - 1.080ms returns FALSE
T9064 171:149.872   JLINK_RTTERMINAL_Read(BufferIndex = 0, BufferSize = 0x00010000)
T9064 171:149.904   - 0.016ms returns 0
T7AD0 171:197.728 JLINK_IsHalted()
T7AD0 171:198.368 - 0.618ms returns FALSE
T7AD0 171:198.368 JLINK_IsHalted()
T7AD0 171:199.456 - 1.089ms returns FALSE
T9064 171:201.376   JLINK_RTTERMINAL_Read(BufferIndex = 0, BufferSize = 0x00010000)
T9064 171:201.392   - 0.019ms returns 0
T9064 171:252.384   JLINK_RTTERMINAL_Read(BufferIndex = 0, BufferSize = 0x00010000)
T9064 171:252.400   - 0.031ms returns 0
T9064 171:302.992   JLINK_RTTERMINAL_Read(BufferIndex = 0, BufferSize = 0x00010000)
T9064 171:303.008   - 0.029ms returns 0
T7AD0 171:307.888 JLINK_IsHalted()
T7AD0 171:308.544 - 0.647ms returns FALSE
T7AD0 171:308.544 JLINK_IsHalted()
T7AD0 171:309.680 - 1.140ms returns FALSE
T9064 171:353.552   JLINK_RTTERMINAL_Read(BufferIndex = 0, BufferSize = 0x00010000)
T9064 171:353.568   - 0.035ms returns 0
T9064 171:403.872   JLINK_RTTERMINAL_Read(BufferIndex = 0, BufferSize = 0x00010000)
T9064 171:403.888   - 0.030ms returns 0
T7AD0 171:416.864 JLINK_IsHalted()
T7AD0 171:417.824 - 0.965ms returns FALSE
T7AD0 171:417.840 JLINK_IsHalted()
T7AD0 171:418.928 - 1.081ms returns FALSE
T9064 171:454.880   JLINK_RTTERMINAL_Read(BufferIndex = 0, BufferSize = 0x00010000)
T9064 171:454.928   - 0.039ms returns 0
T9064 171:505.920   JLINK_RTTERMINAL_Read(BufferIndex = 0, BufferSize = 0x00010000)
T9064 171:505.952   - 0.036ms returns 0
T7AD0 171:525.840 JLINK_IsHalted()
T7AD0 171:526.576 - 0.743ms returns FALSE
T7AD0 171:526.608 JLINK_IsHalted()
T7AD0 171:527.696 - 1.087ms returns FALSE
T9064 171:556.960   JLINK_RTTERMINAL_Read(BufferIndex = 0, BufferSize = 0x00010000)
T9064 171:556.992   - 0.028ms returns 0
T9064 171:607.968   JLINK_RTTERMINAL_Read(BufferIndex = 0, BufferSize = 0x00010000)
T9064 171:608.000   - 0.030ms returns 0
T7AD0 171:636.032 JLINK_IsHalted()
T7AD0 171:636.784 - 0.752ms returns FALSE
T7AD0 171:636.816 JLINK_IsHalted()
T7AD0 171:637.872 - 1.067ms returns FALSE
T9064 171:659.120   JLINK_RTTERMINAL_Read(BufferIndex = 0, BufferSize = 0x00010000)
T9064 171:659.168   - 0.031ms returns 0
T9064 171:710.176   JLINK_RTTERMINAL_Read(BufferIndex = 0, BufferSize = 0x00010000)
T9064 171:710.224   - 0.050ms returns 0
T7AD0 171:744.864 JLINK_IsHalted()
T7AD0 171:746.016 - 1.140ms returns FALSE
T7AD0 171:746.032 JLINK_IsHalted()
T7AD0 171:747.104 - 1.078ms returns FALSE
T9064 171:761.824   JLINK_RTTERMINAL_Read(BufferIndex = 0, BufferSize = 0x00010000)
T9064 171:761.856   - 0.037ms returns 0
T9064 171:812.384   JLINK_RTTERMINAL_Read(BufferIndex = 0, BufferSize = 0x00010000)
T9064 171:812.416   - 0.028ms returns 81
T9064 171:812.576   JLINK_RTTERMINAL_Read(BufferIndex = 0, BufferSize = 0x00010000)
T9064 171:812.576   - 0.008ms returns 0
T7AD0 171:854.848 JLINK_IsHalted()
T7AD0 171:855.680 - 0.825ms returns FALSE
T7AD0 171:855.696 JLINK_IsHalted()
T7AD0 171:856.784 - 1.089ms returns FALSE
T9064 171:863.696   JLINK_RTTERMINAL_Read(BufferIndex = 0, BufferSize = 0x00010000)
T9064 171:863.712   - 0.027ms returns 0
T9064 171:914.784   JLINK_RTTERMINAL_Read(BufferIndex = 0, BufferSize = 0x00010000)
T9064 171:914.816   - 0.029ms returns 0
T7AD0 171:963.776 JLINK_IsHalted()
T7AD0 171:964.176 - 0.392ms returns FALSE
T7AD0 171:964.192 JLINK_IsHalted()
T7AD0 171:965.280 - 1.090ms returns FALSE
T9064 171:966.272   JLINK_RTTERMINAL_Read(BufferIndex = 0, BufferSize = 0x00010000)
T9064 171:966.288   - 0.013ms returns 0
T9064 172:017.104   JLINK_RTTERMINAL_Read(BufferIndex = 0, BufferSize = 0x00010000)
T9064 172:017.136   - 0.030ms returns 94
T9064 172:017.264   JLINK_RTTERMINAL_Read(BufferIndex = 0, BufferSize = 0x00010000)
T9064 172:017.280   - 0.009ms returns 0
T9064 172:068.384   JLINK_RTTERMINAL_Read(BufferIndex = 0, BufferSize = 0x00010000)
T9064 172:068.416   - 0.032ms returns 0
T7AD0 172:072.960 JLINK_IsHalted()
T7AD0 172:073.696 - 0.746ms returns FALSE
T7AD0 172:073.712 JLINK_IsHalted()
T7AD0 172:074.784 - 1.068ms returns FALSE
T9064 172:119.216   JLINK_RTTERMINAL_Read(BufferIndex = 0, BufferSize = 0x00010000)
T9064 172:119.248   - 0.024ms returns 0
T1758 172:149.952 JLINK_IsHalted()
T1758 172:151.040 - 1.084ms returns FALSE
T1758 172:151.072 JLINK_IsHalted()
T1758 172:152.064 - 0.999ms returns FALSE
T9064 172:170.368   JLINK_RTTERMINAL_Read(BufferIndex = 0, BufferSize = 0x00010000)
T9064 172:170.400   - 0.030ms returns 0
T7AD0 172:183.232 JLINK_IsHalted()
T7AD0 172:184.288 - 1.062ms returns FALSE
T7AD0 172:184.304 JLINK_IsHalted()
T7AD0 172:185.392 - 1.079ms returns FALSE
T9064 172:220.640   JLINK_RTTERMINAL_Read(BufferIndex = 0, BufferSize = 0x00010000)
T9064 172:220.672   - 0.041ms returns 0
T9064 172:271.136   JLINK_RTTERMINAL_Read(BufferIndex = 0, BufferSize = 0x00010000)
T9064 172:271.168   - 0.032ms returns 0
T7AD0 172:291.376 JLINK_IsHalted()
T7AD0 172:292.512 - 1.131ms returns FALSE
T7AD0 172:292.528 JLINK_IsHalted()
T7AD0 172:293.664 - 1.135ms returns FALSE
T9064 172:321.696   JLINK_RTTERMINAL_Read(BufferIndex = 0, BufferSize = 0x00010000)
T9064 172:321.728   - 0.030ms returns 0
T9064 172:372.448   JLINK_RTTERMINAL_Read(BufferIndex = 0, BufferSize = 0x00010000)
T9064 172:372.464   - 0.031ms returns 0
T7AD0 172:400.784 JLINK_IsHalted()
T7AD0 172:401.872 - 1.086ms returns FALSE
T7AD0 172:401.888 JLINK_IsHalted()
T7AD0 172:402.960 - 1.064ms returns FALSE
T9064 172:422.656   JLINK_RTTERMINAL_Read(BufferIndex = 0, BufferSize = 0x00010000)
T9064 172:422.688   - 0.027ms returns 0
T9064 172:473.136   JLINK_RTTERMINAL_Read(BufferIndex = 0, BufferSize = 0x00010000)
T9064 172:473.152   - 0.024ms returns 0
T7AD0 172:511.808 JLINK_IsHalted()
T7AD0 172:512.928 - 1.111ms returns FALSE
T7AD0 172:512.944 JLINK_IsHalted()
T7AD0 172:514.000 - 1.052ms returns FALSE
T9064 172:524.352   JLINK_RTTERMINAL_Read(BufferIndex = 0, BufferSize = 0x00010000)
T9064 172:524.384   - 0.025ms returns 0
T9064 172:575.456   JLINK_RTTERMINAL_Read(BufferIndex = 0, BufferSize = 0x00010000)
T9064 172:575.504   - 0.042ms returns 0
T7AD0 172:619.952 JLINK_IsHalted()
T7AD0 172:621.184 - 1.221ms returns FALSE
T7AD0 172:621.216 JLINK_IsHalted()
T7AD0 172:622.288 - 1.074ms returns FALSE
T9064 172:626.144   JLINK_RTTERMINAL_Read(BufferIndex = 0, BufferSize = 0x00010000)
T9064 172:626.176   - 0.021ms returns 0
T9064 172:676.576   JLINK_RTTERMINAL_Read(BufferIndex = 0, BufferSize = 0x00010000)
T9064 172:676.624   - 0.037ms returns 0
T9064 172:727.616   JLINK_RTTERMINAL_Read(BufferIndex = 0, BufferSize = 0x00010000)
T9064 172:727.664   - 0.041ms returns 0
T7AD0 172:729.504 JLINK_IsHalted()
T7AD0 172:730.480 - 0.964ms returns FALSE
T7AD0 172:730.512 JLINK_IsHalted()
T7AD0 172:731.552 - 1.049ms returns FALSE
T9064 172:778.464   JLINK_RTTERMINAL_Read(BufferIndex = 0, BufferSize = 0x00010000)
T9064 172:778.528   - 0.047ms returns 0
T9064 172:829.504   JLINK_RTTERMINAL_Read(BufferIndex = 0, BufferSize = 0x00010000)
T9064 172:829.536   - 0.041ms returns 0
T7AD0 172:838.512 JLINK_IsHalted()
T7AD0 172:838.960 - 0.443ms returns FALSE
T7AD0 172:838.992 JLINK_IsHalted()
T7AD0 172:840.016 - 1.024ms returns FALSE
T9064 172:880.512   JLINK_RTTERMINAL_Read(BufferIndex = 0, BufferSize = 0x00010000)
T9064 172:880.544   - 0.029ms returns 0
T9064 172:931.328   JLINK_RTTERMINAL_Read(BufferIndex = 0, BufferSize = 0x00010000)
T9064 172:931.360   - 0.039ms returns 0
T7AD0 172:948.192 JLINK_IsHalted()
T7AD0 172:949.488 - 1.307ms returns FALSE
T7AD0 172:949.520 JLINK_IsHalted()
T7AD0 172:950.576 - 1.071ms returns FALSE
T9064 172:981.904   JLINK_RTTERMINAL_Read(BufferIndex = 0, BufferSize = 0x00010000)
T9064 172:981.936   - 0.031ms returns 0
T9064 173:032.624   JLINK_RTTERMINAL_Read(BufferIndex = 0, BufferSize = 0x00010000)
T9064 173:032.656   - 0.021ms returns 94
T9064 173:032.832   JLINK_RTTERMINAL_Read(BufferIndex = 0, BufferSize = 0x00010000)
T9064 173:032.848   - 0.015ms returns 0
T7AD0 173:057.184 JLINK_IsHalted()
T7AD0 173:057.888 - 0.704ms returns FALSE
T7AD0 173:057.904 JLINK_IsHalted()
T7AD0 173:058.976 - 1.078ms returns FALSE
T9064 173:083.776   JLINK_RTTERMINAL_Read(BufferIndex = 0, BufferSize = 0x00010000)
T9064 173:083.808   - 0.028ms returns 0
T9064 173:134.240   JLINK_RTTERMINAL_Read(BufferIndex = 0, BufferSize = 0x00010000)
T9064 173:134.272   - 0.029ms returns 0
T1758 173:152.176 JLINK_IsHalted()
T1758 173:152.672 - 0.493ms returns FALSE
T1758 173:152.672 JLINK_IsHalted()
T1758 173:153.776 - 1.103ms returns FALSE
T7AD0 173:166.496 JLINK_IsHalted()
T7AD0 173:167.664 - 1.180ms returns FALSE
T7AD0 173:167.680 JLINK_IsHalted()
T7AD0 173:168.768 - 1.090ms returns FALSE
T9064 173:184.992   JLINK_RTTERMINAL_Read(BufferIndex = 0, BufferSize = 0x00010000)
T9064 173:185.008   - 0.022ms returns 0
T9064 173:235.328   JLINK_RTTERMINAL_Read(BufferIndex = 0, BufferSize = 0x00010000)
T9064 173:235.360   - 0.029ms returns 0
T7AD0 173:276.304 JLINK_IsHalted()
T7AD0 173:276.928 - 0.622ms returns FALSE
T7AD0 173:276.944 JLINK_IsHalted()
T7AD0 173:278.032 - 1.094ms returns FALSE
T9064 173:286.448   JLINK_RTTERMINAL_Read(BufferIndex = 0, BufferSize = 0x00010000)
T9064 173:286.480   - 0.020ms returns 0
T9064 173:337.088   JLINK_RTTERMINAL_Read(BufferIndex = 0, BufferSize = 0x00010000)
T9064 173:337.120   - 0.026ms returns 0
T7AD0 173:385.296 JLINK_IsHalted()
T7AD0 173:386.160 - 0.873ms returns FALSE
T7AD0 173:386.176 JLINK_IsHalted()
T7AD0 173:387.264 - 1.088ms returns FALSE
T9064 173:387.648   JLINK_RTTERMINAL_Read(BufferIndex = 0, BufferSize = 0x00010000)
T9064 173:387.664   - 0.016ms returns 0
T9064 173:437.872   JLINK_RTTERMINAL_Read(BufferIndex = 0, BufferSize = 0x00010000)
T9064 173:437.904   - 0.031ms returns 0
T9064 173:488.848   JLINK_RTTERMINAL_Read(BufferIndex = 0, BufferSize = 0x00010000)
T9064 173:488.864   - 0.033ms returns 0
T7AD0 173:495.168 JLINK_IsHalted()
T7AD0 173:496.272 - 1.111ms returns FALSE
T7AD0 173:496.288 JLINK_IsHalted()
T7AD0 173:497.376 - 1.090ms returns FALSE
T9064 173:539.488   JLINK_RTTERMINAL_Read(BufferIndex = 0, BufferSize = 0x00010000)
T9064 173:539.536   - 0.028ms returns 0
T9064 173:590.176   JLINK_RTTERMINAL_Read(BufferIndex = 0, BufferSize = 0x00010000)
T9064 173:590.192   - 0.031ms returns 0
T7AD0 173:604.512 JLINK_IsHalted()
T7AD0 173:605.552 - 1.035ms returns FALSE
T7AD0 173:605.584 JLINK_IsHalted()
T7AD0 173:606.672 - 1.092ms returns FALSE
T9064 173:640.400   JLINK_RTTERMINAL_Read(BufferIndex = 0, BufferSize = 0x00010000)
T9064 173:640.416   - 0.030ms returns 0
T9064 173:691.072   JLINK_RTTERMINAL_Read(BufferIndex = 0, BufferSize = 0x00010000)
T9064 173:691.104   - 0.033ms returns 0
T7AD0 173:713.744 JLINK_IsHalted()
T7AD0 173:714.816 - 1.075ms returns FALSE
T7AD0 173:714.848 JLINK_IsHalted()
T7AD0 173:715.920 - 1.077ms returns FALSE
T9064 173:741.296   JLINK_RTTERMINAL_Read(BufferIndex = 0, BufferSize = 0x00010000)
T9064 173:741.328   - 0.029ms returns 0
T9064 173:792.160   JLINK_RTTERMINAL_Read(BufferIndex = 0, BufferSize = 0x00010000)
T9064 173:792.176   - 0.026ms returns 0
T7AD0 173:823.056 JLINK_IsHalted()
T7AD0 173:824.048 - 1.000ms returns FALSE
T7AD0 173:824.096 JLINK_IsHalted()
T7AD0 173:825.152 - 1.061ms returns FALSE
T9064 173:842.608   JLINK_RTTERMINAL_Read(BufferIndex = 0, BufferSize = 0x00010000)
T9064 173:842.640   - 0.025ms returns 0
T9064 173:893.488   JLINK_RTTERMINAL_Read(BufferIndex = 0, BufferSize = 0x00010000)
T9064 173:893.520   - 0.029ms returns 0
T7AD0 173:932.048 JLINK_IsHalted()
T7AD0 173:932.720 - 0.681ms returns FALSE
T7AD0 173:932.736 JLINK_IsHalted()
T7AD0 173:933.904 - 1.158ms returns FALSE
T9064 173:943.952   JLINK_RTTERMINAL_Read(BufferIndex = 0, BufferSize = 0x00010000)
T9064 173:943.968   - 0.017ms returns 0
T9064 173:994.272   JLINK_RTTERMINAL_Read(BufferIndex = 0, BufferSize = 0x00010000)
T9064 173:994.288   - 0.025ms returns 0
T7AD0 174:041.584 JLINK_IsHalted()
T7AD0 174:042.400 - 0.802ms returns FALSE
T7AD0 174:042.400 JLINK_IsHalted()
T7AD0 174:043.488 - 1.084ms returns FALSE
T9064 174:044.944   JLINK_RTTERMINAL_Read(BufferIndex = 0, BufferSize = 0x00010000)
T9064 174:044.960   - 0.018ms returns 94
T9064 174:045.152   JLINK_RTTERMINAL_Read(BufferIndex = 0, BufferSize = 0x00010000)
T9064 174:045.168   - 0.018ms returns 0
T9064 174:096.080   JLINK_RTTERMINAL_Read(BufferIndex = 0, BufferSize = 0x00010000)
T9064 174:096.096   - 0.034ms returns 0
T9064 174:147.552   JLINK_RTTERMINAL_Read(BufferIndex = 0, BufferSize = 0x00010000)
T9064 174:147.584   - 0.034ms returns 0
T7AD0 174:150.976 JLINK_IsHalted()
T7AD0 174:151.664 - 0.689ms returns FALSE
T7AD0 174:151.680 JLINK_IsHalted()
T7AD0 174:152.784 - 1.098ms returns FALSE
T1758 174:154.784 JLINK_IsHalted()
T1758 174:155.696 - 0.914ms returns FALSE
T1758 174:155.728 JLINK_IsHalted()
T1758 174:156.800 - 1.075ms returns FALSE
T9064 174:198.176   JLINK_RTTERMINAL_Read(BufferIndex = 0, BufferSize = 0x00010000)
T9064 174:198.224   - 0.039ms returns 0
T9064 174:248.800   JLINK_RTTERMINAL_Read(BufferIndex = 0, BufferSize = 0x00010000)
T9064 174:248.864   - 0.056ms returns 0
T7AD0 174:261.008 JLINK_IsHalted()
T7AD0 174:261.360 - 0.355ms returns FALSE
T7AD0 174:261.376 JLINK_IsHalted()
T7AD0 174:262.464 - 1.085ms returns FALSE
T9064 174:299.616   JLINK_RTTERMINAL_Read(BufferIndex = 0, BufferSize = 0x00010000)
T9064 174:299.648   - 0.024ms returns 0
T7AD0 174:369.920 JLINK_IsHalted()
T7AD0 174:370.864 - 0.949ms returns FALSE
T7AD0 174:370.896 JLINK_IsHalted()
T7AD0 174:371.968 - 1.067ms returns FALSE
T09D8 174:499.872   JLINK_RTTERMINAL_Control(Cmd = JLINKARM_RTTERMINAL_CMD_START, CtrlBlockAddr = 0x2200048C)
T09D8 174:499.904   - 0.040ms returns 0x00
T09D8 174:500.544   JLINK_RTTERMINAL_Read(BufferIndex = 0, BufferSize = 0x00010000)
T09D8 174:500.560   - 0.015ms returns 0
T7AD0 174:500.640 JLINK_IsHalted()
T7AD0 174:500.896 - 0.265ms returns FALSE
T7AD0 174:501.408 JLINK_IsHalted()
T7AD0 174:502.320 - 0.917ms returns FALSE
T09D8 174:550.832   JLINK_RTTERMINAL_Read(BufferIndex = 0, BufferSize = 0x00010000)
T09D8 174:550.880   - 0.045ms returns 0
T09D8 174:601.632   JLINK_RTTERMINAL_Read(BufferIndex = 0, BufferSize = 0x00010000)
T09D8 174:601.648   - 0.033ms returns 0
T7AD0 174:604.528 JLINK_IsHalted()
T7AD0 174:604.960 - 0.443ms returns FALSE
T7AD0 174:604.976 JLINK_IsHalted()
T7AD0 174:606.080 - 1.098ms returns FALSE
T09D8 174:652.128   JLINK_RTTERMINAL_Read(BufferIndex = 0, BufferSize = 0x00010000)
T09D8 174:652.144   - 0.032ms returns 0
T09D8 174:702.400   JLINK_RTTERMINAL_Read(BufferIndex = 0, BufferSize = 0x00010000)
T09D8 174:702.432   - 0.035ms returns 0
T7AD0 174:713.328 JLINK_IsHalted()
T7AD0 174:714.192 - 0.862ms returns FALSE
T7AD0 174:714.208 JLINK_IsHalted()
T7AD0 174:715.296 - 1.092ms returns FALSE
T09D8 174:753.536   JLINK_RTTERMINAL_Read(BufferIndex = 0, BufferSize = 0x00010000)
T09D8 174:753.568   - 0.029ms returns 0
T09D8 174:804.640   JLINK_RTTERMINAL_Read(BufferIndex = 0, BufferSize = 0x00010000)
T09D8 174:804.704   - 0.041ms returns 0
T7AD0 174:823.328 JLINK_IsHalted()
T7AD0 174:824.480 - 1.154ms returns FALSE
T7AD0 174:824.512 JLINK_IsHalted()
T7AD0 174:825.680 - 1.167ms returns FALSE
T09D8 174:855.264   JLINK_RTTERMINAL_Read(BufferIndex = 0, BufferSize = 0x00010000)
T09D8 174:855.312   - 0.039ms returns 0
T09D8 174:906.000   JLINK_RTTERMINAL_Read(BufferIndex = 0, BufferSize = 0x00010000)
T09D8 174:906.016   - 0.030ms returns 0
T7AD0 174:932.896 JLINK_IsHalted()
T7AD0 174:933.984 - 1.084ms returns FALSE
T7AD0 174:933.984 JLINK_IsHalted()
T7AD0 174:935.088 - 1.089ms returns FALSE
T09D8 174:957.424   JLINK_RTTERMINAL_Read(BufferIndex = 0, BufferSize = 0x00010000)
T09D8 174:957.440   - 0.020ms returns 0
T09D8 175:007.776   JLINK_RTTERMINAL_Read(BufferIndex = 0, BufferSize = 0x00010000)
T09D8 175:007.808   - 0.038ms returns 94
T09D8 175:008.000   JLINK_RTTERMINAL_Read(BufferIndex = 0, BufferSize = 0x00010000)
T09D8 175:008.032   - 0.020ms returns 0
T7AD0 175:041.952 JLINK_IsHalted()
T7AD0 175:042.544 - 0.585ms returns FALSE
T7AD0 175:042.560 JLINK_IsHalted()
T7AD0 175:043.680 - 1.108ms returns FALSE
T09D8 175:059.136   JLINK_RTTERMINAL_Read(BufferIndex = 0, BufferSize = 0x00010000)
T09D8 175:059.168   - 0.023ms returns 0
T09D8 175:109.888   JLINK_RTTERMINAL_Read(BufferIndex = 0, BufferSize = 0x00010000)
T09D8 175:109.920   - 0.025ms returns 0
T7AD0 175:151.584 JLINK_IsHalted()
T7AD0 175:152.800 - 1.199ms returns FALSE
T7AD0 175:152.800 JLINK_IsHalted()
T7AD0 175:154.064 - 1.257ms returns FALSE
T1758 175:157.024 JLINK_IsHalted()
T1758 175:157.712 - 0.684ms returns FALSE
T1758 175:157.728 JLINK_IsHalted()
T1758 175:158.816 - 1.075ms returns FALSE
T09D8 175:160.896   JLINK_RTTERMINAL_Read(BufferIndex = 0, BufferSize = 0x00010000)
T09D8 175:160.912   - 0.016ms returns 0
T09D8 175:212.112   JLINK_RTTERMINAL_Read(BufferIndex = 0, BufferSize = 0x00010000)
T09D8 175:212.144   - 0.041ms returns 0
T7AD0 175:261.600 JLINK_IsHalted()
T7AD0 175:262.688 - 1.078ms returns FALSE
T09D8 175:262.704   JLINK_RTTERMINAL_Read(BufferIndex = 0, BufferSize = 0x00010000)
T09D8 175:262.720   - 0.010ms returns 0
T7AD0 175:262.784 JLINK_IsHalted()
T7AD0 175:263.776 - 0.992ms returns FALSE
T09D8 175:313.568   JLINK_RTTERMINAL_Read(BufferIndex = 0, BufferSize = 0x00010000)
T09D8 175:313.616   - 0.039ms returns 0
T09D8 175:364.688   JLINK_RTTERMINAL_Read(BufferIndex = 0, BufferSize = 0x00010000)
T09D8 175:364.720   - 0.041ms returns 0
T7AD0 175:369.632 JLINK_IsHalted()
T7AD0 175:370.176 - 0.554ms returns FALSE
T7AD0 175:370.192 JLINK_IsHalted()
T7AD0 175:371.360 - 1.175ms returns FALSE
T09D8 175:415.136   JLINK_RTTERMINAL_Read(BufferIndex = 0, BufferSize = 0x00010000)
T09D8 175:415.184   - 0.043ms returns 0
T09D8 175:465.552   JLINK_RTTERMINAL_Read(BufferIndex = 0, BufferSize = 0x00010000)
T09D8 175:465.568   - 0.031ms returns 0
T7AD0 175:479.440 JLINK_IsHalted()
T7AD0 175:480.432 - 1.005ms returns FALSE
T7AD0 175:480.464 JLINK_IsHalted()
T7AD0 175:481.552 - 1.093ms returns FALSE
T09D8 175:516.048   JLINK_RTTERMINAL_Read(BufferIndex = 0, BufferSize = 0x00010000)
T09D8 175:516.080   - 0.030ms returns 0
T09D8 175:566.880   JLINK_RTTERMINAL_Read(BufferIndex = 0, BufferSize = 0x00010000)
T09D8 175:566.912   - 0.034ms returns 0
T7AD0 175:588.416 JLINK_IsHalted()
T7AD0 175:588.960 - 0.540ms returns FALSE
T7AD0 175:588.976 JLINK_IsHalted()
T7AD0 175:590.048 - 1.085ms returns FALSE
T09D8 175:618.000   JLINK_RTTERMINAL_Read(BufferIndex = 0, BufferSize = 0x00010000)
T09D8 175:618.016   - 0.027ms returns 0
T09D8 175:668.912   JLINK_RTTERMINAL_Read(BufferIndex = 0, BufferSize = 0x00010000)
T09D8 175:668.960   - 0.040ms returns 0
T7AD0 175:697.824 JLINK_IsHalted()
T7AD0 175:698.256 - 0.416ms returns FALSE
T7AD0 175:698.256 JLINK_IsHalted()
T7AD0 175:699.360 - 1.093ms returns FALSE
T09D8 175:720.032   JLINK_RTTERMINAL_Read(BufferIndex = 0, BufferSize = 0x00010000)
T09D8 175:720.080   - 0.036ms returns 0
T09D8 175:770.688   JLINK_RTTERMINAL_Read(BufferIndex = 0, BufferSize = 0x00010000)
T09D8 175:770.720   - 0.043ms returns 0
T7AD0 175:807.776 JLINK_IsHalted()
T7AD0 175:808.448 - 0.668ms returns FALSE
T7AD0 175:808.464 JLINK_IsHalted()
T7AD0 175:809.536 - 1.080ms returns FALSE
T09D8 175:821.680   JLINK_RTTERMINAL_Read(BufferIndex = 0, BufferSize = 0x00010000)
T09D8 175:821.696   - 0.017ms returns 0
T09D8 175:872.736   JLINK_RTTERMINAL_Read(BufferIndex = 0, BufferSize = 0x00010000)
T09D8 175:872.752   - 0.029ms returns 0
T7AD0 175:917.792 JLINK_IsHalted()
T7AD0 175:918.864 - 1.061ms returns FALSE
T7AD0 175:918.880 JLINK_IsHalted()
T7AD0 175:919.968 - 1.091ms returns FALSE
T09D8 175:923.712   JLINK_RTTERMINAL_Read(BufferIndex = 0, BufferSize = 0x00010000)
T09D8 175:923.728   - 0.015ms returns 0
T09D8 175:974.864   JLINK_RTTERMINAL_Read(BufferIndex = 0, BufferSize = 0x00010000)
T09D8 175:974.880   - 0.031ms returns 0
T09D8 176:025.104   JLINK_RTTERMINAL_Read(BufferIndex = 0, BufferSize = 0x00010000)
T09D8 176:025.136   - 0.033ms returns 94
T09D8 176:025.344   JLINK_RTTERMINAL_Read(BufferIndex = 0, BufferSize = 0x00010000)
T09D8 176:025.360   - 0.018ms returns 0
T7AD0 176:026.016 JLINK_IsHalted()
T7AD0 176:026.432 - 0.413ms returns FALSE
T7AD0 176:026.464 JLINK_IsHalted()
T7AD0 176:027.504 - 1.043ms returns FALSE
T09D8 176:075.888   JLINK_RTTERMINAL_Read(BufferIndex = 0, BufferSize = 0x00010000)
T09D8 176:075.920   - 0.028ms returns 0
T09D8 176:126.752   JLINK_RTTERMINAL_Read(BufferIndex = 0, BufferSize = 0x00010000)
T09D8 176:126.784   - 0.032ms returns 0
T7AD0 176:135.648 JLINK_IsHalted()
T7AD0 176:136.672 - 1.015ms returns FALSE
T7AD0 176:136.672 JLINK_IsHalted()
T7AD0 176:137.760 - 1.081ms returns FALSE
T1758 176:159.984 JLINK_IsHalted()
T1758 176:160.864 - 0.866ms returns FALSE
T1758 176:160.864 JLINK_IsHalted()
T1758 176:161.952 - 1.069ms returns FALSE
T09D8 176:178.256   JLINK_RTTERMINAL_Read(BufferIndex = 0, BufferSize = 0x00010000)
T09D8 176:178.288   - 0.035ms returns 0
T09D8 176:229.296   JLINK_RTTERMINAL_Read(BufferIndex = 0, BufferSize = 0x00010000)
T09D8 176:229.328   - 0.023ms returns 0
T7AD0 176:244.768 JLINK_IsHalted()
T7AD0 176:245.392 - 0.626ms returns FALSE
T7AD0 176:245.408 JLINK_IsHalted()
T7AD0 176:246.464 - 1.045ms returns FALSE
T09D8 176:280.000   JLINK_RTTERMINAL_Read(BufferIndex = 0, BufferSize = 0x00010000)
T09D8 176:280.032   - 0.029ms returns 0
T09D8 176:331.056   JLINK_RTTERMINAL_Read(BufferIndex = 0, BufferSize = 0x00010000)
T09D8 176:331.088   - 0.029ms returns 0
T7AD0 176:354.096 JLINK_IsHalted()
T7AD0 176:354.704 - 0.599ms returns FALSE
T7AD0 176:354.720 JLINK_IsHalted()
T7AD0 176:355.776 - 1.065ms returns FALSE
T09D8 176:382.032   JLINK_RTTERMINAL_Read(BufferIndex = 0, BufferSize = 0x00010000)
T09D8 176:382.048   - 0.030ms returns 0
T09D8 176:433.200   JLINK_RTTERMINAL_Read(BufferIndex = 0, BufferSize = 0x00010000)
T09D8 176:433.232   - 0.028ms returns 0
T7AD0 176:463.248 JLINK_IsHalted()
T7AD0 176:464.032 - 0.784ms returns FALSE
T7AD0 176:464.048 JLINK_IsHalted()
T7AD0 176:465.136 - 1.091ms returns FALSE
T09D8 176:484.384   JLINK_RTTERMINAL_Read(BufferIndex = 0, BufferSize = 0x00010000)
T09D8 176:484.384   - 0.020ms returns 0
T09D8 176:535.344   JLINK_RTTERMINAL_Read(BufferIndex = 0, BufferSize = 0x00010000)
T09D8 176:535.392   - 0.038ms returns 0
T7AD0 176:572.688 JLINK_IsHalted()
T7AD0 176:573.392 - 0.700ms returns FALSE
T7AD0 176:573.408 JLINK_IsHalted()
T7AD0 176:574.496 - 1.079ms returns FALSE
T09D8 176:586.016   JLINK_RTTERMINAL_Read(BufferIndex = 0, BufferSize = 0x00010000)
T09D8 176:586.032   - 0.019ms returns 0
T09D8 176:636.848   JLINK_RTTERMINAL_Read(BufferIndex = 0, BufferSize = 0x00010000)
T09D8 176:636.896   - 0.040ms returns 0
T7AD0 176:682.880 JLINK_IsHalted()
T7AD0 176:683.696 - 0.815ms returns FALSE
T7AD0 176:683.712 JLINK_IsHalted()
T7AD0 176:684.800 - 1.088ms returns FALSE
T09D8 176:688.320   JLINK_RTTERMINAL_Read(BufferIndex = 0, BufferSize = 0x00010000)
T09D8 176:688.336   - 0.020ms returns 0
T09D8 176:738.592   JLINK_RTTERMINAL_Read(BufferIndex = 0, BufferSize = 0x00010000)
T09D8 176:738.592   - 0.017ms returns 0
T09D8 176:789.296   JLINK_RTTERMINAL_Read(BufferIndex = 0, BufferSize = 0x00010000)
T09D8 176:789.328   - 0.036ms returns 0
T7AD0 176:792.240 JLINK_IsHalted()
T7AD0 176:792.960 - 0.719ms returns FALSE
T7AD0 176:792.992 JLINK_IsHalted()
T7AD0 176:794.048 - 1.069ms returns FALSE
T09D8 176:839.744   JLINK_RTTERMINAL_Read(BufferIndex = 0, BufferSize = 0x00010000)
T09D8 176:839.776   - 0.032ms returns 0
T09D8 176:891.072   JLINK_RTTERMINAL_Read(BufferIndex = 0, BufferSize = 0x00010000)
T09D8 176:891.104   - 0.034ms returns 0
T7AD0 176:903.168 JLINK_IsHalted()
T7AD0 176:904.272 - 1.103ms returns FALSE
T7AD0 176:904.288 JLINK_IsHalted()
T7AD0 176:905.360 - 1.078ms returns FALSE
T09D8 176:941.296   JLINK_RTTERMINAL_Read(BufferIndex = 0, BufferSize = 0x00010000)
T09D8 176:941.328   - 0.034ms returns 0
T09D8 176:992.352   JLINK_RTTERMINAL_Read(BufferIndex = 0, BufferSize = 0x00010000)
T09D8 176:992.384   - 0.037ms returns 0
T7AD0 177:010.256 JLINK_IsHalted()
T7AD0 177:010.944 - 0.685ms returns FALSE
T7AD0 177:010.976 JLINK_IsHalted()
T7AD0 177:012.048 - 1.069ms returns FALSE
T09D8 177:042.880   JLINK_RTTERMINAL_Read(BufferIndex = 0, BufferSize = 0x00010000)
T09D8 177:042.912   - 0.045ms returns 94
T09D8 177:043.104   JLINK_RTTERMINAL_Read(BufferIndex = 0, BufferSize = 0x00010000)
T09D8 177:043.120   - 0.015ms returns 0
T09D8 177:093.936   JLINK_RTTERMINAL_Read(BufferIndex = 0, BufferSize = 0x00010000)
T09D8 177:093.968   - 0.030ms returns 0
T7AD0 177:119.600 JLINK_IsHalted()
T7AD0 177:120.224 - 0.628ms returns FALSE
T7AD0 177:120.240 JLINK_IsHalted()
T7AD0 177:121.344 - 1.099ms returns FALSE
T09D8 177:144.224   JLINK_RTTERMINAL_Read(BufferIndex = 0, BufferSize = 0x00010000)
T09D8 177:144.256   - 0.029ms returns 0
T1758 177:162.272 JLINK_IsHalted()
T1758 177:162.784 - 0.511ms returns FALSE
T1758 177:162.800 JLINK_IsHalted()
T1758 177:163.872 - 1.069ms returns FALSE
T09D8 177:195.072   JLINK_RTTERMINAL_Read(BufferIndex = 0, BufferSize = 0x00010000)
T09D8 177:195.104   - 0.031ms returns 0
T7AD0 177:229.792 JLINK_IsHalted()
T7AD0 177:230.816 - 1.000ms returns FALSE
T7AD0 177:230.816 JLINK_IsHalted()
T7AD0 177:231.952 - 1.130ms returns FALSE
T09D8 177:245.856   JLINK_RTTERMINAL_Read(BufferIndex = 0, BufferSize = 0x00010000)
T09D8 177:245.904   - 0.033ms returns 0
T09D8 177:296.672   JLINK_RTTERMINAL_Read(BufferIndex = 0, BufferSize = 0x00010000)
T09D8 177:296.704   - 0.047ms returns 0
T7AD0 177:338.400 JLINK_IsHalted()
T7AD0 177:339.184 - 0.772ms returns FALSE
T7AD0 177:339.184 JLINK_IsHalted()
T7AD0 177:340.272 - 1.087ms returns FALSE
T09D8 177:347.680   JLINK_RTTERMINAL_Read(BufferIndex = 0, BufferSize = 0x00010000)
T09D8 177:347.696   - 0.022ms returns 0
T09D8 177:398.752   JLINK_RTTERMINAL_Read(BufferIndex = 0, BufferSize = 0x00010000)
T09D8 177:398.768   - 0.030ms returns 0
T09D8 177:449.408   JLINK_RTTERMINAL_Read(BufferIndex = 0, BufferSize = 0x00010000)
T09D8 177:449.440   - 0.029ms returns 0
T7AD0 177:449.536 JLINK_IsHalted()
T7AD0 177:450.640 - 1.095ms returns FALSE
T7AD0 177:450.656 JLINK_IsHalted()
T7AD0 177:451.680 - 1.024ms returns FALSE
T09D8 177:499.744   JLINK_RTTERMINAL_Read(BufferIndex = 0, BufferSize = 0x00010000)
T09D8 177:499.776   - 0.022ms returns 0
T09D8 177:550.752   JLINK_RTTERMINAL_Read(BufferIndex = 0, BufferSize = 0x00010000)
T09D8 177:550.784   - 0.028ms returns 0
T7AD0 177:557.728 JLINK_IsHalted()
T7AD0 177:558.208 - 0.476ms returns FALSE
T7AD0 177:558.240 JLINK_IsHalted()
T7AD0 177:559.312 - 1.075ms returns FALSE
T09D8 177:601.056   JLINK_RTTERMINAL_Read(BufferIndex = 0, BufferSize = 0x00010000)
T09D8 177:601.072   - 0.028ms returns 0
T09D8 177:651.728   JLINK_RTTERMINAL_Read(BufferIndex = 0, BufferSize = 0x00010000)
T09D8 177:651.744   - 0.027ms returns 0
T7AD0 177:666.640 JLINK_IsHalted()
T7AD0 177:667.744 - 1.102ms returns FALSE
T7AD0 177:667.760 JLINK_IsHalted()
T7AD0 177:668.832 - 1.067ms returns FALSE
T09D8 177:703.104   JLINK_RTTERMINAL_Read(BufferIndex = 0, BufferSize = 0x00010000)
T09D8 177:703.136   - 0.031ms returns 0
T09D8 177:753.472   JLINK_RTTERMINAL_Read(BufferIndex = 0, BufferSize = 0x00010000)
T09D8 177:753.504   - 0.035ms returns 0
T7AD0 177:776.336 JLINK_IsHalted()
T7AD0 177:777.120 - 0.792ms returns FALSE
T7AD0 177:777.120 JLINK_IsHalted()
T7AD0 177:778.208 - 1.087ms returns FALSE
T09D8 177:804.640   JLINK_RTTERMINAL_Read(BufferIndex = 0, BufferSize = 0x00010000)
T09D8 177:804.656   - 0.029ms returns 0
T09D8 177:855.728   JLINK_RTTERMINAL_Read(BufferIndex = 0, BufferSize = 0x00010000)
T09D8 177:855.776   - 0.046ms returns 0
T7AD0 177:885.600 JLINK_IsHalted()
T7AD0 177:886.432 - 0.831ms returns FALSE
T7AD0 177:886.448 JLINK_IsHalted()
T7AD0 177:887.536 - 1.092ms returns FALSE
T09D8 177:906.704   JLINK_RTTERMINAL_Read(BufferIndex = 0, BufferSize = 0x00010000)
T09D8 177:906.720   - 0.025ms returns 0
T09D8 177:957.680   JLINK_RTTERMINAL_Read(BufferIndex = 0, BufferSize = 0x00010000)
T09D8 177:957.712   - 0.032ms returns 0
T7AD0 177:994.608 JLINK_IsHalted()
T7AD0 177:995.040 - 0.415ms returns FALSE
T7AD0 177:995.040 JLINK_IsHalted()
T7AD0 177:996.128 - 1.079ms returns FALSE
T09D8 178:008.672   JLINK_RTTERMINAL_Read(BufferIndex = 0, BufferSize = 0x00010000)
T09D8 178:008.704   - 0.034ms returns 0
T09D8 178:059.648   JLINK_RTTERMINAL_Read(BufferIndex = 0, BufferSize = 0x00010000)
T09D8 178:059.680   - 0.039ms returns 94
T09D8 178:059.904   JLINK_RTTERMINAL_Read(BufferIndex = 0, BufferSize = 0x00010000)
T09D8 178:059.920   - 0.018ms returns 0
T7AD0 178:104.480 JLINK_IsHalted()
T7AD0 178:105.504 - 1.015ms returns FALSE
T7AD0 178:105.520 JLINK_IsHalted()
T7AD0 178:106.768 - 1.239ms returns FALSE
T09D8 178:110.752   JLINK_RTTERMINAL_Read(BufferIndex = 0, BufferSize = 0x00010000)
T09D8 178:110.768   - 0.018ms returns 0
T09D8 178:161.040   JLINK_RTTERMINAL_Read(BufferIndex = 0, BufferSize = 0x00010000)
T09D8 178:161.056   - 0.028ms returns 0
T1758 178:164.384 JLINK_IsHalted()
T1758 178:165.424 - 1.046ms returns FALSE
T1758 178:165.456 JLINK_IsHalted()
T1758 178:166.512 - 1.073ms returns FALSE
T09D8 178:211.424   JLINK_RTTERMINAL_Read(BufferIndex = 0, BufferSize = 0x00010000)
T09D8 178:211.456   - 0.031ms returns 0
T7AD0 178:213.344 JLINK_IsHalted()
T7AD0 178:214.368 - 1.029ms returns FALSE
T7AD0 178:214.384 JLINK_IsHalted()
T7AD0 178:215.456 - 1.081ms returns FALSE
T09D8 178:262.096   JLINK_RTTERMINAL_Read(BufferIndex = 0, BufferSize = 0x00010000)
T09D8 178:262.128   - 0.035ms returns 0
T09D8 178:313.200   JLINK_RTTERMINAL_Read(BufferIndex = 0, BufferSize = 0x00010000)
T09D8 178:313.232   - 0.026ms returns 0
T7AD0 178:323.168 JLINK_IsHalted()
T7AD0 178:323.712 - 0.553ms returns FALSE
T7AD0 178:323.728 JLINK_IsHalted()
T7AD0 178:324.816 - 1.088ms returns FALSE
T09D8 178:363.664   JLINK_RTTERMINAL_Read(BufferIndex = 0, BufferSize = 0x00010000)
T09D8 178:363.680   - 0.029ms returns 0
T09D8 178:414.496   JLINK_RTTERMINAL_Read(BufferIndex = 0, BufferSize = 0x00010000)
T09D8 178:414.544   - 0.034ms returns 0
T7AD0 178:432.704 JLINK_IsHalted()
T7AD0 178:433.072 - 0.378ms returns FALSE
T7AD0 178:433.088 JLINK_IsHalted()
T7AD0 178:434.192 - 1.094ms returns FALSE
T09D8 178:465.504   JLINK_RTTERMINAL_Read(BufferIndex = 0, BufferSize = 0x00010000)
T09D8 178:465.536   - 0.034ms returns 0
T09D8 178:516.704   JLINK_RTTERMINAL_Read(BufferIndex = 0, BufferSize = 0x00010000)
T09D8 178:516.720   - 0.023ms returns 0
T7AD0 178:542.240 JLINK_IsHalted()
T7AD0 178:543.376 - 1.148ms returns FALSE
T7AD0 178:543.392 JLINK_IsHalted()
T7AD0 178:544.480 - 1.090ms returns FALSE
T09D8 178:567.776   JLINK_RTTERMINAL_Read(BufferIndex = 0, BufferSize = 0x00010000)
T09D8 178:567.808   - 0.032ms returns 0
T09D8 178:618.896   JLINK_RTTERMINAL_Read(BufferIndex = 0, BufferSize = 0x00010000)
T09D8 178:618.928   - 0.038ms returns 0
T7AD0 178:651.872 JLINK_IsHalted()
T7AD0 178:652.896 - 1.019ms returns FALSE
T7AD0 178:652.896 JLINK_IsHalted()
T7AD0 178:653.984 - 1.091ms returns FALSE
T09D8 178:670.080   JLINK_RTTERMINAL_Read(BufferIndex = 0, BufferSize = 0x00010000)
T09D8 178:670.112   - 0.030ms returns 0
T09D8 178:720.912   JLINK_RTTERMINAL_Read(BufferIndex = 0, BufferSize = 0x00010000)
T09D8 178:720.928   - 0.034ms returns 0
T7AD0 178:760.800 JLINK_IsHalted()
T7AD0 178:761.184 - 0.382ms returns FALSE
T7AD0 178:761.184 JLINK_IsHalted()
T7AD0 178:762.272 - 1.093ms returns FALSE
T09D8 178:771.232   JLINK_RTTERMINAL_Read(BufferIndex = 0, BufferSize = 0x00010000)
T09D8 178:771.264   - 0.028ms returns 0
T09D8 178:821.472   JLINK_RTTERMINAL_Read(BufferIndex = 0, BufferSize = 0x00010000)
T09D8 178:821.488   - 0.021ms returns 0
T7AD0 178:869.456 JLINK_IsHalted()
T7AD0 178:870.464 - 1.005ms returns FALSE
T7AD0 178:870.480 JLINK_IsHalted()
T7AD0 178:871.568 - 1.090ms returns FALSE
T09D8 178:872.544   JLINK_RTTERMINAL_Read(BufferIndex = 0, BufferSize = 0x00010000)
T09D8 178:872.560   - 0.016ms returns 0
T09D8 178:922.912   JLINK_RTTERMINAL_Read(BufferIndex = 0, BufferSize = 0x00010000)
T09D8 178:922.944   - 0.037ms returns 0
T09D8 178:973.600   JLINK_RTTERMINAL_Read(BufferIndex = 0, BufferSize = 0x00010000)
T09D8 178:973.616   - 0.030ms returns 0
T7AD0 178:979.104 JLINK_IsHalted()
T7AD0 178:980.064 - 0.942ms returns FALSE
T7AD0 178:980.080 JLINK_IsHalted()
T7AD0 178:981.152 - 1.080ms returns FALSE
T09D8 179:024.192   JLINK_RTTERMINAL_Read(BufferIndex = 0, BufferSize = 0x00010000)
T09D8 179:024.224   - 0.024ms returns 94
T09D8 179:024.416   JLINK_RTTERMINAL_Read(BufferIndex = 0, BufferSize = 0x00010000)
T09D8 179:024.432   - 0.007ms returns 0
T09D8 179:074.656   JLINK_RTTERMINAL_Read(BufferIndex = 0, BufferSize = 0x00010000)
T09D8 179:074.688   - 0.035ms returns 0
T7AD0 179:088.560 JLINK_IsHalted()
T7AD0 179:089.680 - 1.114ms returns FALSE
T7AD0 179:089.696 JLINK_IsHalted()
T7AD0 179:090.784 - 1.092ms returns FALSE
T09D8 179:126.080   JLINK_RTTERMINAL_Read(BufferIndex = 0, BufferSize = 0x00010000)
T09D8 179:126.128   - 0.041ms returns 0
T1758 179:167.120 JLINK_IsHalted()
T1758 179:167.872 - 0.744ms returns FALSE
T1758 179:167.904 JLINK_IsHalted()
T1758 179:168.992 - 1.094ms returns FALSE
T09D8 179:176.960   JLINK_RTTERMINAL_Read(BufferIndex = 0, BufferSize = 0x00010000)
T09D8 179:176.992   - 0.031ms returns 0
T7AD0 179:197.728 JLINK_IsHalted()
T7AD0 179:198.496 - 0.780ms returns FALSE
T7AD0 179:198.528 JLINK_IsHalted()
T7AD0 179:199.680 - 1.144ms returns FALSE
T09D8 179:227.744   JLINK_RTTERMINAL_Read(BufferIndex = 0, BufferSize = 0x00010000)
T09D8 179:227.776   - 0.035ms returns 0
T09D8 179:278.032   JLINK_RTTERMINAL_Read(BufferIndex = 0, BufferSize = 0x00010000)
T09D8 179:278.048   - 0.030ms returns 0
T7AD0 179:307.696 JLINK_IsHalted()
T7AD0 179:308.688 - 0.994ms returns FALSE
T7AD0 179:308.704 JLINK_IsHalted()
T7AD0 179:309.792 - 1.085ms returns FALSE
T09D8 179:328.864   JLINK_RTTERMINAL_Read(BufferIndex = 0, BufferSize = 0x00010000)
T09D8 179:328.912   - 0.031ms returns 0
T09D8 179:379.856   JLINK_RTTERMINAL_Read(BufferIndex = 0, BufferSize = 0x00010000)
T09D8 179:379.872   - 0.034ms returns 0
T7AD0 179:417.280 JLINK_IsHalted()
T7AD0 179:418.080 - 0.798ms returns FALSE
T7AD0 179:418.080 JLINK_IsHalted()
T7AD0 179:419.184 - 1.097ms returns FALSE
T09D8 179:430.928   JLINK_RTTERMINAL_Read(BufferIndex = 0, BufferSize = 0x00010000)
T09D8 179:430.944   - 0.017ms returns 0
T09D8 179:481.632   JLINK_RTTERMINAL_Read(BufferIndex = 0, BufferSize = 0x00010000)
T09D8 179:481.680   - 0.030ms returns 0
T7AD0 179:526.016 JLINK_IsHalted()
T7AD0 179:526.496 - 0.467ms returns FALSE
T7AD0 179:526.496 JLINK_IsHalted()
T7AD0 179:527.664 - 1.170ms returns FALSE
T09D8 179:532.128   JLINK_RTTERMINAL_Read(BufferIndex = 0, BufferSize = 0x00010000)
T09D8 179:532.144   - 0.020ms returns 0
T09D8 179:582.688   JLINK_RTTERMINAL_Read(BufferIndex = 0, BufferSize = 0x00010000)
T09D8 179:582.704   - 0.032ms returns 0
T09D8 179:633.872   JLINK_RTTERMINAL_Read(BufferIndex = 0, BufferSize = 0x00010000)
T09D8 179:633.904   - 0.032ms returns 0
T7AD0 179:635.776 JLINK_IsHalted()
T7AD0 179:636.816 - 1.035ms returns FALSE
T7AD0 179:636.832 JLINK_IsHalted()
T7AD0 179:637.920 - 1.074ms returns FALSE
T09D8 179:684.880   JLINK_RTTERMINAL_Read(BufferIndex = 0, BufferSize = 0x00010000)
T09D8 179:684.912   - 0.035ms returns 0
T7AD0 179:744.720 JLINK_IsHalted()
T7AD0 179:745.504 - 0.790ms returns FALSE
T7AD0 179:745.520 JLINK_IsHalted()
T7AD0 179:746.688 - 1.166ms returns FALSE
T7AD0 179:854.624 JLINK_IsHalted()
T7AD0 179:855.184 - 0.549ms returns FALSE
T7AD0 179:855.200 JLINK_IsHalted()
T7AD0 179:856.288 - 1.077ms returns FALSE
T7AD0 179:963.392 JLINK_IsHalted()
T7AD0 179:964.320 - 0.925ms returns FALSE
T7AD0 179:964.352 JLINK_IsHalted()
T7AD0 179:965.376 - 1.022ms returns FALSE
T7AD0 180:072.944 JLINK_IsHalted()
T7AD0 180:073.488 - 0.531ms returns FALSE
T7AD0 180:073.504 JLINK_IsHalted()
T7AD0 180:074.560 - 1.071ms returns FALSE
T1758 180:169.712 JLINK_IsHalted()
T1758 180:170.784 - 1.071ms returns FALSE
T1758 180:170.800 JLINK_IsHalted()
T1758 180:171.872 - 1.065ms returns FALSE
T7AD0 180:182.176 JLINK_IsHalted()
T7AD0 180:182.816 - 0.651ms returns FALSE
T7AD0 180:182.848 JLINK_IsHalted()
T7AD0 180:183.904 - 1.060ms returns FALSE
T7AD0 180:291.424 JLINK_IsHalted()
T7AD0 180:292.576 - 1.145ms returns FALSE
T7AD0 180:292.592 JLINK_IsHalted()
T7AD0 180:293.664 - 1.069ms returns FALSE
T7AD0 180:401.088 JLINK_IsHalted()
T7AD0 180:401.520 - 0.444ms returns FALSE
T7AD0 180:401.536 JLINK_IsHalted()
T7AD0 180:402.656 - 1.125ms returns FALSE
T7AD0 180:511.520 JLINK_IsHalted()
T7AD0 180:512.544 - 1.041ms returns FALSE
T7AD0 180:512.576 JLINK_IsHalted()
T7AD0 180:513.696 - 1.119ms returns FALSE
T7AD0 180:619.984 JLINK_IsHalted()
T7AD0 180:620.704 - 0.709ms returns FALSE
T7AD0 180:620.704 JLINK_IsHalted()
T7AD0 180:621.792 - 1.063ms returns FALSE
T7AD0 180:729.360 JLINK_IsHalted()
T7AD0 180:730.624 - 1.265ms returns FALSE
T7AD0 180:730.640 JLINK_IsHalted()
T7AD0 180:731.728 - 1.088ms returns FALSE
T7AD0 180:838.416 JLINK_IsHalted()
T7AD0 180:839.552 - 1.137ms returns FALSE
T7AD0 180:839.568 JLINK_IsHalted()
T7AD0 180:840.672 - 1.111ms returns FALSE
T7AD0 180:948.448 JLINK_IsHalted()
T7AD0 180:949.472 - 1.026ms returns FALSE
T7AD0 180:949.488 JLINK_IsHalted()
T7AD0 180:950.560 - 1.062ms returns FALSE
T7AD0 181:057.632 JLINK_IsHalted()
T7AD0 181:057.952 - 0.333ms returns FALSE
T7AD0 181:057.984 JLINK_IsHalted()
T7AD0 181:059.072 - 1.097ms returns FALSE
T7AD0 181:166.736 JLINK_IsHalted()
T7AD0 181:167.888 - 1.149ms returns FALSE
T7AD0 181:167.904 JLINK_IsHalted()
T7AD0 181:168.912 - 1.007ms returns FALSE
T1758 181:173.472 JLINK_IsHalted()
T1758 181:174.608 - 1.123ms returns FALSE
T1758 181:174.624 JLINK_IsHalted()
T1758 181:175.696 - 1.079ms returns FALSE
T7AD0 181:276.032 JLINK_IsHalted()
T7AD0 181:277.216 - 1.180ms returns FALSE
T7AD0 181:277.232 JLINK_IsHalted()
T7AD0 181:278.304 - 1.062ms returns FALSE
T7AD0 181:386.000 JLINK_IsHalted()
T7AD0 181:387.088 - 1.089ms returns FALSE
T7AD0 181:387.104 JLINK_IsHalted()
T7AD0 181:388.192 - 1.098ms returns FALSE
T7AD0 181:494.928 JLINK_IsHalted()
T7AD0 181:496.144 - 1.223ms returns FALSE
T7AD0 181:496.160 JLINK_IsHalted()
T7AD0 181:497.248 - 1.087ms returns FALSE
T7AD0 181:605.792 JLINK_IsHalted()
T7AD0 181:606.848 - 1.070ms returns FALSE
T7AD0 181:606.880 JLINK_IsHalted()
T7AD0 181:607.936 - 1.050ms returns FALSE
T7AD0 181:714.768 JLINK_IsHalted()
T7AD0 181:715.808 - 1.045ms returns FALSE
T7AD0 181:715.824 JLINK_IsHalted()
T7AD0 181:716.896 - 1.061ms returns FALSE
T7AD0 181:823.776 JLINK_IsHalted()
T7AD0 181:824.880 - 1.110ms returns FALSE
T7AD0 181:824.896 JLINK_IsHalted()
T7AD0 181:825.984 - 1.085ms returns FALSE
T7AD0 181:934.496 JLINK_IsHalted()
T7AD0 181:935.584 - 1.070ms returns FALSE
T7AD0 181:935.600 JLINK_IsHalted()
T7AD0 181:936.672 - 1.068ms returns FALSE
T7AD0 182:041.504 JLINK_IsHalted()
T7AD0 182:042.240 - 0.735ms returns FALSE
T7AD0 182:042.256 JLINK_IsHalted()
T7AD0 182:043.328 - 1.072ms returns FALSE
T7AD0 182:151.008 JLINK_IsHalted()
T7AD0 182:152.224 - 1.196ms returns FALSE
T7AD0 182:152.224 JLINK_IsHalted()
T7AD0 182:153.312 - 1.084ms returns FALSE
T1758 182:175.488 JLINK_IsHalted()
T1758 182:175.936 - 0.441ms returns FALSE
T1758 182:175.952 JLINK_IsHalted()
T1758 182:176.992 - 1.045ms returns FALSE
T7AD0 182:261.552 JLINK_IsHalted()
T7AD0 182:262.560 - 1.004ms returns FALSE
T7AD0 182:262.576 JLINK_IsHalted()
T7AD0 182:263.760 - 1.178ms returns FALSE
T7AD0 182:370.144 JLINK_IsHalted()
T7AD0 182:370.544 - 0.409ms returns FALSE
T7AD0 182:370.560 JLINK_IsHalted()
T7AD0 182:371.664 - 1.104ms returns FALSE
T7AD0 182:479.504 JLINK_IsHalted()
T7AD0 182:480.544 - 1.031ms returns FALSE
T7AD0 182:480.544 JLINK_IsHalted()
T7AD0 182:481.696 - 1.143ms returns FALSE
T7AD0 182:588.496 JLINK_IsHalted()
T7AD0 182:589.552 - 1.052ms returns FALSE
T7AD0 182:589.584 JLINK_IsHalted()
T7AD0 182:590.688 - 1.102ms returns FALSE
T7AD0 182:698.000 JLINK_IsHalted()
T7AD0 182:698.688 - 0.690ms returns FALSE
T7AD0 182:698.704 JLINK_IsHalted()
T7AD0 182:699.840 - 1.136ms returns FALSE
T7AD0 182:807.296 JLINK_IsHalted()
T7AD0 182:807.696 - 0.403ms returns FALSE
T7AD0 182:807.728 JLINK_IsHalted()
T7AD0 182:808.784 - 1.057ms returns FALSE
T7AD0 182:916.768 JLINK_IsHalted()
T7AD0 182:917.200 - 0.429ms returns FALSE
T7AD0 182:917.216 JLINK_IsHalted()
T7AD0 182:917.600 - 0.378ms returns FALSE
T7AD0 183:026.848 JLINK_IsHalted()
T7AD0 183:027.424 - 0.576ms returns FALSE
T7AD0 183:027.456 JLINK_IsHalted()
T7AD0 183:027.744 - 0.272ms returns FALSE
T7AD0 183:135.488 JLINK_IsHalted()
T7AD0 183:135.840 - 0.337ms returns FALSE
T7AD0 183:135.840 JLINK_IsHalted()
T7AD0 183:136.096 - 0.262ms returns FALSE
T1758 183:178.144 JLINK_IsHalted()
T1758 183:178.432 - 0.285ms returns FALSE
T1758 183:178.448 JLINK_IsHalted()
T1758 183:178.720 - 0.270ms returns FALSE
T7AD0 183:244.704 JLINK_IsHalted()
T7AD0 183:245.024 - 0.325ms returns FALSE
T7AD0 183:245.056 JLINK_IsHalted()
T7AD0 183:245.472 - 0.427ms returns FALSE
T7AD0 183:354.624 JLINK_IsHalted()
T7AD0 183:354.960 - 0.325ms returns FALSE
T7AD0 183:354.976 JLINK_IsHalted()
T7AD0 183:355.424 - 0.451ms returns FALSE
T7AD0 183:463.456 JLINK_IsHalted()
T7AD0 183:463.872 - 0.414ms returns FALSE
T7AD0 183:463.888 JLINK_IsHalted()
T7AD0 183:464.432 - 0.540ms returns FALSE
T7AD0 183:573.232 JLINK_IsHalted()
T7AD0 183:573.536 - 0.290ms returns FALSE
T7AD0 183:573.536 JLINK_IsHalted()
T7AD0 183:573.824 - 0.292ms returns FALSE
T7AD0 183:682.528 JLINK_IsHalted()
T7AD0 183:682.848 - 0.307ms returns FALSE
T7AD0 183:682.864 JLINK_IsHalted()
T7AD0 183:683.168 - 0.287ms returns FALSE
T7AD0 183:791.568 JLINK_IsHalted()
T7AD0 183:791.872 - 0.310ms returns FALSE
T7AD0 183:791.888 JLINK_IsHalted()
T7AD0 183:792.160 - 0.273ms returns FALSE
T7AD0 183:900.800 JLINK_IsHalted()
T7AD0 183:901.152 - 0.340ms returns FALSE
T7AD0 183:901.168 JLINK_IsHalted()
T7AD0 183:901.584 - 0.402ms returns FALSE
T7AD0 184:010.576 JLINK_IsHalted()
T7AD0 184:010.896 - 0.320ms returns FALSE
T7AD0 184:010.912 JLINK_IsHalted()
T7AD0 184:011.424 - 0.497ms returns FALSE
T7AD0 184:119.744 JLINK_IsHalted()
T7AD0 184:120.432 - 0.688ms returns FALSE
T7AD0 184:120.448 JLINK_IsHalted()
T7AD0 184:121.536 - 1.088ms returns FALSE
T1758 184:178.912 JLINK_IsHalted()
T1758 184:180.064 - 1.148ms returns FALSE
T1758 184:180.080 JLINK_IsHalted()
T1758 184:181.152 - 1.071ms returns FALSE
T7AD0 184:228.976 JLINK_IsHalted()
T7AD0 184:229.760 - 0.777ms returns FALSE
T7AD0 184:229.776 JLINK_IsHalted()
T7AD0 184:230.848 - 1.074ms returns FALSE
T7AD0 184:338.240 JLINK_IsHalted()
T7AD0 184:338.784 - 0.551ms returns FALSE
T7AD0 184:338.816 JLINK_IsHalted()
T7AD0 184:339.872 - 1.071ms returns FALSE
T7AD0 184:448.544 JLINK_IsHalted()
T7AD0 184:449.536 - 0.980ms returns FALSE
T7AD0 184:449.568 JLINK_IsHalted()
T7AD0 184:450.656 - 1.103ms returns FALSE
T7AD0 184:557.024 JLINK_IsHalted()
T7AD0 184:557.776 - 0.760ms returns FALSE
T7AD0 184:557.792 JLINK_IsHalted()
T7AD0 184:558.848 - 1.055ms returns FALSE
T7AD0 184:666.528 JLINK_IsHalted()
T7AD0 184:667.664 - 1.129ms returns FALSE
T7AD0 184:667.680 JLINK_IsHalted()
T7AD0 184:668.752 - 1.067ms returns FALSE
T7AD0 184:776.128 JLINK_IsHalted()
T7AD0 184:776.736 - 0.623ms returns FALSE
T7AD0 184:776.752 JLINK_IsHalted()
T7AD0 184:777.824 - 1.075ms returns FALSE
T7AD0 184:885.968 JLINK_IsHalted()
T7AD0 184:886.528 - 0.565ms returns FALSE
T7AD0 184:886.560 JLINK_IsHalted()
T7AD0 184:887.696 - 1.145ms returns FALSE
T7AD0 184:995.296 JLINK_IsHalted()
T7AD0 184:996.432 - 1.126ms returns FALSE
T7AD0 184:996.448 JLINK_IsHalted()
T7AD0 184:997.520 - 1.070ms returns FALSE
T7AD0 185:104.256 JLINK_IsHalted()
T7AD0 185:104.816 - 0.573ms returns FALSE
T7AD0 185:104.848 JLINK_IsHalted()
T7AD0 185:105.840 - 0.995ms returns FALSE
T1758 185:180.928 JLINK_IsHalted()
T1758 185:181.408 - 0.486ms returns FALSE
T1758 185:181.440 JLINK_IsHalted()
T1758 185:182.496 - 1.063ms returns FALSE
T7AD0 185:213.744 JLINK_IsHalted()
T7AD0 185:214.160 - 0.403ms returns FALSE
T7AD0 185:214.176 JLINK_IsHalted()
T7AD0 185:215.184 - 1.008ms returns FALSE
T7AD0 185:323.504 JLINK_IsHalted()
T7AD0 185:324.032 - 0.518ms returns FALSE
T7AD0 185:324.048 JLINK_IsHalted()
T7AD0 185:325.120 - 1.073ms returns FALSE
T7AD0 185:432.032 JLINK_IsHalted()
T7AD0 185:432.976 - 0.943ms returns FALSE
T7AD0 185:432.992 JLINK_IsHalted()
T7AD0 185:434.080 - 1.078ms returns FALSE
T7AD0 185:541.984 JLINK_IsHalted()
T7AD0 185:542.816 - 0.836ms returns FALSE
T7AD0 185:542.816 JLINK_IsHalted()
T7AD0 185:543.904 - 1.070ms returns FALSE
T7AD0 185:651.712 JLINK_IsHalted()
T7AD0 185:652.768 - 1.066ms returns FALSE
T7AD0 185:652.800 JLINK_IsHalted()
T7AD0 185:653.856 - 1.057ms returns FALSE
T7AD0 185:761.568 JLINK_IsHalted()
T7AD0 185:762.672 - 1.103ms returns FALSE
T7AD0 185:762.688 JLINK_IsHalted()
T7AD0 185:763.744 - 1.061ms returns FALSE
T7AD0 185:870.576 JLINK_IsHalted()
T7AD0 185:871.680 - 1.106ms returns FALSE
T7AD0 185:871.712 JLINK_IsHalted()
T7AD0 185:872.768 - 1.062ms returns FALSE
T7AD0 185:978.848 JLINK_IsHalted()
T7AD0 185:979.680 - 0.827ms returns FALSE
T7AD0 185:979.680 JLINK_IsHalted()
T7AD0 185:980.768 - 1.075ms returns FALSE
T7AD0 186:089.088 JLINK_IsHalted()
T7AD0 186:089.776 - 0.685ms returns FALSE
T7AD0 186:089.792 JLINK_IsHalted()
T7AD0 186:090.848 - 1.059ms returns FALSE
T1758 186:182.944 JLINK_IsHalted()
T1758 186:183.392 - 0.465ms returns FALSE
T1758 186:183.424 JLINK_IsHalted()
T1758 186:184.480 - 1.061ms returns FALSE
T7AD0 186:197.728 JLINK_IsHalted()
T7AD0 186:198.112 - 0.385ms returns FALSE
T7AD0 186:198.144 JLINK_IsHalted()
T7AD0 186:199.200 - 1.065ms returns FALSE
T7AD0 186:307.120 JLINK_IsHalted()
T7AD0 186:307.936 - 0.803ms returns FALSE
T7AD0 186:307.936 JLINK_IsHalted()
T7AD0 186:309.024 - 1.071ms returns FALSE
T7AD0 186:417.088 JLINK_IsHalted()
T7AD0 186:417.872 - 0.786ms returns FALSE
T7AD0 186:417.888 JLINK_IsHalted()
T7AD0 186:418.960 - 1.077ms returns FALSE
T7AD0 186:526.672 JLINK_IsHalted()
T7AD0 186:527.088 - 0.420ms returns FALSE
T7AD0 186:527.104 JLINK_IsHalted()
T7AD0 186:528.160 - 1.040ms returns FALSE
T7AD0 186:635.376 JLINK_IsHalted()
T7AD0 186:636.016 - 0.640ms returns FALSE
T7AD0 186:636.032 JLINK_IsHalted()
T7AD0 186:637.088 - 1.052ms returns FALSE
T7AD0 186:745.760 JLINK_IsHalted()
T7AD0 186:746.848 - 1.063ms returns FALSE
T7AD0 186:746.848 JLINK_IsHalted()
T7AD0 186:747.920 - 1.066ms returns FALSE
T7AD0 186:854.512 JLINK_IsHalted()
T7AD0 186:854.880 - 0.368ms returns FALSE
T7AD0 186:854.896 JLINK_IsHalted()
T7AD0 186:855.984 - 1.094ms returns FALSE
T7AD0 186:963.872 JLINK_IsHalted()
T7AD0 186:964.768 - 0.906ms returns FALSE
T7AD0 186:964.800 JLINK_IsHalted()
T7AD0 186:965.856 - 1.056ms returns FALSE
T7AD0 187:073.008 JLINK_IsHalted()
T7AD0 187:073.968 - 0.962ms returns FALSE
T7AD0 187:075.072 JLINK_IsHalted()
T7AD0 187:076.032 - 0.960ms returns FALSE
T7AD0 187:182.352 JLINK_IsHalted()
T7AD0 187:182.992 - 0.647ms returns FALSE
T7AD0 187:183.008 JLINK_IsHalted()
T7AD0 187:184.064 - 1.060ms returns FALSE
T1758 187:184.480 JLINK_IsHalted()
T1758 187:185.152 - 0.682ms returns FALSE
T1758 187:185.168 JLINK_IsHalted()
T1758 187:186.304 - 1.138ms returns FALSE
T7AD0 187:291.440 JLINK_IsHalted()
T7AD0 187:292.400 - 0.966ms returns FALSE
T7AD0 187:292.416 JLINK_IsHalted()
T7AD0 187:293.488 - 1.073ms returns FALSE
T7AD0 187:400.976 JLINK_IsHalted()
T7AD0 187:401.360 - 0.376ms returns FALSE
T7AD0 187:401.376 JLINK_IsHalted()
T7AD0 187:402.448 - 1.074ms returns FALSE
T7AD0 187:510.368 JLINK_IsHalted()
T7AD0 187:511.200 - 0.830ms returns FALSE
T7AD0 187:511.216 JLINK_IsHalted()
T7AD0 187:512.288 - 1.074ms returns FALSE
T7AD0 187:637.344 JLINK_IsHalted()
T7AD0 187:638.384 - 1.058ms returns FALSE
T7AD0 187:638.432 JLINK_IsHalted()
T7AD0 187:639.472 - 1.057ms returns FALSE
T90E4 187:712.208   JLINK_RTTERMINAL_Control(Cmd = JLINKARM_RTTERMINAL_CMD_START, CtrlBlockAddr = 0x2200048C)
T90E4 187:712.240   - 0.037ms returns 0x00
T90E4 187:714.224   JLINK_RTTERMINAL_Read(BufferIndex = 0, BufferSize = 0x00010000)
T90E4 187:714.256   - 0.027ms returns 286
T90E4 187:714.416   JLINK_RTTERMINAL_Read(BufferIndex = 0, BufferSize = 0x00010000)
T90E4 187:714.432   - 0.017ms returns 0
T7AD0 187:746.848 JLINK_IsHalted()
T7AD0 187:747.984 - 1.116ms returns FALSE
T7AD0 187:748.000 JLINK_IsHalted()
T7AD0 187:749.088 - 1.079ms returns FALSE
T90E4 187:765.040   JLINK_RTTERMINAL_Read(BufferIndex = 0, BufferSize = 0x00010000)
T90E4 187:765.088   - 0.044ms returns 0
T90E4 187:815.632   JLINK_RTTERMINAL_Read(BufferIndex = 0, BufferSize = 0x00010000)
T90E4 187:815.664   - 0.032ms returns 0
T7AD0 187:854.384 JLINK_IsHalted()
T7AD0 187:855.328 - 0.941ms returns FALSE
T7AD0 187:855.344 JLINK_IsHalted()
T7AD0 187:856.416 - 1.073ms returns FALSE
T90E4 187:866.064   JLINK_RTTERMINAL_Read(BufferIndex = 0, BufferSize = 0x00010000)
T90E4 187:866.096   - 0.043ms returns 0
T90E4 187:917.248   JLINK_RTTERMINAL_Read(BufferIndex = 0, BufferSize = 0x00010000)
T90E4 187:917.280   - 0.025ms returns 0
T7AD0 187:963.296 JLINK_IsHalted()
T7AD0 187:963.680 - 0.381ms returns FALSE
T7AD0 187:963.696 JLINK_IsHalted()
T7AD0 187:964.784 - 1.088ms returns FALSE
T90E4 187:968.384   JLINK_RTTERMINAL_Read(BufferIndex = 0, BufferSize = 0x00010000)
T90E4 187:968.416   - 0.019ms returns 0
T90E4 188:018.784   JLINK_RTTERMINAL_Read(BufferIndex = 0, BufferSize = 0x00010000)
T90E4 188:018.816   - 0.026ms returns 0
T90E4 188:069.248   JLINK_RTTERMINAL_Read(BufferIndex = 0, BufferSize = 0x00010000)
T90E4 188:069.280   - 0.024ms returns 0
T7AD0 188:073.200 JLINK_IsHalted()
T7AD0 188:074.112 - 0.904ms returns FALSE
T7AD0 188:074.112 JLINK_IsHalted()
T7AD0 188:075.200 - 1.087ms returns FALSE
T90E4 188:119.504   JLINK_RTTERMINAL_Read(BufferIndex = 0, BufferSize = 0x00010000)
T90E4 188:119.536   - 0.033ms returns 0
T90E4 188:170.720   JLINK_RTTERMINAL_Read(BufferIndex = 0, BufferSize = 0x00010000)
T90E4 188:170.768   - 0.033ms returns 0
T7AD0 188:182.624 JLINK_IsHalted()
T7AD0 188:183.392 - 0.774ms returns FALSE
T7AD0 188:183.408 JLINK_IsHalted()
T7AD0 188:184.480 - 1.083ms returns FALSE
T1758 188:186.720 JLINK_IsHalted()
T1758 188:187.520 - 0.788ms returns FALSE
T1758 188:187.536 JLINK_IsHalted()
T1758 188:188.512 - 0.984ms returns FALSE
T90E4 188:221.184   JLINK_RTTERMINAL_Read(BufferIndex = 0, BufferSize = 0x00010000)
T90E4 188:221.216   - 0.027ms returns 0
T90E4 188:271.520   JLINK_RTTERMINAL_Read(BufferIndex = 0, BufferSize = 0x00010000)
T90E4 188:271.520   - 0.023ms returns 0
T7AD0 188:291.472 JLINK_IsHalted()
T7AD0 188:292.176 - 0.704ms returns FALSE
T7AD0 188:292.192 JLINK_IsHalted()
T7AD0 188:293.280 - 1.089ms returns FALSE
T90E4 188:322.288   JLINK_RTTERMINAL_Read(BufferIndex = 0, BufferSize = 0x00010000)
T90E4 188:322.304   - 0.019ms returns 0
T90E4 188:372.896   JLINK_RTTERMINAL_Read(BufferIndex = 0, BufferSize = 0x00010000)
T90E4 188:372.944   - 0.034ms returns 0
T7AD0 188:401.344 JLINK_IsHalted()
T7AD0 188:402.448 - 1.096ms returns FALSE
T7AD0 188:402.464 JLINK_IsHalted()
T7AD0 188:403.616 - 1.155ms returns FALSE
T90E4 188:423.184   JLINK_RTTERMINAL_Read(BufferIndex = 0, BufferSize = 0x00010000)
T90E4 188:423.200   - 0.033ms returns 0
T90E4 188:473.472   JLINK_RTTERMINAL_Read(BufferIndex = 0, BufferSize = 0x00010000)
T90E4 188:473.504   - 0.029ms returns 0
T7AD0 188:510.384 JLINK_IsHalted()
T7AD0 188:510.768 - 0.384ms returns FALSE
T7AD0 188:510.784 JLINK_IsHalted()
T7AD0 188:511.872 - 1.091ms returns FALSE
T90E4 188:524.544   JLINK_RTTERMINAL_Read(BufferIndex = 0, BufferSize = 0x00010000)
T90E4 188:524.576   - 0.029ms returns 0
T90E4 188:574.880   JLINK_RTTERMINAL_Read(BufferIndex = 0, BufferSize = 0x00010000)
T90E4 188:574.928   - 0.042ms returns 0
T7AD0 188:619.984 JLINK_IsHalted()
T7AD0 188:620.448 - 0.473ms returns FALSE
T7AD0 188:620.464 JLINK_IsHalted()
T7AD0 188:621.584 - 1.105ms returns FALSE
T90E4 188:626.080   JLINK_RTTERMINAL_Read(BufferIndex = 0, BufferSize = 0x00010000)
T90E4 188:626.112   - 0.016ms returns 0
T90E4 188:676.912   JLINK_RTTERMINAL_Read(BufferIndex = 0, BufferSize = 0x00010000)
T90E4 188:676.944   - 0.030ms returns 81
T90E4 188:677.088   JLINK_RTTERMINAL_Read(BufferIndex = 0, BufferSize = 0x00010000)
T90E4 188:677.104   - 0.008ms returns 0
T90E4 188:727.600   JLINK_RTTERMINAL_Read(BufferIndex = 0, BufferSize = 0x00010000)
T90E4 188:727.648   - 0.032ms returns 0
T7AD0 188:729.520 JLINK_IsHalted()
T7AD0 188:730.720 - 1.190ms returns FALSE
T7AD0 188:730.736 JLINK_IsHalted()
T7AD0 188:731.824 - 1.079ms returns FALSE
T90E4 188:779.072   JLINK_RTTERMINAL_Read(BufferIndex = 0, BufferSize = 0x00010000)
T90E4 188:779.104   - 0.033ms returns 0
T90E4 188:829.888   JLINK_RTTERMINAL_Read(BufferIndex = 0, BufferSize = 0x00010000)
T90E4 188:829.920   - 0.026ms returns 94
T90E4 188:830.080   JLINK_RTTERMINAL_Read(BufferIndex = 0, BufferSize = 0x00010000)
T90E4 188:830.096   - 0.008ms returns 0
T7AD0 188:838.784 JLINK_IsHalted()
T7AD0 188:839.488 - 0.700ms returns FALSE
T7AD0 188:839.504 JLINK_IsHalted()
T7AD0 188:840.672 - 1.177ms returns FALSE
T90E4 188:880.464   JLINK_RTTERMINAL_Read(BufferIndex = 0, BufferSize = 0x00010000)
T90E4 188:880.496   - 0.031ms returns 0
T90E4 188:930.752   JLINK_RTTERMINAL_Read(BufferIndex = 0, BufferSize = 0x00010000)
T90E4 188:930.784   - 0.034ms returns 0
T7AD0 188:948.256 JLINK_IsHalted()
T7AD0 188:948.800 - 0.534ms returns FALSE
T7AD0 188:948.816 JLINK_IsHalted()
T7AD0 188:949.856 - 1.035ms returns FALSE
T90E4 188:981.216   JLINK_RTTERMINAL_Read(BufferIndex = 0, BufferSize = 0x00010000)
T90E4 188:981.232   - 0.028ms returns 0
T90E4 189:031.920   JLINK_RTTERMINAL_Read(BufferIndex = 0, BufferSize = 0x00010000)
T90E4 189:031.952   - 0.025ms returns 0
T7AD0 189:057.376 JLINK_IsHalted()
T7AD0 189:058.080 - 0.698ms returns FALSE
T7AD0 189:058.080 JLINK_IsHalted()
T7AD0 189:059.168 - 1.100ms returns FALSE
T90E4 189:083.024   JLINK_RTTERMINAL_Read(BufferIndex = 0, BufferSize = 0x00010000)
T90E4 189:083.040   - 0.026ms returns 0
T90E4 189:134.128   JLINK_RTTERMINAL_Read(BufferIndex = 0, BufferSize = 0x00010000)
T90E4 189:134.160   - 0.029ms returns 0
T7AD0 189:166.528 JLINK_IsHalted()
T7AD0 189:167.568 - 1.030ms returns FALSE
T7AD0 189:167.584 JLINK_IsHalted()
T7AD0 189:168.672 - 1.077ms returns FALSE
T90E4 189:186.096   JLINK_RTTERMINAL_Read(BufferIndex = 0, BufferSize = 0x00010000)
T90E4 189:186.128   - 0.018ms returns 0
T1758 189:188.976 JLINK_IsHalted()
T1758 189:189.952 - 0.971ms returns FALSE
T1758 189:189.968 JLINK_IsHalted()
T1758 189:191.056 - 1.079ms returns FALSE
T90E4 189:236.992   JLINK_RTTERMINAL_Read(BufferIndex = 0, BufferSize = 0x00010000)
T90E4 189:237.024   - 0.042ms returns 0
T7AD0 189:275.840 JLINK_IsHalted()
T7AD0 189:276.336 - 0.499ms returns FALSE
T7AD0 189:276.352 JLINK_IsHalted()
T7AD0 189:277.456 - 1.093ms returns FALSE
T90E4 189:287.328   JLINK_RTTERMINAL_Read(BufferIndex = 0, BufferSize = 0x00010000)
T90E4 189:287.344   - 0.028ms returns 0
T90E4 189:337.632   JLINK_RTTERMINAL_Read(BufferIndex = 0, BufferSize = 0x00010000)
T90E4 189:337.664   - 0.029ms returns 0
T7AD0 189:385.184 JLINK_IsHalted()
T7AD0 189:385.664 - 0.475ms returns FALSE
T7AD0 189:385.680 JLINK_IsHalted()
T7AD0 189:386.768 - 1.094ms returns FALSE
T90E4 189:388.576   JLINK_RTTERMINAL_Read(BufferIndex = 0, BufferSize = 0x00010000)
T90E4 189:388.608   - 0.017ms returns 0
T90E4 189:439.136   JLINK_RTTERMINAL_Read(BufferIndex = 0, BufferSize = 0x00010000)
T90E4 189:439.184   - 0.038ms returns 0
T90E4 189:490.160   JLINK_RTTERMINAL_Read(BufferIndex = 0, BufferSize = 0x00010000)
T90E4 189:490.208   - 0.032ms returns 0
T7AD0 189:495.200 JLINK_IsHalted()
T7AD0 189:496.352 - 1.155ms returns FALSE
T7AD0 189:496.352 JLINK_IsHalted()
T7AD0 189:497.456 - 1.089ms returns FALSE
T90E4 189:541.392   JLINK_RTTERMINAL_Read(BufferIndex = 0, BufferSize = 0x00010000)
T90E4 189:541.424   - 0.031ms returns 0
T90E4 189:592.368   JLINK_RTTERMINAL_Read(BufferIndex = 0, BufferSize = 0x00010000)
T90E4 189:592.416   - 0.030ms returns 0
T7AD0 189:604.192 JLINK_IsHalted()
T7AD0 189:604.752 - 0.561ms returns FALSE
T7AD0 189:604.768 JLINK_IsHalted()
T7AD0 189:605.856 - 1.097ms returns FALSE
T90E4 189:643.120   JLINK_RTTERMINAL_Read(BufferIndex = 0, BufferSize = 0x00010000)
T90E4 189:643.152   - 0.031ms returns 0
T90E4 189:693.888   JLINK_RTTERMINAL_Read(BufferIndex = 0, BufferSize = 0x00010000)
T90E4 189:693.920   - 0.023ms returns 0
T7AD0 189:713.936 JLINK_IsHalted()
T7AD0 189:714.960 - 1.030ms returns FALSE
T7AD0 189:714.976 JLINK_IsHalted()
T7AD0 189:716.048 - 1.077ms returns FALSE
T90E4 189:744.160   JLINK_RTTERMINAL_Read(BufferIndex = 0, BufferSize = 0x00010000)
T90E4 189:744.192   - 0.031ms returns 0
T90E4 189:795.072   JLINK_RTTERMINAL_Read(BufferIndex = 0, BufferSize = 0x00010000)
T90E4 189:795.104   - 0.029ms returns 0
T7AD0 189:823.136 JLINK_IsHalted()
T7AD0 189:823.696 - 0.563ms returns FALSE
T7AD0 189:823.712 JLINK_IsHalted()
T7AD0 189:824.800 - 1.090ms returns FALSE
T90E4 189:846.288   JLINK_RTTERMINAL_Read(BufferIndex = 0, BufferSize = 0x00010000)
T90E4 189:846.304   - 0.029ms returns 94
T90E4 189:846.512   JLINK_RTTERMINAL_Read(BufferIndex = 0, BufferSize = 0x00010000)
T90E4 189:846.528   - 0.023ms returns 0
T90E4 189:897.232   JLINK_RTTERMINAL_Read(BufferIndex = 0, BufferSize = 0x00010000)
T90E4 189:897.248   - 0.030ms returns 0
T7AD0 189:932.944 JLINK_IsHalted()
T7AD0 189:933.856 - 0.919ms returns FALSE
T7AD0 189:933.904 JLINK_IsHalted()
T7AD0 189:934.960 - 1.060ms returns FALSE
T90E4 189:948.576   JLINK_RTTERMINAL_Read(BufferIndex = 0, BufferSize = 0x00010000)
T90E4 189:948.608   - 0.032ms returns 0
T90E4 189:999.264   JLINK_RTTERMINAL_Read(BufferIndex = 0, BufferSize = 0x00010000)
T90E4 189:999.280   - 0.036ms returns 0
T7AD0 190:041.888 JLINK_IsHalted()
T7AD0 190:043.040 - 1.152ms returns FALSE
T7AD0 190:043.072 JLINK_IsHalted()
T7AD0 190:044.144 - 1.077ms returns FALSE
T90E4 190:049.872   JLINK_RTTERMINAL_Read(BufferIndex = 0, BufferSize = 0x00010000)
T90E4 190:049.904   - 0.038ms returns 0
T90E4 190:100.864   JLINK_RTTERMINAL_Read(BufferIndex = 0, BufferSize = 0x00010000)
T90E4 190:100.896   - 0.039ms returns 0
T7AD0 190:151.584 JLINK_IsHalted()
T7AD0 190:152.544 - 0.970ms returns FALSE
T90E4 190:152.560   JLINK_RTTERMINAL_Read(BufferIndex = 0, BufferSize = 0x00010000)
T90E4 190:152.592   - 0.016ms returns 0
T7AD0 190:152.656 JLINK_IsHalted()
T7AD0 190:153.680 - 1.018ms returns FALSE
T1758 190:191.776 JLINK_IsHalted()
T1758 190:192.368 - 0.588ms returns FALSE
T1758 190:192.368 JLINK_IsHalted()
T1758 190:193.504 - 1.122ms returns FALSE
T90E4 190:203.664   JLINK_RTTERMINAL_Read(BufferIndex = 0, BufferSize = 0x00010000)
T90E4 190:203.680   - 0.024ms returns 0
T90E4 190:254.592   JLINK_RTTERMINAL_Read(BufferIndex = 0, BufferSize = 0x00010000)
T90E4 190:254.624   - 0.026ms returns 0
T7AD0 190:260.464 JLINK_IsHalted()
T7AD0 190:261.344 - 0.882ms returns FALSE
T7AD0 190:261.360 JLINK_IsHalted()
T7AD0 190:262.480 - 1.111ms returns FALSE
T90E4 190:305.584   JLINK_RTTERMINAL_Read(BufferIndex = 0, BufferSize = 0x00010000)
T90E4 190:305.616   - 0.024ms returns 0
T90E4 190:356.720   JLINK_RTTERMINAL_Read(BufferIndex = 0, BufferSize = 0x00010000)
T90E4 190:356.768   - 0.029ms returns 0
T7AD0 190:370.368 JLINK_IsHalted()
T7AD0 190:371.568 - 1.202ms returns FALSE
T7AD0 190:371.584 JLINK_IsHalted()
T7AD0 190:372.688 - 1.106ms returns FALSE
T90E4 190:406.976   JLINK_RTTERMINAL_Read(BufferIndex = 0, BufferSize = 0x00010000)
T90E4 190:407.008   - 0.033ms returns 0
T90E4 190:457.984   JLINK_RTTERMINAL_Read(BufferIndex = 0, BufferSize = 0x00010000)
T90E4 190:458.016   - 0.025ms returns 0
T7AD0 190:478.896 JLINK_IsHalted()
T7AD0 190:479.952 - 1.051ms returns FALSE
T7AD0 190:479.968 JLINK_IsHalted()
T7AD0 190:481.056 - 1.091ms returns FALSE
T90E4 190:508.976   JLINK_RTTERMINAL_Read(BufferIndex = 0, BufferSize = 0x00010000)
T90E4 190:509.024   - 0.029ms returns 0
T90E4 190:559.808   JLINK_RTTERMINAL_Read(BufferIndex = 0, BufferSize = 0x00010000)
T90E4 190:559.840   - 0.032ms returns 0
T7AD0 190:588.288 JLINK_IsHalted()
T7AD0 190:589.152 - 0.862ms returns FALSE
T7AD0 190:589.152 JLINK_IsHalted()
T7AD0 190:590.240 - 1.090ms returns FALSE
T90E4 190:610.448   JLINK_RTTERMINAL_Read(BufferIndex = 0, BufferSize = 0x00010000)
T90E4 190:610.480   - 0.032ms returns 0
T90E4 190:660.768   JLINK_RTTERMINAL_Read(BufferIndex = 0, BufferSize = 0x00010000)
T90E4 190:660.800   - 0.031ms returns 0
T7AD0 190:697.776 JLINK_IsHalted()
T7AD0 190:698.432 - 0.655ms returns FALSE
T7AD0 190:698.464 JLINK_IsHalted()
T7AD0 190:699.552 - 1.084ms returns FALSE
T90E4 190:712.352   JLINK_RTTERMINAL_Read(BufferIndex = 0, BufferSize = 0x00010000)
T90E4 190:712.384   - 0.024ms returns 0
T90E4 190:763.504   JLINK_RTTERMINAL_Read(BufferIndex = 0, BufferSize = 0x00010000)
T90E4 190:763.552   - 0.040ms returns 0
T7AD0 190:807.504 JLINK_IsHalted()
T7AD0 190:807.904 - 0.394ms returns FALSE
T7AD0 190:807.904 JLINK_IsHalted()
T7AD0 190:809.024 - 1.121ms returns FALSE
T90E4 190:813.776   JLINK_RTTERMINAL_Read(BufferIndex = 0, BufferSize = 0x00010000)
T90E4 190:813.792   - 0.017ms returns 0
T90E4 190:864.144   JLINK_RTTERMINAL_Read(BufferIndex = 0, BufferSize = 0x00010000)
T90E4 190:864.160   - 0.029ms returns 94
T90E4 190:864.352   JLINK_RTTERMINAL_Read(BufferIndex = 0, BufferSize = 0x00010000)
T90E4 190:864.368   - 0.023ms returns 0
T90E4 190:915.552   JLINK_RTTERMINAL_Read(BufferIndex = 0, BufferSize = 0x00010000)
T90E4 190:915.600   - 0.041ms returns 0
T7AD0 190:916.448 JLINK_IsHalted()
T7AD0 190:917.696 - 1.231ms returns FALSE
T7AD0 190:917.712 JLINK_IsHalted()
T7AD0 190:918.784 - 1.073ms returns FALSE
T90E4 190:965.920   JLINK_RTTERMINAL_Read(BufferIndex = 0, BufferSize = 0x00010000)
T90E4 190:965.968   - 0.039ms returns 0
T90E4 191:016.544   JLINK_RTTERMINAL_Read(BufferIndex = 0, BufferSize = 0x00010000)
T90E4 191:016.592   - 0.042ms returns 0
T7AD0 191:026.768 JLINK_IsHalted()
T7AD0 191:027.872 - 1.101ms returns FALSE
T7AD0 191:027.888 JLINK_IsHalted()
T7AD0 191:028.976 - 1.078ms returns FALSE
T90E4 191:067.088   JLINK_RTTERMINAL_Read(BufferIndex = 0, BufferSize = 0x00010000)
T90E4 191:067.120   - 0.030ms returns 0
T90E4 191:117.472   JLINK_RTTERMINAL_Read(BufferIndex = 0, BufferSize = 0x00010000)
T90E4 191:117.504   - 0.030ms returns 0
T7AD0 191:135.408 JLINK_IsHalted()
T7AD0 191:136.480 - 1.073ms returns FALSE
T7AD0 191:136.496 JLINK_IsHalted()
T7AD0 191:137.664 - 1.164ms returns FALSE
T90E4 191:168.704   JLINK_RTTERMINAL_Read(BufferIndex = 0, BufferSize = 0x00010000)
T90E4 191:168.736   - 0.034ms returns 0
T1758 191:194.144 JLINK_IsHalted()
T1758 191:194.592 - 0.461ms returns FALSE
T1758 191:194.608 JLINK_IsHalted()
T1758 191:195.760 - 1.153ms returns FALSE
T90E4 191:219.600   JLINK_RTTERMINAL_Read(BufferIndex = 0, BufferSize = 0x00010000)
T90E4 191:219.616   - 0.029ms returns 0
T7AD0 191:244.672 JLINK_IsHalted()
T7AD0 191:245.248 - 0.582ms returns FALSE
T7AD0 191:245.264 JLINK_IsHalted()
T7AD0 191:246.352 - 1.092ms returns FALSE
T90E4 191:270.080   JLINK_RTTERMINAL_Read(BufferIndex = 0, BufferSize = 0x00010000)
T90E4 191:270.112   - 0.030ms returns 0
T90E4 191:320.672   JLINK_RTTERMINAL_Read(BufferIndex = 0, BufferSize = 0x00010000)
T90E4 191:320.688   - 0.023ms returns 0
T7AD0 191:354.192 JLINK_IsHalted()
T7AD0 191:354.528 - 0.354ms returns FALSE
T7AD0 191:354.544 JLINK_IsHalted()
T7AD0 191:355.664 - 1.113ms returns FALSE
T90E4 191:371.664   JLINK_RTTERMINAL_Read(BufferIndex = 0, BufferSize = 0x00010000)
T90E4 191:371.696   - 0.033ms returns 0
T90E4 191:422.912   JLINK_RTTERMINAL_Read(BufferIndex = 0, BufferSize = 0x00010000)
T90E4 191:422.944   - 0.026ms returns 0
T7AD0 191:464.400 JLINK_IsHalted()
T7AD0 191:464.784 - 0.384ms returns FALSE
T7AD0 191:464.800 JLINK_IsHalted()
T7AD0 191:465.888 - 1.089ms returns FALSE
T90E4 191:473.456   JLINK_RTTERMINAL_Read(BufferIndex = 0, BufferSize = 0x00010000)
T90E4 191:473.472   - 0.013ms returns 0
T90E4 191:525.120   JLINK_RTTERMINAL_Read(BufferIndex = 0, BufferSize = 0x00010000)
T90E4 191:525.152   - 0.038ms returns 0
T7AD0 191:573.600 JLINK_IsHalted()
T7AD0 191:574.128 - 0.533ms returns FALSE
T7AD0 191:574.144 JLINK_IsHalted()
T7AD0 191:575.248 - 1.091ms returns FALSE
T90E4 191:575.696   JLINK_RTTERMINAL_Read(BufferIndex = 0, BufferSize = 0x00010000)
T90E4 191:575.712   - 0.016ms returns 0
T90E4 191:626.240   JLINK_RTTERMINAL_Read(BufferIndex = 0, BufferSize = 0x00010000)
T90E4 191:626.272   - 0.027ms returns 0
T90E4 191:676.736   JLINK_RTTERMINAL_Read(BufferIndex = 0, BufferSize = 0x00010000)
T90E4 191:676.768   - 0.022ms returns 0
T7AD0 191:682.640 JLINK_IsHalted()
T7AD0 191:683.504 - 0.874ms returns FALSE
T7AD0 191:683.520 JLINK_IsHalted()
T7AD0 191:684.688 - 1.166ms returns FALSE
T90E4 191:727.712   JLINK_RTTERMINAL_Read(BufferIndex = 0, BufferSize = 0x00010000)
T90E4 191:727.744   - 0.030ms returns 0
T90E4 191:778.784   JLINK_RTTERMINAL_Read(BufferIndex = 0, BufferSize = 0x00010000)
T90E4 191:778.832   - 0.037ms returns 0
T7AD0 191:791.680 JLINK_IsHalted()
T7AD0 191:792.832 - 1.154ms returns FALSE
T7AD0 191:792.864 JLINK_IsHalted()
T7AD0 191:793.952 - 1.084ms returns FALSE
T90E4 191:829.408   JLINK_RTTERMINAL_Read(BufferIndex = 0, BufferSize = 0x00010000)
T90E4 191:829.456   - 0.037ms returns 94
T90E4 191:829.632   JLINK_RTTERMINAL_Read(BufferIndex = 0, BufferSize = 0x00010000)
T90E4 191:829.648   - 0.015ms returns 0
T90E4 191:879.920   JLINK_RTTERMINAL_Read(BufferIndex = 0, BufferSize = 0x00010000)
T90E4 191:879.968   - 0.042ms returns 0
T7AD0 191:901.392 JLINK_IsHalted()
T7AD0 191:901.792 - 0.411ms returns FALSE
T7AD0 191:901.824 JLINK_IsHalted()
T7AD0 191:902.880 - 1.070ms returns FALSE
T90E4 191:930.896   JLINK_RTTERMINAL_Read(BufferIndex = 0, BufferSize = 0x00010000)
T90E4 191:930.928   - 0.039ms returns 0
T90E4 191:981.600   JLINK_RTTERMINAL_Read(BufferIndex = 0, BufferSize = 0x00010000)
T90E4 191:981.616   - 0.031ms returns 0
T7AD0 192:010.448 JLINK_IsHalted()
T7AD0 192:010.992 - 0.555ms returns FALSE
T7AD0 192:011.024 JLINK_IsHalted()
T7AD0 192:012.096 - 1.074ms returns FALSE
T90E4 192:032.192   JLINK_RTTERMINAL_Read(BufferIndex = 0, BufferSize = 0x00010000)
T90E4 192:032.224   - 0.029ms returns 0
T90E4 192:083.536   JLINK_RTTERMINAL_Read(BufferIndex = 0, BufferSize = 0x00010000)
T90E4 192:083.568   - 0.034ms returns 0
T7AD0 192:119.456 JLINK_IsHalted()
T7AD0 192:120.288 - 0.832ms returns FALSE
T7AD0 192:120.304 JLINK_IsHalted()
T7AD0 192:121.408 - 1.094ms returns FALSE
T90E4 192:134.576   JLINK_RTTERMINAL_Read(BufferIndex = 0, BufferSize = 0x00010000)
T90E4 192:134.624   - 0.036ms returns 0
T90E4 192:185.040   JLINK_RTTERMINAL_Read(BufferIndex = 0, BufferSize = 0x00010000)
T90E4 192:185.072   - 0.033ms returns 0
T1758 192:195.648 JLINK_IsHalted()
T1758 192:196.848 - 1.208ms returns FALSE
T1758 192:196.880 JLINK_IsHalted()
T1758 192:197.952 - 1.071ms returns FALSE
T7AD0 192:229.168 JLINK_IsHalted()
T7AD0 192:230.176 - 1.009ms returns FALSE
T7AD0 192:230.208 JLINK_IsHalted()
T7AD0 192:231.280 - 1.075ms returns FALSE
T90E4 192:235.296   JLINK_RTTERMINAL_Read(BufferIndex = 0, BufferSize = 0x00010000)
T90E4 192:235.312   - 0.028ms returns 0
T90E4 192:285.792   JLINK_RTTERMINAL_Read(BufferIndex = 0, BufferSize = 0x00010000)
T90E4 192:285.824   - 0.031ms returns 0
T90E4 192:336.704   JLINK_RTTERMINAL_Read(BufferIndex = 0, BufferSize = 0x00010000)
T90E4 192:336.736   - 0.032ms returns 0
T7AD0 192:338.592 JLINK_IsHalted()
T7AD0 192:339.488 - 0.908ms returns FALSE
T7AD0 192:339.504 JLINK_IsHalted()
T7AD0 192:340.688 - 1.172ms returns FALSE
T90E4 192:387.296   JLINK_RTTERMINAL_Read(BufferIndex = 0, BufferSize = 0x00010000)
T90E4 192:387.344   - 0.029ms returns 0
T90E4 192:438.064   JLINK_RTTERMINAL_Read(BufferIndex = 0, BufferSize = 0x00010000)
T90E4 192:438.096   - 0.030ms returns 0
T7AD0 192:447.984 JLINK_IsHalted()
T7AD0 192:448.864 - 0.875ms returns FALSE
T7AD0 192:448.880 JLINK_IsHalted()
T7AD0 192:449.968 - 1.091ms returns FALSE
T90E4 192:488.896   JLINK_RTTERMINAL_Read(BufferIndex = 0, BufferSize = 0x00010000)
T90E4 192:488.928   - 0.031ms returns 0
T90E4 192:539.232   JLINK_RTTERMINAL_Read(BufferIndex = 0, BufferSize = 0x00010000)
T90E4 192:539.264   - 0.030ms returns 0
T7AD0 192:559.152 JLINK_IsHalted()
T7AD0 192:560.144 - 0.987ms returns FALSE
T7AD0 192:560.160 JLINK_IsHalted()
T7AD0 192:561.248 - 1.090ms returns FALSE
T90E4 192:589.664   JLINK_RTTERMINAL_Read(BufferIndex = 0, BufferSize = 0x00010000)
T90E4 192:589.712   - 0.030ms returns 0
T90E4 192:640.880   JLINK_RTTERMINAL_Read(BufferIndex = 0, BufferSize = 0x00010000)
T90E4 192:640.928   - 0.029ms returns 0
T7AD0 192:666.864 JLINK_IsHalted()
T7AD0 192:667.536 - 0.666ms returns FALSE
T7AD0 192:667.552 JLINK_IsHalted()
T7AD0 192:668.688 - 1.137ms returns FALSE
T90E4 192:691.952   JLINK_RTTERMINAL_Read(BufferIndex = 0, BufferSize = 0x00010000)
T90E4 192:691.984   - 0.031ms returns 0
T90E4 192:743.040   JLINK_RTTERMINAL_Read(BufferIndex = 0, BufferSize = 0x00010000)
T90E4 192:743.072   - 0.030ms returns 0
T7AD0 192:776.864 JLINK_IsHalted()
T7AD0 192:777.920 - 1.061ms returns FALSE
T7AD0 192:777.936 JLINK_IsHalted()
T7AD0 192:779.040 - 1.093ms returns FALSE
T90E4 192:794.144   JLINK_RTTERMINAL_Read(BufferIndex = 0, BufferSize = 0x00010000)
T90E4 192:794.160   - 0.018ms returns 0
T90E4 192:845.104   JLINK_RTTERMINAL_Read(BufferIndex = 0, BufferSize = 0x00010000)
T90E4 192:845.136   - 0.026ms returns 94
T90E4 192:845.280   JLINK_RTTERMINAL_Read(BufferIndex = 0, BufferSize = 0x00010000)
T90E4 192:845.296   - 0.015ms returns 0
T7AD0 192:885.296 JLINK_IsHalted()
T7AD0 192:886.368 - 1.075ms returns FALSE
T7AD0 192:886.400 JLINK_IsHalted()
T7AD0 192:887.472 - 1.076ms returns FALSE
T90E4 192:896.400   JLINK_RTTERMINAL_Read(BufferIndex = 0, BufferSize = 0x00010000)
T90E4 192:896.416   - 0.030ms returns 0
T90E4 192:947.216   JLINK_RTTERMINAL_Read(BufferIndex = 0, BufferSize = 0x00010000)
T90E4 192:947.232   - 0.030ms returns 0
T7AD0 192:994.496 JLINK_IsHalted()
T7AD0 192:995.136 - 0.630ms returns FALSE
T7AD0 192:995.152 JLINK_IsHalted()
T7AD0 192:996.224 - 1.075ms returns FALSE
T90E4 192:997.632   JLINK_RTTERMINAL_Read(BufferIndex = 0, BufferSize = 0x00010000)
T90E4 192:997.664   - 0.022ms returns 0
T90E4 193:048.608   JLINK_RTTERMINAL_Read(BufferIndex = 0, BufferSize = 0x00010000)
T90E4 193:048.640   - 0.024ms returns 0
T90E4 193:099.168   JLINK_RTTERMINAL_Read(BufferIndex = 0, BufferSize = 0x00010000)
T90E4 193:099.184   - 0.028ms returns 0
T7AD0 193:105.184 JLINK_IsHalted()
T7AD0 193:106.256 - 1.065ms returns FALSE
T7AD0 193:106.272 JLINK_IsHalted()
T7AD0 193:107.360 - 1.070ms returns FALSE
T90E4 193:150.096   JLINK_RTTERMINAL_Read(BufferIndex = 0, BufferSize = 0x00010000)
T90E4 193:150.112   - 0.022ms returns 0
T1758 193:198.192 JLINK_IsHalted()
T1758 193:199.376 - 1.173ms returns FALSE
T1758 193:199.392 JLINK_IsHalted()
T1758 193:200.480 - 1.078ms returns FALSE
T90E4 193:201.056   JLINK_RTTERMINAL_Read(BufferIndex = 0, BufferSize = 0x00010000)
T90E4 193:201.072   - 0.013ms returns 0
T7AD0 193:215.200 JLINK_IsHalted()
T7AD0 193:216.272 - 1.065ms returns FALSE
T7AD0 193:216.288 JLINK_IsHalted()
T7AD0 193:217.360 - 1.077ms returns FALSE
T90E4 193:252.000   JLINK_RTTERMINAL_Read(BufferIndex = 0, BufferSize = 0x00010000)
T90E4 193:252.032   - 0.035ms returns 0
T90E4 193:302.416   JLINK_RTTERMINAL_Read(BufferIndex = 0, BufferSize = 0x00010000)
T90E4 193:302.448   - 0.040ms returns 0
T7AD0 193:323.296 JLINK_IsHalted()
T7AD0 193:323.680 - 0.375ms returns FALSE
T7AD0 193:323.696 JLINK_IsHalted()
T7AD0 193:324.784 - 1.086ms returns FALSE
T90E4 193:352.912   JLINK_RTTERMINAL_Read(BufferIndex = 0, BufferSize = 0x00010000)
T90E4 193:352.928   - 0.028ms returns 0
T90E4 193:403.168   JLINK_RTTERMINAL_Read(BufferIndex = 0, BufferSize = 0x00010000)
T90E4 193:403.200   - 0.043ms returns 0
T7AD0 193:432.096 JLINK_IsHalted()
T7AD0 193:433.152 - 1.050ms returns FALSE
T7AD0 193:433.168 JLINK_IsHalted()
T7AD0 193:434.288 - 1.136ms returns FALSE
T90E4 193:453.920   JLINK_RTTERMINAL_Read(BufferIndex = 0, BufferSize = 0x00010000)
T90E4 193:453.968   - 0.029ms returns 0
T90E4 193:505.120   JLINK_RTTERMINAL_Read(BufferIndex = 0, BufferSize = 0x00010000)
T90E4 193:505.152   - 0.037ms returns 0
T7AD0 193:542.144 JLINK_IsHalted()
T7AD0 193:543.360 - 1.217ms returns FALSE
T7AD0 193:543.376 JLINK_IsHalted()
T7AD0 193:544.464 - 1.083ms returns FALSE
T90E4 193:555.872   JLINK_RTTERMINAL_Read(BufferIndex = 0, BufferSize = 0x00010000)
T90E4 193:555.872   - 0.022ms returns 0
T90E4 193:606.576   JLINK_RTTERMINAL_Read(BufferIndex = 0, BufferSize = 0x00010000)
T90E4 193:606.608   - 0.038ms returns 0
T7AD0 193:651.008 JLINK_IsHalted()
T7AD0 193:651.680 - 0.676ms returns FALSE
T7AD0 193:651.696 JLINK_IsHalted()
T7AD0 193:652.800 - 1.095ms returns FALSE
T90E4 193:657.120   JLINK_RTTERMINAL_Read(BufferIndex = 0, BufferSize = 0x00010000)
T90E4 193:657.120   - 0.019ms returns 0
T90E4 193:707.584   JLINK_RTTERMINAL_Read(BufferIndex = 0, BufferSize = 0x00010000)
T90E4 193:707.616   - 0.038ms returns 0
T90E4 193:758.144   JLINK_RTTERMINAL_Read(BufferIndex = 0, BufferSize = 0x00010000)
T90E4 193:758.176   - 0.031ms returns 0
T7AD0 193:761.056 JLINK_IsHalted()
T7AD0 193:762.128 - 1.067ms returns FALSE
T7AD0 193:762.144 JLINK_IsHalted()
T7AD0 193:763.232 - 1.074ms returns FALSE
T90E4 193:808.624   JLINK_RTTERMINAL_Read(BufferIndex = 0, BufferSize = 0x00010000)
T90E4 193:808.656   - 0.031ms returns 0
T90E4 193:859.136   JLINK_RTTERMINAL_Read(BufferIndex = 0, BufferSize = 0x00010000)
T90E4 193:859.168   - 0.028ms returns 94
T90E4 193:859.328   JLINK_RTTERMINAL_Read(BufferIndex = 0, BufferSize = 0x00010000)
T90E4 193:859.328   - 0.008ms returns 0
T7AD0 193:869.888 JLINK_IsHalted()
T7AD0 193:870.800 - 0.909ms returns FALSE
T7AD0 193:870.816 JLINK_IsHalted()
T7AD0 193:871.888 - 1.071ms returns FALSE
T90E4 193:910.176   JLINK_RTTERMINAL_Read(BufferIndex = 0, BufferSize = 0x00010000)
T90E4 193:910.208   - 0.030ms returns 0
T90E4 193:961.344   JLINK_RTTERMINAL_Read(BufferIndex = 0, BufferSize = 0x00010000)
T90E4 193:961.376   - 0.032ms returns 0
T7AD0 193:979.360 JLINK_IsHalted()
T7AD0 193:980.288 - 0.938ms returns FALSE
T7AD0 193:980.304 JLINK_IsHalted()
T7AD0 193:981.392 - 1.096ms returns FALSE
T90E4 194:012.480   JLINK_RTTERMINAL_Read(BufferIndex = 0, BufferSize = 0x00010000)
T90E4 194:012.512   - 0.024ms returns 0
T90E4 194:063.264   JLINK_RTTERMINAL_Read(BufferIndex = 0, BufferSize = 0x00010000)
T90E4 194:063.296   - 0.032ms returns 0
T7AD0 194:090.432 JLINK_IsHalted()
T7AD0 194:091.520 - 1.085ms returns FALSE
T7AD0 194:091.536 JLINK_IsHalted()
T7AD0 194:092.688 - 1.150ms returns FALSE
T90E4 194:114.288   JLINK_RTTERMINAL_Read(BufferIndex = 0, BufferSize = 0x00010000)
T90E4 194:114.320   - 0.018ms returns 0
T90E4 194:164.544   JLINK_RTTERMINAL_Read(BufferIndex = 0, BufferSize = 0x00010000)
T90E4 194:164.592   - 0.044ms returns 0
T7AD0 194:197.792 JLINK_IsHalted()
T7AD0 194:198.336 - 0.536ms returns FALSE
T7AD0 194:198.336 JLINK_IsHalted()
T7AD0 194:199.424 - 1.085ms returns FALSE
T1758 194:200.672 JLINK_IsHalted()
T1758 194:201.408 - 0.732ms returns FALSE
T1758 194:201.424 JLINK_IsHalted()
T1758 194:202.512 - 1.083ms returns FALSE
T90E4 194:215.616   JLINK_RTTERMINAL_Read(BufferIndex = 0, BufferSize = 0x00010000)
T90E4 194:215.648   - 0.028ms returns 0
T90E4 194:266.592   JLINK_RTTERMINAL_Read(BufferIndex = 0, BufferSize = 0x00010000)
T90E4 194:266.608   - 0.030ms returns 0
T7AD0 194:307.360 JLINK_IsHalted()
T7AD0 194:307.984 - 0.613ms returns FALSE
T7AD0 194:308.000 JLINK_IsHalted()
T7AD0 194:309.088 - 1.082ms returns FALSE
T90E4 194:317.488   JLINK_RTTERMINAL_Read(BufferIndex = 0, BufferSize = 0x00010000)
T90E4 194:317.520   - 0.025ms returns 0
T90E4 194:367.984   JLINK_RTTERMINAL_Read(BufferIndex = 0, BufferSize = 0x00010000)
T90E4 194:368.032   - 0.033ms returns 0
T7AD0 194:418.048 JLINK_IsHalted()
T7AD0 194:419.136 - 1.085ms returns FALSE
T90E4 194:419.168   JLINK_RTTERMINAL_Read(BufferIndex = 0, BufferSize = 0x00010000)
T90E4 194:419.168   - 0.011ms returns 0
T7AD0 194:419.264 JLINK_IsHalted()
T7AD0 194:420.240 - 0.979ms returns FALSE
T90E4 194:469.616   JLINK_RTTERMINAL_Read(BufferIndex = 0, BufferSize = 0x00010000)
T90E4 194:469.648   - 0.023ms returns 0
T90E4 194:519.872   JLINK_RTTERMINAL_Read(BufferIndex = 0, BufferSize = 0x00010000)
T90E4 194:519.904   - 0.027ms returns 0
T7AD0 194:526.272 JLINK_IsHalted()
T7AD0 194:527.584 - 1.297ms returns FALSE
T7AD0 194:527.600 JLINK_IsHalted()
T7AD0 194:528.528 - 0.924ms returns FALSE
T90E4 194:570.944   JLINK_RTTERMINAL_Read(BufferIndex = 0, BufferSize = 0x00010000)
T90E4 194:570.976   - 0.033ms returns 0
T90E4 194:622.064   JLINK_RTTERMINAL_Read(BufferIndex = 0, BufferSize = 0x00010000)
T90E4 194:622.096   - 0.028ms returns 0
T7AD0 194:635.952 JLINK_IsHalted()
T7AD0 194:636.736 - 0.776ms returns FALSE
T7AD0 194:636.752 JLINK_IsHalted()
T7AD0 194:637.840 - 1.087ms returns FALSE
T90E4 194:673.184   JLINK_RTTERMINAL_Read(BufferIndex = 0, BufferSize = 0x00010000)
T90E4 194:673.216   - 0.029ms returns 0
T90E4 194:723.424   JLINK_RTTERMINAL_Read(BufferIndex = 0, BufferSize = 0x00010000)
T90E4 194:723.472   - 0.029ms returns 0
T7AD0 194:745.440 JLINK_IsHalted()
T7AD0 194:746.016 - 0.571ms returns FALSE
T7AD0 194:746.016 JLINK_IsHalted()
T7AD0 194:747.120 - 1.094ms returns FALSE
T90E4 194:774.016   JLINK_RTTERMINAL_Read(BufferIndex = 0, BufferSize = 0x00010000)
T90E4 194:774.048   - 0.028ms returns 0
T90E4 194:826.016   JLINK_RTTERMINAL_Read(BufferIndex = 0, BufferSize = 0x00010000)
T90E4 194:826.032   - 0.029ms returns 94
T90E4 194:826.208   JLINK_RTTERMINAL_Read(BufferIndex = 0, BufferSize = 0x00010000)
T90E4 194:826.224   - 0.019ms returns 0
T7AD0 194:854.288 JLINK_IsHalted()
T7AD0 194:855.392 - 1.108ms returns FALSE
T7AD0 194:855.408 JLINK_IsHalted()
T7AD0 194:856.496 - 1.086ms returns FALSE
T90E4 194:877.360   JLINK_RTTERMINAL_Read(BufferIndex = 0, BufferSize = 0x00010000)
T90E4 194:877.408   - 0.037ms returns 0
T90E4 194:927.776   JLINK_RTTERMINAL_Read(BufferIndex = 0, BufferSize = 0x00010000)
T90E4 194:927.808   - 0.041ms returns 0
T7AD0 194:964.128 JLINK_IsHalted()
T7AD0 194:964.672 - 0.534ms returns FALSE
T7AD0 194:964.688 JLINK_IsHalted()
T7AD0 194:965.792 - 1.102ms returns FALSE
T90E4 194:978.208   JLINK_RTTERMINAL_Read(BufferIndex = 0, BufferSize = 0x00010000)
T90E4 194:978.240   - 0.025ms returns 0
T90E4 195:028.704   JLINK_RTTERMINAL_Read(BufferIndex = 0, BufferSize = 0x00010000)
T90E4 195:028.752   - 0.030ms returns 0
T7AD0 195:073.152 JLINK_IsHalted()
T7AD0 195:074.288 - 1.140ms returns FALSE
T7AD0 195:074.304 JLINK_IsHalted()
T7AD0 195:075.392 - 1.089ms returns FALSE
T90E4 195:079.520   JLINK_RTTERMINAL_Read(BufferIndex = 0, BufferSize = 0x00010000)
T90E4 195:079.536   - 0.016ms returns 0
T90E4 195:130.016   JLINK_RTTERMINAL_Read(BufferIndex = 0, BufferSize = 0x00010000)
T90E4 195:130.080   - 0.041ms returns 0
T7AD0 195:182.352 JLINK_IsHalted()
T7AD0 195:183.504 - 1.156ms returns FALSE
T7AD0 195:183.520 JLINK_IsHalted()
T7AD0 195:184.672 - 1.147ms returns FALSE
T1758 195:203.552 JLINK_IsHalted()
T1758 195:204.576 - 1.019ms returns FALSE
T1758 195:204.592 JLINK_IsHalted()
T1758 195:205.680 - 1.093ms returns FALSE
T7AD0 195:292.816 JLINK_IsHalted()
T7AD0 195:293.856 - 1.033ms returns FALSE
T7AD0 195:293.872 JLINK_IsHalted()
T7AD0 195:294.992 - 1.111ms returns FALSE
T7AD0 195:400.736 JLINK_IsHalted()
T7AD0 195:401.824 - 1.101ms returns FALSE
T7AD0 195:401.840 JLINK_IsHalted()
T7AD0 195:402.912 - 1.068ms returns FALSE
T7AD0 195:510.544 JLINK_IsHalted()
T7AD0 195:511.072 - 0.526ms returns FALSE
T7AD0 195:511.072 JLINK_IsHalted()
T7AD0 195:512.160 - 1.084ms returns FALSE
T7AD0 195:619.696 JLINK_IsHalted()
T7AD0 195:620.064 - 0.362ms returns FALSE
T7AD0 195:620.064 JLINK_IsHalted()
T7AD0 195:621.152 - 1.083ms returns FALSE
T7AD0 195:729.552 JLINK_IsHalted()
T7AD0 195:729.952 - 0.399ms returns FALSE
T7AD0 195:729.952 JLINK_IsHalted()
T7AD0 195:731.040 - 1.080ms returns FALSE
T7AD0 195:838.240 JLINK_IsHalted()
T7AD0 195:839.248 - 1.012ms returns FALSE
T7AD0 195:839.264 JLINK_IsHalted()
T7AD0 195:840.384 - 1.105ms returns FALSE
T7AD0 195:947.696 JLINK_IsHalted()
T7AD0 195:948.320 - 0.609ms returns FALSE
T7AD0 195:948.320 JLINK_IsHalted()
T7AD0 195:949.456 - 1.140ms returns FALSE
T7AD0 196:057.312 JLINK_IsHalted()
T7AD0 196:058.144 - 0.837ms returns FALSE
T7AD0 196:058.144 JLINK_IsHalted()
T7AD0 196:059.232 - 1.071ms returns FALSE
T7AD0 196:167.872 JLINK_IsHalted()
T7AD0 196:168.960 - 1.089ms returns FALSE
T7AD0 196:168.992 JLINK_IsHalted()
T7AD0 196:170.048 - 1.061ms returns FALSE
T1758 196:204.896 JLINK_IsHalted()
T1758 196:205.216 - 0.321ms returns FALSE
T1758 196:205.216 JLINK_IsHalted()
T1758 196:206.304 - 1.079ms returns FALSE
T7AD0 196:276.352 JLINK_IsHalted()
T7AD0 196:277.552 - 1.199ms returns FALSE
T7AD0 196:277.568 JLINK_IsHalted()
T7AD0 196:278.688 - 1.123ms returns FALSE
T7AD0 196:386.208 JLINK_IsHalted()
T7AD0 196:386.704 - 0.482ms returns FALSE
T7AD0 196:386.720 JLINK_IsHalted()
T7AD0 196:387.744 - 1.037ms returns FALSE
T7AD0 196:494.992 JLINK_IsHalted()
T7AD0 196:495.712 - 0.726ms returns FALSE
T7AD0 196:495.744 JLINK_IsHalted()
T7AD0 196:496.784 - 1.039ms returns FALSE
T7AD0 196:604.704 JLINK_IsHalted()
T7AD0 196:605.680 - 0.971ms returns FALSE
T7AD0 196:605.712 JLINK_IsHalted()
T7AD0 196:606.768 - 1.056ms returns FALSE
T7AD0 196:714.496 JLINK_IsHalted()
T7AD0 196:715.584 - 1.095ms returns FALSE
T7AD0 196:715.616 JLINK_IsHalted()
T7AD0 196:716.688 - 1.066ms returns FALSE
T7AD0 196:823.840 JLINK_IsHalted()
T7AD0 196:824.688 - 0.848ms returns FALSE
T7AD0 196:824.704 JLINK_IsHalted()
T7AD0 196:825.760 - 1.057ms returns FALSE
T7AD0 196:932.720 JLINK_IsHalted()
T7AD0 196:933.664 - 0.939ms returns FALSE
T7AD0 196:933.664 JLINK_IsHalted()
T7AD0 196:934.752 - 1.076ms returns FALSE
T7AD0 197:043.344 JLINK_IsHalted()
T7AD0 197:044.416 - 1.074ms returns FALSE
T7AD0 197:044.432 JLINK_IsHalted()
T7AD0 197:045.488 - 1.055ms returns FALSE
T7AD0 197:151.728 JLINK_IsHalted()
T7AD0 197:152.368 - 0.636ms returns FALSE
T7AD0 197:152.384 JLINK_IsHalted()
T7AD0 197:153.440 - 1.063ms returns FALSE
T1758 197:206.128 JLINK_IsHalted()
T1758 197:206.688 - 0.553ms returns FALSE
T1758 197:206.704 JLINK_IsHalted()
T1758 197:207.776 - 1.057ms returns FALSE
T7AD0 197:260.624 JLINK_IsHalted()
T7AD0 197:261.104 - 0.488ms returns FALSE
T7AD0 197:261.104 JLINK_IsHalted()
T7AD0 197:262.176 - 1.074ms returns FALSE
T7AD0 197:371.760 JLINK_IsHalted()
T7AD0 197:372.832 - 1.068ms returns FALSE
T7AD0 197:372.848 JLINK_IsHalted()
T7AD0 197:373.920 - 1.066ms returns FALSE
T7AD0 197:479.424 JLINK_IsHalted()
T7AD0 197:479.984 - 0.559ms returns FALSE
T7AD0 197:480.000 JLINK_IsHalted()
T7AD0 197:481.120 - 1.111ms returns FALSE
T7AD0 197:589.680 JLINK_IsHalted()
T7AD0 197:590.752 - 1.073ms returns FALSE
T7AD0 197:590.784 JLINK_IsHalted()
T7AD0 197:591.840 - 1.061ms returns FALSE
T7AD0 197:698.592 JLINK_IsHalted()
T7AD0 197:699.680 - 1.086ms returns FALSE
T7AD0 197:699.696 JLINK_IsHalted()
T7AD0 197:700.768 - 1.066ms returns FALSE
T7AD0 197:807.520 JLINK_IsHalted()
T7AD0 197:808.672 - 1.159ms returns FALSE
T7AD0 197:808.688 JLINK_IsHalted()
T7AD0 197:809.760 - 1.067ms returns FALSE
T7AD0 197:916.880 JLINK_IsHalted()
T7AD0 197:917.936 - 1.070ms returns FALSE
T7AD0 197:917.968 JLINK_IsHalted()
T7AD0 197:919.024 - 1.068ms returns FALSE
T7AD0 198:026.336 JLINK_IsHalted()
T7AD0 198:026.848 - 0.530ms returns FALSE
T7AD0 198:026.864 JLINK_IsHalted()
T7AD0 198:027.920 - 1.057ms returns FALSE
T7AD0 198:135.680 JLINK_IsHalted()
T7AD0 198:136.672 - 1.002ms returns FALSE
T7AD0 198:136.704 JLINK_IsHalted()
T7AD0 198:137.760 - 1.062ms returns FALSE
T1758 198:207.920 JLINK_IsHalted()
T1758 198:208.864 - 0.938ms returns FALSE
T1758 198:208.880 JLINK_IsHalted()
T1758 198:209.952 - 1.062ms returns FALSE
T7AD0 198:247.072 JLINK_IsHalted()
T7AD0 198:248.112 - 1.055ms returns FALSE
T7AD0 198:248.144 JLINK_IsHalted()
T7AD0 198:249.168 - 1.032ms returns FALSE
T7AD0 198:354.080 JLINK_IsHalted()
T7AD0 198:355.168 - 1.073ms returns FALSE
T7AD0 198:355.184 JLINK_IsHalted()
T7AD0 198:356.256 - 1.065ms returns FALSE
T7AD0 198:463.312 JLINK_IsHalted()
T7AD0 198:464.176 - 0.868ms returns FALSE
T7AD0 198:464.208 JLINK_IsHalted()
T7AD0 198:465.280 - 1.074ms returns FALSE
T7AD0 198:573.216 JLINK_IsHalted()
T7AD0 198:574.160 - 0.947ms returns FALSE
T7AD0 198:574.176 JLINK_IsHalted()
T7AD0 198:575.248 - 1.073ms returns FALSE
T7AD0 198:682.208 JLINK_IsHalted()
T7AD0 198:683.168 - 0.965ms returns FALSE
T7AD0 198:683.200 JLINK_IsHalted()
T7AD0 198:684.256 - 1.043ms returns FALSE
T7AD0 198:792.864 JLINK_IsHalted()
T7AD0 198:793.936 - 1.076ms returns FALSE
T7AD0 198:793.968 JLINK_IsHalted()
T7AD0 198:795.008 - 1.044ms returns FALSE
T7AD0 198:901.216 JLINK_IsHalted()
T7AD0 198:902.224 - 0.997ms returns FALSE
T7AD0 198:902.240 JLINK_IsHalted()
T7AD0 198:903.280 - 1.044ms returns FALSE
T7AD0 199:010.592 JLINK_IsHalted()
T7AD0 199:011.264 - 0.667ms returns FALSE
T7AD0 199:011.296 JLINK_IsHalted()
T7AD0 199:012.256 - 0.958ms returns FALSE
T7AD0 199:119.872 JLINK_IsHalted()
T7AD0 199:120.944 - 1.075ms returns FALSE
T7AD0 199:120.960 JLINK_IsHalted()
T7AD0 199:122.016 - 1.068ms returns FALSE
T1758 199:210.848 JLINK_IsHalted()
T1758 199:211.936 - 1.084ms returns FALSE
T1758 199:211.952 JLINK_IsHalted()
T1758 199:213.008 - 1.053ms returns FALSE
T7AD0 199:228.944 JLINK_IsHalted()
T7AD0 199:229.392 - 0.453ms returns FALSE
T7AD0 199:229.408 JLINK_IsHalted()
T7AD0 199:230.496 - 1.085ms returns FALSE
T7AD0 199:340.256 JLINK_IsHalted()
T7AD0 199:341.344 - 1.078ms returns FALSE
T7AD0 199:341.360 JLINK_IsHalted()
T7AD0 199:342.448 - 1.081ms returns FALSE
T7AD0 199:448.256 JLINK_IsHalted()
T7AD0 199:449.312 - 1.044ms returns FALSE
T7AD0 199:449.312 JLINK_IsHalted()
T7AD0 199:450.384 - 1.064ms returns FALSE
T7AD0 199:557.120 JLINK_IsHalted()
T7AD0 199:558.128 - 1.014ms returns FALSE
T7AD0 199:558.144 JLINK_IsHalted()
T7AD0 199:559.232 - 1.081ms returns FALSE
T7AD0 199:666.864 JLINK_IsHalted()
T7AD0 199:668.000 - 1.133ms returns FALSE
T7AD0 199:668.032 JLINK_IsHalted()
T7AD0 199:669.152 - 1.121ms returns FALSE
T7AD0 199:775.984 JLINK_IsHalted()
T7AD0 199:776.928 - 0.947ms returns FALSE
T7AD0 199:776.960 JLINK_IsHalted()
T7AD0 199:778.016 - 1.044ms returns FALSE
T7AD0 199:885.648 JLINK_IsHalted()
T7AD0 199:886.112 - 0.474ms returns FALSE
T7AD0 199:886.144 JLINK_IsHalted()
T7AD0 199:887.200 - 1.060ms returns FALSE
T7AD0 199:995.120 JLINK_IsHalted()
T7AD0 199:995.936 - 0.814ms returns FALSE
T7AD0 199:995.952 JLINK_IsHalted()
T7AD0 199:997.024 - 1.077ms returns FALSE
T7AD0 200:103.968 JLINK_IsHalted()
T7AD0 200:104.928 - 0.951ms returns FALSE
T7AD0 200:104.928 JLINK_IsHalted()
T7AD0 200:106.000 - 1.054ms returns FALSE
T7AD0 200:214.688 JLINK_IsHalted()
T7AD0 200:215.776 - 1.067ms returns FALSE
T7AD0 200:215.792 JLINK_IsHalted()
T7AD0 200:216.864 - 1.062ms returns FALSE
T1758 200:216.928 JLINK_IsHalted()
T1758 200:217.936 - 1.009ms returns FALSE
T1758 200:217.952 JLINK_IsHalted()
T1758 200:219.056 - 1.104ms returns FALSE
T7AD0 200:323.360 JLINK_IsHalted()
T7AD0 200:324.448 - 1.084ms returns FALSE
T7AD0 200:324.464 JLINK_IsHalted()
T7AD0 200:325.504 - 1.042ms returns FALSE
T7AD0 200:432.864 JLINK_IsHalted()
T7AD0 200:433.392 - 0.521ms returns FALSE
T7AD0 200:433.408 JLINK_IsHalted()
T7AD0 200:434.496 - 1.083ms returns FALSE
T7AD0 200:541.984 JLINK_IsHalted()
T7AD0 200:542.432 - 0.444ms returns FALSE
T7AD0 200:542.432 JLINK_IsHalted()
T7AD0 200:543.520 - 1.071ms returns FALSE
T7AD0 200:650.944 JLINK_IsHalted()
T7AD0 200:651.424 - 0.485ms returns FALSE
T7AD0 200:651.440 JLINK_IsHalted()
T7AD0 200:652.512 - 1.070ms returns FALSE
T7AD0 200:760.432 JLINK_IsHalted()
T7AD0 200:761.248 - 0.795ms returns FALSE
T7AD0 200:761.248 JLINK_IsHalted()
T7AD0 200:762.320 - 1.050ms returns FALSE
T7AD0 200:870.160 JLINK_IsHalted()
T7AD0 200:871.312 - 1.151ms returns FALSE
T7AD0 200:871.328 JLINK_IsHalted()
T7AD0 200:872.416 - 1.074ms returns FALSE
T7AD0 200:981.008 JLINK_IsHalted()
T7AD0 200:982.112 - 1.109ms returns FALSE
T7AD0 200:982.128 JLINK_IsHalted()
T7AD0 200:983.168 - 1.032ms returns FALSE
T7AD0 201:089.216 JLINK_IsHalted()
T7AD0 201:090.080 - 0.856ms returns FALSE
T7AD0 201:090.080 JLINK_IsHalted()
T7AD0 201:091.168 - 1.070ms returns FALSE
T7AD0 201:197.936 JLINK_IsHalted()
T7AD0 201:199.024 - 1.091ms returns FALSE
T7AD0 201:199.040 JLINK_IsHalted()
T7AD0 201:200.112 - 1.079ms returns FALSE
T1758 201:219.104 JLINK_IsHalted()
T1758 201:220.144 - 1.042ms returns FALSE
T1758 201:220.176 JLINK_IsHalted()
T1758 201:221.152 - 0.993ms returns FALSE
T7AD0 201:307.792 JLINK_IsHalted()
T7AD0 201:308.528 - 0.743ms returns FALSE
T7AD0 201:308.544 JLINK_IsHalted()
T7AD0 201:309.680 - 1.136ms returns FALSE
T7AD0 201:416.928 JLINK_IsHalted()
T7AD0 201:417.568 - 0.649ms returns FALSE
T7AD0 201:417.584 JLINK_IsHalted()
T7AD0 201:418.704 - 1.108ms returns FALSE
T7AD0 201:527.152 JLINK_IsHalted()
T7AD0 201:527.664 - 0.515ms returns FALSE
T7AD0 201:527.680 JLINK_IsHalted()
T7AD0 201:528.768 - 1.079ms returns FALSE
T7AD0 201:636.480 JLINK_IsHalted()
T7AD0 201:637.552 - 1.068ms returns FALSE
T7AD0 201:637.584 JLINK_IsHalted()
T7AD0 201:638.688 - 1.099ms returns FALSE
T7AD0 201:744.944 JLINK_IsHalted()
T7AD0 201:745.664 - 0.717ms returns FALSE
T7AD0 201:745.680 JLINK_IsHalted()
T7AD0 201:746.752 - 1.071ms returns FALSE
T7AD0 201:854.240 JLINK_IsHalted()
T7AD0 201:855.008 - 0.760ms returns FALSE
T7AD0 201:855.024 JLINK_IsHalted()
T7AD0 201:856.064 - 1.039ms returns FALSE
T7AD0 201:965.568 JLINK_IsHalted()
T7AD0 201:966.800 - 1.228ms returns FALSE
T7AD0 201:966.816 JLINK_IsHalted()
T7AD0 201:967.776 - 0.948ms returns FALSE
T7AD0 202:073.024 JLINK_IsHalted()
T7AD0 202:073.840 - 0.823ms returns FALSE
T7AD0 202:073.872 JLINK_IsHalted()
T7AD0 202:074.928 - 1.062ms returns FALSE
T7AD0 202:182.240 JLINK_IsHalted()
T7AD0 202:182.848 - 0.610ms returns FALSE
T7AD0 202:182.864 JLINK_IsHalted()
T7AD0 202:183.920 - 1.059ms returns FALSE
T1758 202:221.728 JLINK_IsHalted()
T1758 202:222.688 - 0.969ms returns FALSE
T1758 202:222.704 JLINK_IsHalted()
T1758 202:223.792 - 1.084ms returns FALSE
T7AD0 202:292.128 JLINK_IsHalted()
T7AD0 202:293.216 - 1.073ms returns FALSE
T7AD0 202:293.232 JLINK_IsHalted()
T7AD0 202:294.272 - 1.037ms returns FALSE
T7AD0 202:401.664 JLINK_IsHalted()
T7AD0 202:402.272 - 0.610ms returns FALSE
T7AD0 202:402.288 JLINK_IsHalted()
T7AD0 202:403.376 - 1.078ms returns FALSE
T7AD0 202:510.256 JLINK_IsHalted()
T7AD0 202:511.248 - 0.978ms returns FALSE
T7AD0 202:511.264 JLINK_IsHalted()
T7AD0 202:512.320 - 1.068ms returns FALSE
T7AD0 202:620.000 JLINK_IsHalted()
T7AD0 202:621.152 - 1.148ms returns FALSE
T7AD0 202:621.168 JLINK_IsHalted()
T7AD0 202:622.240 - 1.065ms returns FALSE
T7AD0 202:729.232 JLINK_IsHalted()
T7AD0 202:730.016 - 0.788ms returns FALSE
T7AD0 202:730.032 JLINK_IsHalted()
T7AD0 202:731.104 - 1.070ms returns FALSE
T7AD0 202:838.496 JLINK_IsHalted()
T7AD0 202:839.216 - 0.730ms returns FALSE
T7AD0 202:839.232 JLINK_IsHalted()
T7AD0 202:840.304 - 1.073ms returns FALSE
T7AD0 202:947.888 JLINK_IsHalted()
T7AD0 202:948.256 - 0.347ms returns FALSE
T7AD0 202:948.272 JLINK_IsHalted()
T7AD0 202:949.312 - 1.038ms returns FALSE
T7AD0 203:057.696 JLINK_IsHalted()
T7AD0 203:058.864 - 1.164ms returns FALSE
T7AD0 203:058.896 JLINK_IsHalted()
T7AD0 203:059.968 - 1.072ms returns FALSE
T7AD0 203:166.832 JLINK_IsHalted()
T7AD0 203:167.840 - 1.017ms returns FALSE
T7AD0 203:167.856 JLINK_IsHalted()
T7AD0 203:168.928 - 1.075ms returns FALSE
T1758 203:224.000 JLINK_IsHalted()
T1758 203:224.752 - 0.755ms returns FALSE
T1758 203:224.768 JLINK_IsHalted()
T1758 203:225.824 - 1.048ms returns FALSE
T7AD0 203:276.192 JLINK_IsHalted()
T7AD0 203:277.088 - 0.915ms returns FALSE
T7AD0 203:277.120 JLINK_IsHalted()
T7AD0 203:278.176 - 1.063ms returns FALSE
T7AD0 203:385.104 JLINK_IsHalted()
T7AD0 203:386.272 - 1.175ms returns FALSE
T7AD0 203:386.288 JLINK_IsHalted()
T7AD0 203:387.488 - 1.185ms returns FALSE
T7AD0 203:494.560 JLINK_IsHalted()
T7AD0 203:495.264 - 0.703ms returns FALSE
T7AD0 203:495.264 JLINK_IsHalted()
T7AD0 203:496.352 - 1.072ms returns FALSE
T7AD0 203:604.624 JLINK_IsHalted()
T7AD0 203:605.152 - 0.540ms returns FALSE
T7AD0 203:605.184 JLINK_IsHalted()
T7AD0 203:606.224 - 1.039ms returns FALSE
T7AD0 203:713.888 JLINK_IsHalted()
T7AD0 203:714.992 - 1.105ms returns FALSE
T7AD0 203:715.008 JLINK_IsHalted()
T7AD0 203:716.096 - 1.083ms returns FALSE
T7AD0 203:823.776 JLINK_IsHalted()
T7AD0 203:824.848 - 1.066ms returns FALSE
T7AD0 203:824.864 JLINK_IsHalted()
T7AD0 203:825.936 - 1.077ms returns FALSE
T7AD0 203:932.416 JLINK_IsHalted()
T7AD0 203:932.832 - 0.410ms returns FALSE
T7AD0 203:932.832 JLINK_IsHalted()
T7AD0 203:933.920 - 1.073ms returns FALSE
T7AD0 204:042.080 JLINK_IsHalted()
T7AD0 204:042.656 - 0.580ms returns FALSE
T7AD0 204:042.672 JLINK_IsHalted()
T7AD0 204:043.744 - 1.067ms returns FALSE
T7AD0 204:150.928 JLINK_IsHalted()
T7AD0 204:151.856 - 0.934ms returns FALSE
T7AD0 204:151.872 JLINK_IsHalted()
T7AD0 204:152.800 - 0.921ms returns FALSE
T1758 204:227.296 JLINK_IsHalted()
T1758 204:228.400 - 1.111ms returns FALSE
T1758 204:228.416 JLINK_IsHalted()
T1758 204:229.424 - 1.008ms returns FALSE
T7AD0 204:260.928 JLINK_IsHalted()
T7AD0 204:261.904 - 0.976ms returns FALSE
T7AD0 204:261.920 JLINK_IsHalted()
T7AD0 204:262.992 - 1.072ms returns FALSE
T7AD0 204:369.472 JLINK_IsHalted()
T7AD0 204:370.256 - 0.777ms returns FALSE
T7AD0 204:370.272 JLINK_IsHalted()
T7AD0 204:371.344 - 1.069ms returns FALSE
T7AD0 204:479.536 JLINK_IsHalted()
T7AD0 204:480.032 - 0.497ms returns FALSE
T7AD0 204:480.048 JLINK_IsHalted()
T7AD0 204:481.120 - 1.073ms returns FALSE
T7AD0 204:588.576 JLINK_IsHalted()
T7AD0 204:589.216 - 0.645ms returns FALSE
T7AD0 204:589.248 JLINK_IsHalted()
T7AD0 204:590.240 - 1.003ms returns FALSE
T7AD0 204:698.112 JLINK_IsHalted()
T7AD0 204:699.040 - 0.914ms returns FALSE
T7AD0 204:699.040 JLINK_IsHalted()
T7AD0 204:700.128 - 1.076ms returns FALSE
T7AD0 204:807.872 JLINK_IsHalted()
T7AD0 204:808.912 - 1.036ms returns FALSE
T7AD0 204:808.928 JLINK_IsHalted()
T7AD0 204:809.984 - 1.074ms returns FALSE
T7AD0 204:917.216 JLINK_IsHalted()
T7AD0 204:918.096 - 0.868ms returns FALSE
T7AD0 204:918.096 JLINK_IsHalted()
T7AD0 204:919.168 - 1.074ms returns FALSE
T7AD0 205:026.272 JLINK_IsHalted()
T7AD0 205:027.104 - 0.816ms returns FALSE
T7AD0 205:027.104 JLINK_IsHalted()
T7AD0 205:028.176 - 1.063ms returns FALSE
T7AD0 205:135.856 JLINK_IsHalted()
T7AD0 205:137.008 - 1.152ms returns FALSE
T7AD0 205:137.024 JLINK_IsHalted()
T7AD0 205:138.096 - 1.078ms returns FALSE
T1758 205:229.632 JLINK_IsHalted()
T1758 205:230.688 - 1.051ms returns FALSE
T1758 205:230.704 JLINK_IsHalted()
T1758 205:231.776 - 1.073ms returns FALSE
T7AD0 205:245.472 JLINK_IsHalted()
T7AD0 205:246.304 - 0.833ms returns FALSE
T7AD0 205:246.320 JLINK_IsHalted()
T7AD0 205:247.392 - 1.068ms returns FALSE
T7AD0 205:354.496 JLINK_IsHalted()
T7AD0 205:355.552 - 1.059ms returns FALSE
T7AD0 205:355.568 JLINK_IsHalted()
T7AD0 205:356.672 - 1.092ms returns FALSE
T7AD0 205:463.648 JLINK_IsHalted()
T7AD0 205:464.480 - 0.818ms returns FALSE
T7AD0 205:464.480 JLINK_IsHalted()
T7AD0 205:465.568 - 1.075ms returns FALSE
T7AD0 205:572.768 JLINK_IsHalted()
T7AD0 205:573.568 - 0.791ms returns FALSE
T7AD0 205:573.584 JLINK_IsHalted()
T7AD0 205:574.672 - 1.096ms returns FALSE
T7AD0 205:682.272 JLINK_IsHalted()
T7AD0 205:683.392 - 1.128ms returns FALSE
T7AD0 205:683.424 JLINK_IsHalted()
T7AD0 205:684.480 - 1.070ms returns FALSE
T7AD0 205:791.392 JLINK_IsHalted()
T7AD0 205:792.304 - 0.914ms returns FALSE
T7AD0 205:792.336 JLINK_IsHalted()
T7AD0 205:793.392 - 1.071ms returns FALSE
T7AD0 205:900.944 JLINK_IsHalted()
T7AD0 205:901.520 - 0.586ms returns FALSE
T7AD0 205:901.536 JLINK_IsHalted()
T7AD0 205:902.672 - 1.121ms returns FALSE
T7AD0 206:010.160 JLINK_IsHalted()
T7AD0 206:010.656 - 0.507ms returns FALSE
T7AD0 206:010.688 JLINK_IsHalted()
T7AD0 206:011.744 - 1.061ms returns FALSE
T7AD0 206:120.400 JLINK_IsHalted()
T7AD0 206:121.456 - 1.051ms returns FALSE
T7AD0 206:121.456 JLINK_IsHalted()
T7AD0 206:122.528 - 1.072ms returns FALSE
T7AD0 206:229.552 JLINK_IsHalted()
T7AD0 206:230.336 - 0.787ms returns FALSE
T7AD0 206:230.368 JLINK_IsHalted()
T7AD0 206:231.456 - 1.090ms returns FALSE
T1758 206:232.416 JLINK_IsHalted()
T1758 206:233.456 - 1.047ms returns FALSE
T1758 206:233.472 JLINK_IsHalted()
T1758 206:234.544 - 1.063ms returns FALSE
T7AD0 206:338.528 JLINK_IsHalted()
T7AD0 206:339.680 - 1.157ms returns FALSE
T7AD0 206:339.696 JLINK_IsHalted()
T7AD0 206:340.768 - 1.076ms returns FALSE
T7AD0 206:447.920 JLINK_IsHalted()
T7AD0 206:448.960 - 1.033ms returns FALSE
T7AD0 206:448.976 JLINK_IsHalted()
T7AD0 206:450.032 - 1.063ms returns FALSE
T7AD0 206:557.008 JLINK_IsHalted()
T7AD0 206:557.872 - 0.870ms returns FALSE
T7AD0 206:557.904 JLINK_IsHalted()
T7AD0 206:558.960 - 1.058ms returns FALSE
T7AD0 206:666.960 JLINK_IsHalted()
T7AD0 206:667.696 - 0.737ms returns FALSE
T7AD0 206:667.728 JLINK_IsHalted()
T7AD0 206:668.768 - 1.049ms returns FALSE
T7AD0 206:776.608 JLINK_IsHalted()
T7AD0 206:777.696 - 1.100ms returns FALSE
T7AD0 206:777.712 JLINK_IsHalted()
T7AD0 206:778.768 - 1.048ms returns FALSE
T7AD0 206:885.184 JLINK_IsHalted()
T7AD0 206:885.952 - 0.769ms returns FALSE
T7AD0 206:885.968 JLINK_IsHalted()
T7AD0 206:887.024 - 1.068ms returns FALSE
T7AD0 206:994.784 JLINK_IsHalted()
T7AD0 206:995.792 - 0.996ms returns FALSE
T7AD0 206:995.808 JLINK_IsHalted()
T7AD0 206:996.864 - 1.053ms returns FALSE
T7AD0 207:104.704 JLINK_IsHalted()
T7AD0 207:105.808 - 1.099ms returns FALSE
T7AD0 207:105.824 JLINK_IsHalted()
T7AD0 207:106.784 - 0.969ms returns FALSE
T7AD0 207:213.936 JLINK_IsHalted()
T7AD0 207:214.688 - 0.735ms returns FALSE
T7AD0 207:214.688 JLINK_IsHalted()
T7AD0 207:215.792 - 1.102ms returns FALSE
T1758 207:235.440 JLINK_IsHalted()
T1758 207:235.760 - 0.326ms returns FALSE
T1758 207:235.792 JLINK_IsHalted()
T1758 207:236.832 - 1.051ms returns FALSE
T7AD0 207:322.928 JLINK_IsHalted()
T7AD0 207:323.984 - 1.042ms returns FALSE
T7AD0 207:324.000 JLINK_IsHalted()
T7AD0 207:325.088 - 1.068ms returns FALSE
T7AD0 207:432.608 JLINK_IsHalted()
T7AD0 207:433.200 - 0.596ms returns FALSE
T7AD0 207:433.216 JLINK_IsHalted()
T7AD0 207:434.272 - 1.063ms returns FALSE
T7AD0 207:542.176 JLINK_IsHalted()
T7AD0 207:543.200 - 1.035ms returns FALSE
T7AD0 207:543.200 JLINK_IsHalted()
T7AD0 207:544.288 - 1.083ms returns FALSE
T7AD0 207:650.768 JLINK_IsHalted()
T7AD0 207:651.296 - 0.536ms returns FALSE
T7AD0 207:651.328 JLINK_IsHalted()
T7AD0 207:652.368 - 1.041ms returns FALSE
T7AD0 207:761.184 JLINK_IsHalted()
T7AD0 207:762.064 - 0.888ms returns FALSE
T7AD0 207:762.080 JLINK_IsHalted()
T7AD0 207:763.168 - 1.073ms returns FALSE
T7AD0 207:872.000 JLINK_IsHalted()
T7AD0 207:873.056 - 1.048ms returns FALSE
T7AD0 207:873.056 JLINK_IsHalted()
T7AD0 207:874.144 - 1.068ms returns FALSE
T7AD0 207:979.360 JLINK_IsHalted()
T7AD0 207:980.176 - 0.818ms returns FALSE
T7AD0 207:980.192 JLINK_IsHalted()
T7AD0 207:981.264 - 1.074ms returns FALSE
T7AD0 208:088.848 JLINK_IsHalted()
T7AD0 208:090.032 - 1.183ms returns FALSE
T7AD0 208:090.064 JLINK_IsHalted()
T7AD0 208:091.120 - 1.063ms returns FALSE
T7AD0 208:197.792 JLINK_IsHalted()
T7AD0 208:198.880 - 1.077ms returns FALSE
T7AD0 208:198.896 JLINK_IsHalted()
T7AD0 208:199.968 - 1.063ms returns FALSE
T1758 208:236.992 JLINK_IsHalted()
T1758 208:237.968 - 0.961ms returns FALSE
T1758 208:237.984 JLINK_IsHalted()
T1758 208:239.056 - 1.071ms returns FALSE
T7AD0 208:307.040 JLINK_IsHalted()
T7AD0 208:307.408 - 0.371ms returns FALSE
T7AD0 208:307.424 JLINK_IsHalted()
T7AD0 208:308.512 - 1.076ms returns FALSE
T7AD0 208:416.480 JLINK_IsHalted()
T7AD0 208:417.536 - 1.039ms returns FALSE
T7AD0 208:417.536 JLINK_IsHalted()
T7AD0 208:418.672 - 1.127ms returns FALSE
T7AD0 208:526.560 JLINK_IsHalted()
T7AD0 208:527.440 - 0.870ms returns FALSE
T7AD0 208:527.456 JLINK_IsHalted()
T7AD0 208:528.528 - 1.062ms returns FALSE
T7AD0 208:635.488 JLINK_IsHalted()
T7AD0 208:636.416 - 0.925ms returns FALSE
T7AD0 208:636.432 JLINK_IsHalted()
T7AD0 208:637.488 - 1.061ms returns FALSE
T7AD0 208:744.544 JLINK_IsHalted()
T7AD0 208:745.296 - 0.739ms returns FALSE
T7AD0 208:745.312 JLINK_IsHalted()
T7AD0 208:746.368 - 1.070ms returns FALSE
T7AD0 208:854.400 JLINK_IsHalted()
T7AD0 208:854.832 - 0.439ms returns FALSE
T7AD0 208:854.864 JLINK_IsHalted()
T7AD0 208:855.920 - 1.070ms returns FALSE
T7AD0 208:964.048 JLINK_IsHalted()
T7AD0 208:964.736 - 0.687ms returns FALSE
T7AD0 208:964.752 JLINK_IsHalted()
T7AD0 208:965.808 - 1.057ms returns FALSE
T7AD0 209:073.504 JLINK_IsHalted()
T7AD0 209:074.576 - 1.066ms returns FALSE
T7AD0 209:074.592 JLINK_IsHalted()
T7AD0 209:075.680 - 1.081ms returns FALSE
T7AD0 209:182.944 JLINK_IsHalted()
T7AD0 209:183.456 - 0.509ms returns FALSE
T7AD0 209:183.456 JLINK_IsHalted()
T7AD0 209:184.544 - 1.088ms returns FALSE
T1758 209:239.312 JLINK_IsHalted()
T1758 209:240.416 - 1.114ms returns FALSE
T1758 209:240.432 JLINK_IsHalted()
T1758 209:241.504 - 1.065ms returns FALSE
T7AD0 209:291.424 JLINK_IsHalted()
T7AD0 209:291.952 - 0.539ms returns FALSE
T7AD0 209:291.968 JLINK_IsHalted()
T7AD0 209:293.056 - 1.084ms returns FALSE
T7AD0 209:401.616 JLINK_IsHalted()
T7AD0 209:402.672 - 1.069ms returns FALSE
T7AD0 209:402.720 JLINK_IsHalted()
T7AD0 209:403.760 - 1.048ms returns FALSE
T7AD0 209:511.088 JLINK_IsHalted()
T7AD0 209:511.904 - 0.801ms returns FALSE
T7AD0 209:511.904 JLINK_IsHalted()
T7AD0 209:512.928 - 1.014ms returns FALSE
T7AD0 209:620.688 JLINK_IsHalted()
T7AD0 209:621.792 - 1.100ms returns FALSE
T7AD0 209:621.792 JLINK_IsHalted()
T7AD0 209:622.848 - 1.051ms returns FALSE
T7AD0 209:729.376 JLINK_IsHalted()
T7AD0 209:729.712 - 0.337ms returns FALSE
T7AD0 209:729.728 JLINK_IsHalted()
T7AD0 209:730.816 - 1.083ms returns FALSE
T7AD0 209:838.976 JLINK_IsHalted()
T7AD0 209:839.840 - 0.853ms returns FALSE
T7AD0 209:839.840 JLINK_IsHalted()
T7AD0 209:840.928 - 1.086ms returns FALSE
T7AD0 209:950.400 JLINK_IsHalted()
T7AD0 209:951.472 - 1.077ms returns FALSE
T7AD0 209:951.488 JLINK_IsHalted()
T7AD0 209:952.560 - 1.065ms returns FALSE
T7AD0 210:057.776 JLINK_IsHalted()
T7AD0 210:058.672 - 0.894ms returns FALSE
T7AD0 210:058.688 JLINK_IsHalted()
T7AD0 210:059.760 - 1.068ms returns FALSE
T7AD0 210:166.944 JLINK_IsHalted()
T7AD0 210:167.664 - 0.726ms returns FALSE
T7AD0 210:167.696 JLINK_IsHalted()
T7AD0 210:168.768 - 1.077ms returns FALSE
T1758 210:241.568 JLINK_IsHalted()
T1758 210:242.592 - 1.021ms returns FALSE
T1758 210:242.608 JLINK_IsHalted()
T1758 210:243.680 - 1.073ms returns FALSE
T7AD0 210:276.224 JLINK_IsHalted()
T7AD0 210:277.152 - 0.939ms returns FALSE
T7AD0 210:277.168 JLINK_IsHalted()
T7AD0 210:278.144 - 0.969ms returns FALSE
T7AD0 210:385.952 JLINK_IsHalted()
T7AD0 210:387.024 - 1.059ms returns FALSE
T7AD0 210:387.040 JLINK_IsHalted()
T7AD0 210:388.096 - 1.048ms returns FALSE
T7AD0 210:495.024 JLINK_IsHalted()
T7AD0 210:496.096 - 1.056ms returns FALSE
T7AD0 210:496.096 JLINK_IsHalted()
T7AD0 210:497.184 - 1.080ms returns FALSE
T7AD0 210:603.984 JLINK_IsHalted()
T7AD0 210:604.384 - 0.414ms returns FALSE
T7AD0 210:604.400 JLINK_IsHalted()
T7AD0 210:605.472 - 1.080ms returns FALSE
T7AD0 210:713.520 JLINK_IsHalted()
T7AD0 210:714.144 - 0.607ms returns FALSE
T7AD0 210:714.144 JLINK_IsHalted()
T7AD0 210:715.232 - 1.071ms returns FALSE
T7AD0 210:822.848 JLINK_IsHalted()
T7AD0 210:823.456 - 0.595ms returns FALSE
T7AD0 210:823.456 JLINK_IsHalted()
T7AD0 210:824.432 - 0.968ms returns FALSE
T7AD0 210:932.832 JLINK_IsHalted()
T7AD0 210:933.264 - 0.434ms returns FALSE
T7AD0 210:933.280 JLINK_IsHalted()
T7AD0 210:934.368 - 1.079ms returns FALSE
T7AD0 211:042.944 JLINK_IsHalted()
T7AD0 211:044.032 - 1.085ms returns FALSE
T7AD0 211:044.064 JLINK_IsHalted()
T7AD0 211:045.152 - 1.080ms returns FALSE
T7AD0 211:151.344 JLINK_IsHalted()
T7AD0 211:151.984 - 0.639ms returns FALSE
T7AD0 211:152.016 JLINK_IsHalted()
T7AD0 211:153.088 - 1.068ms returns FALSE
T1758 211:243.600 JLINK_IsHalted()
T1758 211:243.984 - 0.380ms returns FALSE
T1758 211:244.000 JLINK_IsHalted()
T1758 211:245.072 - 1.066ms returns FALSE
T7AD0 211:261.280 JLINK_IsHalted()
T7AD0 211:262.352 - 1.064ms returns FALSE
T7AD0 211:262.368 JLINK_IsHalted()
T7AD0 211:263.440 - 1.063ms returns FALSE
T7AD0 211:370.448 JLINK_IsHalted()
T7AD0 211:371.296 - 0.851ms returns FALSE
T7AD0 211:371.312 JLINK_IsHalted()
T7AD0 211:372.384 - 1.070ms returns FALSE
T7AD0 211:479.392 JLINK_IsHalted()
T7AD0 211:480.464 - 1.076ms returns FALSE
T7AD0 211:480.480 JLINK_IsHalted()
T7AD0 211:481.552 - 1.060ms returns FALSE
T7AD0 211:588.624 JLINK_IsHalted()
T7AD0 211:589.408 - 0.794ms returns FALSE
T7AD0 211:589.424 JLINK_IsHalted()
T7AD0 211:590.384 - 0.960ms returns FALSE
T7AD0 211:697.648 JLINK_IsHalted()
T7AD0 211:698.272 - 0.621ms returns FALSE
T7AD0 211:698.288 JLINK_IsHalted()
T7AD0 211:699.360 - 1.072ms returns FALSE
T7AD0 211:807.056 JLINK_IsHalted()
T7AD0 211:808.192 - 1.133ms returns FALSE
T7AD0 211:808.208 JLINK_IsHalted()
T7AD0 211:809.264 - 1.068ms returns FALSE
T7AD0 211:916.560 JLINK_IsHalted()
T7AD0 211:917.552 - 0.994ms returns FALSE
T7AD0 211:917.568 JLINK_IsHalted()
T7AD0 211:918.880 - 1.319ms returns FALSE
T7AD0 212:027.280 JLINK_IsHalted()
T7AD0 212:028.352 - 1.074ms returns FALSE
T7AD0 212:028.368 JLINK_IsHalted()
T7AD0 212:029.424 - 1.056ms returns FALSE
T7AD0 212:137.264 JLINK_IsHalted()
T7AD0 212:138.320 - 1.042ms returns FALSE
T7AD0 212:138.336 JLINK_IsHalted()
T7AD0 212:139.392 - 1.062ms returns FALSE
T7AD0 212:246.240 JLINK_IsHalted()
T7AD0 212:247.296 - 1.064ms returns FALSE
T7AD0 212:247.312 JLINK_IsHalted()
T7AD0 212:248.384 - 1.067ms returns FALSE
T1758 212:248.416 JLINK_IsHalted()
T1758 212:249.472 - 1.040ms returns FALSE
T1758 212:249.488 JLINK_IsHalted()
T1758 212:250.560 - 1.064ms returns FALSE
T7AD0 212:353.904 JLINK_IsHalted()
T7AD0 212:354.784 - 0.869ms returns FALSE
T7AD0 212:354.784 JLINK_IsHalted()
T7AD0 212:355.856 - 1.073ms returns FALSE
T7AD0 212:463.712 JLINK_IsHalted()
T7AD0 212:464.800 - 1.076ms returns FALSE
T7AD0 212:464.816 JLINK_IsHalted()
T7AD0 212:465.872 - 1.060ms returns FALSE
T7AD0 212:572.768 JLINK_IsHalted()
T7AD0 212:573.968 - 1.185ms returns FALSE
T7AD0 212:573.984 JLINK_IsHalted()
T7AD0 212:575.040 - 1.061ms returns FALSE
T7AD0 212:682.528 JLINK_IsHalted()
T7AD0 212:682.976 - 0.450ms returns FALSE
T7AD0 212:682.992 JLINK_IsHalted()
T7AD0 212:684.064 - 1.075ms returns FALSE
T7AD0 212:792.048 JLINK_IsHalted()
T7AD0 212:792.944 - 0.895ms returns FALSE
T7AD0 212:792.960 JLINK_IsHalted()
T7AD0 212:794.048 - 1.077ms returns FALSE
T7AD0 212:900.752 JLINK_IsHalted()
T7AD0 212:901.184 - 0.435ms returns FALSE
T7AD0 212:901.216 JLINK_IsHalted()
T7AD0 212:902.272 - 1.060ms returns FALSE
T7AD0 213:010.720 JLINK_IsHalted()
T7AD0 213:011.088 - 0.365ms returns FALSE
T7AD0 213:011.104 JLINK_IsHalted()
T7AD0 213:012.176 - 1.063ms returns FALSE
T7AD0 213:119.840 JLINK_IsHalted()
T7AD0 213:120.912 - 1.074ms returns FALSE
T7AD0 213:120.928 JLINK_IsHalted()
T7AD0 213:122.048 - 1.121ms returns FALSE
T7AD0 213:230.592 JLINK_IsHalted()
T7AD0 213:231.680 - 1.095ms returns FALSE
T7AD0 213:231.696 JLINK_IsHalted()
T7AD0 213:232.752 - 1.058ms returns FALSE
T1758 213:252.528 JLINK_IsHalted()
T1758 213:253.664 - 1.138ms returns FALSE
T1758 213:253.680 JLINK_IsHalted()
T1758 213:254.752 - 1.073ms returns FALSE
T7AD0 213:339.104 JLINK_IsHalted()
T7AD0 213:340.144 - 1.051ms returns FALSE
T7AD0 213:340.160 JLINK_IsHalted()
T7AD0 213:341.232 - 1.068ms returns FALSE
T7AD0 213:448.224 JLINK_IsHalted()
T7AD0 213:449.168 - 0.946ms returns FALSE
T7AD0 213:449.184 JLINK_IsHalted()
T7AD0 213:450.272 - 1.087ms returns FALSE
T7AD0 213:557.872 JLINK_IsHalted()
T7AD0 213:558.496 - 0.615ms returns FALSE
T7AD0 213:558.512 JLINK_IsHalted()
T7AD0 213:559.696 - 1.182ms returns FALSE
T7AD0 213:667.536 JLINK_IsHalted()
T7AD0 213:668.448 - 0.902ms returns FALSE
T7AD0 213:668.448 JLINK_IsHalted()
T7AD0 213:669.536 - 1.069ms returns FALSE
T7AD0 213:775.968 JLINK_IsHalted()
T7AD0 213:776.400 - 0.431ms returns FALSE
T7AD0 213:776.416 JLINK_IsHalted()
T7AD0 213:777.488 - 1.063ms returns FALSE
T7AD0 213:885.216 JLINK_IsHalted()
T7AD0 213:885.664 - 0.445ms returns FALSE
T7AD0 213:885.680 JLINK_IsHalted()
T7AD0 213:886.768 - 1.087ms returns FALSE
T7AD0 213:995.856 JLINK_IsHalted()
T7AD0 213:996.384 - 0.541ms returns FALSE
T7AD0 213:996.416 JLINK_IsHalted()
T7AD0 213:997.504 - 1.085ms returns FALSE
T7AD0 214:104.272 JLINK_IsHalted()
T7AD0 214:105.248 - 0.967ms returns FALSE
T7AD0 214:105.248 JLINK_IsHalted()
T7AD0 214:106.336 - 1.079ms returns FALSE
T7AD0 214:213.424 JLINK_IsHalted()
T7AD0 214:214.336 - 0.902ms returns FALSE
T7AD0 214:214.368 JLINK_IsHalted()
T7AD0 214:215.456 - 1.079ms returns FALSE
T1758 214:255.808 JLINK_IsHalted()
T1758 214:256.880 - 1.075ms returns FALSE
T1758 214:256.912 JLINK_IsHalted()
T1758 214:257.968 - 1.062ms returns FALSE
T7AD0 214:323.296 JLINK_IsHalted()
T7AD0 214:324.528 - 1.245ms returns FALSE
T7AD0 214:324.576 JLINK_IsHalted()
T7AD0 214:325.664 - 1.093ms returns FALSE
T7AD0 214:432.832 JLINK_IsHalted()
T7AD0 214:433.552 - 0.708ms returns FALSE
T7AD0 214:433.568 JLINK_IsHalted()
T7AD0 214:434.672 - 1.107ms returns FALSE
T7AD0 214:541.376 JLINK_IsHalted()
T7AD0 214:541.744 - 0.371ms returns FALSE
T7AD0 214:541.760 JLINK_IsHalted()
T7AD0 214:542.832 - 1.075ms returns FALSE
T7AD0 214:651.648 JLINK_IsHalted()
T7AD0 214:652.560 - 0.909ms returns FALSE
T7AD0 214:652.576 JLINK_IsHalted()
T7AD0 214:653.728 - 1.137ms returns FALSE
T7AD0 214:760.736 JLINK_IsHalted()
T7AD0 214:761.680 - 0.957ms returns FALSE
T7AD0 214:761.696 JLINK_IsHalted()
T7AD0 214:762.912 - 1.196ms returns FALSE
T7AD0 214:870.112 JLINK_IsHalted()
T7AD0 214:870.784 - 0.656ms returns FALSE
T7AD0 214:870.784 JLINK_IsHalted()
T7AD0 214:871.856 - 1.070ms returns FALSE
T7AD0 214:979.248 JLINK_IsHalted()
T7AD0 214:979.744 - 0.484ms returns FALSE
T7AD0 214:979.744 JLINK_IsHalted()
T7AD0 214:980.816 - 1.083ms returns FALSE
T7AD0 215:088.896 JLINK_IsHalted()
T7AD0 215:089.696 - 0.783ms returns FALSE
T7AD0 215:089.696 JLINK_IsHalted()
T7AD0 215:090.784 - 1.077ms returns FALSE
T7AD0 215:198.512 JLINK_IsHalted()
T7AD0 215:199.664 - 1.150ms returns FALSE
T7AD0 215:199.696 JLINK_IsHalted()
T7AD0 215:200.736 - 1.064ms returns FALSE
T1758 215:258.064 JLINK_IsHalted()
T1758 215:259.232 - 1.167ms returns FALSE
T1758 215:259.264 JLINK_IsHalted()
T1758 215:260.320 - 1.066ms returns FALSE
T7AD0 215:307.984 JLINK_IsHalted()
T7AD0 215:309.056 - 1.074ms returns FALSE
T7AD0 215:309.056 JLINK_IsHalted()
T7AD0 215:310.128 - 1.076ms returns FALSE
T7AD0 215:416.960 JLINK_IsHalted()
T7AD0 215:417.936 - 0.982ms returns FALSE
T7AD0 215:417.952 JLINK_IsHalted()
T7AD0 215:419.008 - 1.053ms returns FALSE
T7AD0 215:526.448 JLINK_IsHalted()
T7AD0 215:527.088 - 0.637ms returns FALSE
T7AD0 215:527.120 JLINK_IsHalted()
T7AD0 215:528.192 - 1.055ms returns FALSE
T7AD0 215:637.728 JLINK_IsHalted()
T7AD0 215:638.784 - 1.063ms returns FALSE
T7AD0 215:638.816 JLINK_IsHalted()
T7AD0 215:639.856 - 1.055ms returns FALSE
T7AD0 215:745.920 JLINK_IsHalted()
T7AD0 215:746.944 - 1.039ms returns FALSE
T7AD0 215:746.976 JLINK_IsHalted()
T7AD0 215:748.064 - 1.082ms returns FALSE
T7AD0 215:854.544 JLINK_IsHalted()
T7AD0 215:855.184 - 0.633ms returns FALSE
T7AD0 215:855.184 JLINK_IsHalted()
T7AD0 215:856.256 - 1.071ms returns FALSE
T7AD0 215:963.392 JLINK_IsHalted()
T7AD0 215:964.208 - 0.825ms returns FALSE
T7AD0 215:964.240 JLINK_IsHalted()
T7AD0 215:965.312 - 1.059ms returns FALSE
T7AD0 216:072.672 JLINK_IsHalted()
T7AD0 216:073.344 - 0.650ms returns FALSE
T7AD0 216:073.344 JLINK_IsHalted()
T7AD0 216:074.416 - 1.071ms returns FALSE
T7AD0 216:183.856 JLINK_IsHalted()
T7AD0 216:184.928 - 1.063ms returns FALSE
T7AD0 216:184.960 JLINK_IsHalted()
T7AD0 216:186.016 - 1.067ms returns FALSE
T1758 216:260.688 JLINK_IsHalted()
T1758 216:261.536 - 0.840ms returns FALSE
T1758 216:261.552 JLINK_IsHalted()
T1758 216:262.656 - 1.115ms returns FALSE
T7AD0 216:292.256 JLINK_IsHalted()
T7AD0 216:293.408 - 1.140ms returns FALSE
T7AD0 216:293.424 JLINK_IsHalted()
T7AD0 216:294.480 - 1.067ms returns FALSE
T7AD0 216:401.712 JLINK_IsHalted()
T7AD0 216:402.400 - 0.673ms returns FALSE
T7AD0 216:402.400 JLINK_IsHalted()
T7AD0 216:403.488 - 1.077ms returns FALSE
T7AD0 216:510.560 JLINK_IsHalted()
T7AD0 216:511.584 - 1.025ms returns FALSE
T7AD0 216:511.584 JLINK_IsHalted()
T7AD0 216:512.688 - 1.087ms returns FALSE
T7AD0 216:620.160 JLINK_IsHalted()
T7AD0 216:620.704 - 0.530ms returns FALSE
T7AD0 216:620.704 JLINK_IsHalted()
T7AD0 216:621.776 - 1.072ms returns FALSE
T7AD0 216:729.728 JLINK_IsHalted()
T7AD0 216:730.672 - 0.950ms returns FALSE
T7AD0 216:730.672 JLINK_IsHalted()
T7AD0 216:731.744 - 1.073ms returns FALSE
T7AD0 216:838.528 JLINK_IsHalted()
T7AD0 216:838.960 - 0.441ms returns FALSE
T7AD0 216:838.960 JLINK_IsHalted()
T7AD0 216:840.032 - 1.068ms returns FALSE
T7AD0 216:947.664 JLINK_IsHalted()
T7AD0 216:948.064 - 0.390ms returns FALSE
T7AD0 216:948.064 JLINK_IsHalted()
T7AD0 216:949.152 - 1.070ms returns FALSE
T7AD0 217:058.688 JLINK_IsHalted()
T7AD0 217:059.760 - 1.071ms returns FALSE
T7AD0 217:059.760 JLINK_IsHalted()
T7AD0 217:060.832 - 1.065ms returns FALSE
T7AD0 217:168.544 JLINK_IsHalted()
T7AD0 217:169.664 - 1.132ms returns FALSE
T7AD0 217:169.696 JLINK_IsHalted()
T7AD0 217:170.768 - 1.068ms returns FALSE
T1758 217:263.568 JLINK_IsHalted()
T1758 217:264.256 - 0.679ms returns FALSE
T1758 217:264.256 JLINK_IsHalted()
T1758 217:265.328 - 1.072ms returns FALSE
T7AD0 217:275.856 JLINK_IsHalted()
T7AD0 217:276.320 - 0.443ms returns FALSE
T7AD0 217:276.320 JLINK_IsHalted()
T7AD0 217:277.392 - 1.067ms returns FALSE
T7AD0 217:385.552 JLINK_IsHalted()
T7AD0 217:386.192 - 0.640ms returns FALSE
T7AD0 217:386.208 JLINK_IsHalted()
T7AD0 217:387.296 - 1.068ms returns FALSE
T7AD0 217:494.608 JLINK_IsHalted()
T7AD0 217:495.200 - 0.572ms returns FALSE
T7AD0 217:495.200 JLINK_IsHalted()
T7AD0 217:496.272 - 1.055ms returns FALSE
T7AD0 217:603.920 JLINK_IsHalted()
T7AD0 217:604.432 - 0.495ms returns FALSE
T7AD0 217:604.432 JLINK_IsHalted()
T7AD0 217:605.504 - 1.060ms returns FALSE
T7AD0 217:713.840 JLINK_IsHalted()
T7AD0 217:714.272 - 0.426ms returns FALSE
T7AD0 217:714.272 JLINK_IsHalted()
T7AD0 217:715.360 - 1.073ms returns FALSE
T7AD0 217:823.408 JLINK_IsHalted()
T7AD0 217:824.464 - 1.045ms returns FALSE
T7AD0 217:824.464 JLINK_IsHalted()
T7AD0 217:825.536 - 1.074ms returns FALSE
T7AD0 217:932.032 JLINK_IsHalted()
T7AD0 217:932.672 - 0.619ms returns FALSE
T7AD0 217:932.672 JLINK_IsHalted()
T7AD0 217:933.744 - 1.071ms returns FALSE
T7AD0 218:041.728 JLINK_IsHalted()
T7AD0 218:042.528 - 0.777ms returns FALSE
T7AD0 218:042.544 JLINK_IsHalted()
T7AD0 218:043.600 - 1.047ms returns FALSE
T7AD0 218:151.344 JLINK_IsHalted()
T7AD0 218:152.320 - 0.996ms returns FALSE
T7AD0 218:152.352 JLINK_IsHalted()
T7AD0 218:153.424 - 1.060ms returns FALSE
T7AD0 218:261.072 JLINK_IsHalted()
T7AD0 218:262.192 - 1.114ms returns FALSE
T7AD0 218:262.192 JLINK_IsHalted()
T7AD0 218:263.264 - 1.072ms returns FALSE
T1758 218:265.776 JLINK_IsHalted()
T1758 218:266.144 - 0.352ms returns FALSE
T1758 218:266.144 JLINK_IsHalted()
T1758 218:267.264 - 1.104ms returns FALSE
T7AD0 218:370.528 JLINK_IsHalted()
T7AD0 218:371.808 - 1.260ms returns FALSE
T7AD0 218:371.840 JLINK_IsHalted()
T7AD0 218:372.768 - 0.921ms returns FALSE
T7AD0 218:479.712 JLINK_IsHalted()
T7AD0 218:480.560 - 0.824ms returns FALSE
T7AD0 218:480.592 JLINK_IsHalted()
T7AD0 218:481.664 - 1.093ms returns FALSE
T7AD0 218:589.568 JLINK_IsHalted()
T7AD0 218:590.688 - 1.145ms returns FALSE
T7AD0 218:590.720 JLINK_IsHalted()
T7AD0 218:591.776 - 1.033ms returns FALSE
T7AD0 218:697.936 JLINK_IsHalted()
T7AD0 218:698.720 - 0.803ms returns FALSE
T7AD0 218:698.752 JLINK_IsHalted()
T7AD0 218:699.824 - 1.080ms returns FALSE
T7AD0 218:807.840 JLINK_IsHalted()
T7AD0 218:808.672 - 0.833ms returns FALSE
T7AD0 218:808.672 JLINK_IsHalted()
T7AD0 218:809.760 - 1.068ms returns FALSE
T7AD0 218:916.528 JLINK_IsHalted()
T7AD0 218:916.864 - 0.339ms returns FALSE
T7AD0 218:916.896 JLINK_IsHalted()
T7AD0 218:917.968 - 1.070ms returns FALSE
T7AD0 219:026.400 JLINK_IsHalted()
T7AD0 219:026.816 - 0.409ms returns FALSE
T7AD0 219:026.848 JLINK_IsHalted()
T7AD0 219:027.888 - 1.066ms returns FALSE
T7AD0 219:135.072 JLINK_IsHalted()
T7AD0 219:135.904 - 0.806ms returns FALSE
T7AD0 219:135.904 JLINK_IsHalted()
T7AD0 219:136.976 - 1.062ms returns FALSE
T7AD0 219:245.392 JLINK_IsHalted()
T7AD0 219:245.744 - 0.343ms returns FALSE
T7AD0 219:245.744 JLINK_IsHalted()
T7AD0 219:246.816 - 1.071ms returns FALSE
T1758 219:267.680 JLINK_IsHalted()
T1758 219:268.560 - 0.865ms returns FALSE
T1758 219:268.560 JLINK_IsHalted()
T1758 219:269.664 - 1.092ms returns FALSE
T7AD0 219:354.400 JLINK_IsHalted()
T7AD0 219:355.136 - 0.719ms returns FALSE
T7AD0 219:355.136 JLINK_IsHalted()
T7AD0 219:356.208 - 1.067ms returns FALSE
T7AD0 219:463.632 JLINK_IsHalted()
T7AD0 219:464.224 - 0.573ms returns FALSE
T7AD0 219:464.224 JLINK_IsHalted()
T7AD0 219:465.264 - 1.042ms returns FALSE
T7AD0 219:572.656 JLINK_IsHalted()
T7AD0 219:573.168 - 0.509ms returns FALSE
T7AD0 219:573.168 JLINK_IsHalted()
T7AD0 219:574.240 - 1.071ms returns FALSE
T7AD0 219:682.080 JLINK_IsHalted()
T7AD0 219:682.432 - 0.352ms returns FALSE
T7AD0 219:682.432 JLINK_IsHalted()
T7AD0 219:683.536 - 1.089ms returns FALSE
T7AD0 219:791.488 JLINK_IsHalted()
T7AD0 219:792.416 - 0.925ms returns FALSE
T7AD0 219:792.432 JLINK_IsHalted()
T7AD0 219:793.504 - 1.066ms returns FALSE
T7AD0 219:900.752 JLINK_IsHalted()
T7AD0 219:901.664 - 0.904ms returns FALSE
T7AD0 219:901.664 JLINK_IsHalted()
T7AD0 219:902.752 - 1.063ms returns FALSE
T7AD0 220:010.752 JLINK_IsHalted()
T7AD0 220:011.552 - 0.798ms returns FALSE
T7AD0 220:011.568 JLINK_IsHalted()
T7AD0 220:012.768 - 1.215ms returns FALSE
T7AD0 220:119.600 JLINK_IsHalted()
T7AD0 220:120.576 - 0.969ms returns FALSE
T7AD0 220:120.576 JLINK_IsHalted()
T7AD0 220:121.728 - 1.148ms returns FALSE
T7AD0 220:229.552 JLINK_IsHalted()
T7AD0 220:230.560 - 1.008ms returns FALSE
T7AD0 220:230.576 JLINK_IsHalted()
T7AD0 220:231.680 - 1.117ms returns FALSE
T1758 220:269.904 JLINK_IsHalted()
T1758 220:270.560 - 0.685ms returns FALSE
T1758 220:270.592 JLINK_IsHalted()
T1758 220:271.664 - 1.080ms returns FALSE
T7AD0 220:338.784 JLINK_IsHalted()
T7AD0 220:340.016 - 1.221ms returns FALSE
T7AD0 220:340.048 JLINK_IsHalted()
T7AD0 220:341.120 - 1.076ms returns FALSE
T7AD0 220:448.096 JLINK_IsHalted()
T7AD0 220:448.800 - 0.704ms returns FALSE
T7AD0 220:448.816 JLINK_IsHalted()
T7AD0 220:449.888 - 1.069ms returns FALSE
T7AD0 220:557.952 JLINK_IsHalted()
T7AD0 220:558.768 - 0.810ms returns FALSE
T7AD0 220:558.768 JLINK_IsHalted()
T7AD0 220:559.840 - 1.058ms returns FALSE
T7AD0 220:667.696 JLINK_IsHalted()
T7AD0 220:668.768 - 1.067ms returns FALSE
T7AD0 220:668.848 JLINK_IsHalted()
T7AD0 220:669.856 - 1.020ms returns FALSE
T7AD0 220:775.808 JLINK_IsHalted()
T7AD0 220:776.832 - 1.016ms returns FALSE
T7AD0 220:776.864 JLINK_IsHalted()
T7AD0 220:777.904 - 1.054ms returns FALSE
T7AD0 220:885.936 JLINK_IsHalted()
T7AD0 220:886.944 - 1.008ms returns FALSE
T7AD0 220:886.960 JLINK_IsHalted()
T7AD0 220:888.032 - 1.068ms returns FALSE
T7AD0 220:994.656 JLINK_IsHalted()
T7AD0 220:995.808 - 1.158ms returns FALSE
T7AD0 220:995.840 JLINK_IsHalted()
T7AD0 220:996.912 - 1.077ms returns FALSE
T7AD0 221:104.416 JLINK_IsHalted()
T7AD0 221:104.848 - 0.448ms returns FALSE
T7AD0 221:104.864 JLINK_IsHalted()
T7AD0 221:105.952 - 1.073ms returns FALSE
T7AD0 221:213.280 JLINK_IsHalted()
T7AD0 221:213.744 - 0.460ms returns FALSE
T7AD0 221:213.776 JLINK_IsHalted()
T7AD0 221:214.848 - 1.068ms returns FALSE
T1758 221:273.248 JLINK_IsHalted()
T1758 221:274.320 - 1.086ms returns FALSE
T1758 221:274.336 JLINK_IsHalted()
T1758 221:275.392 - 1.051ms returns FALSE
T7AD0 221:323.440 JLINK_IsHalted()
T7AD0 221:324.080 - 0.634ms returns FALSE
T7AD0 221:324.080 JLINK_IsHalted()
T7AD0 221:325.152 - 1.081ms returns FALSE
T7AD0 221:432.656 JLINK_IsHalted()
T7AD0 221:433.168 - 0.523ms returns FALSE
T7AD0 221:433.184 JLINK_IsHalted()
T7AD0 221:434.288 - 1.100ms returns FALSE
T7AD0 221:541.968 JLINK_IsHalted()
T7AD0 221:542.944 - 0.962ms returns FALSE
T7AD0 221:542.960 JLINK_IsHalted()
T7AD0 221:544.032 - 1.079ms returns FALSE
T7AD0 221:650.896 JLINK_IsHalted()
T7AD0 221:652.064 - 1.179ms returns FALSE
T7AD0 221:652.096 JLINK_IsHalted()
T7AD0 221:653.168 - 1.065ms returns FALSE
T7AD0 221:760.224 JLINK_IsHalted()
T7AD0 221:761.056 - 0.828ms returns FALSE
T7AD0 221:761.072 JLINK_IsHalted()
T7AD0 221:762.128 - 1.039ms returns FALSE
T7AD0 221:870.800 JLINK_IsHalted()
T7AD0 221:871.952 - 1.149ms returns FALSE
T7AD0 221:871.952 JLINK_IsHalted()
T7AD0 221:873.056 - 1.098ms returns FALSE
T7AD0 221:979.600 JLINK_IsHalted()
T7AD0 221:980.128 - 0.523ms returns FALSE
T7AD0 221:980.128 JLINK_IsHalted()
T7AD0 221:981.104 - 0.968ms returns FALSE
T7AD0 222:088.880 JLINK_IsHalted()
T7AD0 222:090.016 - 1.102ms returns FALSE
T7AD0 222:090.032 JLINK_IsHalted()
T7AD0 222:091.040 - 1.018ms returns FALSE
T7AD0 222:199.712 JLINK_IsHalted()
T7AD0 222:200.784 - 1.068ms returns FALSE
T7AD0 222:200.784 JLINK_IsHalted()
T7AD0 222:201.856 - 1.060ms returns FALSE
T1758 222:275.280 JLINK_IsHalted()
T1758 222:276.432 - 1.152ms returns FALSE
T1758 222:276.448 JLINK_IsHalted()
T1758 222:277.536 - 1.082ms returns FALSE
T7AD0 222:307.168 JLINK_IsHalted()
T7AD0 222:308.192 - 1.035ms returns FALSE
T7AD0 222:308.224 JLINK_IsHalted()
T7AD0 222:309.280 - 1.066ms returns FALSE
T7AD0 222:417.200 JLINK_IsHalted()
T7AD0 222:418.080 - 0.878ms returns FALSE
T7AD0 222:418.080 JLINK_IsHalted()
T7AD0 222:419.152 - 1.065ms returns FALSE
T7AD0 222:525.984 JLINK_IsHalted()
T7AD0 222:526.336 - 0.359ms returns FALSE
T7AD0 222:526.368 JLINK_IsHalted()
T7AD0 222:527.536 - 1.181ms returns FALSE
T7AD0 222:635.952 JLINK_IsHalted()
T7AD0 222:637.136 - 1.167ms returns FALSE
T7AD0 222:637.184 JLINK_IsHalted()
T7AD0 222:638.160 - 0.994ms returns FALSE
T7AD0 222:744.544 JLINK_IsHalted()
T7AD0 222:745.344 - 0.794ms returns FALSE
T7AD0 222:745.376 JLINK_IsHalted()
T7AD0 222:746.448 - 1.063ms returns FALSE
T7AD0 222:854.272 JLINK_IsHalted()
T7AD0 222:855.424 - 1.154ms returns FALSE
T7AD0 222:855.456 JLINK_IsHalted()
T7AD0 222:856.528 - 1.072ms returns FALSE
T7AD0 222:963.808 JLINK_IsHalted()
T7AD0 222:964.304 - 0.480ms returns FALSE
T7AD0 222:964.320 JLINK_IsHalted()
T7AD0 222:965.376 - 1.038ms returns FALSE
T7AD0 223:073.408 JLINK_IsHalted()
T7AD0 223:074.128 - 0.718ms returns FALSE
T7AD0 223:074.128 JLINK_IsHalted()
T7AD0 223:075.200 - 1.068ms returns FALSE
T7AD0 223:182.768 JLINK_IsHalted()
T7AD0 223:183.200 - 0.425ms returns FALSE
T7AD0 223:183.232 JLINK_IsHalted()
T7AD0 223:184.352 - 1.138ms returns FALSE
T1758 223:277.728 JLINK_IsHalted()
T1758 223:278.688 - 0.987ms returns FALSE
T1758 223:278.752 JLINK_IsHalted()
T1758 223:279.792 - 1.051ms returns FALSE
T7AD0 223:292.416 JLINK_IsHalted()
T7AD0 223:293.488 - 1.077ms returns FALSE
T7AD0 223:293.488 JLINK_IsHalted()
T7AD0 223:294.592 - 1.088ms returns FALSE
T7AD0 223:401.504 JLINK_IsHalted()
T7AD0 223:402.528 - 1.019ms returns FALSE
T7AD0 223:402.544 JLINK_IsHalted()
T7AD0 223:403.680 - 1.140ms returns FALSE
T7AD0 223:510.816 JLINK_IsHalted()
T7AD0 223:511.456 - 0.631ms returns FALSE
T7AD0 223:511.456 JLINK_IsHalted()
T7AD0 223:512.528 - 1.070ms returns FALSE
T7AD0 223:620.448 JLINK_IsHalted()
T7AD0 223:621.408 - 0.949ms returns FALSE
T7AD0 223:621.424 JLINK_IsHalted()
T7AD0 223:622.480 - 1.063ms returns FALSE
T7AD0 223:729.664 JLINK_IsHalted()
T7AD0 223:730.656 - 1.012ms returns FALSE
T7AD0 223:730.688 JLINK_IsHalted()
T7AD0 223:731.760 - 1.066ms returns FALSE
T7AD0 223:839.792 JLINK_IsHalted()
T7AD0 223:840.768 - 0.973ms returns FALSE
T7AD0 223:840.800 JLINK_IsHalted()
T7AD0 223:841.840 - 1.053ms returns FALSE
T7AD0 223:947.904 JLINK_IsHalted()
T7AD0 223:948.768 - 0.845ms returns FALSE
T7AD0 223:948.800 JLINK_IsHalted()
T7AD0 223:949.824 - 1.039ms returns FALSE
T7AD0 224:057.824 JLINK_IsHalted()
T7AD0 224:058.752 - 0.931ms returns FALSE
T7AD0 224:058.784 JLINK_IsHalted()
T7AD0 224:059.824 - 1.066ms returns FALSE
T7AD0 224:167.200 JLINK_IsHalted()
T7AD0 224:167.728 - 0.532ms returns FALSE
T7AD0 224:167.760 JLINK_IsHalted()
T7AD0 224:168.880 - 1.131ms returns FALSE
T7AD0 224:275.872 JLINK_IsHalted()
T7AD0 224:276.704 - 0.860ms returns FALSE
T7AD0 224:276.736 JLINK_IsHalted()
T7AD0 224:277.808 - 1.070ms returns FALSE
T1758 224:280.192 JLINK_IsHalted()
T1758 224:280.704 - 0.491ms returns FALSE
T1758 224:280.704 JLINK_IsHalted()
T1758 224:281.808 - 1.092ms returns FALSE
T7AD0 224:386.080 JLINK_IsHalted()
T7AD0 224:387.024 - 0.953ms returns FALSE
T7AD0 224:387.024 JLINK_IsHalted()
T7AD0 224:388.096 - 1.071ms returns FALSE
T7AD0 224:495.392 JLINK_IsHalted()
T7AD0 224:496.096 - 0.717ms returns FALSE
T7AD0 224:496.096 JLINK_IsHalted()
T7AD0 224:497.248 - 1.144ms returns FALSE
T7AD0 224:604.880 JLINK_IsHalted()
T7AD0 224:605.984 - 1.105ms returns FALSE
T7AD0 224:606.000 JLINK_IsHalted()
T7AD0 224:607.024 - 1.032ms returns FALSE
T7AD0 224:714.032 JLINK_IsHalted()
T7AD0 224:715.008 - 0.992ms returns FALSE
T7AD0 224:715.040 JLINK_IsHalted()
T7AD0 224:716.112 - 1.069ms returns FALSE
T7AD0 224:823.264 JLINK_IsHalted()
T7AD0 224:824.320 - 1.064ms returns FALSE
T7AD0 224:824.352 JLINK_IsHalted()
T7AD0 224:825.392 - 1.047ms returns FALSE
T7AD0 224:932.480 JLINK_IsHalted()
T7AD0 224:933.280 - 0.788ms returns FALSE
T7AD0 224:933.280 JLINK_IsHalted()
T7AD0 224:934.352 - 1.058ms returns FALSE
T7AD0 225:042.000 JLINK_IsHalted()
T7AD0 225:043.104 - 1.094ms returns FALSE
T7AD0 225:043.120 JLINK_IsHalted()
T7AD0 225:044.176 - 1.056ms returns FALSE
T7AD0 225:151.392 JLINK_IsHalted()
T7AD0 225:152.176 - 0.805ms returns FALSE
T7AD0 225:152.176 JLINK_IsHalted()
T7AD0 225:153.248 - 1.074ms returns FALSE
T7AD0 225:260.640 JLINK_IsHalted()
T7AD0 225:261.008 - 0.360ms returns FALSE
T7AD0 225:261.024 JLINK_IsHalted()
T7AD0 225:262.112 - 1.086ms returns FALSE
T1758 225:281.376 JLINK_IsHalted()
T1758 225:282.128 - 0.733ms returns FALSE
T1758 225:282.128 JLINK_IsHalted()
T1758 225:283.280 - 1.130ms returns FALSE
T7AD0 225:370.448 JLINK_IsHalted()
T7AD0 225:371.392 - 0.930ms returns FALSE
T7AD0 225:371.424 JLINK_IsHalted()
T7AD0 225:372.464 - 1.062ms returns FALSE
T7AD0 225:479.392 JLINK_IsHalted()
T7AD0 225:480.320 - 0.924ms returns FALSE
T7AD0 225:480.352 JLINK_IsHalted()
T7AD0 225:481.424 - 1.074ms returns FALSE
T5150 225:598.496   JLINK_RTTERMINAL_Control(Cmd = JLINKARM_RTTERMINAL_CMD_START, CtrlBlockAddr = 0x2214042C)
T5150 225:598.512   - 0.043ms returns 0x00
T7AD0 225:599.616 JLINK_IsHalted()
T7AD0 225:599.920 - 0.304ms returns FALSE
T5150 225:599.952   JLINK_RTTERMINAL_Read(BufferIndex = 0, BufferSize = 0x00010000)
T5150 225:599.968   - 0.018ms returns 2876
T7AD0 225:600.048 JLINK_IsHalted()
T7AD0 225:601.024 - 0.968ms returns FALSE
T5150 225:601.056   JLINK_RTTERMINAL_Read(BufferIndex = 0, BufferSize = 0x00010000)
T5150 225:601.072   - 0.016ms returns 0
T5150 225:652.016   JLINK_RTTERMINAL_Read(BufferIndex = 0, BufferSize = 0x00010000)
T5150 225:652.064   - 0.034ms returns 0
T7AD0 225:698.400 JLINK_IsHalted()
T7AD0 225:699.232 - 0.818ms returns FALSE
T7AD0 225:699.248 JLINK_IsHalted()
T7AD0 225:700.352 - 1.095ms returns FALSE
T5150 225:702.528   JLINK_RTTERMINAL_Read(BufferIndex = 0, BufferSize = 0x00010000)
T5150 225:702.560   - 0.018ms returns 0
T5150 225:753.504   JLINK_RTTERMINAL_Read(BufferIndex = 0, BufferSize = 0x00010000)
T5150 225:753.552   - 0.038ms returns 0
T5150 225:804.704   JLINK_RTTERMINAL_Read(BufferIndex = 0, BufferSize = 0x00010000)
T5150 225:804.720   - 0.022ms returns 0
T7AD0 225:807.920 JLINK_IsHalted()
T7AD0 225:808.512 - 0.583ms returns FALSE
T7AD0 225:808.544 JLINK_IsHalted()
T7AD0 225:809.712 - 1.179ms returns FALSE
T5150 225:855.024   JLINK_RTTERMINAL_Read(BufferIndex = 0, BufferSize = 0x00010000)
T5150 225:855.056   - 0.030ms returns 96
T5150 225:855.264   JLINK_RTTERMINAL_Read(BufferIndex = 0, BufferSize = 0x00010000)
T5150 225:855.280   - 0.016ms returns 0
T5150 225:905.568   JLINK_RTTERMINAL_Read(BufferIndex = 0, BufferSize = 0x00010000)
T5150 225:905.584   - 0.033ms returns 0
T7AD0 225:916.448 JLINK_IsHalted()
T7AD0 225:917.088 - 0.644ms returns FALSE
T7AD0 225:917.104 JLINK_IsHalted()
T7AD0 225:918.176 - 1.069ms returns FALSE
T5150 225:956.640   JLINK_RTTERMINAL_Read(BufferIndex = 0, BufferSize = 0x00010000)
T5150 225:956.656   - 0.026ms returns 0
T5150 226:007.200   JLINK_RTTERMINAL_Read(BufferIndex = 0, BufferSize = 0x00010000)
T5150 226:007.216   - 0.031ms returns 0
T7AD0 226:027.216 JLINK_IsHalted()
T7AD0 226:028.288 - 1.072ms returns FALSE
T7AD0 226:028.320 JLINK_IsHalted()
T7AD0 226:029.392 - 1.068ms returns FALSE
T5150 226:058.336   JLINK_RTTERMINAL_Read(BufferIndex = 0, BufferSize = 0x00010000)
T5150 226:058.368   - 0.030ms returns 0
T5150 226:108.928   JLINK_RTTERMINAL_Read(BufferIndex = 0, BufferSize = 0x00010000)
T5150 226:108.960   - 0.024ms returns 0
T7AD0 226:135.136 JLINK_IsHalted()
T7AD0 226:135.648 - 0.534ms returns FALSE
T7AD0 226:135.680 JLINK_IsHalted()
T7AD0 226:136.752 - 1.080ms returns FALSE
T5150 226:160.288   JLINK_RTTERMINAL_Read(BufferIndex = 0, BufferSize = 0x00010000)
T5150 226:160.304   - 0.026ms returns 0
T5150 226:211.152   JLINK_RTTERMINAL_Read(BufferIndex = 0, BufferSize = 0x00010000)
T5150 226:211.200   - 0.036ms returns 0
T7AD0 226:245.040 JLINK_IsHalted()
T7AD0 226:245.968 - 0.925ms returns FALSE
T7AD0 226:245.984 JLINK_IsHalted()
T7AD0 226:247.072 - 1.076ms returns FALSE
T5150 226:262.144   JLINK_RTTERMINAL_Read(BufferIndex = 0, BufferSize = 0x00010000)
T5150 226:262.176   - 0.028ms returns 0
T1758 226:283.488 JLINK_IsHalted()
T1758 226:284.752 - 1.253ms returns FALSE
T1758 226:284.800 JLINK_IsHalted()
T1758 226:285.872 - 1.076ms returns FALSE
T5150 226:312.800   JLINK_RTTERMINAL_Read(BufferIndex = 0, BufferSize = 0x00010000)
T5150 226:312.832   - 0.029ms returns 0
T7AD0 226:354.848 JLINK_IsHalted()
T7AD0 226:355.760 - 0.937ms returns FALSE
T7AD0 226:355.792 JLINK_IsHalted()
T7AD0 226:356.912 - 1.127ms returns FALSE
T5150 226:363.776   JLINK_RTTERMINAL_Read(BufferIndex = 0, BufferSize = 0x00010000)
T5150 226:363.808   - 0.016ms returns 0
T5150 226:414.368   JLINK_RTTERMINAL_Read(BufferIndex = 0, BufferSize = 0x00010000)
T5150 226:414.384   - 0.029ms returns 0
T7AD0 226:463.872 JLINK_IsHalted()
T7AD0 226:464.992 - 1.132ms returns FALSE
T5150 226:465.024   JLINK_RTTERMINAL_Read(BufferIndex = 0, BufferSize = 0x00010000)
T5150 226:465.056   - 0.013ms returns 0
T7AD0 226:465.120 JLINK_IsHalted()
T7AD0 226:466.096 - 0.963ms returns FALSE
T5150 226:515.504   JLINK_RTTERMINAL_Read(BufferIndex = 0, BufferSize = 0x00010000)
T5150 226:515.536   - 0.026ms returns 0
T5150 226:566.272   JLINK_RTTERMINAL_Read(BufferIndex = 0, BufferSize = 0x00010000)
T5150 226:566.320   - 0.041ms returns 0
T7AD0 226:572.880 JLINK_IsHalted()
T7AD0 226:573.408 - 0.540ms returns FALSE
T7AD0 226:573.408 JLINK_IsHalted()
T7AD0 226:574.512 - 1.087ms returns FALSE
T5150 226:617.984   JLINK_RTTERMINAL_Read(BufferIndex = 0, BufferSize = 0x00010000)
T5150 226:618.016   - 0.035ms returns 0
T5150 226:668.960   JLINK_RTTERMINAL_Read(BufferIndex = 0, BufferSize = 0x00010000)
T5150 226:668.976   - 0.026ms returns 0
T7AD0 226:682.496 JLINK_IsHalted()
T7AD0 226:682.976 - 0.494ms returns FALSE
T7AD0 226:683.008 JLINK_IsHalted()
T7AD0 226:684.112 - 1.103ms returns FALSE
T5150 226:720.096   JLINK_RTTERMINAL_Read(BufferIndex = 0, BufferSize = 0x00010000)
T5150 226:720.128   - 0.027ms returns 0
T5150 226:770.992   JLINK_RTTERMINAL_Read(BufferIndex = 0, BufferSize = 0x00010000)
T5150 226:771.024   - 0.036ms returns 0
T7AD0 226:791.856 JLINK_IsHalted()
T7AD0 226:792.480 - 0.615ms returns FALSE
T7AD0 226:792.496 JLINK_IsHalted()
T7AD0 226:793.568 - 1.081ms returns FALSE
T5150 226:822.224   JLINK_RTTERMINAL_Read(BufferIndex = 0, BufferSize = 0x00010000)
T5150 226:822.272   - 0.037ms returns 96
T5150 226:822.480   JLINK_RTTERMINAL_Read(BufferIndex = 0, BufferSize = 0x00010000)
T5150 226:822.480   - 0.017ms returns 0
T5150 226:873.344   JLINK_RTTERMINAL_Read(BufferIndex = 0, BufferSize = 0x00010000)
T5150 226:873.376   - 0.028ms returns 0
T7AD0 226:900.784 JLINK_IsHalted()
T7AD0 226:901.968 - 1.182ms returns FALSE
T7AD0 226:901.984 JLINK_IsHalted()
T7AD0 226:903.072 - 1.082ms returns FALSE
T5150 226:924.192   JLINK_RTTERMINAL_Read(BufferIndex = 0, BufferSize = 0x00010000)
T5150 226:924.208   - 0.031ms returns 0
T5150 226:975.200   JLINK_RTTERMINAL_Read(BufferIndex = 0, BufferSize = 0x00010000)
T5150 226:975.232   - 0.028ms returns 0
T7AD0 227:010.592 JLINK_IsHalted()
T7AD0 227:011.168 - 0.580ms returns FALSE
T7AD0 227:011.200 JLINK_IsHalted()
T7AD0 227:012.272 - 1.076ms returns FALSE
T5150 227:026.000   JLINK_RTTERMINAL_Read(BufferIndex = 0, BufferSize = 0x00010000)
T5150 227:026.016   - 0.029ms returns 0
T5150 227:076.272   JLINK_RTTERMINAL_Read(BufferIndex = 0, BufferSize = 0x00010000)
T5150 227:076.304   - 0.032ms returns 0
T7AD0 227:120.384 JLINK_IsHalted()
T7AD0 227:121.408 - 1.017ms returns FALSE
T7AD0 227:121.440 JLINK_IsHalted()
T7AD0 227:122.512 - 1.091ms returns FALSE
T5150 227:127.392   JLINK_RTTERMINAL_Read(BufferIndex = 0, BufferSize = 0x00010000)
T5150 227:127.424   - 0.031ms returns 0
T5150 227:178.464   JLINK_RTTERMINAL_Read(BufferIndex = 0, BufferSize = 0x00010000)
T5150 227:178.496   - 0.024ms returns 0
T7AD0 227:229.360 JLINK_IsHalted()
T7AD0 227:229.696 - 0.334ms returns FALSE
T5150 227:229.728   JLINK_RTTERMINAL_Read(BufferIndex = 0, BufferSize = 0x00010000)
T5150 227:229.744   - 0.011ms returns 0
T7AD0 227:229.792 JLINK_IsHalted()
T7AD0 227:230.816 - 1.020ms returns FALSE
T5150 227:280.432   JLINK_RTTERMINAL_Read(BufferIndex = 0, BufferSize = 0x00010000)
T5150 227:280.464   - 0.035ms returns 0
T1758 227:286.016 JLINK_IsHalted()
T1758 227:286.944 - 0.924ms returns FALSE
T1758 227:286.960 JLINK_IsHalted()
T1758 227:288.032 - 1.071ms returns FALSE
T5150 227:331.168   JLINK_RTTERMINAL_Read(BufferIndex = 0, BufferSize = 0x00010000)
T5150 227:331.232   - 0.028ms returns 0
T7AD0 227:339.088 JLINK_IsHalted()
T7AD0 227:339.552 - 0.440ms returns FALSE
T7AD0 227:339.552 JLINK_IsHalted()
T7AD0 227:340.672 - 1.122ms returns FALSE
T5150 227:381.680   JLINK_RTTERMINAL_Read(BufferIndex = 0, BufferSize = 0x00010000)
T5150 227:381.712   - 0.029ms returns 0
T5150 227:431.984   JLINK_RTTERMINAL_Read(BufferIndex = 0, BufferSize = 0x00010000)
T5150 227:432.016   - 0.026ms returns 0
T7AD0 227:447.968 JLINK_IsHalted()
T7AD0 227:448.880 - 0.915ms returns FALSE
T7AD0 227:448.912 JLINK_IsHalted()
T7AD0 227:449.952 - 1.047ms returns FALSE
T5150 227:483.008   JLINK_RTTERMINAL_Read(BufferIndex = 0, BufferSize = 0x00010000)
T5150 227:483.040   - 0.021ms returns 0
T5150 227:533.904   JLINK_RTTERMINAL_Read(BufferIndex = 0, BufferSize = 0x00010000)
T5150 227:533.920   - 0.034ms returns 0
T7AD0 227:557.792 JLINK_IsHalted()
T7AD0 227:558.144 - 0.355ms returns FALSE
T7AD0 227:558.144 JLINK_IsHalted()
T7AD0 227:559.248 - 1.087ms returns FALSE
T5150 227:584.224   JLINK_RTTERMINAL_Read(BufferIndex = 0, BufferSize = 0x00010000)
T5150 227:584.288   - 0.035ms returns 0
T5150 227:634.992   JLINK_RTTERMINAL_Read(BufferIndex = 0, BufferSize = 0x00010000)
T5150 227:635.024   - 0.027ms returns 0
T7AD0 227:666.864 JLINK_IsHalted()
T7AD0 227:667.664 - 0.792ms returns FALSE
T7AD0 227:667.680 JLINK_IsHalted()
T7AD0 227:668.768 - 1.083ms returns FALSE
T5150 227:686.048   JLINK_RTTERMINAL_Read(BufferIndex = 0, BufferSize = 0x00010000)
T5150 227:686.064   - 0.026ms returns 0
T5150 227:736.544   JLINK_RTTERMINAL_Read(BufferIndex = 0, BufferSize = 0x00010000)
T5150 227:736.576   - 0.028ms returns 0
T7AD0 227:776.816 JLINK_IsHalted()
T7AD0 227:777.184 - 0.354ms returns FALSE
T7AD0 227:777.200 JLINK_IsHalted()
T7AD0 227:778.272 - 1.088ms returns FALSE
T5150 227:786.912   JLINK_RTTERMINAL_Read(BufferIndex = 0, BufferSize = 0x00010000)
T5150 227:786.928   - 0.020ms returns 0
T5150 227:837.872   JLINK_RTTERMINAL_Read(BufferIndex = 0, BufferSize = 0x00010000)
T5150 227:837.920   - 0.032ms returns 96
T5150 227:838.048   JLINK_RTTERMINAL_Read(BufferIndex = 0, BufferSize = 0x00010000)
T5150 227:838.080   - 0.020ms returns 0
T7AD0 227:886.688 JLINK_IsHalted()
T7AD0 227:887.792 - 1.098ms returns FALSE
T7AD0 227:887.792 JLINK_IsHalted()
T7AD0 227:888.896 - 1.087ms returns FALSE
T5150 227:888.928   JLINK_RTTERMINAL_Read(BufferIndex = 0, BufferSize = 0x00010000)
T5150 227:888.944   - 0.018ms returns 0
T5150 227:940.064   JLINK_RTTERMINAL_Read(BufferIndex = 0, BufferSize = 0x00010000)
T5150 227:940.096   - 0.033ms returns 0
T5150 227:990.912   JLINK_RTTERMINAL_Read(BufferIndex = 0, BufferSize = 0x00010000)
T5150 227:990.944   - 0.032ms returns 0
T7AD0 227:994.800 JLINK_IsHalted()
T7AD0 227:995.216 - 0.415ms returns FALSE
T7AD0 227:995.232 JLINK_IsHalted()
T7AD0 227:996.320 - 1.073ms returns FALSE
T5150 228:041.440   JLINK_RTTERMINAL_Read(BufferIndex = 0, BufferSize = 0x00010000)
T5150 228:041.504   - 0.038ms returns 0
T5150 228:091.952   JLINK_RTTERMINAL_Read(BufferIndex = 0, BufferSize = 0x00010000)
T5150 228:091.984   - 0.029ms returns 0
T7AD0 228:103.904 JLINK_IsHalted()
T7AD0 228:104.528 - 0.615ms returns FALSE
T7AD0 228:104.528 JLINK_IsHalted()
T7AD0 228:105.760 - 1.219ms returns FALSE
T5150 228:143.024   JLINK_RTTERMINAL_Read(BufferIndex = 0, BufferSize = 0x00010000)
T5150 228:143.056   - 0.032ms returns 0
T5150 228:194.016   JLINK_RTTERMINAL_Read(BufferIndex = 0, BufferSize = 0x00010000)
T5150 228:194.048   - 0.032ms returns 0
T7AD0 228:213.936 JLINK_IsHalted()
T7AD0 228:214.784 - 0.861ms returns FALSE
T7AD0 228:214.816 JLINK_IsHalted()
T7AD0 228:215.888 - 1.081ms returns FALSE
T5150 228:245.200   JLINK_RTTERMINAL_Read(BufferIndex = 0, BufferSize = 0x00010000)
T5150 228:245.216   - 0.026ms returns 0
T1758 228:290.000 JLINK_IsHalted()
T1758 228:291.120 - 1.107ms returns FALSE
T1758 228:291.152 JLINK_IsHalted()
T1758 228:292.224 - 1.082ms returns FALSE
T5150 228:296.224   JLINK_RTTERMINAL_Read(BufferIndex = 0, BufferSize = 0x00010000)
T5150 228:296.240   - 0.015ms returns 0
T7AD0 228:324.256 JLINK_IsHalted()
T7AD0 228:325.344 - 1.089ms returns FALSE
T7AD0 228:325.344 JLINK_IsHalted()
T7AD0 228:326.448 - 1.097ms returns FALSE
T5150 228:347.312   JLINK_RTTERMINAL_Read(BufferIndex = 0, BufferSize = 0x00010000)
T5150 228:347.360   - 0.044ms returns 0
T5150 228:398.432   JLINK_RTTERMINAL_Read(BufferIndex = 0, BufferSize = 0x00010000)
T5150 228:398.464   - 0.034ms returns 0
T7AD0 228:432.080 JLINK_IsHalted()
T7AD0 228:432.896 - 0.808ms returns FALSE
T7AD0 228:432.896 JLINK_IsHalted()
T7AD0 228:434.000 - 1.088ms returns FALSE
T5150 228:449.504   JLINK_RTTERMINAL_Read(BufferIndex = 0, BufferSize = 0x00010000)
T5150 228:449.536   - 0.033ms returns 0
T5150 228:500.480   JLINK_RTTERMINAL_Read(BufferIndex = 0, BufferSize = 0x00010000)
T5150 228:500.528   - 0.035ms returns 0
T7AD0 228:541.440 JLINK_IsHalted()
T7AD0 228:542.368 - 0.941ms returns FALSE
T7AD0 228:542.384 JLINK_IsHalted()
T7AD0 228:543.488 - 1.100ms returns FALSE
T5150 228:551.760   JLINK_RTTERMINAL_Read(BufferIndex = 0, BufferSize = 0x00010000)
T5150 228:551.776   - 0.025ms returns 0
T5150 228:602.720   JLINK_RTTERMINAL_Read(BufferIndex = 0, BufferSize = 0x00010000)
T5150 228:602.784   - 0.044ms returns 0
T7AD0 228:650.960 JLINK_IsHalted()
T7AD0 228:651.984 - 1.015ms returns FALSE
T7AD0 228:651.984 JLINK_IsHalted()
T7AD0 228:653.088 - 1.090ms returns FALSE
T5150 228:653.104   JLINK_RTTERMINAL_Read(BufferIndex = 0, BufferSize = 0x00010000)
T5150 228:653.104   - 0.008ms returns 0
T5150 228:703.664   JLINK_RTTERMINAL_Read(BufferIndex = 0, BufferSize = 0x00010000)
T5150 228:703.696   - 0.029ms returns 0
T5150 228:754.864   JLINK_RTTERMINAL_Read(BufferIndex = 0, BufferSize = 0x00010000)
T5150 228:754.896   - 0.034ms returns 0
T7AD0 228:760.736 JLINK_IsHalted()
T7AD0 228:761.728 - 1.008ms returns FALSE
T7AD0 228:761.760 JLINK_IsHalted()
T7AD0 228:762.832 - 1.078ms returns FALSE
T5150 228:805.840   JLINK_RTTERMINAL_Read(BufferIndex = 0, BufferSize = 0x00010000)
T5150 228:805.888   - 0.032ms returns 0
T5150 228:856.192   JLINK_RTTERMINAL_Read(BufferIndex = 0, BufferSize = 0x00010000)
T5150 228:856.224   - 0.030ms returns 96
T5150 228:856.400   JLINK_RTTERMINAL_Read(BufferIndex = 0, BufferSize = 0x00010000)
T5150 228:856.416   - 0.015ms returns 0
T7AD0 228:870.096 JLINK_IsHalted()
T7AD0 228:871.216 - 1.122ms returns FALSE
T7AD0 228:871.248 JLINK_IsHalted()
T7AD0 228:872.320 - 1.077ms returns FALSE
T5150 228:907.424   JLINK_RTTERMINAL_Read(BufferIndex = 0, BufferSize = 0x00010000)
T5150 228:907.440   - 0.034ms returns 0
T5150 228:957.904   JLINK_RTTERMINAL_Read(BufferIndex = 0, BufferSize = 0x00010000)
T5150 228:957.920   - 0.029ms returns 0
T7AD0 228:979.248 JLINK_IsHalted()
T7AD0 228:979.712 - 0.475ms returns FALSE
T7AD0 228:979.744 JLINK_IsHalted()
T7AD0 228:980.784 - 1.055ms returns FALSE
T5150 229:009.200   JLINK_RTTERMINAL_Read(BufferIndex = 0, BufferSize = 0x00010000)
T5150 229:009.248   - 0.041ms returns 0
T5150 229:060.096   JLINK_RTTERMINAL_Read(BufferIndex = 0, BufferSize = 0x00010000)
T5150 229:060.128   - 0.025ms returns 0
T7AD0 229:088.464 JLINK_IsHalted()
T7AD0 229:088.944 - 0.501ms returns FALSE
T7AD0 229:088.976 JLINK_IsHalted()
T7AD0 229:090.048 - 1.094ms returns FALSE
T5150 229:110.784   JLINK_RTTERMINAL_Read(BufferIndex = 0, BufferSize = 0x00010000)
T5150 229:110.816   - 0.023ms returns 0
T5150 229:161.168   JLINK_RTTERMINAL_Read(BufferIndex = 0, BufferSize = 0x00010000)
T5150 229:161.184   - 0.046ms returns 0
T7AD0 229:199.008 JLINK_IsHalted()
T7AD0 229:200.096 - 1.091ms returns FALSE
T7AD0 229:200.128 JLINK_IsHalted()
T7AD0 229:201.200 - 1.081ms returns FALSE
T5150 229:211.824   JLINK_RTTERMINAL_Read(BufferIndex = 0, BufferSize = 0x00010000)
T5150 229:211.856   - 0.036ms returns 0
T5150 229:263.008   JLINK_RTTERMINAL_Read(BufferIndex = 0, BufferSize = 0x00010000)
T5150 229:263.024   - 0.036ms returns 0
T1758 229:293.184 JLINK_IsHalted()
T1758 229:293.776 - 0.588ms returns FALSE
T1758 229:293.776 JLINK_IsHalted()
T1758 229:294.880 - 1.081ms returns FALSE
T7AD0 229:307.040 JLINK_IsHalted()
T7AD0 229:307.856 - 0.834ms returns FALSE
T7AD0 229:307.872 JLINK_IsHalted()
T7AD0 229:308.960 - 1.082ms returns FALSE
T5150 229:314.080   JLINK_RTTERMINAL_Read(BufferIndex = 0, BufferSize = 0x00010000)
T5150 229:314.096   - 0.019ms returns 0
T5150 229:364.304   JLINK_RTTERMINAL_Read(BufferIndex = 0, BufferSize = 0x00010000)
T5150 229:364.320   - 0.028ms returns 0
T5150 229:415.344   JLINK_RTTERMINAL_Read(BufferIndex = 0, BufferSize = 0x00010000)
T5150 229:415.376   - 0.029ms returns 0
T7AD0 229:417.264 JLINK_IsHalted()
T7AD0 229:418.576 - 1.319ms returns FALSE
T7AD0 229:418.592 JLINK_IsHalted()
T7AD0 229:419.488 - 0.905ms returns FALSE
T5150 229:466.592   JLINK_RTTERMINAL_Read(BufferIndex = 0, BufferSize = 0x00010000)
T5150 229:466.624   - 0.033ms returns 0
T5150 229:516.832   JLINK_RTTERMINAL_Read(BufferIndex = 0, BufferSize = 0x00010000)
T5150 229:516.848   - 0.029ms returns 0
T7AD0 229:525.792 JLINK_IsHalted()
T7AD0 229:526.784 - 0.983ms returns FALSE
T7AD0 229:526.784 JLINK_IsHalted()
T7AD0 229:527.856 - 1.077ms returns FALSE
T5150 229:567.136   JLINK_RTTERMINAL_Read(BufferIndex = 0, BufferSize = 0x00010000)
T5150 229:567.152   - 0.031ms returns 0
T5150 229:617.952   JLINK_RTTERMINAL_Read(BufferIndex = 0, BufferSize = 0x00010000)
T5150 229:617.968   - 0.032ms returns 0
T7AD0 229:636.768 JLINK_IsHalted()
T7AD0 229:637.888 - 1.138ms returns FALSE
T7AD0 229:637.920 JLINK_IsHalted()
T7AD0 229:639.072 - 1.163ms returns FALSE
T5150 229:669.376   JLINK_RTTERMINAL_Read(BufferIndex = 0, BufferSize = 0x00010000)
T5150 229:669.408   - 0.029ms returns 0
T5150 229:719.648   JLINK_RTTERMINAL_Read(BufferIndex = 0, BufferSize = 0x00010000)
T5150 229:719.680   - 0.031ms returns 0
T7AD0 229:744.672 JLINK_IsHalted()
T7AD0 229:745.456 - 0.801ms returns FALSE
T7AD0 229:745.488 JLINK_IsHalted()
T7AD0 229:746.560 - 1.091ms returns FALSE
T5150 229:770.832   JLINK_RTTERMINAL_Read(BufferIndex = 0, BufferSize = 0x00010000)
T5150 229:770.848   - 0.029ms returns 0
T5150 229:822.080   JLINK_RTTERMINAL_Read(BufferIndex = 0, BufferSize = 0x00010000)
T5150 229:822.112   - 0.028ms returns 96
T5150 229:822.304   JLINK_RTTERMINAL_Read(BufferIndex = 0, BufferSize = 0x00010000)
T5150 229:822.336   - 0.016ms returns 0
T7AD0 229:853.856 JLINK_IsHalted()
T7AD0 229:855.024 - 1.184ms returns FALSE
T7AD0 229:855.056 JLINK_IsHalted()
T7AD0 229:856.128 - 1.090ms returns FALSE
T5150 229:872.976   JLINK_RTTERMINAL_Read(BufferIndex = 0, BufferSize = 0x00010000)
T5150 229:872.976   - 0.019ms returns 0
T5150 229:923.808   JLINK_RTTERMINAL_Read(BufferIndex = 0, BufferSize = 0x00010000)
T5150 229:923.840   - 0.035ms returns 0
T7AD0 229:963.728 JLINK_IsHalted()
T7AD0 229:964.320 - 0.580ms returns FALSE
T7AD0 229:964.336 JLINK_IsHalted()
T7AD0 229:965.472 - 1.128ms returns FALSE
T5150 229:974.912   JLINK_RTTERMINAL_Read(BufferIndex = 0, BufferSize = 0x00010000)
T5150 229:974.944   - 0.030ms returns 0
T5150 230:025.424   JLINK_RTTERMINAL_Read(BufferIndex = 0, BufferSize = 0x00010000)
T5150 230:025.472   - 0.039ms returns 0
T7AD0 230:072.624 JLINK_IsHalted()
T7AD0 230:073.856 - 1.228ms returns FALSE
T7AD0 230:073.856 JLINK_IsHalted()
T7AD0 230:074.848 - 0.997ms returns FALSE
T5150 230:076.080   JLINK_RTTERMINAL_Read(BufferIndex = 0, BufferSize = 0x00010000)
T5150 230:076.112   - 0.017ms returns 0
T5150 230:126.880   JLINK_RTTERMINAL_Read(BufferIndex = 0, BufferSize = 0x00010000)
T5150 230:126.896   - 0.031ms returns 0
T5150 230:177.504   JLINK_RTTERMINAL_Read(BufferIndex = 0, BufferSize = 0x00010000)
T5150 230:177.536   - 0.030ms returns 0
T7AD0 230:182.400 JLINK_IsHalted()
T7AD0 230:183.040 - 0.632ms returns FALSE
T7AD0 230:183.040 JLINK_IsHalted()
T7AD0 230:184.224 - 1.169ms returns FALSE
T5150 230:228.608   JLINK_RTTERMINAL_Read(BufferIndex = 0, BufferSize = 0x00010000)
T5150 230:228.640   - 0.038ms returns 0
T5150 230:279.680   JLINK_RTTERMINAL_Read(BufferIndex = 0, BufferSize = 0x00010000)
T5150 230:279.712   - 0.033ms returns 0
T7AD0 230:291.584 JLINK_IsHalted()
T7AD0 230:292.512 - 0.926ms returns FALSE
T7AD0 230:292.528 JLINK_IsHalted()
T7AD0 230:293.680 - 1.163ms returns FALSE
T1758 230:295.856 JLINK_IsHalted()
T1758 230:296.784 - 0.945ms returns FALSE
T1758 230:296.800 JLINK_IsHalted()
T1758 230:297.776 - 0.981ms returns FALSE
T5150 230:330.336   JLINK_RTTERMINAL_Read(BufferIndex = 0, BufferSize = 0x00010000)
T5150 230:330.400   - 0.035ms returns 0
T5150 230:380.720   JLINK_RTTERMINAL_Read(BufferIndex = 0, BufferSize = 0x00010000)
T5150 230:380.768   - 0.032ms returns 0
T7AD0 230:401.664 JLINK_IsHalted()
T7AD0 230:402.512 - 0.846ms returns FALSE
T7AD0 230:402.528 JLINK_IsHalted()
T7AD0 230:403.664 - 1.111ms returns FALSE
T5150 230:431.696   JLINK_RTTERMINAL_Read(BufferIndex = 0, BufferSize = 0x00010000)
T5150 230:431.712   - 0.028ms returns 0
T5150 230:482.080   JLINK_RTTERMINAL_Read(BufferIndex = 0, BufferSize = 0x00010000)
T5150 230:482.096   - 0.029ms returns 0
T7AD0 230:511.008 JLINK_IsHalted()
T7AD0 230:511.840 - 0.859ms returns FALSE
T7AD0 230:511.872 JLINK_IsHalted()
T7AD0 230:512.944 - 1.090ms returns FALSE
T5150 230:532.480   JLINK_RTTERMINAL_Read(BufferIndex = 0, BufferSize = 0x00010000)
T5150 230:532.512   - 0.037ms returns 0
T5150 230:583.008   JLINK_RTTERMINAL_Read(BufferIndex = 0, BufferSize = 0x00010000)
T5150 230:583.040   - 0.028ms returns 0
T7AD0 230:620.000 JLINK_IsHalted()
T7AD0 230:621.136 - 1.122ms returns FALSE
T7AD0 230:621.152 JLINK_IsHalted()
T7AD0 230:622.160 - 0.992ms returns FALSE
T5150 230:633.376   JLINK_RTTERMINAL_Read(BufferIndex = 0, BufferSize = 0x00010000)
T5150 230:633.392   - 0.016ms returns 0
T5150 230:683.728   JLINK_RTTERMINAL_Read(BufferIndex = 0, BufferSize = 0x00010000)
T5150 230:683.776   - 0.032ms returns 0
T7AD0 230:729.760 JLINK_IsHalted()
T7AD0 230:730.320 - 0.565ms returns FALSE
T7AD0 230:730.336 JLINK_IsHalted()
T7AD0 230:731.424 - 1.085ms returns FALSE
T5150 230:735.008   JLINK_RTTERMINAL_Read(BufferIndex = 0, BufferSize = 0x00010000)
T5150 230:735.024   - 0.022ms returns 0
T5150 230:785.376   JLINK_RTTERMINAL_Read(BufferIndex = 0, BufferSize = 0x00010000)
T5150 230:785.408   - 0.034ms returns 0
T5150 230:836.432   JLINK_RTTERMINAL_Read(BufferIndex = 0, BufferSize = 0x00010000)
T5150 230:836.448   - 0.028ms returns 96
T5150 230:836.640   JLINK_RTTERMINAL_Read(BufferIndex = 0, BufferSize = 0x00010000)
T5150 230:836.640   - 0.017ms returns 0
T7AD0 230:838.320 JLINK_IsHalted()
T7AD0 230:839.392 - 1.069ms returns FALSE
T7AD0 230:839.424 JLINK_IsHalted()
T7AD0 230:840.496 - 1.084ms returns FALSE
T5150 230:887.376   JLINK_RTTERMINAL_Read(BufferIndex = 0, BufferSize = 0x00010000)
T5150 230:887.392   - 0.045ms returns 0
T5150 230:938.656   JLINK_RTTERMINAL_Read(BufferIndex = 0, BufferSize = 0x00010000)
T5150 230:938.704   - 0.035ms returns 0
T7AD0 230:948.304 JLINK_IsHalted()
T7AD0 230:948.736 - 0.436ms returns FALSE
T7AD0 230:948.736 JLINK_IsHalted()
T7AD0 230:949.840 - 1.101ms returns FALSE
T5150 230:989.488   JLINK_RTTERMINAL_Read(BufferIndex = 0, BufferSize = 0x00010000)
T5150 230:989.520   - 0.028ms returns 0
T5150 231:040.480   JLINK_RTTERMINAL_Read(BufferIndex = 0, BufferSize = 0x00010000)
T5150 231:040.544   - 0.047ms returns 0
T7AD0 231:057.488 JLINK_IsHalted()
T7AD0 231:058.000 - 0.528ms returns FALSE
T7AD0 231:058.016 JLINK_IsHalted()
T7AD0 231:059.168 - 1.141ms returns FALSE
T5150 231:091.024   JLINK_RTTERMINAL_Read(BufferIndex = 0, BufferSize = 0x00010000)
T5150 231:091.040   - 0.030ms returns 0
T5150 231:142.272   JLINK_RTTERMINAL_Read(BufferIndex = 0, BufferSize = 0x00010000)
T5150 231:142.304   - 0.033ms returns 0
T7AD0 231:167.008 JLINK_IsHalted()
T7AD0 231:168.160 - 1.142ms returns FALSE
T7AD0 231:168.160 JLINK_IsHalted()
T7AD0 231:169.248 - 1.083ms returns FALSE
T5150 231:192.624   JLINK_RTTERMINAL_Read(BufferIndex = 0, BufferSize = 0x00010000)
T5150 231:192.672   - 0.034ms returns 0
T5150 231:243.648   JLINK_RTTERMINAL_Read(BufferIndex = 0, BufferSize = 0x00010000)
T5150 231:243.696   - 0.045ms returns 0
T7AD0 231:276.544 JLINK_IsHalted()
T7AD0 231:277.344 - 0.779ms returns FALSE
T7AD0 231:277.344 JLINK_IsHalted()
T7AD0 231:278.416 - 1.074ms returns FALSE
T5150 231:294.240   JLINK_RTTERMINAL_Read(BufferIndex = 0, BufferSize = 0x00010000)
T5150 231:294.288   - 0.028ms returns 0
T1758 231:298.352 JLINK_IsHalted()
T1758 231:298.816 - 0.480ms returns FALSE
T1758 231:298.848 JLINK_IsHalted()
T1758 231:299.920 - 1.071ms returns FALSE
T5150 231:345.280   JLINK_RTTERMINAL_Read(BufferIndex = 0, BufferSize = 0x00010000)
T5150 231:345.328   - 0.045ms returns 0
T7AD0 231:385.696 JLINK_IsHalted()
T7AD0 231:386.208 - 0.513ms returns FALSE
T7AD0 231:386.208 JLINK_IsHalted()
T7AD0 231:387.312 - 1.095ms returns FALSE
T5150 231:395.760   JLINK_RTTERMINAL_Read(BufferIndex = 0, BufferSize = 0x00010000)
T5150 231:395.792   - 0.034ms returns 0
T5150 231:446.864   JLINK_RTTERMINAL_Read(BufferIndex = 0, BufferSize = 0x00010000)
T5150 231:446.912   - 0.038ms returns 0
T7AD0 231:495.328 JLINK_IsHalted()
T7AD0 231:496.528 - 1.206ms returns FALSE
T7AD0 231:496.544 JLINK_IsHalted()
T7AD0 231:497.696 - 1.146ms returns FALSE
T5150 231:497.728   JLINK_RTTERMINAL_Read(BufferIndex = 0, BufferSize = 0x00010000)
T5150 231:497.728   - 0.011ms returns 0
T5150 231:549.056   JLINK_RTTERMINAL_Read(BufferIndex = 0, BufferSize = 0x00010000)
T5150 231:549.088   - 0.034ms returns 0
T5150 231:599.664   JLINK_RTTERMINAL_Read(BufferIndex = 0, BufferSize = 0x00010000)
T5150 231:599.712   - 0.033ms returns 0
T7AD0 231:604.576 JLINK_IsHalted()
T7AD0 231:605.072 - 0.497ms returns FALSE
T7AD0 231:605.088 JLINK_IsHalted()
T7AD0 231:606.192 - 1.101ms returns FALSE
T5150 231:650.720   JLINK_RTTERMINAL_Read(BufferIndex = 0, BufferSize = 0x00010000)
T5150 231:650.768   - 0.029ms returns 0
T5150 231:701.808   JLINK_RTTERMINAL_Read(BufferIndex = 0, BufferSize = 0x00010000)
T5150 231:701.840   - 0.029ms returns 0
T7AD0 231:713.696 JLINK_IsHalted()
T7AD0 231:714.464 - 0.785ms returns FALSE
T7AD0 231:714.480 JLINK_IsHalted()
T7AD0 231:715.584 - 1.093ms returns FALSE
T5150 231:752.272   JLINK_RTTERMINAL_Read(BufferIndex = 0, BufferSize = 0x00010000)
T5150 231:752.320   - 0.042ms returns 0
T5150 231:802.800   JLINK_RTTERMINAL_Read(BufferIndex = 0, BufferSize = 0x00010000)
T5150 231:802.832   - 0.038ms returns 0
T7AD0 231:824.288 JLINK_IsHalted()
T7AD0 231:825.360 - 1.080ms returns FALSE
T7AD0 231:825.360 JLINK_IsHalted()
T7AD0 231:826.464 - 1.092ms returns FALSE
T5150 231:853.792   JLINK_RTTERMINAL_Read(BufferIndex = 0, BufferSize = 0x00010000)
T5150 231:853.824   - 0.030ms returns 96
T5150 231:854.032   JLINK_RTTERMINAL_Read(BufferIndex = 0, BufferSize = 0x00010000)
T5150 231:854.032   - 0.014ms returns 0
T5150 231:904.432   JLINK_RTTERMINAL_Read(BufferIndex = 0, BufferSize = 0x00010000)
T5150 231:904.464   - 0.029ms returns 0
T7AD0 231:932.384 JLINK_IsHalted()
T7AD0 231:932.832 - 0.447ms returns FALSE
T7AD0 231:932.848 JLINK_IsHalted()
T7AD0 231:933.920 - 1.074ms returns FALSE
T5150 231:954.688   JLINK_RTTERMINAL_Read(BufferIndex = 0, BufferSize = 0x00010000)
T5150 231:954.688   - 0.019ms returns 0
T5150 232:005.584   JLINK_RTTERMINAL_Read(BufferIndex = 0, BufferSize = 0x00010000)
T5150 232:005.632   - 0.042ms returns 0
T7AD0 232:041.632 JLINK_IsHalted()
T7AD0 232:042.160 - 0.524ms returns FALSE
T7AD0 232:042.192 JLINK_IsHalted()
T7AD0 232:043.264 - 1.074ms returns FALSE
T5150 232:056.752   JLINK_RTTERMINAL_Read(BufferIndex = 0, BufferSize = 0x00010000)
T5150 232:056.784   - 0.027ms returns 0
T5150 232:107.040   JLINK_RTTERMINAL_Read(BufferIndex = 0, BufferSize = 0x00010000)
T5150 232:107.056   - 0.026ms returns 0
T7AD0 232:151.552 JLINK_IsHalted()
T7AD0 232:152.416 - 0.879ms returns FALSE
T7AD0 232:152.448 JLINK_IsHalted()
T7AD0 232:153.520 - 1.085ms returns FALSE
T5150 232:157.984   JLINK_RTTERMINAL_Read(BufferIndex = 0, BufferSize = 0x00010000)
T5150 232:158.000   - 0.021ms returns 0
T5150 232:208.304   JLINK_RTTERMINAL_Read(BufferIndex = 0, BufferSize = 0x00010000)
T5150 232:208.336   - 0.030ms returns 0
T5150 232:259.408   JLINK_RTTERMINAL_Read(BufferIndex = 0, BufferSize = 0x00010000)
T5150 232:259.424   - 0.030ms returns 0
T7AD0 232:260.304 JLINK_IsHalted()
T7AD0 232:260.688 - 0.387ms returns FALSE
T7AD0 232:260.704 JLINK_IsHalted()
T7AD0 232:261.792 - 1.090ms returns FALSE
T1758 232:299.808 JLINK_IsHalted()
T1758 232:300.512 - 0.723ms returns FALSE
T1758 232:300.512 JLINK_IsHalted()
T1758 232:301.696 - 1.154ms returns FALSE
T5150 232:309.712   JLINK_RTTERMINAL_Read(BufferIndex = 0, BufferSize = 0x00010000)
T5150 232:309.728   - 0.017ms returns 0
T5150 232:360.112   JLINK_RTTERMINAL_Read(BufferIndex = 0, BufferSize = 0x00010000)
T5150 232:360.144   - 0.031ms returns 0
T7AD0 232:370.016 JLINK_IsHalted()
T7AD0 232:370.464 - 0.438ms returns FALSE
T7AD0 232:370.480 JLINK_IsHalted()
T7AD0 232:371.552 - 1.086ms returns FALSE
T5150 232:411.184   JLINK_RTTERMINAL_Read(BufferIndex = 0, BufferSize = 0x00010000)
T5150 232:411.216   - 0.030ms returns 0
T5150 232:461.904   JLINK_RTTERMINAL_Read(BufferIndex = 0, BufferSize = 0x00010000)
T5150 232:461.920   - 0.037ms returns 0
T7AD0 232:479.440 JLINK_IsHalted()
T7AD0 232:479.792 - 0.351ms returns FALSE
T7AD0 232:479.792 JLINK_IsHalted()
T7AD0 232:480.928 - 1.123ms returns FALSE
T5150 232:513.056   JLINK_RTTERMINAL_Read(BufferIndex = 0, BufferSize = 0x00010000)
T5150 232:513.072   - 0.031ms returns 0
T5150 232:564.048   JLINK_RTTERMINAL_Read(BufferIndex = 0, BufferSize = 0x00010000)
T5150 232:564.064   - 0.035ms returns 0
T7AD0 232:588.496 JLINK_IsHalted()
T7AD0 232:589.184 - 0.694ms returns FALSE
T7AD0 232:589.184 JLINK_IsHalted()
T7AD0 232:590.288 - 1.081ms returns FALSE
T5150 232:614.624   JLINK_RTTERMINAL_Read(BufferIndex = 0, BufferSize = 0x00010000)
T5150 232:614.624   - 0.025ms returns 0
T5150 232:665.392   JLINK_RTTERMINAL_Read(BufferIndex = 0, BufferSize = 0x00010000)
T5150 232:665.424   - 0.041ms returns 0
T7AD0 232:697.808 JLINK_IsHalted()
T7AD0 232:698.528 - 0.732ms returns FALSE
T7AD0 232:698.576 JLINK_IsHalted()
T7AD0 232:699.696 - 1.125ms returns FALSE
T5150 232:715.728   JLINK_RTTERMINAL_Read(BufferIndex = 0, BufferSize = 0x00010000)
T5150 232:715.728   - 0.023ms returns 0
T5150 232:767.488   JLINK_RTTERMINAL_Read(BufferIndex = 0, BufferSize = 0x00010000)
T5150 232:767.520   - 0.026ms returns 0
T7AD0 232:807.392 JLINK_IsHalted()
T7AD0 232:807.888 - 0.476ms returns FALSE
T7AD0 232:807.888 JLINK_IsHalted()
T7AD0 232:808.992 - 1.084ms returns FALSE
T5150 232:818.512   JLINK_RTTERMINAL_Read(BufferIndex = 0, BufferSize = 0x00010000)
T5150 232:818.528   - 0.020ms returns 0
T5150 232:869.888   JLINK_RTTERMINAL_Read(BufferIndex = 0, BufferSize = 0x00010000)
T5150 232:869.920   - 0.031ms returns 96
T5150 232:871.008   JLINK_RTTERMINAL_Read(BufferIndex = 0, BufferSize = 0x00010000)
T5150 232:871.040   - 0.026ms returns 0
T7AD0 232:917.120 JLINK_IsHalted()
T7AD0 232:917.808 - 0.686ms returns FALSE
T7AD0 232:917.840 JLINK_IsHalted()
T7AD0 232:918.912 - 1.086ms returns FALSE
T5150 232:921.216   JLINK_RTTERMINAL_Read(BufferIndex = 0, BufferSize = 0x00010000)
T5150 232:921.248   - 0.021ms returns 0
T5150 232:972.448   JLINK_RTTERMINAL_Read(BufferIndex = 0, BufferSize = 0x00010000)
T5150 232:972.464   - 0.029ms returns 0
T5150 233:023.184   JLINK_RTTERMINAL_Read(BufferIndex = 0, BufferSize = 0x00010000)
T5150 233:023.232   - 0.045ms returns 0
T7AD0 233:026.080 JLINK_IsHalted()
T7AD0 233:027.152 - 1.070ms returns FALSE
T7AD0 233:027.152 JLINK_IsHalted()
T7AD0 233:028.224 - 1.079ms returns FALSE
T5150 233:074.256   JLINK_RTTERMINAL_Read(BufferIndex = 0, BufferSize = 0x00010000)
T5150 233:074.304   - 0.033ms returns 0
T5150 233:124.768   JLINK_RTTERMINAL_Read(BufferIndex = 0, BufferSize = 0x00010000)
T5150 233:124.816   - 0.039ms returns 0
T7AD0 233:135.664 JLINK_IsHalted()
T7AD0 233:136.336 - 0.645ms returns FALSE
T7AD0 233:136.336 JLINK_IsHalted()
T7AD0 233:137.440 - 1.112ms returns FALSE
T5150 233:175.248   JLINK_RTTERMINAL_Read(BufferIndex = 0, BufferSize = 0x00010000)
T5150 233:175.264   - 0.038ms returns 0
T5150 233:225.904   JLINK_RTTERMINAL_Read(BufferIndex = 0, BufferSize = 0x00010000)
T5150 233:225.936   - 0.029ms returns 0
T7AD0 233:244.720 JLINK_IsHalted()
T7AD0 233:245.696 - 0.972ms returns FALSE
T7AD0 233:245.744 JLINK_IsHalted()
T7AD0 233:246.896 - 1.163ms returns FALSE
T5150 233:277.056   JLINK_RTTERMINAL_Read(BufferIndex = 0, BufferSize = 0x00010000)
T5150 233:277.088   - 0.025ms returns 0
T1758 233:302.320 JLINK_IsHalted()
T1758 233:302.912 - 0.602ms returns FALSE
T1758 233:302.944 JLINK_IsHalted()
T1758 233:303.904 - 0.965ms returns FALSE
T5150 233:328.208   JLINK_RTTERMINAL_Read(BufferIndex = 0, BufferSize = 0x00010000)
T5150 233:328.224   - 0.029ms returns 0
T7AD0 233:354.416 JLINK_IsHalted()
T7AD0 233:355.488 - 1.053ms returns FALSE
T7AD0 233:355.520 JLINK_IsHalted()
T7AD0 233:356.544 - 1.037ms returns FALSE
T5150 233:378.640   JLINK_RTTERMINAL_Read(BufferIndex = 0, BufferSize = 0x00010000)
T5150 233:378.656   - 0.033ms returns 0
T5150 233:429.792   JLINK_RTTERMINAL_Read(BufferIndex = 0, BufferSize = 0x00010000)
T5150 233:429.840   - 0.031ms returns 0
T7AD0 233:463.712 JLINK_IsHalted()
T7AD0 233:464.704 - 1.000ms returns FALSE
T7AD0 233:464.736 JLINK_IsHalted()
T7AD0 233:465.808 - 1.087ms returns FALSE
T5150 233:480.912   JLINK_RTTERMINAL_Read(BufferIndex = 0, BufferSize = 0x00010000)
T5150 233:480.928   - 0.028ms returns 0
T5150 233:531.472   JLINK_RTTERMINAL_Read(BufferIndex = 0, BufferSize = 0x00010000)
T5150 233:531.488   - 0.032ms returns 0
T7AD0 233:573.456 JLINK_IsHalted()
T7AD0 233:573.968 - 0.491ms returns FALSE
T7AD0 233:573.968 JLINK_IsHalted()
T7AD0 233:575.072 - 1.109ms returns FALSE
T5150 233:582.544   JLINK_RTTERMINAL_Read(BufferIndex = 0, BufferSize = 0x00010000)
T5150 233:582.560   - 0.026ms returns 0
T5150 233:633.056   JLINK_RTTERMINAL_Read(BufferIndex = 0, BufferSize = 0x00010000)
T5150 233:633.104   - 0.039ms returns 0
T7AD0 233:682.480 JLINK_IsHalted()
T7AD0 233:683.248 - 0.758ms returns FALSE
T7AD0 233:683.248 JLINK_IsHalted()
T7AD0 233:684.384 - 1.117ms returns FALSE
T5150 233:684.400   JLINK_RTTERMINAL_Read(BufferIndex = 0, BufferSize = 0x00010000)
T5150 233:684.432   - 0.020ms returns 0
T5150 233:734.992   JLINK_RTTERMINAL_Read(BufferIndex = 0, BufferSize = 0x00010000)
T5150 233:735.008   - 0.024ms returns 0
T5150 233:786.032   JLINK_RTTERMINAL_Read(BufferIndex = 0, BufferSize = 0x00010000)
T5150 233:786.064   - 0.029ms returns 0
T7AD0 233:791.952 JLINK_IsHalted()
T7AD0 233:792.544 - 0.581ms returns FALSE
T7AD0 233:792.560 JLINK_IsHalted()
T7AD0 233:793.696 - 1.126ms returns FALSE
T5150 233:836.896   JLINK_RTTERMINAL_Read(BufferIndex = 0, BufferSize = 0x00010000)
T5150 233:836.928   - 0.028ms returns 96
T5150 233:837.136   JLINK_RTTERMINAL_Read(BufferIndex = 0, BufferSize = 0x00010000)
T5150 233:837.136   - 0.017ms returns 0
T5150 233:887.440   JLINK_RTTERMINAL_Read(BufferIndex = 0, BufferSize = 0x00010000)
T5150 233:887.488   - 0.031ms returns 0
T7AD0 233:901.408 JLINK_IsHalted()
T7AD0 233:901.696 - 0.299ms returns FALSE
T7AD0 233:901.728 JLINK_IsHalted()
T7AD0 233:902.160 - 0.450ms returns FALSE
T5150 233:937.840   JLINK_RTTERMINAL_Read(BufferIndex = 0, BufferSize = 0x00010000)
T5150 233:937.872   - 0.042ms returns 0
T5150 233:988.944   JLINK_RTTERMINAL_Read(BufferIndex = 0, BufferSize = 0x00010000)
T5150 233:988.960   - 0.024ms returns 0
T7AD0 234:010.320 JLINK_IsHalted()
T7AD0 234:010.656 - 0.356ms returns FALSE
T7AD0 234:010.672 JLINK_IsHalted()
T7AD0 234:011.104 - 0.447ms returns FALSE
T5150 234:039.456   JLINK_RTTERMINAL_Read(BufferIndex = 0, BufferSize = 0x00010000)
T5150 234:039.504   - 0.035ms returns 0
T5150 234:090.144   JLINK_RTTERMINAL_Read(BufferIndex = 0, BufferSize = 0x00010000)
T5150 234:090.192   - 0.032ms returns 0
T7AD0 234:120.016 JLINK_IsHalted()
T7AD0 234:120.480 - 0.447ms returns FALSE
T7AD0 234:120.480 JLINK_IsHalted()
T7AD0 234:120.752 - 0.276ms returns FALSE
T5150 234:141.216   JLINK_RTTERMINAL_Read(BufferIndex = 0, BufferSize = 0x00010000)
T5150 234:141.232   - 0.033ms returns 0
T5150 234:192.224   JLINK_RTTERMINAL_Read(BufferIndex = 0, BufferSize = 0x00010000)
T5150 234:192.256   - 0.029ms returns 0
T7AD0 234:229.296 JLINK_IsHalted()
T7AD0 234:229.680 - 0.388ms returns FALSE
T7AD0 234:229.712 JLINK_IsHalted()
T7AD0 234:230.144 - 0.444ms returns FALSE
T5150 234:243.296   JLINK_RTTERMINAL_Read(BufferIndex = 0, BufferSize = 0x00010000)
T5150 234:243.328   - 0.029ms returns 0
T5150 234:293.712   JLINK_RTTERMINAL_Read(BufferIndex = 0, BufferSize = 0x00010000)
T5150 234:293.728   - 0.031ms returns 0
T1758 234:303.872 JLINK_IsHalted()
T1758 234:304.176 - 0.303ms returns FALSE
T1758 234:304.176 JLINK_IsHalted()
T1758 234:304.480 - 0.308ms returns FALSE
T7AD0 234:339.360 JLINK_IsHalted()
T7AD0 234:339.760 - 0.391ms returns FALSE
T7AD0 234:339.792 JLINK_IsHalted()
T7AD0 234:340.144 - 0.365ms returns FALSE
T5150 234:344.752   JLINK_RTTERMINAL_Read(BufferIndex = 0, BufferSize = 0x00010000)
T5150 234:344.784   - 0.019ms returns 0
T5150 234:395.296   JLINK_RTTERMINAL_Read(BufferIndex = 0, BufferSize = 0x00010000)
T5150 234:395.312   - 0.032ms returns 0
T5150 234:445.776   JLINK_RTTERMINAL_Read(BufferIndex = 0, BufferSize = 0x00010000)
T5150 234:445.792   - 0.045ms returns 0
T7AD0 234:447.664 JLINK_IsHalted()
T7AD0 234:448.032 - 0.351ms returns FALSE
T7AD0 234:448.032 JLINK_IsHalted()
T7AD0 234:448.304 - 0.275ms returns FALSE
T5150 234:496.352   JLINK_RTTERMINAL_Read(BufferIndex = 0, BufferSize = 0x00010000)
T5150 234:496.384   - 0.040ms returns 0
T5150 234:547.360   JLINK_RTTERMINAL_Read(BufferIndex = 0, BufferSize = 0x00010000)
T5150 234:547.376   - 0.028ms returns 0
T7AD0 234:557.264 JLINK_IsHalted()
T7AD0 234:557.568 - 0.291ms returns FALSE
T7AD0 234:557.568 JLINK_IsHalted()
T7AD0 234:558.032 - 0.446ms returns FALSE
T5150 234:598.480   JLINK_RTTERMINAL_Read(BufferIndex = 0, BufferSize = 0x00010000)
T5150 234:598.528   - 0.032ms returns 0
T5150 234:649.568   JLINK_RTTERMINAL_Read(BufferIndex = 0, BufferSize = 0x00010000)
T5150 234:649.600   - 0.033ms returns 0
T7AD0 234:666.624 JLINK_IsHalted()
T7AD0 234:667.040 - 0.424ms returns FALSE
T7AD0 234:667.056 JLINK_IsHalted()
T7AD0 234:667.344 - 0.274ms returns FALSE
T5150 234:700.240   JLINK_RTTERMINAL_Read(BufferIndex = 0, BufferSize = 0x00010000)
T5150 234:700.256   - 0.042ms returns 0
T5150 234:750.672   JLINK_RTTERMINAL_Read(BufferIndex = 0, BufferSize = 0x00010000)
T5150 234:750.720   - 0.028ms returns 0
T7AD0 234:776.576 JLINK_IsHalted()
T7AD0 234:777.008 - 0.436ms returns FALSE
T7AD0 234:777.008 JLINK_IsHalted()
T7AD0 234:777.248 - 0.233ms returns FALSE
T5150 234:801.584   JLINK_RTTERMINAL_Read(BufferIndex = 0, BufferSize = 0x00010000)
T5150 234:801.616   - 0.025ms returns 0
T5150 234:852.768   JLINK_RTTERMINAL_Read(BufferIndex = 0, BufferSize = 0x00010000)
T5150 234:852.784   - 0.030ms returns 0
T7AD0 234:885.248 JLINK_IsHalted()
T7AD0 234:885.712 - 0.455ms returns FALSE
T7AD0 234:885.728 JLINK_IsHalted()
T7AD0 234:886.064 - 0.333ms returns FALSE
T5150 234:903.936   JLINK_RTTERMINAL_Read(BufferIndex = 0, BufferSize = 0x00010000)
T5150 234:903.968   - 0.028ms returns 0
T5150 234:954.576   JLINK_RTTERMINAL_Read(BufferIndex = 0, BufferSize = 0x00010000)
T5150 234:954.592   - 0.028ms returns 0
T7AD0 234:994.992 JLINK_IsHalted()
T7AD0 234:995.296 - 0.309ms returns FALSE
T7AD0 234:995.328 JLINK_IsHalted()
T7AD0 234:995.680 - 0.359ms returns FALSE
T5150 235:005.136   JLINK_RTTERMINAL_Read(BufferIndex = 0, BufferSize = 0x00010000)
T5150 235:005.152   - 0.026ms returns 0
T5150 235:056.224   JLINK_RTTERMINAL_Read(BufferIndex = 0, BufferSize = 0x00010000)
T5150 235:056.256   - 0.027ms returns 0
T7AD0 235:104.384 JLINK_IsHalted()
T7AD0 235:104.720 - 0.320ms returns FALSE
T7AD0 235:104.720 JLINK_IsHalted()
T7AD0 235:105.232 - 0.506ms returns FALSE
T5150 235:107.376   JLINK_RTTERMINAL_Read(BufferIndex = 0, BufferSize = 0x00010000)
T5150 235:107.408   - 0.018ms returns 0
T5150 235:157.840   JLINK_RTTERMINAL_Read(BufferIndex = 0, BufferSize = 0x00010000)
T5150 235:157.888   - 0.029ms returns 0
T5150 235:208.096   JLINK_RTTERMINAL_Read(BufferIndex = 0, BufferSize = 0x00010000)
T5150 235:208.144   - 0.030ms returns 0
T7AD0 235:214.032 JLINK_IsHalted()
T7AD0 235:214.672 - 0.633ms returns FALSE
T7AD0 235:214.688 JLINK_IsHalted()
T7AD0 235:215.792 - 1.108ms returns FALSE
T5150 235:259.104   JLINK_RTTERMINAL_Read(BufferIndex = 0, BufferSize = 0x00010000)
T5150 235:259.136   - 0.030ms returns 0
T1758 235:304.752 JLINK_IsHalted()
T1758 235:305.776 - 1.020ms returns FALSE
T1758 235:305.776 JLINK_IsHalted()
T1758 235:306.880 - 1.078ms returns FALSE
T5150 235:309.696   JLINK_RTTERMINAL_Read(BufferIndex = 0, BufferSize = 0x00010000)
T5150 235:309.696   - 0.019ms returns 0
T7AD0 235:323.568 JLINK_IsHalted()
T7AD0 235:324.416 - 0.827ms returns FALSE
T7AD0 235:324.448 JLINK_IsHalted()
T7AD0 235:325.520 - 1.075ms returns FALSE
T5150 235:360.800   JLINK_RTTERMINAL_Read(BufferIndex = 0, BufferSize = 0x00010000)
T5150 235:360.816   - 0.031ms returns 0
T5150 235:411.456   JLINK_RTTERMINAL_Read(BufferIndex = 0, BufferSize = 0x00010000)
T5150 235:411.488   - 0.033ms returns 0
T7AD0 235:432.496 JLINK_IsHalted()
T7AD0 235:433.040 - 0.538ms returns FALSE
T7AD0 235:433.040 JLINK_IsHalted()
T7AD0 235:434.144 - 1.085ms returns FALSE
T5150 235:462.016   JLINK_RTTERMINAL_Read(BufferIndex = 0, BufferSize = 0x00010000)
T5150 235:462.048   - 0.040ms returns 0
T5150 235:512.656   JLINK_RTTERMINAL_Read(BufferIndex = 0, BufferSize = 0x00010000)
T5150 235:512.672   - 0.030ms returns 0
T7AD0 235:541.584 JLINK_IsHalted()
T7AD0 235:542.352 - 0.772ms returns FALSE
T7AD0 235:542.352 JLINK_IsHalted()
T7AD0 235:543.456 - 1.085ms returns FALSE
T5150 235:563.744   JLINK_RTTERMINAL_Read(BufferIndex = 0, BufferSize = 0x00010000)
T5150 235:563.808   - 0.030ms returns 0
T5150 235:615.184   JLINK_RTTERMINAL_Read(BufferIndex = 0, BufferSize = 0x00010000)
T5150 235:615.200   - 0.033ms returns 0
T7AD0 235:650.784 JLINK_IsHalted()
T7AD0 235:651.680 - 0.898ms returns FALSE
T7AD0 235:651.712 JLINK_IsHalted()
T7AD0 235:652.784 - 1.090ms returns FALSE
T5150 235:665.920   JLINK_RTTERMINAL_Read(BufferIndex = 0, BufferSize = 0x00010000)
T5150 235:665.952   - 0.030ms returns 0
T5150 235:716.448   JLINK_RTTERMINAL_Read(BufferIndex = 0, BufferSize = 0x00010000)
T5150 235:716.480   - 0.032ms returns 0
T7AD0 235:760.560 JLINK_IsHalted()
T7AD0 235:760.944 - 0.384ms returns FALSE
T7AD0 235:760.944 JLINK_IsHalted()
T7AD0 235:762.048 - 1.102ms returns FALSE
T5150 235:767.760   JLINK_RTTERMINAL_Read(BufferIndex = 0, BufferSize = 0x00010000)
T5150 235:767.776   - 0.040ms returns 0
T5150 235:818.320   JLINK_RTTERMINAL_Read(BufferIndex = 0, BufferSize = 0x00010000)
T5150 235:818.368   - 0.030ms returns 0
T5150 235:868.880   JLINK_RTTERMINAL_Read(BufferIndex = 0, BufferSize = 0x00010000)
T5150 235:868.896   - 0.028ms returns 0
T7AD0 235:870.256 JLINK_IsHalted()
T7AD0 235:871.392 - 1.120ms returns FALSE
T7AD0 235:871.392 JLINK_IsHalted()
T7AD0 235:872.480 - 1.086ms returns FALSE
T5150 235:920.032   JLINK_RTTERMINAL_Read(BufferIndex = 0, BufferSize = 0x00010000)
T5150 235:920.080   - 0.028ms returns 0
T5150 235:971.024   JLINK_RTTERMINAL_Read(BufferIndex = 0, BufferSize = 0x00010000)
T5150 235:971.072   - 0.032ms returns 0
T7AD0 235:979.296 JLINK_IsHalted()
T7AD0 235:979.984 - 0.692ms returns FALSE
T7AD0 235:980.000 JLINK_IsHalted()
T7AD0 235:981.104 - 1.092ms returns FALSE
T5150 236:021.376   JLINK_RTTERMINAL_Read(BufferIndex = 0, BufferSize = 0x00010000)
T5150 236:021.408   - 0.029ms returns 0
T5150 236:072.400   JLINK_RTTERMINAL_Read(BufferIndex = 0, BufferSize = 0x00010000)
T5150 236:072.416   - 0.035ms returns 0
T7AD0 236:088.448 JLINK_IsHalted()
T7AD0 236:089.424 - 0.955ms returns FALSE
T7AD0 236:089.424 JLINK_IsHalted()
T7AD0 236:090.496 - 1.073ms returns FALSE
T5150 236:122.752   JLINK_RTTERMINAL_Read(BufferIndex = 0, BufferSize = 0x00010000)
T5150 236:122.784   - 0.029ms returns 0
T5150 236:173.232   JLINK_RTTERMINAL_Read(BufferIndex = 0, BufferSize = 0x00010000)
T5150 236:173.280   - 0.049ms returns 0
T7AD0 236:197.712 JLINK_IsHalted()
T7AD0 236:198.784 - 1.068ms returns FALSE
T7AD0 236:198.816 JLINK_IsHalted()
T7AD0 236:199.904 - 1.082ms returns FALSE
T5150 236:224.128   JLINK_RTTERMINAL_Read(BufferIndex = 0, BufferSize = 0x00010000)
T5150 236:224.160   - 0.029ms returns 0
T5150 236:274.848   JLINK_RTTERMINAL_Read(BufferIndex = 0, BufferSize = 0x00010000)
T5150 236:274.864   - 0.023ms returns 0
T7AD0 236:307.488 JLINK_IsHalted()
T7AD0 236:308.048 - 0.558ms returns FALSE
T7AD0 236:308.064 JLINK_IsHalted()
T7AD0 236:309.152 - 1.080ms returns FALSE
T1758 236:310.176 JLINK_IsHalted()
T1758 236:311.264 - 1.097ms returns FALSE
T1758 236:311.264 JLINK_IsHalted()
T1758 236:312.352 - 1.079ms returns FALSE
T5150 236:325.760   JLINK_RTTERMINAL_Read(BufferIndex = 0, BufferSize = 0x00010000)
T5150 236:325.808   - 0.039ms returns 0
T5150 236:376.832   JLINK_RTTERMINAL_Read(BufferIndex = 0, BufferSize = 0x00010000)
T5150 236:376.864   - 0.026ms returns 0
T7AD0 236:416.432 JLINK_IsHalted()
T7AD0 236:416.816 - 0.395ms returns FALSE
T7AD0 236:416.848 JLINK_IsHalted()
T7AD0 236:417.920 - 1.069ms returns FALSE
T5150 236:427.088   JLINK_RTTERMINAL_Read(BufferIndex = 0, BufferSize = 0x00010000)
T5150 236:427.104   - 0.025ms returns 0
T5150 236:478.384   JLINK_RTTERMINAL_Read(BufferIndex = 0, BufferSize = 0x00010000)
T5150 236:478.416   - 0.032ms returns 0
T7AD0 236:526.640 JLINK_IsHalted()
T7AD0 236:527.008 - 0.361ms returns FALSE
T7AD0 236:527.024 JLINK_IsHalted()
T7AD0 236:528.096 - 1.077ms returns FALSE
T5150 236:528.720   JLINK_RTTERMINAL_Read(BufferIndex = 0, BufferSize = 0x00010000)
T5150 236:528.736   - 0.017ms returns 0
T5150 236:579.712   JLINK_RTTERMINAL_Read(BufferIndex = 0, BufferSize = 0x00010000)
T5150 236:579.744   - 0.024ms returns 0
T5150 236:630.400   JLINK_RTTERMINAL_Read(BufferIndex = 0, BufferSize = 0x00010000)
T5150 236:630.432   - 0.037ms returns 0
T7AD0 236:636.192 JLINK_IsHalted()
T7AD0 236:637.232 - 1.057ms returns FALSE
T7AD0 236:637.264 JLINK_IsHalted()
T7AD0 236:638.336 - 1.083ms returns FALSE
T5150 236:681.216   JLINK_RTTERMINAL_Read(BufferIndex = 0, BufferSize = 0x00010000)
T5150 236:681.264   - 0.036ms returns 0
T5150 236:732.112   JLINK_RTTERMINAL_Read(BufferIndex = 0, BufferSize = 0x00010000)
T5150 236:732.128   - 0.031ms returns 0
T7AD0 236:744.832 JLINK_IsHalted()
T7AD0 236:745.856 - 1.045ms returns FALSE
T7AD0 236:745.888 JLINK_IsHalted()
T7AD0 236:746.848 - 0.978ms returns FALSE
T5150 236:782.672   JLINK_RTTERMINAL_Read(BufferIndex = 0, BufferSize = 0x00010000)
T5150 236:782.688   - 0.029ms returns 0
T5150 236:833.232   JLINK_RTTERMINAL_Read(BufferIndex = 0, BufferSize = 0x00010000)
T5150 236:833.248   - 0.030ms returns 0
T7AD0 236:855.808 JLINK_IsHalted()
T7AD0 236:856.912 - 1.084ms returns FALSE
T7AD0 236:856.912 JLINK_IsHalted()
T7AD0 236:858.016 - 1.089ms returns FALSE
T5150 236:884.256   JLINK_RTTERMINAL_Read(BufferIndex = 0, BufferSize = 0x00010000)
T5150 236:884.272   - 0.034ms returns 0
T5150 236:935.088   JLINK_RTTERMINAL_Read(BufferIndex = 0, BufferSize = 0x00010000)
T5150 236:935.120   - 0.031ms returns 0
T7AD0 236:964.096 JLINK_IsHalted()
T7AD0 236:964.480 - 0.377ms returns FALSE
T7AD0 236:964.512 JLINK_IsHalted()
T7AD0 236:965.664 - 1.163ms returns FALSE
T5150 236:985.760   JLINK_RTTERMINAL_Read(BufferIndex = 0, BufferSize = 0x00010000)
T5150 236:985.776   - 0.026ms returns 0
T5150 237:036.832   JLINK_RTTERMINAL_Read(BufferIndex = 0, BufferSize = 0x00010000)
T5150 237:036.848   - 0.030ms returns 0
T7AD0 237:072.896 JLINK_IsHalted()
T7AD0 237:074.080 - 1.171ms returns FALSE
T7AD0 237:074.080 JLINK_IsHalted()
T7AD0 237:075.168 - 1.087ms returns FALSE
T5150 237:088.048   JLINK_RTTERMINAL_Read(BufferIndex = 0, BufferSize = 0x00010000)
T5150 237:088.080   - 0.026ms returns 0
T5150 237:139.040   JLINK_RTTERMINAL_Read(BufferIndex = 0, BufferSize = 0x00010000)
T5150 237:139.072   - 0.029ms returns 0
T7AD0 237:182.080 JLINK_IsHalted()
T7AD0 237:182.432 - 0.377ms returns FALSE
T7AD0 237:182.464 JLINK_IsHalted()
T7AD0 237:183.536 - 1.088ms returns FALSE
T5150 237:190.176   JLINK_RTTERMINAL_Read(BufferIndex = 0, BufferSize = 0x00010000)
T5150 237:190.192   - 0.017ms returns 0
T5150 237:240.608   JLINK_RTTERMINAL_Read(BufferIndex = 0, BufferSize = 0x00010000)
T5150 237:240.624   - 0.029ms returns 0
T5150 237:291.264   JLINK_RTTERMINAL_Read(BufferIndex = 0, BufferSize = 0x00010000)
T5150 237:291.296   - 0.026ms returns 0
T7AD0 237:292.208 JLINK_IsHalted()
T7AD0 237:292.768 - 0.562ms returns FALSE
T7AD0 237:292.768 JLINK_IsHalted()
T7AD0 237:293.792 - 1.008ms returns FALSE
T1758 237:312.672 JLINK_IsHalted()
T1758 237:313.248 - 0.575ms returns FALSE
T1758 237:313.280 JLINK_IsHalted()
T1758 237:314.352 - 1.083ms returns FALSE
T5150 237:341.648   JLINK_RTTERMINAL_Read(BufferIndex = 0, BufferSize = 0x00010000)
T5150 237:341.664   - 0.036ms returns 0
T5150 237:392.160   JLINK_RTTERMINAL_Read(BufferIndex = 0, BufferSize = 0x00010000)
T5150 237:392.176   - 0.033ms returns 0
T7AD0 237:401.088 JLINK_IsHalted()
T7AD0 237:401.472 - 0.368ms returns FALSE
T7AD0 237:401.472 JLINK_IsHalted()
T7AD0 237:402.576 - 1.098ms returns FALSE
T5150 237:442.896   JLINK_RTTERMINAL_Read(BufferIndex = 0, BufferSize = 0x00010000)
T5150 237:442.944   - 0.036ms returns 0
T5150 237:493.424   JLINK_RTTERMINAL_Read(BufferIndex = 0, BufferSize = 0x00010000)
T5150 237:493.472   - 0.037ms returns 0
T7AD0 237:510.320 JLINK_IsHalted()
T7AD0 237:510.736 - 0.411ms returns FALSE
T7AD0 237:510.736 JLINK_IsHalted()
T7AD0 237:511.840 - 1.087ms returns FALSE
T5150 237:543.984   JLINK_RTTERMINAL_Read(BufferIndex = 0, BufferSize = 0x00010000)
T5150 237:544.032   - 0.029ms returns 0
T5150 237:594.496   JLINK_RTTERMINAL_Read(BufferIndex = 0, BufferSize = 0x00010000)
T5150 237:594.528   - 0.029ms returns 0
T7AD0 237:620.400 JLINK_IsHalted()
T7AD0 237:621.120 - 0.699ms returns FALSE
T7AD0 237:621.152 JLINK_IsHalted()
T7AD0 237:622.192 - 1.067ms returns FALSE
T5150 237:645.728   JLINK_RTTERMINAL_Read(BufferIndex = 0, BufferSize = 0x00010000)
T5150 237:645.744   - 0.029ms returns 0
T5150 237:696.304   JLINK_RTTERMINAL_Read(BufferIndex = 0, BufferSize = 0x00010000)
T5150 237:696.336   - 0.030ms returns 0
T7AD0 237:729.184 JLINK_IsHalted()
T7AD0 237:729.760 - 0.572ms returns FALSE
T7AD0 237:729.760 JLINK_IsHalted()
T7AD0 237:730.768 - 1.000ms returns FALSE
T5150 237:746.736   JLINK_RTTERMINAL_Read(BufferIndex = 0, BufferSize = 0x00010000)
T5150 237:746.768   - 0.021ms returns 0
T5150 237:797.152   JLINK_RTTERMINAL_Read(BufferIndex = 0, BufferSize = 0x00010000)
T5150 237:797.168   - 0.039ms returns 0
T7AD0 237:838.512 JLINK_IsHalted()
T7AD0 237:838.976 - 0.453ms returns FALSE
T7AD0 237:838.976 JLINK_IsHalted()
T7AD0 237:840.080 - 1.102ms returns FALSE
T5150 237:847.632   JLINK_RTTERMINAL_Read(BufferIndex = 0, BufferSize = 0x00010000)
T5150 237:847.648   - 0.034ms returns 0
T5150 237:898.144   JLINK_RTTERMINAL_Read(BufferIndex = 0, BufferSize = 0x00010000)
T5150 237:898.160   - 0.037ms returns 0
T7AD0 237:948.368 JLINK_IsHalted()
T7AD0 237:949.472 - 1.099ms returns FALSE
T5150 237:949.488   JLINK_RTTERMINAL_Read(BufferIndex = 0, BufferSize = 0x00010000)
T5150 237:949.488   - 0.015ms returns 0
T7AD0 237:949.536 JLINK_IsHalted()
T7AD0 237:950.432 - 0.895ms returns FALSE
T5150 238:000.352   JLINK_RTTERMINAL_Read(BufferIndex = 0, BufferSize = 0x00010000)
T5150 238:000.384   - 0.025ms returns 0
T5150 238:050.864   JLINK_RTTERMINAL_Read(BufferIndex = 0, BufferSize = 0x00010000)
T5150 238:050.896   - 0.031ms returns 0
T7AD0 238:057.760 JLINK_IsHalted()
T7AD0 238:058.912 - 1.149ms returns FALSE
T7AD0 238:058.928 JLINK_IsHalted()
T7AD0 238:059.936 - 1.007ms returns FALSE
T5150 238:101.248   JLINK_RTTERMINAL_Read(BufferIndex = 0, BufferSize = 0x00010000)
T5150 238:101.280   - 0.029ms returns 0
T5150 238:152.736   JLINK_RTTERMINAL_Read(BufferIndex = 0, BufferSize = 0x00010000)
T5150 238:152.752   - 0.033ms returns 0
T7AD0 238:166.960 JLINK_IsHalted()
T7AD0 238:168.144 - 1.168ms returns FALSE
T7AD0 238:168.160 JLINK_IsHalted()
T7AD0 238:169.216 - 1.065ms returns FALSE
T5150 238:203.040   JLINK_RTTERMINAL_Read(BufferIndex = 0, BufferSize = 0x00010000)
T5150 238:203.056   - 0.025ms returns 0
T5150 238:254.208   JLINK_RTTERMINAL_Read(BufferIndex = 0, BufferSize = 0x00010000)
T5150 238:254.240   - 0.022ms returns 0
T7AD0 238:276.944 JLINK_IsHalted()
T7AD0 238:277.328 - 0.384ms returns FALSE
T7AD0 238:277.344 JLINK_IsHalted()
T7AD0 238:278.432 - 1.089ms returns FALSE
T5150 238:304.592   JLINK_RTTERMINAL_Read(BufferIndex = 0, BufferSize = 0x00010000)
T5150 238:304.608   - 0.021ms returns 0
T1758 238:314.672 JLINK_IsHalted()
T1758 238:315.296 - 0.599ms returns FALSE
T1758 238:315.312 JLINK_IsHalted()
T1758 238:316.464 - 1.167ms returns FALSE
T5150 238:355.632   JLINK_RTTERMINAL_Read(BufferIndex = 0, BufferSize = 0x00010000)
T5150 238:355.664   - 0.027ms returns 0
T7AD0 238:385.488 JLINK_IsHalted()
T7AD0 238:386.096 - 0.610ms returns FALSE
T7AD0 238:386.128 JLINK_IsHalted()
T7AD0 238:387.232 - 1.088ms returns FALSE
T5150 238:406.096   JLINK_RTTERMINAL_Read(BufferIndex = 0, BufferSize = 0x00010000)
T5150 238:406.112   - 0.018ms returns 0
T5150 238:456.752   JLINK_RTTERMINAL_Read(BufferIndex = 0, BufferSize = 0x00010000)
T5150 238:456.784   - 0.037ms returns 0
T7AD0 238:494.688 JLINK_IsHalted()
T7AD0 238:495.456 - 0.763ms returns FALSE
T7AD0 238:495.488 JLINK_IsHalted()
T7AD0 238:496.560 - 1.072ms returns FALSE
T5150 238:507.776   JLINK_RTTERMINAL_Read(BufferIndex = 0, BufferSize = 0x00010000)
T5150 238:507.824   - 0.027ms returns 0
T5150 238:558.848   JLINK_RTTERMINAL_Read(BufferIndex = 0, BufferSize = 0x00010000)
T5150 238:558.896   - 0.046ms returns 0
T7AD0 238:603.936 JLINK_IsHalted()
T7AD0 238:604.720 - 0.794ms returns FALSE
T7AD0 238:604.752 JLINK_IsHalted()
T7AD0 238:605.824 - 1.070ms returns FALSE
T5150 238:610.096   JLINK_RTTERMINAL_Read(BufferIndex = 0, BufferSize = 0x00010000)
T5150 238:610.096   - 0.021ms returns 0
T5150 238:661.248   JLINK_RTTERMINAL_Read(BufferIndex = 0, BufferSize = 0x00010000)
T5150 238:661.280   - 0.033ms returns 0
T5150 238:712.032   JLINK_RTTERMINAL_Read(BufferIndex = 0, BufferSize = 0x00010000)
T5150 238:712.064   - 0.033ms returns 0
T7AD0 238:713.808 JLINK_IsHalted()
T7AD0 238:714.976 - 1.161ms returns FALSE
T7AD0 238:715.008 JLINK_IsHalted()
T7AD0 238:716.032 - 1.024ms returns FALSE
T5150 238:763.216   JLINK_RTTERMINAL_Read(BufferIndex = 0, BufferSize = 0x00010000)
T5150 238:763.232   - 0.027ms returns 0
T5150 238:814.048   JLINK_RTTERMINAL_Read(BufferIndex = 0, BufferSize = 0x00010000)
T5150 238:814.080   - 0.022ms returns 0
T7AD0 238:822.624 JLINK_IsHalted()
T7AD0 238:823.216 - 0.600ms returns FALSE
T7AD0 238:823.248 JLINK_IsHalted()
T7AD0 238:824.320 - 1.080ms returns FALSE
T5150 238:864.736   JLINK_RTTERMINAL_Read(BufferIndex = 0, BufferSize = 0x00010000)
T5150 238:864.800   - 0.033ms returns 0
T5150 238:915.456   JLINK_RTTERMINAL_Read(BufferIndex = 0, BufferSize = 0x00010000)
T5150 238:915.504   - 0.040ms returns 0
T7AD0 238:932.144 JLINK_IsHalted()
T7AD0 238:932.736 - 0.579ms returns FALSE
T7AD0 238:932.768 JLINK_IsHalted()
T7AD0 238:933.840 - 1.091ms returns FALSE
T5150 238:966.304   JLINK_RTTERMINAL_Read(BufferIndex = 0, BufferSize = 0x00010000)
T5150 238:966.352   - 0.035ms returns 0
T5150 239:017.168   JLINK_RTTERMINAL_Read(BufferIndex = 0, BufferSize = 0x00010000)
T5150 239:017.216   - 0.029ms returns 0
T7AD0 239:042.784 JLINK_IsHalted()
T7AD0 239:043.840 - 1.059ms returns FALSE
T7AD0 239:043.872 JLINK_IsHalted()
T7AD0 239:044.944 - 1.074ms returns FALSE
T5150 239:068.160   JLINK_RTTERMINAL_Read(BufferIndex = 0, BufferSize = 0x00010000)
T5150 239:068.192   - 0.028ms returns 0
T5150 239:119.312   JLINK_RTTERMINAL_Read(BufferIndex = 0, BufferSize = 0x00010000)
T5150 239:119.360   - 0.034ms returns 0
T7AD0 239:151.104 JLINK_IsHalted()
T7AD0 239:151.440 - 0.324ms returns FALSE
T7AD0 239:151.456 JLINK_IsHalted()
T7AD0 239:152.544 - 1.083ms returns FALSE
T5150 239:169.760   JLINK_RTTERMINAL_Read(BufferIndex = 0, BufferSize = 0x00010000)
T5150 239:169.792   - 0.025ms returns 0
T5150 239:220.768   JLINK_RTTERMINAL_Read(BufferIndex = 0, BufferSize = 0x00010000)
T5150 239:220.816   - 0.034ms returns 0
T7AD0 239:260.672 JLINK_IsHalted()
T7AD0 239:261.824 - 1.160ms returns FALSE
T7AD0 239:261.872 JLINK_IsHalted()
T7AD0 239:262.928 - 1.067ms returns FALSE
T5150 239:271.776   JLINK_RTTERMINAL_Read(BufferIndex = 0, BufferSize = 0x00010000)
T5150 239:271.776   - 0.015ms returns 0
T1758 239:316.384 JLINK_IsHalted()
T1758 239:317.120 - 0.737ms returns FALSE
T1758 239:317.120 JLINK_IsHalted()
T1758 239:318.224 - 1.086ms returns FALSE
T5150 239:322.448   JLINK_RTTERMINAL_Read(BufferIndex = 0, BufferSize = 0x00010000)
T5150 239:322.464   - 0.020ms returns 0
T7AD0 239:369.632 JLINK_IsHalted()
T7AD0 239:370.720 - 1.100ms returns FALSE
T7AD0 239:370.752 JLINK_IsHalted()
T7AD0 239:371.744 - 1.001ms returns FALSE
T5150 239:373.744   JLINK_RTTERMINAL_Read(BufferIndex = 0, BufferSize = 0x00010000)
T5150 239:373.776   - 0.016ms returns 0
T5150 239:424.336   JLINK_RTTERMINAL_Read(BufferIndex = 0, BufferSize = 0x00010000)
T5150 239:424.384   - 0.028ms returns 0
T5150 239:475.488   JLINK_RTTERMINAL_Read(BufferIndex = 0, BufferSize = 0x00010000)
T5150 239:475.504   - 0.028ms returns 0
T7AD0 239:479.392 JLINK_IsHalted()
T7AD0 239:479.984 - 0.590ms returns FALSE
T7AD0 239:480.016 JLINK_IsHalted()
T7AD0 239:481.088 - 1.067ms returns FALSE
T5150 239:526.112   JLINK_RTTERMINAL_Read(BufferIndex = 0, BufferSize = 0x00010000)
T5150 239:526.144   - 0.036ms returns 0
T5150 239:577.136   JLINK_RTTERMINAL_Read(BufferIndex = 0, BufferSize = 0x00010000)
T5150 239:577.168   - 0.026ms returns 0
T7AD0 239:589.088 JLINK_IsHalted()
T7AD0 239:590.272 - 1.186ms returns FALSE
T7AD0 239:590.304 JLINK_IsHalted()
T7AD0 239:591.376 - 1.072ms returns FALSE
T5150 239:627.648   JLINK_RTTERMINAL_Read(BufferIndex = 0, BufferSize = 0x00010000)
T5150 239:627.680   - 0.034ms returns 0
T5150 239:678.672   JLINK_RTTERMINAL_Read(BufferIndex = 0, BufferSize = 0x00010000)
T5150 239:678.688   - 0.029ms returns 0
T7AD0 239:698.096 JLINK_IsHalted()
T7AD0 239:698.688 - 0.597ms returns FALSE
T7AD0 239:698.720 JLINK_IsHalted()
T7AD0 239:699.792 - 1.086ms returns FALSE
T5150 239:729.328   JLINK_RTTERMINAL_Read(BufferIndex = 0, BufferSize = 0x00010000)
T5150 239:729.360   - 0.035ms returns 0
T5150 239:779.808   JLINK_RTTERMINAL_Read(BufferIndex = 0, BufferSize = 0x00010000)
T5150 239:779.840   - 0.030ms returns 81
T5150 239:780.048   JLINK_RTTERMINAL_Read(BufferIndex = 0, BufferSize = 0x00010000)
T5150 239:780.064   - 0.019ms returns 0
T7AD0 239:807.328 JLINK_IsHalted()
T7AD0 239:808.512 - 1.162ms returns FALSE
T7AD0 239:808.544 JLINK_IsHalted()
T7AD0 239:809.664 - 1.140ms returns FALSE
T5150 239:830.784   JLINK_RTTERMINAL_Read(BufferIndex = 0, BufferSize = 0x00010000)
T5150 239:830.816   - 0.020ms returns 0
T5150 239:881.888   JLINK_RTTERMINAL_Read(BufferIndex = 0, BufferSize = 0x00010000)
T5150 239:881.936   - 0.035ms returns 0
T7AD0 239:918.672 JLINK_IsHalted()
T7AD0 239:919.776 - 1.097ms returns FALSE
T7AD0 239:919.792 JLINK_IsHalted()
T7AD0 239:920.864 - 1.083ms returns FALSE
T5150 239:933.008   JLINK_RTTERMINAL_Read(BufferIndex = 0, BufferSize = 0x00010000)
T5150 239:933.024   - 0.040ms returns 0
T5150 239:984.224   JLINK_RTTERMINAL_Read(BufferIndex = 0, BufferSize = 0x00010000)
T5150 239:984.256   - 0.041ms returns 94
T5150 239:984.464   JLINK_RTTERMINAL_Read(BufferIndex = 0, BufferSize = 0x00010000)
T5150 239:984.464   - 0.009ms returns 0
T7AD0 240:026.624 JLINK_IsHalted()
T7AD0 240:027.680 - 1.051ms returns FALSE
T7AD0 240:027.696 JLINK_IsHalted()
T7AD0 240:028.768 - 1.077ms returns FALSE
T5150 240:035.120   JLINK_RTTERMINAL_Read(BufferIndex = 0, BufferSize = 0x00010000)
T5150 240:035.152   - 0.031ms returns 0
T5150 240:085.584   JLINK_RTTERMINAL_Read(BufferIndex = 0, BufferSize = 0x00010000)
T5150 240:085.600   - 0.038ms returns 0
T7AD0 240:136.064 JLINK_IsHalted()
T7AD0 240:136.992 - 0.903ms returns FALSE
T7AD0 240:138.272 JLINK_IsHalted()
T7AD0 240:139.184 - 0.923ms returns FALSE
T5150 240:139.216   JLINK_RTTERMINAL_Read(BufferIndex = 0, BufferSize = 0x00010000)
T5150 240:139.216   - 0.012ms returns 0
T5150 240:189.856   JLINK_RTTERMINAL_Read(BufferIndex = 0, BufferSize = 0x00010000)
T5150 240:189.904   - 0.040ms returns 0
T5150 240:240.672   JLINK_RTTERMINAL_Read(BufferIndex = 0, BufferSize = 0x00010000)
T5150 240:240.688   - 0.027ms returns 0
T7AD0 240:244.640 JLINK_IsHalted()
T7AD0 240:245.712 - 1.077ms returns FALSE
T7AD0 240:245.712 JLINK_IsHalted()
T7AD0 240:246.784 - 1.061ms returns FALSE
T5150 240:291.760   JLINK_RTTERMINAL_Read(BufferIndex = 0, BufferSize = 0x00010000)
T5150 240:291.808   - 0.030ms returns 0
T1758 240:318.800 JLINK_IsHalted()
T1758 240:319.232 - 0.429ms returns FALSE
T1758 240:319.232 JLINK_IsHalted()
T1758 240:320.352 - 1.117ms returns FALSE
T5150 240:342.880   JLINK_RTTERMINAL_Read(BufferIndex = 0, BufferSize = 0x00010000)
T5150 240:342.944   - 0.030ms returns 0
T7AD0 240:353.840 JLINK_IsHalted()
T7AD0 240:354.384 - 0.531ms returns FALSE
T7AD0 240:354.384 JLINK_IsHalted()
T7AD0 240:355.552 - 1.159ms returns FALSE
T5150 240:393.632   JLINK_RTTERMINAL_Read(BufferIndex = 0, BufferSize = 0x00010000)
T5150 240:393.648   - 0.039ms returns 0
T5150 240:444.256   JLINK_RTTERMINAL_Read(BufferIndex = 0, BufferSize = 0x00010000)
T5150 240:444.288   - 0.038ms returns 0
T7AD0 240:464.160 JLINK_IsHalted()
T7AD0 240:464.560 - 0.416ms returns FALSE
T7AD0 240:464.592 JLINK_IsHalted()
T7AD0 240:465.696 - 1.103ms returns FALSE
T5150 240:494.768   JLINK_RTTERMINAL_Read(BufferIndex = 0, BufferSize = 0x00010000)
T5150 240:494.800   - 0.031ms returns 0
T5150 240:545.360   JLINK_RTTERMINAL_Read(BufferIndex = 0, BufferSize = 0x00010000)
T5150 240:545.360   - 0.020ms returns 0
T7AD0 240:572.960 JLINK_IsHalted()
T7AD0 240:574.032 - 1.064ms returns FALSE
T7AD0 240:574.048 JLINK_IsHalted()
T7AD0 240:575.136 - 1.072ms returns FALSE
T5150 240:596.272   JLINK_RTTERMINAL_Read(BufferIndex = 0, BufferSize = 0x00010000)
T5150 240:596.304   - 0.025ms returns 0
T5150 240:647.584   JLINK_RTTERMINAL_Read(BufferIndex = 0, BufferSize = 0x00010000)
T5150 240:647.584   - 0.023ms returns 0
T7AD0 240:682.672 JLINK_IsHalted()
T7AD0 240:683.488 - 0.824ms returns FALSE
T7AD0 240:683.520 JLINK_IsHalted()
T7AD0 240:684.672 - 1.146ms returns FALSE
T5150 240:697.856   JLINK_RTTERMINAL_Read(BufferIndex = 0, BufferSize = 0x00010000)
T5150 240:697.888   - 0.029ms returns 0
T5150 240:748.896   JLINK_RTTERMINAL_Read(BufferIndex = 0, BufferSize = 0x00010000)
T5150 240:748.960   - 0.031ms returns 0
T7AD0 240:791.632 JLINK_IsHalted()
T7AD0 240:792.016 - 0.374ms returns FALSE
T7AD0 240:792.016 JLINK_IsHalted()
T7AD0 240:793.136 - 1.105ms returns FALSE
T5150 240:799.184   JLINK_RTTERMINAL_Read(BufferIndex = 0, BufferSize = 0x00010000)
T5150 240:799.184   - 0.020ms returns 0
T5150 240:850.208   JLINK_RTTERMINAL_Read(BufferIndex = 0, BufferSize = 0x00010000)
T5150 240:850.224   - 0.037ms returns 0
T5150 240:900.608   JLINK_RTTERMINAL_Read(BufferIndex = 0, BufferSize = 0x00010000)
T5150 240:900.656   - 0.028ms returns 0
T7AD0 240:901.504 JLINK_IsHalted()
T7AD0 240:902.224 - 0.707ms returns FALSE
T7AD0 240:902.240 JLINK_IsHalted()
T7AD0 240:903.328 - 1.087ms returns FALSE
T5150 240:951.680   JLINK_RTTERMINAL_Read(BufferIndex = 0, BufferSize = 0x00010000)
T5150 240:951.728   - 0.051ms returns 0
T5150 241:003.264   JLINK_RTTERMINAL_Read(BufferIndex = 0, BufferSize = 0x00010000)
T5150 241:003.296   - 0.034ms returns 94
T5150 241:004.768   JLINK_RTTERMINAL_Read(BufferIndex = 0, BufferSize = 0x00010000)
T5150 241:004.768   - 0.020ms returns 0
T7AD0 241:010.848 JLINK_IsHalted()
T7AD0 241:012.000 - 1.157ms returns FALSE
T7AD0 241:012.000 JLINK_IsHalted()
T7AD0 241:013.088 - 1.087ms returns FALSE
T5150 241:055.920   JLINK_RTTERMINAL_Read(BufferIndex = 0, BufferSize = 0x00010000)
T5150 241:055.952   - 0.027ms returns 0
T5150 241:106.352   JLINK_RTTERMINAL_Read(BufferIndex = 0, BufferSize = 0x00010000)
T5150 241:106.384   - 0.034ms returns 0
T7AD0 241:120.256 JLINK_IsHalted()
T7AD0 241:121.280 - 1.025ms returns FALSE
T7AD0 241:121.312 JLINK_IsHalted()
T7AD0 241:122.384 - 1.090ms returns FALSE
T5150 241:157.344   JLINK_RTTERMINAL_Read(BufferIndex = 0, BufferSize = 0x00010000)
T5150 241:157.376   - 0.030ms returns 0
T5150 241:207.936   JLINK_RTTERMINAL_Read(BufferIndex = 0, BufferSize = 0x00010000)
T5150 241:207.968   - 0.037ms returns 0
T7AD0 241:228.960 JLINK_IsHalted()
T7AD0 241:229.920 - 0.975ms returns FALSE
T7AD0 241:229.920 JLINK_IsHalted()
T7AD0 241:231.024 - 1.094ms returns FALSE
T5150 241:258.496   JLINK_RTTERMINAL_Read(BufferIndex = 0, BufferSize = 0x00010000)
T5150 241:258.544   - 0.041ms returns 0
T5150 241:308.960   JLINK_RTTERMINAL_Read(BufferIndex = 0, BufferSize = 0x00010000)
T5150 241:309.008   - 0.037ms returns 0
T1758 241:319.984 JLINK_IsHalted()
T1758 241:320.880 - 0.906ms returns FALSE
T1758 241:320.912 JLINK_IsHalted()
T1758 241:322.016 - 1.085ms returns FALSE
T7AD0 241:338.832 JLINK_IsHalted()
T7AD0 241:339.568 - 0.725ms returns FALSE
T7AD0 241:339.568 JLINK_IsHalted()
T7AD0 241:340.752 - 1.187ms returns FALSE
T5150 241:359.696   JLINK_RTTERMINAL_Read(BufferIndex = 0, BufferSize = 0x00010000)
T5150 241:359.696   - 0.021ms returns 0
T5150 241:410.272   JLINK_RTTERMINAL_Read(BufferIndex = 0, BufferSize = 0x00010000)
T5150 241:410.304   - 0.032ms returns 0
T7AD0 241:447.712 JLINK_IsHalted()
T7AD0 241:448.832 - 1.116ms returns FALSE
T7AD0 241:448.864 JLINK_IsHalted()
T7AD0 241:449.936 - 1.086ms returns FALSE
T5150 241:460.768   JLINK_RTTERMINAL_Read(BufferIndex = 0, BufferSize = 0x00010000)
T5150 241:460.816   - 0.034ms returns 0
T5150 241:511.968   JLINK_RTTERMINAL_Read(BufferIndex = 0, BufferSize = 0x00010000)
T5150 241:511.984   - 0.028ms returns 0
T7AD0 241:557.968 JLINK_IsHalted()
T7AD0 241:559.200 - 1.229ms returns FALSE
T7AD0 241:559.216 JLINK_IsHalted()
T7AD0 241:560.288 - 1.073ms returns FALSE
T5150 241:562.576   JLINK_RTTERMINAL_Read(BufferIndex = 0, BufferSize = 0x00010000)
T5150 241:562.576   - 0.020ms returns 0
T5150 241:613.104   JLINK_RTTERMINAL_Read(BufferIndex = 0, BufferSize = 0x00010000)
T5150 241:613.136   - 0.030ms returns 0
T5150 241:664.096   JLINK_RTTERMINAL_Read(BufferIndex = 0, BufferSize = 0x00010000)
T5150 241:664.128   - 0.024ms returns 0
T7AD0 241:667.024 JLINK_IsHalted()
T7AD0 241:667.760 - 0.747ms returns FALSE
T7AD0 241:667.792 JLINK_IsHalted()
T7AD0 241:668.784 - 0.999ms returns FALSE
T5150 241:714.608   JLINK_RTTERMINAL_Read(BufferIndex = 0, BufferSize = 0x00010000)
T5150 241:714.656   - 0.029ms returns 0
T5150 241:765.632   JLINK_RTTERMINAL_Read(BufferIndex = 0, BufferSize = 0x00010000)
T5150 241:765.664   - 0.030ms returns 0
T7AD0 241:776.640 JLINK_IsHalted()
T7AD0 241:777.840 - 1.211ms returns FALSE
T7AD0 241:777.872 JLINK_IsHalted()
T7AD0 241:779.040 - 1.174ms returns FALSE
T5150 241:816.752   JLINK_RTTERMINAL_Read(BufferIndex = 0, BufferSize = 0x00010000)
T5150 241:816.784   - 0.027ms returns 0
T5150 241:867.088   JLINK_RTTERMINAL_Read(BufferIndex = 0, BufferSize = 0x00010000)
T5150 241:867.104   - 0.029ms returns 0
T7AD0 241:885.984 JLINK_IsHalted()
T7AD0 241:887.136 - 1.135ms returns FALSE
T7AD0 241:887.136 JLINK_IsHalted()
T7AD0 241:888.224 - 1.089ms returns FALSE
T5150 241:918.128   JLINK_RTTERMINAL_Read(BufferIndex = 0, BufferSize = 0x00010000)
T5150 241:918.160   - 0.020ms returns 0
T5150 241:968.640   JLINK_RTTERMINAL_Read(BufferIndex = 0, BufferSize = 0x00010000)
T5150 241:968.672   - 0.030ms returns 0
T7AD0 241:994.976 JLINK_IsHalted()
T7AD0 241:995.904 - 0.917ms returns FALSE
T7AD0 241:995.936 JLINK_IsHalted()
T7AD0 241:997.024 - 1.098ms returns FALSE
T5150 242:019.104   JLINK_RTTERMINAL_Read(BufferIndex = 0, BufferSize = 0x00010000)
T5150 242:019.152   - 0.036ms returns 94
T5150 242:019.296   JLINK_RTTERMINAL_Read(BufferIndex = 0, BufferSize = 0x00010000)
T5150 242:019.328   - 0.018ms returns 0
T5150 242:070.176   JLINK_RTTERMINAL_Read(BufferIndex = 0, BufferSize = 0x00010000)
T5150 242:070.224   - 0.041ms returns 0
T7AD0 242:104.576 JLINK_IsHalted()
T7AD0 242:105.136 - 0.573ms returns FALSE
T7AD0 242:105.168 JLINK_IsHalted()
T7AD0 242:106.240 - 1.086ms returns FALSE
T5150 242:120.672   JLINK_RTTERMINAL_Read(BufferIndex = 0, BufferSize = 0x00010000)
T5150 242:120.704   - 0.033ms returns 0
T5150 242:171.744   JLINK_RTTERMINAL_Read(BufferIndex = 0, BufferSize = 0x00010000)
T5150 242:171.776   - 0.033ms returns 0
T7AD0 242:214.112 JLINK_IsHalted()
T7AD0 242:215.344 - 1.208ms returns FALSE
T7AD0 242:215.344 JLINK_IsHalted()
T7AD0 242:216.448 - 1.082ms returns FALSE
T5150 242:222.176   JLINK_RTTERMINAL_Read(BufferIndex = 0, BufferSize = 0x00010000)
T5150 242:222.240   - 0.033ms returns 0
T5150 242:273.488   JLINK_RTTERMINAL_Read(BufferIndex = 0, BufferSize = 0x00010000)
T5150 242:273.536   - 0.048ms returns 0
T1758 242:322.256 JLINK_IsHalted()
T1758 242:323.040 - 0.785ms returns FALSE
T1758 242:323.040 JLINK_IsHalted()
T1758 242:324.144 - 1.095ms returns FALSE
T5150 242:324.176   JLINK_RTTERMINAL_Read(BufferIndex = 0, BufferSize = 0x00010000)
T5150 242:324.192   - 0.012ms returns 0
T7AD0 242:324.304 JLINK_IsHalted()
T7AD0 242:325.248 - 0.966ms returns FALSE
T7AD0 242:325.280 JLINK_IsHalted()
T7AD0 242:326.368 - 1.090ms returns FALSE
T5150 242:374.688   JLINK_RTTERMINAL_Read(BufferIndex = 0, BufferSize = 0x00010000)
T5150 242:374.704   - 0.029ms returns 0
T5150 242:425.696   JLINK_RTTERMINAL_Read(BufferIndex = 0, BufferSize = 0x00010000)
T5150 242:425.728   - 0.032ms returns 0
T7AD0 242:432.608 JLINK_IsHalted()
T7AD0 242:433.664 - 1.071ms returns FALSE
T7AD0 242:433.696 JLINK_IsHalted()
T7AD0 242:434.768 - 1.078ms returns FALSE
T5150 242:476.752   JLINK_RTTERMINAL_Read(BufferIndex = 0, BufferSize = 0x00010000)
T5150 242:476.800   - 0.037ms returns 0
T5150 242:527.280   JLINK_RTTERMINAL_Read(BufferIndex = 0, BufferSize = 0x00010000)
T5150 242:527.312   - 0.032ms returns 0
T7AD0 242:542.176 JLINK_IsHalted()
T7AD0 242:543.024 - 0.851ms returns FALSE
T7AD0 242:543.024 JLINK_IsHalted()
T7AD0 242:544.128 - 1.089ms returns FALSE
T5150 242:578.256   JLINK_RTTERMINAL_Read(BufferIndex = 0, BufferSize = 0x00010000)
T5150 242:578.272   - 0.023ms returns 0
T5150 242:629.456   JLINK_RTTERMINAL_Read(BufferIndex = 0, BufferSize = 0x00010000)
T5150 242:629.472   - 0.029ms returns 0
T7AD0 242:651.440 JLINK_IsHalted()
T7AD0 242:652.416 - 0.957ms returns FALSE
T7AD0 242:652.416 JLINK_IsHalted()
T7AD0 242:653.440 - 1.030ms returns FALSE
T5150 242:679.968   JLINK_RTTERMINAL_Read(BufferIndex = 0, BufferSize = 0x00010000)
T5150 242:679.984   - 0.018ms returns 0
T5150 242:730.544   JLINK_RTTERMINAL_Read(BufferIndex = 0, BufferSize = 0x00010000)
T5150 242:730.576   - 0.029ms returns 0
T7AD0 242:760.448 JLINK_IsHalted()
T7AD0 242:761.760 - 1.317ms returns FALSE
T7AD0 242:761.776 JLINK_IsHalted()
T7AD0 242:762.672 - 0.881ms returns FALSE
T5150 242:781.744   JLINK_RTTERMINAL_Read(BufferIndex = 0, BufferSize = 0x00010000)
T5150 242:781.776   - 0.022ms returns 0
T5150 242:832.928   JLINK_RTTERMINAL_Read(BufferIndex = 0, BufferSize = 0x00010000)
T5150 242:832.944   - 0.030ms returns 0
T7AD0 242:870.112 JLINK_IsHalted()
T7AD0 242:871.168 - 1.048ms returns FALSE
T7AD0 242:871.168 JLINK_IsHalted()
T7AD0 242:872.288 - 1.113ms returns FALSE
T5150 242:883.360   JLINK_RTTERMINAL_Read(BufferIndex = 0, BufferSize = 0x00010000)
T5150 242:883.376   - 0.017ms returns 0
T5150 242:933.968   JLINK_RTTERMINAL_Read(BufferIndex = 0, BufferSize = 0x00010000)
T5150 242:933.968   - 0.019ms returns 0
T7AD0 242:978.976 JLINK_IsHalted()
T7AD0 242:979.840 - 0.868ms returns FALSE
T7AD0 242:979.872 JLINK_IsHalted()
T7AD0 242:980.944 - 1.088ms returns FALSE
T5150 242:985.376   JLINK_RTTERMINAL_Read(BufferIndex = 0, BufferSize = 0x00010000)
T5150 242:985.392   - 0.016ms returns 94
T5150 242:985.552   JLINK_RTTERMINAL_Read(BufferIndex = 0, BufferSize = 0x00010000)
T5150 242:985.552   - 0.008ms returns 0
T5150 243:035.856   JLINK_RTTERMINAL_Read(BufferIndex = 0, BufferSize = 0x00010000)
T5150 243:035.872   - 0.028ms returns 0
T5150 243:087.104   JLINK_RTTERMINAL_Read(BufferIndex = 0, BufferSize = 0x00010000)
T5150 243:087.152   - 0.035ms returns 0
T7AD0 243:088.992 JLINK_IsHalted()
T7AD0 243:090.080 - 1.054ms returns FALSE
T7AD0 243:090.096 JLINK_IsHalted()
T7AD0 243:091.168 - 1.069ms returns FALSE
T5150 243:137.456   JLINK_RTTERMINAL_Read(BufferIndex = 0, BufferSize = 0x00010000)
T5150 243:137.488   - 0.033ms returns 0
T5150 243:187.680   JLINK_RTTERMINAL_Read(BufferIndex = 0, BufferSize = 0x00010000)
T5150 243:187.744   - 0.033ms returns 0
T7AD0 243:198.112 JLINK_IsHalted()
T7AD0 243:199.200 - 1.091ms returns FALSE
T7AD0 243:199.232 JLINK_IsHalted()
T7AD0 243:200.304 - 1.088ms returns FALSE
T5150 243:238.656   JLINK_RTTERMINAL_Read(BufferIndex = 0, BufferSize = 0x00010000)
T5150 243:238.688   - 0.042ms returns 0
T5150 243:289.440   JLINK_RTTERMINAL_Read(BufferIndex = 0, BufferSize = 0x00010000)
T5150 243:289.504   - 0.049ms returns 0
T7AD0 243:307.392 JLINK_IsHalted()
T7AD0 243:307.872 - 0.490ms returns FALSE
T7AD0 243:307.872 JLINK_IsHalted()
T7AD0 243:308.896 - 1.012ms returns FALSE
T1758 243:324.592 JLINK_IsHalted()
T1758 243:325.536 - 0.949ms returns FALSE
T1758 243:325.568 JLINK_IsHalted()
T1758 243:326.672 - 1.092ms returns FALSE
T5150 243:340.032   JLINK_RTTERMINAL_Read(BufferIndex = 0, BufferSize = 0x00010000)
T5150 243:340.064   - 0.019ms returns 0
T5150 243:391.568   JLINK_RTTERMINAL_Read(BufferIndex = 0, BufferSize = 0x00010000)
T5150 243:391.568   - 0.023ms returns 0
T7AD0 243:416.880 JLINK_IsHalted()
T7AD0 243:417.424 - 0.540ms returns FALSE
T7AD0 243:417.440 JLINK_IsHalted()
T7AD0 243:418.544 - 1.084ms returns FALSE
T5150 243:442.384   JLINK_RTTERMINAL_Read(BufferIndex = 0, BufferSize = 0x00010000)
T5150 243:442.400   - 0.019ms returns 0
T5150 243:492.656   JLINK_RTTERMINAL_Read(BufferIndex = 0, BufferSize = 0x00010000)
T5150 243:492.688   - 0.025ms returns 0
T7AD0 243:526.560 JLINK_IsHalted()
T7AD0 243:527.680 - 1.123ms returns FALSE
T7AD0 243:527.712 JLINK_IsHalted()
T7AD0 243:528.784 - 1.063ms returns FALSE
T5150 243:543.712   JLINK_RTTERMINAL_Read(BufferIndex = 0, BufferSize = 0x00010000)
T5150 243:543.728   - 0.023ms returns 0
T5150 243:594.848   JLINK_RTTERMINAL_Read(BufferIndex = 0, BufferSize = 0x00010000)
T5150 243:594.912   - 0.029ms returns 0
T7AD0 243:635.808 JLINK_IsHalted()
T7AD0 243:637.040 - 1.215ms returns FALSE
T7AD0 243:637.040 JLINK_IsHalted()
T7AD0 243:638.144 - 1.088ms returns FALSE
T5150 243:645.616   JLINK_RTTERMINAL_Read(BufferIndex = 0, BufferSize = 0x00010000)
T5150 243:645.664   - 0.032ms returns 0
T5150 243:695.920   JLINK_RTTERMINAL_Read(BufferIndex = 0, BufferSize = 0x00010000)
T5150 243:695.952   - 0.031ms returns 0
T7AD0 243:744.768 JLINK_IsHalted()
T7AD0 243:745.664 - 0.918ms returns FALSE
T7AD0 243:745.696 JLINK_IsHalted()
T7AD0 243:746.768 - 1.087ms returns FALSE
T5150 243:746.944   JLINK_RTTERMINAL_Read(BufferIndex = 0, BufferSize = 0x00010000)
T5150 243:746.944   - 0.014ms returns 0
T5150 243:797.968   JLINK_RTTERMINAL_Read(BufferIndex = 0, BufferSize = 0x00010000)
T5150 243:797.984   - 0.028ms returns 0
T5150 243:848.448   JLINK_RTTERMINAL_Read(BufferIndex = 0, BufferSize = 0x00010000)
T5150 243:848.496   - 0.031ms returns 0
T7AD0 243:854.384 JLINK_IsHalted()
T7AD0 243:855.008 - 0.622ms returns FALSE
T7AD0 243:855.008 JLINK_IsHalted()
T7AD0 243:856.096 - 1.097ms returns FALSE
T5150 243:899.136   JLINK_RTTERMINAL_Read(BufferIndex = 0, BufferSize = 0x00010000)
T5150 243:899.168   - 0.037ms returns 0
T5150 243:950.384   JLINK_RTTERMINAL_Read(BufferIndex = 0, BufferSize = 0x00010000)
T5150 243:950.416   - 0.026ms returns 0
T7AD0 243:963.232 JLINK_IsHalted()
T7AD0 243:964.288 - 1.051ms returns FALSE
T7AD0 243:964.320 JLINK_IsHalted()
T7AD0 243:965.360 - 1.062ms returns FALSE
T5150 244:001.504   JLINK_RTTERMINAL_Read(BufferIndex = 0, BufferSize = 0x00010000)
T5150 244:001.536   - 0.025ms returns 94
T5150 244:002.128   JLINK_RTTERMINAL_Read(BufferIndex = 0, BufferSize = 0x00010000)
T5150 244:002.144   - 0.018ms returns 0
T5150 244:053.840   JLINK_RTTERMINAL_Read(BufferIndex = 0, BufferSize = 0x00010000)
T5150 244:053.856   - 0.019ms returns 0
T7AD0 244:073.440 JLINK_IsHalted()
T7AD0 244:074.016 - 0.556ms returns FALSE
T7AD0 244:074.032 JLINK_IsHalted()
T7AD0 244:075.184 - 1.148ms returns FALSE
T5150 244:104.400   JLINK_RTTERMINAL_Read(BufferIndex = 0, BufferSize = 0x00010000)
T5150 244:104.416   - 0.023ms returns 0
T5150 244:154.656   JLINK_RTTERMINAL_Read(BufferIndex = 0, BufferSize = 0x00010000)
T5150 244:154.672   - 0.021ms returns 0
T7AD0 244:182.624 JLINK_IsHalted()
T7AD0 244:183.344 - 0.722ms returns FALSE
T7AD0 244:183.376 JLINK_IsHalted()
T7AD0 244:184.480 - 1.098ms returns FALSE
T5150 244:205.872   JLINK_RTTERMINAL_Read(BufferIndex = 0, BufferSize = 0x00010000)
T5150 244:205.904   - 0.033ms returns 0
T5150 244:257.200   JLINK_RTTERMINAL_Read(BufferIndex = 0, BufferSize = 0x00010000)
T5150 244:257.232   - 0.024ms returns 0
T7AD0 244:292.448 JLINK_IsHalted()
T7AD0 244:293.664 - 1.204ms returns FALSE
T7AD0 244:293.680 JLINK_IsHalted()
T7AD0 244:294.784 - 1.084ms returns FALSE
T5150 244:308.176   JLINK_RTTERMINAL_Read(BufferIndex = 0, BufferSize = 0x00010000)
T5150 244:308.192   - 0.028ms returns 0
T1758 244:327.248 JLINK_IsHalted()
T1758 244:328.272 - 1.011ms returns FALSE
T1758 244:328.272 JLINK_IsHalted()
T1758 244:329.376 - 1.080ms returns FALSE
T5150 244:359.712   JLINK_RTTERMINAL_Read(BufferIndex = 0, BufferSize = 0x00010000)
T5150 244:359.728   - 0.029ms returns 0
T7AD0 244:401.536 JLINK_IsHalted()
T7AD0 244:401.872 - 0.332ms returns FALSE
T7AD0 244:401.872 JLINK_IsHalted()
T7AD0 244:403.040 - 1.165ms returns FALSE
T5150 244:410.448   JLINK_RTTERMINAL_Read(BufferIndex = 0, BufferSize = 0x00010000)
T5150 244:410.464   - 0.030ms returns 0
T5150 244:461.216   JLINK_RTTERMINAL_Read(BufferIndex = 0, BufferSize = 0x00010000)
T5150 244:461.264   - 0.030ms returns 0
T7AD0 244:510.640 JLINK_IsHalted()
T7AD0 244:511.184 - 0.544ms returns FALSE
T7AD0 244:511.200 JLINK_IsHalted()
T7AD0 244:512.288 - 1.091ms returns FALSE
T5150 244:512.304   JLINK_RTTERMINAL_Read(BufferIndex = 0, BufferSize = 0x00010000)
T5150 244:512.336   - 0.011ms returns 0
T5150 244:562.768   JLINK_RTTERMINAL_Read(BufferIndex = 0, BufferSize = 0x00010000)
T5150 244:562.816   - 0.033ms returns 0
T5150 244:614.016   JLINK_RTTERMINAL_Read(BufferIndex = 0, BufferSize = 0x00010000)
T5150 244:614.048   - 0.018ms returns 0
T7AD0 244:619.904 JLINK_IsHalted()
T7AD0 244:620.368 - 0.458ms returns FALSE
T7AD0 244:620.384 JLINK_IsHalted()
T7AD0 244:621.472 - 1.077ms returns FALSE
T5150 244:665.008   JLINK_RTTERMINAL_Read(BufferIndex = 0, BufferSize = 0x00010000)
T5150 244:665.008   - 0.020ms returns 0
T5150 244:715.744   JLINK_RTTERMINAL_Read(BufferIndex = 0, BufferSize = 0x00010000)
T5150 244:715.776   - 0.023ms returns 0
T7AD0 244:729.696 JLINK_IsHalted()
T7AD0 244:730.544 - 0.867ms returns FALSE
T7AD0 244:730.576 JLINK_IsHalted()
T7AD0 244:731.728 - 1.138ms returns FALSE
T5150 244:766.880   JLINK_RTTERMINAL_Read(BufferIndex = 0, BufferSize = 0x00010000)
T5150 244:766.896   - 0.023ms returns 0
T5150 244:817.712   JLINK_RTTERMINAL_Read(BufferIndex = 0, BufferSize = 0x00010000)
T5150 244:817.744   - 0.023ms returns 0
T7AD0 244:838.608 JLINK_IsHalted()
T7AD0 244:839.776 - 1.168ms returns FALSE
T7AD0 244:839.808 JLINK_IsHalted()
T7AD0 244:840.880 - 1.070ms returns FALSE
T5150 244:868.688   JLINK_RTTERMINAL_Read(BufferIndex = 0, BufferSize = 0x00010000)
T5150 244:868.704   - 0.020ms returns 0
T5150 244:919.248   JLINK_RTTERMINAL_Read(BufferIndex = 0, BufferSize = 0x00010000)
T5150 244:919.264   - 0.024ms returns 0
T7AD0 244:948.128 JLINK_IsHalted()
T7AD0 244:949.120 - 0.998ms returns FALSE
T7AD0 244:949.152 JLINK_IsHalted()
T7AD0 244:950.224 - 1.084ms returns FALSE
T5150 244:970.576   JLINK_RTTERMINAL_Read(BufferIndex = 0, BufferSize = 0x00010000)
T5150 244:970.592   - 0.024ms returns 94
T5150 244:970.752   JLINK_RTTERMINAL_Read(BufferIndex = 0, BufferSize = 0x00010000)
T5150 244:970.784   - 0.008ms returns 0
T5150 245:021.776   JLINK_RTTERMINAL_Read(BufferIndex = 0, BufferSize = 0x00010000)
T5150 245:021.792   - 0.029ms returns 0
T7AD0 245:057.696 JLINK_IsHalted()
T7AD0 245:058.784 - 1.096ms returns FALSE
T7AD0 245:058.816 JLINK_IsHalted()
T7AD0 245:059.936 - 1.116ms returns FALSE
T5150 245:072.304   JLINK_RTTERMINAL_Read(BufferIndex = 0, BufferSize = 0x00010000)
T5150 245:072.336   - 0.036ms returns 0
T5150 245:122.736   JLINK_RTTERMINAL_Read(BufferIndex = 0, BufferSize = 0x00010000)
T5150 245:122.784   - 0.035ms returns 0
T7AD0 245:166.688 JLINK_IsHalted()
T7AD0 245:167.184 - 0.481ms returns FALSE
T7AD0 245:167.184 JLINK_IsHalted()
T7AD0 245:168.288 - 1.089ms returns FALSE
T5150 245:173.840   JLINK_RTTERMINAL_Read(BufferIndex = 0, BufferSize = 0x00010000)
T5150 245:173.856   - 0.024ms returns 0
T5150 245:224.912   JLINK_RTTERMINAL_Read(BufferIndex = 0, BufferSize = 0x00010000)
T5150 245:224.928   - 0.029ms returns 0
T7AD0 245:275.856 JLINK_IsHalted()
T7AD0 245:276.704 - 0.836ms returns FALSE
T5150 245:276.704   JLINK_RTTERMINAL_Read(BufferIndex = 0, BufferSize = 0x00010000)
T5150 245:276.720   - 0.019ms returns 0
T7AD0 245:276.768 JLINK_IsHalted()
T7AD0 245:277.792 - 1.024ms returns FALSE
T5150 245:327.264   JLINK_RTTERMINAL_Read(BufferIndex = 0, BufferSize = 0x00010000)
T5150 245:327.280   - 0.033ms returns 0
T1758 245:330.128 JLINK_IsHalted()
T1758 245:331.040 - 0.932ms returns FALSE
T1758 245:331.072 JLINK_IsHalted()
T1758 245:332.144 - 1.088ms returns FALSE
T5150 245:378.080   JLINK_RTTERMINAL_Read(BufferIndex = 0, BufferSize = 0x00010000)
T5150 245:378.128   - 0.037ms returns 0
T7AD0 245:385.952 JLINK_IsHalted()
T7AD0 245:386.672 - 0.706ms returns FALSE
T7AD0 245:386.672 JLINK_IsHalted()
T7AD0 245:387.744 - 1.076ms returns FALSE
T5150 245:428.896   JLINK_RTTERMINAL_Read(BufferIndex = 0, BufferSize = 0x00010000)
T5150 245:428.912   - 0.031ms returns 0
T5150 245:479.680   JLINK_RTTERMINAL_Read(BufferIndex = 0, BufferSize = 0x00010000)
T5150 245:479.712   - 0.033ms returns 0
T7AD0 245:494.576 JLINK_IsHalted()
T7AD0 245:494.992 - 0.406ms returns FALSE
T7AD0 245:494.992 JLINK_IsHalted()
T7AD0 245:496.096 - 1.090ms returns FALSE
T5150 245:529.952   JLINK_RTTERMINAL_Read(BufferIndex = 0, BufferSize = 0x00010000)
T5150 245:529.984   - 0.029ms returns 0
T5150 245:581.184   JLINK_RTTERMINAL_Read(BufferIndex = 0, BufferSize = 0x00010000)
T5150 245:581.232   - 0.032ms returns 0
T7AD0 245:604.560 JLINK_IsHalted()
T7AD0 245:605.248 - 0.699ms returns FALSE
T7AD0 245:605.248 JLINK_IsHalted()
T7AD0 245:606.272 - 1.023ms returns FALSE
T5150 245:631.696   JLINK_RTTERMINAL_Read(BufferIndex = 0, BufferSize = 0x00010000)
T5150 245:631.712   - 0.021ms returns 0
T5150 245:682.352   JLINK_RTTERMINAL_Read(BufferIndex = 0, BufferSize = 0x00010000)
T5150 245:682.400   - 0.034ms returns 0
T7DD8 245:710.752   
  ***** Error: Connection to emulator lost!
T7AD0 245:713.744 JLINK_IsHalted()
T7AD0 245:713.760 - 0.014ms returns ERROR
T7AD0 245:713.760 JLINK_IsHalted()
T7AD0 245:713.760 - 0.003ms returns ERROR
T14F0 245:723.984 JLINK_Halt()
T14F0 245:724.000 - 0.021ms returns 0x00
T14F0 245:724.000 JLINK_ReadReg(XPSR)
T14F0 245:724.032 - 0.005ms returns 0x00000000
T5150 245:733.600   JLINK_RTTERMINAL_Read(BufferIndex = 0, BufferSize = 0x00010000)
T5150 245:733.632   - 0.031ms returns 0
T14F0 245:733.760 JLINK_Close()
T14F0 245:761.888 - 28.120ms
T14F0 245:761.920   
T14F0 245:761.920   Closed
