T8224 000:012.002   SEGGER J-Link V9.42 Log File
T8224 000:012.171   DLL Compiled: May  6 2026 12:25:27
T8224 000:012.180   Logging started @ 2026-08-16 12:40
T8224 000:012.189   Process: C:\Users\lingk\.eclipse\com.renesas.platform_1584587709\DebugComp\RA\e2-server-gdb.exe
T8224 000:012.204 - 12.197ms 
T8224 000:012.222 JLINK_GetDLLVersion()
T8224 000:012.231 - 0.009ms returns 94200
T8224 000:025.036 JLINK_OpenEx(...)
T8224 000:065.258   Firmware: J-Link OB-RA4M2 compiled May  6 2026 16:18:23
T8224 000:065.923   Firmware: J-Link OB-RA4M2 compiled May  6 2026 16:18:23
T8224 000:077.917   Hardware: V1.00
T8224 000:077.951   S/N: 1080068464
T8224 000:077.962   OEM: SEGGER
T8224 000:077.981   Feature(s): None
T8224 000:078.558   Bootloader: 2021 May 14
T8224 000:078.953   USB speed mode: Full speed (12 MBit/s)
T8224 000:079.343   TELNET listener socket opened on port 19021
T8224 000:079.710   WEBSRV WEBSRV_Init(): Starting webserver thread(s)
T8224 000:080.098   WEBSRV Webserver running on local port 19080
T8224 000:080.311   Looking for J-Link GUI Server exe at: C:\Users\lingk\.eclipse\com.renesas.platform_1584587709\DebugComp\RA\ARM\Segger_v9.42.0\JLinkGUIServer.exe
T8224 000:080.497   Looking for J-Link GUI Server exe at: C:\Program Files\SEGGER\JLink_V964\JLinkGUIServer.exe
T8224 000:080.572   Forking J-Link GUI Server: C:\Program Files\SEGGER\JLink_V964\JLinkGUIServer.exe
T8224 000:221.745   J-Link GUI Server info: "J-Link GUI server V9.64 "
T8224 000:270.401 - 245.353ms returns "O.K."
T8224 000:270.609 JLINK_ExecCommand("ProjectFile=D:\Lab\Lab_MCU\Renesas_RA\RenesasCupFinalProjectVehicle_20260815\RA8P1_DualCoreProject\Renesas_Cup_Vehicle_CPU0/Renesas_Cup_Vehicle_CPU0 Debug_Multicore.jlink", ...). 
T8224 000:306.754 - 36.153ms returns 0x00
T8224 000:310.884 JLINK_ExecCommand("device=R7KA8P1KF_CPU0", ...). 
T8224 000:312.108   Flash bank @ 0x02000000: SFL: Parsing sectorization info from ELF file
T8224 000:312.139     FlashDevice.SectorInfo[0]: .SectorSize = 0x00000800, .SectorStartAddr = 0x00000000
T8224 000:312.152   FlashBank @0x02000000: Sectorization info from SFL ELF file ignored because sectorization override from DLL / XML file is active.
T8224 000:312.560   Flash bank @ 0x02E07400: SFL: Parsing sectorization info from ELF file
T8224 000:312.584     FlashDevice.SectorInfo[0]: .SectorSize = 0x00000010, .SectorStartAddr = 0x00000000
T8224 000:312.601   FlashBank @0x02C9F020: Sectorization info from SFL ELF file ignored because sectorization override from DLL / XML file is active.
T8224 000:312.675   Flash bank @ 0x02E07400: SFL: Parsing sectorization info from ELF file
T8224 000:312.692     FlashDevice.SectorInfo[0]: .SectorSize = 0x00000010, .SectorStartAddr = 0x00000000
T8224 000:312.710   FlashBank @0x02E07400: Sectorization info from SFL ELF file ignored because sectorization override from DLL / XML file is active.
T8224 000:312.751   Flash bank @ 0x12000000: SFL: Parsing sectorization info from ELF file
T8224 000:312.764     FlashDevice.SectorInfo[0]: .SectorSize = 0x00000800, .SectorStartAddr = 0x00000000
T8224 000:312.783   FlashBank @0x12000000: Sectorization info from SFL ELF file ignored because sectorization override from DLL / XML file is active.
T8224 000:313.238   Flash bank @ 0x12E07400: SFL: Parsing sectorization info from ELF file
T8224 000:313.269     FlashDevice.SectorInfo[0]: .SectorSize = 0x00000010, .SectorStartAddr = 0x00000000
T8224 000:313.287   FlashBank @0x12C9F4C0: Sectorization info from SFL ELF file ignored because sectorization override from DLL / XML file is active.
T8224 000:313.321   Flash bank @ 0x12E07400: SFL: Parsing sectorization info from ELF file
T8224 000:313.339     FlashDevice.SectorInfo[0]: .SectorSize = 0x00000010, .SectorStartAddr = 0x00000000
T8224 000:313.354   FlashBank @0x12E07780: Sectorization info from SFL ELF file ignored because sectorization override from DLL / XML file is active.
T8224 000:313.464   Flash bank @ 0x70000000: SFL: Parsing sectorization info from ELF file
T8224 000:313.479     FlashDevice.SectorInfo[0]: .SectorSize = 0x00010000, .SectorStartAddr = 0x00000000
T8224 000:318.987   Flash bank @ 0x78000000: SFL: Parsing sectorization info from ELF file
T8224 000:319.016     FlashDevice.SectorInfo[0]: .SectorSize = 0x00010000, .SectorStartAddr = 0x00000000
T8224 000:324.869   Flash bank @ 0x80000000: SFL: Parsing sectorization info from ELF file
T8224 000:324.958     FlashDevice.SectorInfo[0]: .SectorSize = 0x00010000, .SectorStartAddr = 0x00000000
T8224 000:336.050   Flash bank @ 0x90000000: SFL: Parsing sectorization info from ELF file
T8224 000:336.087     FlashDevice.SectorInfo[0]: .SectorSize = 0x00010000, .SectorStartAddr = 0x00000000
T8224 000:345.986   Device "R7KA8P1KF_CPU0" selected.
T8224 000:346.677 - 35.793ms returns 0x00
T8224 000:346.721 JLINK_TIF_GetAvailable(...)
T8224 000:346.929 - 0.207ms 
T8224 000:346.982 JLINK_TIF_Select(JLINKARM_TIF_SWD)
T8224 000:347.558 - 0.583ms returns 0x00
T8224 000:347.597 JLINK_SetSpeed(4000)
T8224 000:347.748 - 0.155ms 
T8224 000:351.180 JLINK_ReadMem(0xE000EDF0, 0x4 Bytes, ...)
T8224 000:351.385   ConfigTargetSettings() start
T8224 000:351.423    J-Link Script File: Executing ConfigTargetSettings()
T8224 000:351.453   Configuring FlashDLNoRMWThreshold=0x200 in order to make sure that option bytes programming is done via read-modify-write
T8224 000:381.668   ConfigTargetSettings() end - Took 30.2ms
T8224 000:381.693   InitTarget() start
T8224 000:381.705    J-Link Script File: Executing InitTarget()
T8224 000:381.715   Identifying target device...
T8224 000:381.727   SWD selected. Executing JTAG -> SWD switching sequence...
T8224 000:382.386   Initializing DAP...
T8224 000:383.154   DAP initialized successfully.
T8224 000:383.183   Determining TrustZone configuration...
T8224 000:384.159     Secure Debug: Enabled (SSD)
T8224 000:384.405   Determining currently configured transfer type by reading the AHB-AP CSW register.
T8224 000:385.306     --> Correct transfer type configured. Done.
T8224 000:386.127   Primary CPU:   CPU0 (CM85), OFS bit=0x00000001
T8224 000:386.155   Secondary CPU: CPU1 (CM33)
T8224 000:386.172   Note: Detected primary CPU is based on the 'Device Configuration Information Register for Debug' register. Verify register value if primary/secondary is unexpected (https://kb.segger.com/Renesas_RA8).
T8224 000:386.192   InitTarget() end - Took 4.48ms
T8224 000:386.643   Found SW-DP with ID 0x6BA02477
T8224 000:388.346   DPIDR: 0x6BA02477
T8224 000:388.387   CoreSight SoC-400 or earlier
T8224 000:388.412   AP map detection skipped. Manually configured AP map found.
T8224 000:388.444   AP[0]: AHB-AP (IDR: Not set, ADDR: 0x00000000)
T8224 000:388.470   AP[1]: APB-AP (IDR: Not set, ADDR: 0x00000000)
T8224 000:388.494   AP[2]: AHB-AP (IDR: Not set, ADDR: 0x00000000)
T8224 000:389.232   AP[0]: Core found
T8224 000:389.258   AP[0]: AHB-AP ROM base: 0xE00FE000
T8224 000:389.604   CPUID register: 0x411FD231. Implementer code: 0x41 (ARM)
T8224 000:389.622   Feature set: Mainline
T8224 000:390.001   Cache: L1 I/D-cache present
T8224 000:390.023   Found Cortex-M85 r1p1, Little endian.
T8224 000:390.313   -- Max. mem block: 0x0001D8F8
T8224 000:390.957   CPU_ReadMem(4 bytes @ 0xE000EDF0)
T8224 000:391.397   CPU_WriteMem(4 bytes @ 0xE000EDF0)
T8224 000:391.749   CPU_ReadMem(4 bytes @ 0xE0002000)
T8224 000:392.047   FPUnit: 8 code (BP) slots and 0 literal slots
T8224 000:392.090   CPU_ReadMem(4 bytes @ 0xE000EDFC)
T8224 000:392.412   CPU_WriteMem(4 bytes @ 0xE000EDFC)
T8224 000:392.754   CPU_ReadMem(4 bytes @ 0xE0001000)
T8224 000:393.061   CPU_ReadMem(4 bytes @ 0xE0001000)
T8224 000:393.362   CPU_ReadMem(4 bytes @ 0xE0001028)
T8224 000:393.665   CPU_ReadMem(4 bytes @ 0xE0001038)
T8224 000:393.990   CPU_ReadMem(4 bytes @ 0xE0001048)
T8224 000:394.307   CPU_ReadMem(4 bytes @ 0xE0001058)
T8224 000:394.614   CPU_ReadMem(4 bytes @ 0xE0001068)
T8224 000:394.914   CPU_ReadMem(4 bytes @ 0xE0001078)
T8224 000:395.278   CPU_ReadMem(4 bytes @ 0xE0001088)
T8224 000:395.587   CPU_ReadMem(4 bytes @ 0xE0001098)
T8224 000:395.916   CPU_WriteMem(4 bytes @ 0xE0001000)
T8224 000:396.318   CPU_ReadMem(4 bytes @ 0xE000ED88)
T8224 000:396.756   CPU_WriteMem(4 bytes @ 0xE000ED88)
T8224 000:397.066   CPU_ReadMem(4 bytes @ 0xE000ED88)
T8224 000:397.366   CPU_WriteMem(4 bytes @ 0xE000ED88)
T8224 000:397.670   CPU_ReadMem(4 bytes @ 0xE000EFB8)
T8224 000:397.959   Security extension: implemented
T8224 000:397.989   Secure debug: enabled
T8224 000:398.008   CPU_ReadMem(4 bytes @ 0xE000ED74)
T8224 000:398.287   PACBTI extension: implemented
T8224 000:398.325   CoreSight components:
T8224 000:398.342   ROMTbl[0] @ E00FE000
T8224 000:398.361   CPU_ReadMem(64 bytes @ 0xE00FE000)
T8224 000:398.996   CPU_ReadMem(32 bytes @ 0xE00FFFE0)
T8224 000:399.513   [0][0]: E00FF000 CID B105100D PID 000BB4D4 ROM Table
T8224 000:399.538   ROMTbl[1] @ E00FF000
T8224 000:399.551   CPU_ReadMem(64 bytes @ 0xE00FF000)
T8224 000:400.279   CPU_ReadMem(32 bytes @ 0xE000EFE0)
T8224 000:400.777   CPU_ReadMem(4 bytes @ 0xE000EFBC)
T8224 000:401.072   CPU_ReadMem(4 bytes @ 0xE000EFCC)
T8224 000:401.391   [1][0]: E000E000 CID B105900D PID 000BBD23 DEVARCH 47702A04 DEVTYPE 00 ???
T8224 000:401.410   CPU_ReadMem(32 bytes @ 0xE0001FE0)
T8224 000:401.846   CPU_ReadMem(4 bytes @ 0xE0001FBC)
T8224 000:402.145   CPU_ReadMem(4 bytes @ 0xE0001FCC)
T8224 000:402.436   [1][1]: E0001000 CID B105900D PID 000BBD23 DEVARCH 47711A02 DEVTYPE 00 DWT
T8224 000:402.457   CPU_ReadMem(32 bytes @ 0xE0002FE0)
T8224 000:402.900   CPU_ReadMem(4 bytes @ 0xE0002FBC)
T8224 000:403.194   CPU_ReadMem(4 bytes @ 0xE0002FCC)
T8224 000:403.470   [1][2]: E0002000 CID B105900D PID 000BBD23 DEVARCH 47701A03 DEVTYPE 00 FPB
T8224 000:403.492   CPU_ReadMem(32 bytes @ 0xE0000FE0)
T8224 000:403.936   CPU_ReadMem(4 bytes @ 0xE0000FBC)
T8224 000:404.245   CPU_ReadMem(4 bytes @ 0xE0000FCC)
T8224 000:404.569   [1][3]: E0000000 CID B105900D PID 000BBD23 DEVARCH 47701A01 DEVTYPE 43 ITM
T8224 000:404.706   CPU_ReadMem(32 bytes @ 0xE0041FE0)
T8224 000:405.221   CPU_ReadMem(4 bytes @ 0xE0041FBC)
T8224 000:405.532   CPU_ReadMem(4 bytes @ 0xE0041FCC)
T8224 000:405.839   [1][5]: E0041000 CID B105900D PID 004BBD23 DEVARCH 47754A13 DEVTYPE 13 ETM
T8224 000:405.869   CPU_ReadMem(32 bytes @ 0xE0003FE0)
T8224 000:406.342   CPU_ReadMem(4 bytes @ 0xE0003FBC)
T8224 000:406.648   CPU_ReadMem(4 bytes @ 0xE0003FCC)
T8224 000:406.982   [1][6]: E0003000 CID B105900D PID 000BBD23 DEVARCH 47700A06 DEVTYPE 16 ???
T8224 000:407.028   CPU_ReadMem(32 bytes @ 0xE0042FE0)
T8224 000:407.514   CPU_ReadMem(4 bytes @ 0xE0042FBC)
T8224 000:407.928   CPU_ReadMem(4 bytes @ 0xE0042FCC)
T8224 000:408.361   [1][7]: E0042000 CID B105900D PID 000BBD23 DEVARCH 47701A14 DEVTYPE 14 CSS600-CTI
T8224 000:408.396   CPU_ReadMem(32 bytes @ 0xE0040FE0)
T8224 000:408.911   [0][1]: E0040000 CID 05900D00 PID 0BBD2300 ???
T8224 000:408.943   CPU_WriteMem(4 bytes @ 0xE000ED84)
T8224 000:409.306   CPU_ReadMem(4 bytes @ 0xE000ED80)
T8224 000:409.611   I-Cache L1: 16 KB, 256 Sets, 32 Bytes/Line, 2-Way
T8224 000:409.642   CPU_WriteMem(4 bytes @ 0xE000ED84)
T8224 000:409.958   CPU_ReadMem(4 bytes @ 0xE000ED80)
T8224 000:410.272   D-Cache L1: 16 KB, 128 Sets, 32 Bytes/Line, 4-Way
T8224 000:410.362   CPU_ReadMem(4 bytes @ 0xE000EDF0)
T8224 000:410.669   Data:  01 00 11 01
T8224 000:410.694   Debug reg: DHCSR
T8224 000:410.707 - 59.527ms returns 0
T8224 000:415.105 JLINK_ReadMem(0x40204038, 0x4 Bytes, ...)
T8224 000:415.165   CPU_ReadMem(4 bytes @ 0x40204038)
T8224 000:415.771   Data:  04 00 00 00
T8224 000:415.805 - 0.700ms returns 0
T8224 000:415.828 JLINK_ReadMem(0xE000EDF0, 0x4 Bytes, ...)
T8224 000:415.847   CPU_ReadMem(4 bytes @ 0xE000EDF0)
T8224 000:416.172   Data:  01 00 11 01
T8224 000:416.199   Debug reg: DHCSR
T8224 000:416.211 - 0.383ms returns 0
T8224 000:416.243 JLINK_ReadMem(0xE000EDF0, 0x4 Bytes, ...)
T8224 000:416.256   CPU_ReadMem(4 bytes @ 0xE000EDF0)
T8224 000:416.541   Data:  01 00 11 01
T8224 000:416.561   Debug reg: DHCSR
T8224 000:416.572 - 0.330ms returns 0
T8224 000:416.589 JLINK_ReadMem(0xE000EDF0, 0x4 Bytes, ...)
T8224 000:416.607   CPU_ReadMem(4 bytes @ 0xE000EDF0)
T8224 000:417.096   Data:  01 00 11 01
T8224 000:417.130   Debug reg: DHCSR
T8224 000:417.147 - 0.557ms returns 0
T8224 000:417.172 JLINK_ReadMem(0xE000EDF0, 0x4 Bytes, ...)
T8224 000:417.190   CPU_ReadMem(4 bytes @ 0xE000EDF0)
T8224 000:417.524   Data:  01 00 11 01
T8224 000:417.553   Debug reg: DHCSR
T8224 000:417.569 - 0.397ms returns 0
T8224 000:417.593 JLINK_ReadMem(0xE000EDF0, 0x4 Bytes, ...)
T8224 000:417.609   CPU_ReadMem(4 bytes @ 0xE000EDF0)
T8224 000:417.938   Data:  01 00 11 01
T8224 000:417.981   Debug reg: DHCSR
T8224 000:417.998 - 0.404ms returns 0
T8224 000:418.018 JLINK_ReadMem(0x40204038, 0x4 Bytes, ...)
T8224 000:418.037   CPU_ReadMem(4 bytes @ 0x40204038)
T8224 000:418.612   Data:  04 00 00 00
T8224 000:418.640 - 0.622ms returns 0
T8224 000:418.659 JLINK_ReadMem(0xE000EDF0, 0x4 Bytes, ...)
T8224 000:418.682   CPU_ReadMem(4 bytes @ 0xE000EDF0)
T8224 000:418.958   Data:  01 00 11 01
T8224 000:418.984   Debug reg: DHCSR
T8224 000:418.996 - 0.337ms returns 0
T8224 000:419.025 JLINK_ReadMem(0xE000EDF0, 0x4 Bytes, ...)
T8224 000:419.039   CPU_ReadMem(4 bytes @ 0xE000EDF0)
T8224 000:419.355   Data:  01 00 11 01
T8224 000:419.378   Debug reg: DHCSR
T8224 000:419.389 - 0.364ms returns 0
T8224 000:419.403 JLINK_ReadMem(0x40204030, 0x4 Bytes, ...)
T8224 000:419.416   CPU_ReadMem(4 bytes @ 0x40204030)
T8224 000:419.963   Data:  00 00 10 00
T8224 000:419.985 - 0.582ms returns 0
T8224 000:420.321 JLINK_SetEndian(ARM_ENDIAN_LITTLE)
T8224 000:420.338 - 0.017ms returns 0
T8224 000:420.348 JLINK_SetInitRegsOnReset(OFF)
T8224 000:420.356 - 0.008ms returns 1
T8224 000:420.367 JLINK_SetResetType(JLINKARM_CM3_RESET_TYPE_CONNECT_UNDER_RESET)
T8224 000:420.375 - 0.008ms returns JLINKARM_CM3_RESET_TYPE_NORMAL
T8224 000:420.387 JLINK_ExecCommand("EnableFlashBPs", ...). 
T8224 000:420.405 - 0.018ms returns 0x00
T8224 000:420.419 JLINK_ExecCommand("SetAllowFlashCache = 1", ...). 
T8224 000:420.432 - 0.013ms returns 0x01
T8224 000:420.444 JLINK_ExecCommand("SetRestartOnClose = 0", ...). 
T8224 000:420.454 - 0.010ms returns 0x01
T8224 000:420.465 JLINK_ExecCommand("SetAllowSimulation = 0", ...). 
T8224 000:420.474 - 0.009ms returns 0x00
T8224 000:420.486 JLINK_EnableSoftBPs(ON)
T8224 000:420.494 - 0.010ms 
T8224 000:420.505 JLINK_Connect()
T8224 000:424.275   ConfigTargetSettings() start
T8224 000:424.313    J-Link Script File: Executing ConfigTargetSettings()
T8224 000:424.326   Configuring FlashDLNoRMWThreshold=0x200 in order to make sure that option bytes programming is done via read-modify-write
T8224 000:457.887   ConfigTargetSettings() end - Took 33.5ms
T8224 000:457.922   InitTarget() start
T8224 000:457.937    J-Link Script File: Executing InitTarget()
T8224 000:457.948   Identifying target device...
T8224 000:457.966   SWD selected. Executing JTAG -> SWD switching sequence...
T8224 000:458.657   Initializing DAP...
T8224 000:459.477   DAP initialized successfully.
T8224 000:459.502   Determining TrustZone configuration...
T8224 000:460.353     Secure Debug: Enabled (SSD)
T8224 000:460.565   Determining currently configured transfer type by reading the AHB-AP CSW register.
T8224 000:461.338     --> Correct transfer type configured. Done.
T8224 000:462.137   Primary CPU:   CPU0 (CM85), OFS bit=0x00000001
T8224 000:462.157   Secondary CPU: CPU1 (CM33)
T8224 000:462.169   Note: Detected primary CPU is based on the 'Device Configuration Information Register for Debug' register. Verify register value if primary/secondary is unexpected (https://kb.segger.com/Renesas_RA8).
T8224 000:462.183   InitTarget() end - Took 4.24ms
T8224 000:462.632   Found SW-DP with ID 0x6BA02477
T8224 000:464.181   DPIDR: 0x6BA02477
T8224 000:464.206   CoreSight SoC-400 or earlier
T8224 000:464.220   AP map detection skipped. Manually configured AP map found.
T8224 000:464.232   AP[0]: AHB-AP (IDR: Not set, ADDR: 0x00000000)
T8224 000:464.244   AP[1]: APB-AP (IDR: Not set, ADDR: 0x00000000)
T8224 000:464.255   AP[2]: AHB-AP (IDR: Not set, ADDR: 0x00000000)
T8224 000:465.007   AP[0]: Core found
T8224 000:465.033   AP[0]: AHB-AP ROM base: 0xE00FE000
T8224 000:465.366   CPUID register: 0x411FD231. Implementer code: 0x41 (ARM)
T8224 000:465.392   Feature set: Mainline
T8224 000:465.788   Cache: L1 I/D-cache present
T8224 000:465.807   Found Cortex-M85 r1p1, Little endian.
T8224 000:465.941   -- Max. mem block: 0x0001D5B0
T8224 000:465.974   CPU_ReadMem(4 bytes @ 0xE000EDF0)
T8224 000:466.261   CPU_ReadMem(4 bytes @ 0xE0002000)
T8224 000:466.562   FPUnit: 8 code (BP) slots and 0 literal slots
T8224 000:466.594   CPU_ReadMem(4 bytes @ 0xE000EDFC)
T8224 000:466.920   CPU_ReadMem(4 bytes @ 0xE0001000)
T8224 000:467.229   CPU_ReadMem(4 bytes @ 0xE0001000)
T8224 000:467.526   CPU_ReadMem(4 bytes @ 0xE0001028)
T8224 000:467.813   CPU_ReadMem(4 bytes @ 0xE0001038)
T8224 000:468.116   CPU_ReadMem(4 bytes @ 0xE0001048)
T8224 000:468.421   CPU_ReadMem(4 bytes @ 0xE0001058)
T8224 000:468.839   CPU_ReadMem(4 bytes @ 0xE0001068)
T8224 000:469.250   CPU_ReadMem(4 bytes @ 0xE0001078)
T8224 000:469.647   CPU_ReadMem(4 bytes @ 0xE0001088)
T8224 000:469.943   CPU_ReadMem(4 bytes @ 0xE0001098)
T8224 000:470.227   CPU_WriteMem(4 bytes @ 0xE0001000)
T8224 000:470.527   CPU_ReadMem(4 bytes @ 0xE000ED88)
T8224 000:470.796   CPU_WriteMem(4 bytes @ 0xE000ED88)
T8224 000:471.107   CPU_ReadMem(4 bytes @ 0xE000ED88)
T8224 000:471.405   CPU_WriteMem(4 bytes @ 0xE000ED88)
T8224 000:471.749   CPU_ReadMem(4 bytes @ 0xE000EFB8)
T8224 000:472.050   Security extension: implemented
T8224 000:472.083   Secure debug: enabled
T8224 000:472.097   CPU_ReadMem(4 bytes @ 0xE000ED74)
T8224 000:472.384   PACBTI extension: implemented
T8224 000:472.411   CoreSight components:
T8224 000:472.428   ROMTbl[0] @ E00FE000
T8224 000:472.442   CPU_ReadMem(64 bytes @ 0xE00FE000)
T8224 000:473.069   CPU_ReadMem(32 bytes @ 0xE00FFFE0)
T8224 000:473.511   [0][0]: E00FF000 CID B105100D PID 000BB4D4 ROM Table
T8224 000:473.531   ROMTbl[1] @ E00FF000
T8224 000:473.543   CPU_ReadMem(64 bytes @ 0xE00FF000)
T8224 000:474.179   CPU_ReadMem(32 bytes @ 0xE000EFE0)
T8224 000:474.631   CPU_ReadMem(4 bytes @ 0xE000EFBC)
T8224 000:474.924   CPU_ReadMem(4 bytes @ 0xE000EFCC)
T8224 000:475.227   [1][0]: E000E000 CID B105900D PID 000BBD23 DEVARCH 47702A04 DEVTYPE 00 ???
T8224 000:475.272   CPU_ReadMem(32 bytes @ 0xE0001FE0)
T8224 000:475.770   CPU_ReadMem(4 bytes @ 0xE0001FBC)
T8224 000:476.051   CPU_ReadMem(4 bytes @ 0xE0001FCC)
T8224 000:476.345   [1][1]: E0001000 CID B105900D PID 000BBD23 DEVARCH 47711A02 DEVTYPE 00 DWT
T8224 000:476.367   CPU_ReadMem(32 bytes @ 0xE0002FE0)
T8224 000:476.809   CPU_ReadMem(4 bytes @ 0xE0002FBC)
T8224 000:477.103   CPU_ReadMem(4 bytes @ 0xE0002FCC)
T8224 000:477.399   [1][2]: E0002000 CID B105900D PID 000BBD23 DEVARCH 47701A03 DEVTYPE 00 FPB
T8224 000:477.417   CPU_ReadMem(32 bytes @ 0xE0000FE0)
T8224 000:477.858   CPU_ReadMem(4 bytes @ 0xE0000FBC)
T8224 000:478.181   CPU_ReadMem(4 bytes @ 0xE0000FCC)
T8224 000:478.476   [1][3]: E0000000 CID B105900D PID 000BBD23 DEVARCH 47701A01 DEVTYPE 43 ITM
T8224 000:478.507   CPU_ReadMem(32 bytes @ 0xE0041FE0)
T8224 000:478.959   CPU_ReadMem(4 bytes @ 0xE0041FBC)
T8224 000:479.255   CPU_ReadMem(4 bytes @ 0xE0041FCC)
T8224 000:479.557   [1][5]: E0041000 CID B105900D PID 004BBD23 DEVARCH 47754A13 DEVTYPE 13 ETM
T8224 000:479.582   CPU_ReadMem(32 bytes @ 0xE0003FE0)
T8224 000:480.038   CPU_ReadMem(4 bytes @ 0xE0003FBC)
T8224 000:480.344   CPU_ReadMem(4 bytes @ 0xE0003FCC)
T8224 000:480.638   [1][6]: E0003000 CID B105900D PID 000BBD23 DEVARCH 47700A06 DEVTYPE 16 ???
T8224 000:480.671   CPU_ReadMem(32 bytes @ 0xE0042FE0)
T8224 000:481.140   CPU_ReadMem(4 bytes @ 0xE0042FBC)
T8224 000:481.438   CPU_ReadMem(4 bytes @ 0xE0042FCC)
T8224 000:481.756   [1][7]: E0042000 CID B105900D PID 000BBD23 DEVARCH 47701A14 DEVTYPE 14 CSS600-CTI
T8224 000:481.785   CPU_ReadMem(32 bytes @ 0xE0040FE0)
T8224 000:482.223   [0][1]: E0040000 CID 05900D00 PID 0BBD23B1 ???
T8224 000:482.244   CPU_WriteMem(4 bytes @ 0xE000ED84)
T8224 000:482.548   CPU_ReadMem(4 bytes @ 0xE000ED80)
T8224 000:482.828   I-Cache L1: 16 KB, 256 Sets, 32 Bytes/Line, 2-Way
T8224 000:482.847   CPU_WriteMem(4 bytes @ 0xE000ED84)
T8224 000:483.137   CPU_ReadMem(4 bytes @ 0xE000ED80)
T8224 000:483.447   D-Cache L1: 16 KB, 128 Sets, 32 Bytes/Line, 4-Way
T8224 000:483.470 - 62.964ms returns 0x00
T8224 000:486.523 JLINK_Halt()
T8224 000:489.885 - 3.362ms returns 0x00
T8224 000:489.910 JLINK_IsHalted()
T8224 000:489.924 - 0.013ms returns TRUE
T8224 000:489.935 JLINK_ResetPullsRESET(ON)
T8224 000:489.943 - 0.008ms 
T8224 000:489.952 JLINK_Reset()
T8224 000:489.971   ResetTarget() start
T8224 000:489.983    J-Link Script File: Executing ResetTarget()
T8224 000:490.772   CPU_ReadMem(4 bytes @ 0xE000ED44)
T8224 000:491.088   CPU_ReadMem(4 bytes @ 0xE000EE08)
T8224 000:491.413   CPU_WriteMem(4 bytes @ 0xE000EE08)
T8224 000:491.754   CPU_ReadMem(4 bytes @ 0xE000EE08)
T8224 000:492.062   Reset: ARMv8M core with Security Extension enabled detected. Switch to secure domain.
T8224 000:492.083   Reset: Halt core after reset via DEMCR.VC_CORERESET.
T8224 000:492.101   CPU_WriteMem(4 bytes @ 0xE000EDF0)
T8224 000:492.396   CPU_WriteMem(4 bytes @ 0xE000EDFC)
T8224 000:492.924   Reset: Reset device via AIRCR.SYSRESETREQ.
T8224 000:492.964   CPU_WriteMem(4 bytes @ 0xE000ED0C)
T8224 000:545.699   CPU_ReadMem(4 bytes @ 0xE000EDF0)
T8224 000:546.050   CPU_ReadMem(4 bytes @ 0xE000EDF0)
T8224 000:546.374   CPU_WriteMem(4 bytes @ 0xE000EDFC)
T8224 000:546.747   ResetTarget() end - Took 56.7ms
T8224 000:546.767   Device specific reset executed.
T8224 000:550.314   CPU_WriteMem(4 bytes @ 0xE0002000)
T8224 000:550.676   CPU_ReadMem(4 bytes @ 0xE000EDFC)
T8224 000:550.962   CPU_ReadMem(4 bytes @ 0xE0001000)
T8224 000:551.249   CPU_ReadMem(4 bytes @ 0xE000EE08)
T8224 000:551.556 - 61.603ms 
T8224 000:554.656 JLINK_ReadMem(0xE000EDF0, 0x4 Bytes, ...)
T8224 000:554.696   CPU_ReadMem(4 bytes @ 0xE000EDF0)
T8224 000:554.995   Data:  03 00 13 00
T8224 000:555.022   Debug reg: DHCSR
T8224 000:555.034 - 0.379ms returns 0
T8224 000:555.049 JLINK_IsHalted()
T8224 000:555.059 - 0.009ms returns TRUE
T8224 000:555.133 JLINK_ReadMem(0x4000F050, 0x1 Bytes, ...)
T8224 000:555.151   CPU_ReadMem(1 bytes @ 0x4000F050)
T8224 000:555.761   Data:  00
T8224 000:555.796 - 0.663ms returns 0
T8224 000:556.241 JLINK_IsHalted()
T8224 000:556.269 - 0.028ms returns TRUE
T8224 000:556.287 JLINK_ReadMem(0xE000EDF0, 0x4 Bytes, ...)
T8224 000:556.307   CPU_ReadMem(4 bytes @ 0xE000EDF0)
T8224 000:556.608   Data:  03 00 13 00
T8224 000:556.636   Debug reg: DHCSR
T8224 000:556.648 - 0.360ms returns 0
T8224 000:556.664 JLINK_ReadMem(0x40204038, 0x4 Bytes, ...)
T8224 000:556.678   CPU_ReadMem(4 bytes @ 0x40204038)
T8224 000:557.246   Data:  04 00 00 00
T8224 000:557.271 - 0.607ms returns 0
T8224 000:557.287 JLINK_ReadMem(0xE000EDF0, 0x4 Bytes, ...)
T8224 000:557.305   CPU_ReadMem(4 bytes @ 0xE000EDF0)
T8224 000:557.624   Data:  03 00 13 00
T8224 000:557.654   Debug reg: DHCSR
T8224 000:557.678 - 0.391ms returns 0
T8224 000:557.736 JLINK_MeasureCPUSpeed(RAMAddr = 0x22000000)
T8224 000:557.757   CPU_ReadMem(16 bytes @ 0x22000000)
T8224 000:558.407   CPU_ReadMem(4 bytes @ 0xE000EDFC)
T8224 000:558.761   CPU_ReadMem(4 bytes @ 0xE0001000)
T8224 000:559.163   CPU_ReadMem(6 bytes @ 0x22000000)
T8224 000:559.849   CPU_ReadMem(4 bytes @ 0xE000ED90)
T8224 000:560.178   CPU_ReadMem(4 bytes @ 0xE000ED94)
T8224 000:560.519   CPU_WriteMem(16 bytes @ 0x22000000)
T8224 000:561.242   CPU_WriteMem(6 bytes @ 0x22000000)
T8224 000:561.926   CPU_ReadMem(6 bytes @ 0x22000000)
T8224 000:562.623   CPU_ReadMem(4 bytes @ 0xE000EE08)
T8224 000:563.082   CPU_WriteMem(4 bytes @ 0xE0002008)
T8224 000:563.128   CPU_WriteMem(4 bytes @ 0xE000200C)
T8224 000:563.155   CPU_WriteMem(4 bytes @ 0xE0002010)
T8224 000:563.180   CPU_WriteMem(4 bytes @ 0xE0002014)
T8224 000:563.206   CPU_WriteMem(4 bytes @ 0xE0002018)
T8224 000:563.229   CPU_WriteMem(4 bytes @ 0xE000201C)
T8224 000:563.253   CPU_WriteMem(4 bytes @ 0xE0002020)
T8224 000:563.286   CPU_WriteMem(4 bytes @ 0xE0002024)
T8224 000:564.784   CPU_WriteMem(4 bytes @ 0xE0001004)
T8224 000:570.670   CPU_ReadMem(4 bytes @ 0xE0001004)
T8224 000:571.022   CPU_ReadMem(4 bytes @ 0xE000EE08)
T8224 000:571.324   CPU_WriteMem(4 bytes @ 0xE0002008)
T8224 000:571.638   CPU_WriteMem(4 bytes @ 0xE000200C)
T8224 000:571.964   CPU_WriteMem(4 bytes @ 0xE0002010)
T8224 000:572.271   CPU_WriteMem(4 bytes @ 0xE0002014)
T8224 000:572.582   CPU_WriteMem(4 bytes @ 0xE0002018)
T8224 000:572.926   CPU_WriteMem(4 bytes @ 0xE000201C)
T8224 000:573.215   CPU_WriteMem(4 bytes @ 0xE0002020)
T8224 000:573.505   CPU_WriteMem(4 bytes @ 0xE0002024)
T8224 000:573.816   CPU_ReadMem(4 bytes @ 0xE000EE08)
T8224 000:574.118   CPU_ReadMem(4 bytes @ 0xE000EE08)
T8224 000:574.397   CPU_WriteMem(4 bytes @ 0xE0001004)
T8224 000:600.641   CPU_ReadMem(4 bytes @ 0xE0001004)
T8224 000:600.972   CPU_WriteMem(6 bytes @ 0x22000000)
T8224 000:601.633   ClockFreq: 8367600 Hz
T8224 000:601.660 - 43.924ms returns 8367600
T8224 000:604.377 JLINK_ReadReg(XPSR)
T8224 000:604.420   CPU_ReadMem(4 bytes @ 0xE000EE08)
T8224 000:604.753 - 0.375ms returns 0x01000000
T6B98 002:726.906 JLINK_WriteMem(0x220EBA60, 0x4 Bytes, ...)
T6B98 002:726.942   Data:  00 00 00 00
T6B98 002:727.289   CPU_WriteMem(4 bytes @ 0x220EBA60)
T6B98 002:727.982 - 1.076ms returns 0x4
T6B98 002:728.019 JLINK_ReadMem(0x220EBA60, 0x4 Bytes, ...)
T6B98 002:728.035   CPU_ReadMem(4 bytes @ 0x220EBA60)
T6B98 002:728.576   Data:  00 00 00 00
T6B98 002:728.597 - 0.578ms returns 0
T6B98 002:728.611 JLINK_ReadMem(0x220EBA3C, 0x4 Bytes, ...)
T6B98 002:728.624   CPU_ReadMem(4 bytes @ 0x220EBA3C)
T6B98 002:729.196   Data:  01 00 00 00
T6B98 002:729.239 - 0.627ms returns 0
T6B98 002:729.262 JLINK_ReadMem(0x020BAAE4, 0x4 Bytes, ...)
T6B98 002:729.281   CPU_ReadMem(64 bytes @ 0x020BAAC0)
T6B98 002:731.036    -- Updating C cache (64 bytes @ 0x020BAAC0)
T6B98 002:731.067    -- Read from C cache (4 bytes @ 0x020BAAE4)
T6B98 002:731.086   Data:  00 00 00 00
T6B98 002:731.105 - 1.843ms returns 0
T6B98 003:594.056 JLINK_ResetPullsRESET(ON)
T6B98 003:594.096 - 0.040ms 
T6B98 003:594.107 JLINK_Halt()
T6B98 003:594.430 - 0.322ms returns 0x00
T6B98 003:594.448 JLINK_IsHalted()
T6B98 003:594.459 - 0.009ms returns TRUE
T6B98 003:594.468 JLINK_Reset()
T6B98 003:594.487   ResetTarget() start
T6B98 003:594.499    J-Link Script File: Executing ResetTarget()
T6B98 003:595.432   CPU_ReadMem(4 bytes @ 0xE000ED44)
T6B98 003:595.762   CPU_ReadMem(4 bytes @ 0xE000EE08)
T6B98 003:596.062   CPU_WriteMem(4 bytes @ 0xE000EE08)
T6B98 003:596.391   CPU_ReadMem(4 bytes @ 0xE000EE08)
T6B98 003:596.768   Reset: ARMv8M core with Security Extension enabled detected. Switch to secure domain.
T6B98 003:596.787   Reset: Halt core after reset via DEMCR.VC_CORERESET.
T6B98 003:596.804   CPU_WriteMem(4 bytes @ 0xE000EDF0)
T6B98 003:597.126   CPU_WriteMem(4 bytes @ 0xE000EDFC)
T6B98 003:597.629   Reset: Reset device via AIRCR.SYSRESETREQ.
T6B98 003:597.655   CPU_WriteMem(4 bytes @ 0xE000ED0C)
T6B98 003:649.572   CPU_ReadMem(4 bytes @ 0xE000EDF0)
T6B98 003:649.979   CPU_ReadMem(4 bytes @ 0xE000EDF0)
T6B98 003:650.308   CPU_WriteMem(4 bytes @ 0xE000EDFC)
T6B98 003:650.642   ResetTarget() end - Took 56.1ms
T6B98 003:650.672   Device specific reset executed.
T6B98 003:654.252   CPU_WriteMem(4 bytes @ 0xE0002000)
T6B98 003:654.598   CPU_ReadMem(4 bytes @ 0xE000EDFC)
T6B98 003:654.945   CPU_ReadMem(4 bytes @ 0xE0001000)
T6B98 003:655.249   CPU_ReadMem(4 bytes @ 0xE000EE08)
T6B98 003:655.541 - 61.071ms 
T6B98 003:658.140 JLINK_SetEndian(ARM_ENDIAN_LITTLE)
T6B98 003:658.157 - 0.016ms returns 0
T6B98 003:658.391 JLINK_BeginDownload(Flags = 0x00000000)
T6B98 003:658.406 - 0.015ms 
T6B98 003:671.241 JLINK_ReadMem(0xE000EDF0, 0x4 Bytes, ...)
T6B98 003:671.299   CPU_ReadMem(4 bytes @ 0xE000EDF0)
T6B98 003:671.641   Data:  03 00 13 00
T6B98 003:671.671   Debug reg: DHCSR
T6B98 003:671.683 - 0.442ms returns 0
T6B98 003:672.971 JLINK_WriteMem(0x02000000, 0x78 Bytes, ...)
T6B98 003:673.010   Data:  20 47 00 22 D1 0D 01 02 B9 0B 01 02 DB 0D 01 02 ...
T6B98 003:674.218   completely In flash
T6B98 003:674.252 - 1.281ms returns 0x78
T6B98 003:674.843 JLINK_WriteMem(0x02000078, 0x516 Bytes, ...)
T6B98 003:674.867   Data:  80 B5 4F F4 C8 63 8C 46 4A 08 00 21 E0 FB 03 21 ...
T6B98 003:674.886   completely In flash
T6B98 003:674.900 - 0.057ms returns 0x516
T6B98 003:675.326 JLINK_WriteMem(0x02000590, 0x60 Bytes, ...)
T6B98 003:675.350   Data:  06 01 00 00 A6 FF FF FF 71 00 00 00 A9 FF FF FF ...
T6B98 003:675.366   completely In flash
T6B98 003:675.379 - 0.052ms returns 0x60
T6B98 003:675.923 JLINK_WriteMem(0x020005F0, 0x2C6 Bytes, ...)
T6B98 003:675.951   Data:  21 00 00 00 08 30 42 00 03 31 13 00 03 31 03 00 ...
T6B98 003:675.976   completely In flash
T6B98 003:675.989 - 0.067ms returns 0x2C6
T6B98 003:676.695 JLINK_WriteMem(0x020008C0, 0xBB0 Bytes, ...)
T6B98 003:676.719   Data:  2D E9 F0 43 85 B0 18 46 15 46 88 46 01 24 08 21 ...
T6B98 003:676.736   completely In flash
T6B98 003:676.749 - 0.055ms returns 0xBB0
T6B98 003:677.428 JLINK_WriteMem(0x02001470, 0xBD0 Bytes, ...)
T6B98 003:677.459   Data:  0B 21 C2 F2 07 22 10 44 29 90 08 68 47 F2 A4 51 ...
T6B98 003:677.484   completely In flash
T6B98 003:677.502 - 0.074ms returns 0xBD0
T6B98 003:678.110 JLINK_WriteMem(0x02002040, 0xBD0 Bytes, ...)
T6B98 003:678.133   Data:  12 54 CD E9 14 64 06 26 CD E9 01 64 0B F0 35 FD ...
T6B98 003:678.150   completely In flash
T6B98 003:678.163 - 0.054ms returns 0xBD0
T6B98 003:678.712 JLINK_WriteMem(0x02002C10, 0xBC0 Bytes, ...)
T6B98 003:678.736   Data:  00 0B C0 F2 0B 2A 4F F0 08 08 B7 EE 00 0A 4F F0 ...
T6B98 003:678.762   completely In flash
T6B98 003:678.775 - 0.063ms returns 0xBC0
T6B98 003:679.413 JLINK_WriteMem(0x020037D0, 0xBD0 Bytes, ...)
T6B98 003:679.444   Data:  B8 FB F9 F0 98 44 2C F8 02 0B 0F F0 07 C8 08 A8 ...
T6B98 003:679.470   completely In flash
T6B98 003:679.488 - 0.075ms returns 0xBD0
T6B98 003:680.122 JLINK_WriteMem(0x020043A0, 0xBA0 Bytes, ...)
T6B98 003:680.153   Data:  61 60 97 42 81 6A A1 60 25 D0 03 21 C4 F6 50 21 ...
T6B98 003:680.175   completely In flash
T6B98 003:680.192 - 0.071ms returns 0xBA0
T6B98 003:680.834 JLINK_WriteMem(0x02004F40, 0xBC0 Bytes, ...)
T6B98 003:680.860   Data:  30 60 20 30 0F F0 05 C0 BF F3 4F 8F BF F3 6F 8F ...
T6B98 003:680.886   completely In flash
T6B98 003:680.900 - 0.066ms returns 0xBC0
T6B98 003:681.456 JLINK_WriteMem(0x02005B00, 0xBC0 Bytes, ...)
T6B98 003:681.478   Data:  31 7A 8D 42 59 D1 94 ED 00 2A 16 ED 03 3A B4 EE ...
T6B98 003:681.493   completely In flash
T6B98 003:681.506 - 0.050ms returns 0xBC0
T6B98 003:682.029 JLINK_WriteMem(0x020066C0, 0xBD0 Bytes, ...)
T6B98 003:682.052   Data:  96 20 87 FF 58 80 AA EE 10 0B 87 FF 5C 00 8D ED ...
T6B98 003:682.071   completely In flash
T6B98 003:682.084 - 0.055ms returns 0xBD0
T6B98 003:682.601 JLINK_WriteMem(0x02007290, 0xBD0 Bytes, ...)
T6B98 003:682.620   Data:  01 EC 0B F0 58 F8 47 F2 94 21 C2 F2 0E 21 08 60 ...
T6B98 003:682.635   completely In flash
T6B98 003:682.647 - 0.046ms returns 0xBD0
T6B98 003:683.201 JLINK_WriteMem(0x02007E60, 0xBD0 Bytes, ...)
T6B98 003:683.226   Data:  20 46 51 46 3A 46 00 25 03 F0 EA FF 00 23 20 46 ...
T6B98 003:683.254   completely In flash
T6B98 003:683.266 - 0.066ms returns 0xBD0
T6B98 003:687.146 JLINK_WriteMem(0x02008A30, 0xBE0 Bytes, ...)
T6B98 003:687.184   Data:  F2 D3 08 68 03 F0 93 F9 60 69 03 F0 90 F9 02 E0 ...
T6B98 003:687.210   completely In flash
T6B98 003:687.229 - 0.084ms returns 0xBE0
T6B98 003:688.064 JLINK_WriteMem(0x02009610, 0xBC0 Bytes, ...)
T6B98 003:688.089   Data:  44 FF A0 69 0A 21 00 22 06 F0 57 FF FF 28 05 D1 ...
T6B98 003:688.108   completely In flash
T6B98 003:688.121 - 0.056ms returns 0xBC0
T6B98 003:688.628 JLINK_WriteMem(0x0200A1D0, 0xBE0 Bytes, ...)
T6B98 003:688.651   Data:  12 9B 01 2F A9 46 4F EA 22 11 0D 9C 03 EB 62 13 ...
T6B98 003:688.666   completely In flash
T6B98 003:688.678 - 0.051ms returns 0xBE0
T6B98 003:689.349 JLINK_WriteMem(0x0200ADB0, 0xBD0 Bytes, ...)
T6B98 003:689.441   Data:  57 EA B2 82 20 F0 0F 00 99 42 51 EA C3 81 AD F8 ...
T6B98 003:689.457   completely In flash
T6B98 003:689.469 - 0.120ms returns 0xBD0
T6B98 003:690.065 JLINK_WriteMem(0x0200B980, 0xBD0 Bytes, ...)
T6B98 003:690.091   Data:  79 FF 01 20 09 B0 BD E8 F0 8F 2D E9 F0 4F 8F B0 ...
T6B98 003:690.114   completely In flash
T6B98 003:690.132 - 0.067ms returns 0xBD0
T6B98 003:690.671 JLINK_WriteMem(0x0200C550, 0xBC0 Bytes, ...)
T6B98 003:690.694   Data:  01 28 E8 68 40 F0 9E 80 E9 7C 40 EA 01 60 D4 F8 ...
T6B98 003:690.710   completely In flash
T6B98 003:690.722 - 0.052ms returns 0xBC0
T6B98 003:691.178 JLINK_WriteMem(0x0200D110, 0xBD0 Bytes, ...)
T6B98 003:691.196   Data:  C4 F8 BC 01 03 DC D4 F8 C0 11 20 46 88 47 30 14 ...
T6B98 003:691.210   completely In flash
T6B98 003:691.223 - 0.045ms returns 0xBD0
T6B98 003:691.692 JLINK_WriteMem(0x0200DCE0, 0xBD0 Bytes, ...)
T6B98 003:691.711   Data:  B4 00 C2 F2 0E 20 01 68 59 B1 01 39 01 60 18 BF ...
T6B98 003:691.728   completely In flash
T6B98 003:691.740 - 0.048ms returns 0xBD0
T6B98 003:692.254 JLINK_WriteMem(0x0200E8B0, 0xBC0 Bytes, ...)
T6B98 003:692.274   Data:  42 58 22 F4 80 32 42 50 40 58 20 69 58 B1 03 46 ...
T6B98 003:692.288   completely In flash
T6B98 003:692.301 - 0.048ms returns 0xBC0
T6B98 003:692.848 JLINK_WriteMem(0x0200F470, 0xBD0 Bytes, ...)
T6B98 003:692.869   Data:  94 F8 27 10 01 30 84 F8 28 00 48 1E 84 F8 27 00 ...
T6B98 003:692.884   completely In flash
T6B98 003:692.896 - 0.049ms returns 0xBD0
T6B98 003:693.419 JLINK_WriteMem(0x02010040, 0xBD0 Bytes, ...)
T6B98 003:693.438   Data:  42 50 40 58 02 B0 80 BD 80 B5 82 B0 47 F6 C4 00 ...
T6B98 003:693.459   completely In flash
T6B98 003:693.472 - 0.053ms returns 0xBD0
T6B98 003:694.013 JLINK_WriteMem(0x02010C10, 0xBC0 Bytes, ...)
T6B98 003:694.036   Data:  00 30 4A F2 BC 71 C4 F2 00 00 C0 F2 0B 21 00 BF ...
T6B98 003:694.051   completely In flash
T6B98 003:694.064 - 0.051ms returns 0xBC0
T6B98 003:694.584 JLINK_WriteMem(0x020117D0, 0xBB0 Bytes, ...)
T6B98 003:694.604   Data:  05 00 48 F6 BC 12 48 F6 09 43 C0 F2 0B 20 C0 F2 ...
T6B98 003:694.619   completely In flash
T6B98 003:694.631 - 0.047ms returns 0xBB0
T6B98 003:695.188 JLINK_WriteMem(0x02012380, 0xBB0 Bytes, ...)
T6B98 003:695.211   Data:  C4 F8 30 90 02 20 84 F8 61 00 04 A8 CD E9 00 A0 ...
T6B98 003:695.227   completely In flash
T6B98 003:695.240 - 0.052ms returns 0xBB0
T6B98 003:695.937 JLINK_WriteMem(0x02012F30, 0xBB0 Bytes, ...)
T6B98 003:695.968   Data:  C1 F8 04 C0 C3 F8 08 C0 C0 F8 28 E0 51 1C CE F8 ...
T6B98 003:696.000   completely In flash
T6B98 003:696.018 - 0.082ms returns 0xBB0
T6B98 003:696.614 JLINK_WriteMem(0x02013AE0, 0xBC0 Bytes, ...)
T6B98 003:696.636   Data:  0D 46 02 A9 80 EA E5 70 00 91 1C 46 82 EA E3 72 ...
T6B98 003:696.652   completely In flash
T6B98 003:696.664 - 0.050ms returns 0xBC0
T6B98 003:697.312 JLINK_WriteMem(0x020146A0, 0xBC0 Bytes, ...)
T6B98 003:697.333   Data:  90 47 01 3E 00 28 F4 D5 1C E1 07 30 20 F0 07 00 ...
T6B98 003:697.353   completely In flash
T6B98 003:697.366 - 0.053ms returns 0xBC0
T6B98 003:697.882 JLINK_WriteMem(0x02015260, 0xBD0 Bytes, ...)
T6B98 003:697.900   Data:  03 06 07 D3 A5 FB 04 56 03 EB 83 03 01 32 06 EB ...
T6B98 003:697.919   completely In flash
T6B98 003:697.932 - 0.050ms returns 0xBD0
T6B98 003:698.522 JLINK_WriteMem(0x02015E30, 0xBB0 Bytes, ...)
T6B98 003:698.550   Data:  D8 EC 72 27 1F 05 00 00 00 80 54 8F 5D 26 C6 FF ...
T6B98 003:698.571   completely In flash
T6B98 003:698.588 - 0.067ms returns 0xBB0
T6B98 003:699.071 JLINK_WriteMem(0x020169E0, 0xBE0 Bytes, ...)
T6B98 003:699.089   Data:  65 03 33 15 6F 03 80 2B 01 14 60 40 C6 AC B8 13 ...
T6B98 003:699.110   completely In flash
T6B98 003:699.122 - 0.051ms returns 0xBE0
T6B98 003:699.774 JLINK_WriteMem(0x020175C0, 0xBC0 Bytes, ...)
T6B98 003:699.806   Data:  FF D8 72 61 68 23 A0 07 00 00 00 5E 30 36 46 25 ...
T6B98 003:699.835   completely In flash
T6B98 003:699.854 - 0.080ms returns 0xBC0
T6B98 003:700.511 JLINK_WriteMem(0x02018180, 0xBC0 Bytes, ...)
T6B98 003:700.542   Data:  9E AB 06 80 FD 28 D3 4B 5C 89 9E 8F AC D0 77 03 ...
T6B98 003:700.561   completely In flash
T6B98 003:700.578 - 0.067ms returns 0xBC0
T6B98 003:701.400 JLINK_WriteMem(0x02018D40, 0xBD0 Bytes, ...)
T6B98 003:701.430   Data:  CC E6 5F 28 62 40 00 00 00 0A 38 65 49 27 E6 99 ...
T6B98 003:701.451   completely In flash
T6B98 003:701.467 - 0.067ms returns 0xBD0
T6B98 003:702.184 JLINK_WriteMem(0x02019910, 0xBC0 Bytes, ...)
T6B98 003:702.211   Data:  F4 FF 7D AD 19 5E D7 3F 60 E0 7C B7 EB 6E B8 53 ...
T6B98 003:702.239   completely In flash
T6B98 003:702.259 - 0.075ms returns 0xBC0
T6B98 003:702.984 JLINK_WriteMem(0x0201A4D0, 0xBC0 Bytes, ...)
T6B98 003:703.012   Data:  74 E9 F3 04 00 B5 B0 70 C9 B2 08 B2 FD 8D A1 00 ...
T6B98 003:703.036   completely In flash
T6B98 003:703.048 - 0.065ms returns 0xBC0
T6B98 003:703.727 JLINK_WriteMem(0x0201B090, 0xBC0 Bytes, ...)
T6B98 003:703.752   Data:  E4 51 47 01 80 65 4E 70 50 C5 42 86 05 3D 3C 2E ...
T6B98 003:703.780   completely In flash
T6B98 003:703.794 - 0.068ms returns 0xBC0
T6B98 003:704.378 JLINK_WriteMem(0x0201BC50, 0xBE0 Bytes, ...)
T6B98 003:704.402   Data:  23 40 00 00 40 01 00 00 25 01 00 00 26 01 80 FF ...
T6B98 003:704.417   completely In flash
T6B98 003:704.430 - 0.052ms returns 0xBE0
T6B98 003:705.085 JLINK_WriteMem(0x0201C830, 0xBE0 Bytes, ...)
T6B98 003:705.124   Data:  00 00 00 00 00 00 00 00 00 00 00 00 00 00 00 00 ...
T6B98 003:705.162   completely In flash
T6B98 003:705.180 - 0.095ms returns 0xBE0
T6B98 003:705.966 JLINK_WriteMem(0x0201D410, 0xBC0 Bytes, ...)
T6B98 003:705.996   Data:  1B 72 1E 7F 43 F2 D9 9C D3 63 67 F7 5A 3F 55 71 ...
T6B98 003:706.017   completely In flash
T6B98 003:706.035 - 0.068ms returns 0xBC0
T6B98 003:706.679 JLINK_WriteMem(0x0201DFD0, 0xBD0 Bytes, ...)
T6B98 003:706.709   Data:  D1 C8 44 4B 22 8B FD FE BB 4E FF 05 DF 68 10 87 ...
T6B98 003:706.743   completely In flash
T6B98 003:706.763 - 0.084ms returns 0xBD0
T6B98 003:707.504 JLINK_WriteMem(0x0201EBA0, 0xBC0 Bytes, ...)
T6B98 003:707.532   Data:  34 97 BA 6C BC 7A 4F 26 21 0E 89 EA E3 DE 87 95 ...
T6B98 003:707.554   completely In flash
T6B98 003:707.570 - 0.067ms returns 0xBC0
T6B98 003:708.228 JLINK_WriteMem(0x0201F760, 0xBC0 Bytes, ...)
T6B98 003:708.256   Data:  31 B6 A4 40 7D DE AC 7C C2 8F F9 A7 F5 FC 9B C1 ...
T6B98 003:708.286   completely In flash
T6B98 003:708.305 - 0.076ms returns 0xBC0
T6B98 003:709.005 JLINK_WriteMem(0x02020320, 0xBB0 Bytes, ...)
T6B98 003:709.030   Data:  8A D3 F2 E1 C4 DD 5A 1A CF 5D EF E3 27 95 07 F3 ...
T6B98 003:709.051   completely In flash
T6B98 003:709.063 - 0.058ms returns 0xBB0
T6B98 003:709.633 JLINK_WriteMem(0x02020ED0, 0xBB0 Bytes, ...)
T6B98 003:709.656   Data:  2E 33 21 BD 5B 1E 29 E7 D6 50 AA 9F 47 B9 D9 46 ...
T6B98 003:709.677   completely In flash
T6B98 003:709.689 - 0.057ms returns 0xBB0
T6B98 003:710.302 JLINK_WriteMem(0x02021A80, 0xBB0 Bytes, ...)
T6B98 003:710.322   Data:  00 00 00 67 7F 60 6E 29 B6 3A 00 00 00 93 36 F2 ...
T6B98 003:710.338   completely In flash
T6B98 003:710.350 - 0.049ms returns 0xBB0
T6B98 003:711.030 JLINK_WriteMem(0x02022630, 0xBC0 Bytes, ...)
T6B98 003:711.056   Data:  38 44 E9 56 64 BE D7 EE CC 3E 76 BD F1 67 A1 6C ...
T6B98 003:711.150   completely In flash
T6B98 003:711.173 - 0.144ms returns 0xBC0
T6B98 003:711.855 JLINK_WriteMem(0x020231F0, 0xBB0 Bytes, ...)
T6B98 003:711.883   Data:  D3 36 2A 63 C8 B5 34 C5 4D EE 5D 89 F5 D3 42 C2 ...
T6B98 003:711.904   completely In flash
T6B98 003:711.916 - 0.061ms returns 0xBB0
T6B98 003:715.569 JLINK_WriteMem(0x02023DA0, 0xBB0 Bytes, ...)
T6B98 003:715.600   Data:  42 BD 65 72 B3 04 4B 0C D7 3F F6 D6 28 6B 7F 6D ...
T6B98 003:715.626   completely In flash
T6B98 003:715.644 - 0.075ms returns 0xBB0
T6B98 003:716.331 JLINK_WriteMem(0x02024950, 0xBB0 Bytes, ...)
T6B98 003:716.359   Data:  5E 66 34 3E AE 7B D1 BB 94 3E 02 6A 65 59 EA 12 ...
T6B98 003:716.378   completely In flash
T6B98 003:716.393 - 0.062ms returns 0xBB0
T6B98 003:717.190 JLINK_WriteMem(0x02025500, 0xBC0 Bytes, ...)
T6B98 003:717.236   Data:  19 01 E1 44 3F 57 2D 4F 6C DD 31 D1 C9 90 54 3D ...
T6B98 003:717.275   completely In flash
T6B98 003:717.294 - 0.104ms returns 0xBC0
T6B98 003:718.055 JLINK_WriteMem(0x020260C0, 0xBB0 Bytes, ...)
T6B98 003:718.092   Data:  B1 19 0A 93 9A 6D BB AF F1 43 A7 37 A4 A0 35 A5 ...
T6B98 003:718.130   completely In flash
T6B98 003:718.148 - 0.094ms returns 0xBB0
T6B98 003:718.866 JLINK_WriteMem(0x02026C70, 0xBC0 Bytes, ...)
T6B98 003:718.890   Data:  24 59 95 DD 6A 7D 98 72 60 4B F2 51 BE 2D B1 0C ...
T6B98 003:718.905   completely In flash
T6B98 003:718.918 - 0.052ms returns 0xBC0
T6B98 003:719.460 JLINK_WriteMem(0x02027830, 0xBD0 Bytes, ...)
T6B98 003:719.485   Data:  CB 33 17 2B 42 D6 79 64 4A 95 08 EA D6 88 E5 F8 ...
T6B98 003:719.520   completely In flash
T6B98 003:719.538 - 0.078ms returns 0xBD0
T6B98 003:720.104 JLINK_WriteMem(0x02028400, 0xBE0 Bytes, ...)
T6B98 003:720.126   Data:  00 00 00 00 00 00 00 00 00 00 00 00 00 00 00 00 ...
T6B98 003:720.148   completely In flash
T6B98 003:720.167 - 0.063ms returns 0xBE0
T6B98 003:720.736 JLINK_WriteMem(0x02028FE0, 0xBE0 Bytes, ...)
T6B98 003:720.762   Data:  00 00 00 00 00 00 00 00 00 00 00 00 00 00 00 00 ...
T6B98 003:720.784   completely In flash
T6B98 003:720.800 - 0.065ms returns 0xBE0
T6B98 003:721.380 JLINK_WriteMem(0x02029BC0, 0xBC0 Bytes, ...)
T6B98 003:721.403   Data:  FF 75 75 79 63 27 22 28 00 00 00 17 CD D9 62 26 ...
T6B98 003:721.419   completely In flash
T6B98 003:721.432 - 0.052ms returns 0xBC0
T6B98 003:722.010 JLINK_WriteMem(0x0202A780, 0xBC0 Bytes, ...)
T6B98 003:722.039   Data:  AB 2B BF 74 4D C9 20 89 37 5A 19 86 7E 0E FA 3B ...
T6B98 003:722.062   completely In flash
T6B98 003:722.081 - 0.071ms returns 0xBC0
T6B98 003:722.726 JLINK_WriteMem(0x0202B340, 0xBC0 Bytes, ...)
T6B98 003:722.751   Data:  E3 64 85 03 41 12 31 DE 54 BC DA CF BD 0B 46 90 ...
T6B98 003:722.773   completely In flash
T6B98 003:722.792 - 0.066ms returns 0xBC0
T6B98 003:723.398 JLINK_WriteMem(0x0202BF00, 0xBC0 Bytes, ...)
T6B98 003:723.424   Data:  FE FF 54 00 7C DF DC A6 51 17 33 36 18 FA 50 EB ...
T6B98 003:723.445   completely In flash
T6B98 003:723.463 - 0.064ms returns 0xBC0
T6B98 003:724.132 JLINK_WriteMem(0x0202CAC0, 0xBB0 Bytes, ...)
T6B98 003:724.159   Data:  92 8F AB D6 B6 9F D9 46 E2 47 6B 2D 38 8A 0E DE ...
T6B98 003:724.183   completely In flash
T6B98 003:724.196 - 0.065ms returns 0xBB0
T6B98 003:724.826 JLINK_WriteMem(0x0202D670, 0xBB0 Bytes, ...)
T6B98 003:724.853   Data:  ED BC FE FF DA 7A CF CF 84 65 5F D4 FF 76 34 EC ...
T6B98 003:724.876   completely In flash
T6B98 003:724.889 - 0.063ms returns 0xBB0
T6B98 003:725.499 JLINK_WriteMem(0x0202E220, 0xBC0 Bytes, ...)
T6B98 003:725.524   Data:  00 00 00 55 B1 92 4A 28 1B 00 00 00 00 C6 98 0F ...
T6B98 003:725.546   completely In flash
T6B98 003:725.558 - 0.059ms returns 0xBC0
T6B98 003:726.261 JLINK_WriteMem(0x0202EDE0, 0xBB0 Bytes, ...)
T6B98 003:726.284   Data:  FE FF 55 00 BC A8 7D 61 89 6F 08 2A E2 BD CC 0A ...
T6B98 003:726.300   completely In flash
T6B98 003:726.313 - 0.052ms returns 0xBB0
T6B98 003:726.943 JLINK_WriteMem(0x0202F990, 0xBC0 Bytes, ...)
T6B98 003:726.970   Data:  5F CE 6D 9D 30 AD D4 16 30 2B 2B D9 C8 6A 6E 22 ...
T6B98 003:726.992   completely In flash
T6B98 003:727.011 - 0.068ms returns 0xBC0
T6B98 003:727.607 JLINK_WriteMem(0x02030550, 0xBC0 Bytes, ...)
T6B98 003:727.634   Data:  EA 86 00 61 E0 1F 4D FB A8 21 0F 16 CB F8 37 E7 ...
T6B98 003:727.654   completely In flash
T6B98 003:727.672 - 0.065ms returns 0xBC0
T6B98 003:728.280 JLINK_WriteMem(0x02031110, 0xBB0 Bytes, ...)
T6B98 003:728.306   Data:  C8 BE 04 A0 4B CF D1 97 DF 95 1C A0 A5 D1 20 FA ...
T6B98 003:728.329   completely In flash
T6B98 003:728.348 - 0.068ms returns 0xBB0
T6B98 003:728.929 JLINK_WriteMem(0x02031CC0, 0xBC0 Bytes, ...)
T6B98 003:728.954   Data:  77 BC 87 57 41 6B F5 DA 51 89 41 B6 36 6C 8C 1E ...
T6B98 003:728.976   completely In flash
T6B98 003:728.994 - 0.065ms returns 0xBC0
T6B98 003:729.740 JLINK_WriteMem(0x02032880, 0xBC0 Bytes, ...)
T6B98 003:729.770   Data:  57 7A 0C 39 DD 3E 8A F4 37 2D 26 3A AE 8F 47 D7 ...
T6B98 003:729.792   completely In flash
T6B98 003:729.808 - 0.068ms returns 0xBC0
T6B98 003:730.467 JLINK_WriteMem(0x02033440, 0xBB0 Bytes, ...)
T6B98 003:730.497   Data:  9A CD 06 45 B9 9D F2 43 99 BE 55 5A E8 8B CC 8D ...
T6B98 003:730.520   completely In flash
T6B98 003:730.538 - 0.072ms returns 0xBB0
T6B98 003:731.123 JLINK_WriteMem(0x02033FF0, 0xBC0 Bytes, ...)
T6B98 003:731.149   Data:  AF 76 8D B3 52 85 53 C3 E7 91 32 CA 77 4F 0E 13 ...
T6B98 003:731.170   completely In flash
T6B98 003:731.189 - 0.066ms returns 0xBC0
T6B98 003:731.940 JLINK_WriteMem(0x02034BB0, 0xBC0 Bytes, ...)
T6B98 003:731.966   Data:  C8 B8 72 F7 A7 86 45 F0 A4 D7 1A 4E 90 85 46 76 ...
T6B98 003:731.988   completely In flash
T6B98 003:732.008 - 0.068ms returns 0xBC0
T6B98 003:732.772 JLINK_WriteMem(0x02035770, 0xBB0 Bytes, ...)
T6B98 003:732.797   Data:  F5 3C 0B D9 7B 0A 76 E5 79 40 04 F1 16 E2 D2 7D ...
T6B98 003:732.820   completely In flash
T6B98 003:732.840 - 0.068ms returns 0xBB0
T6B98 003:733.672 JLINK_WriteMem(0x02036320, 0xBB0 Bytes, ...)
T6B98 003:733.700   Data:  67 AF 98 26 69 DE E1 AA 31 D5 A1 15 09 F9 89 78 ...
T6B98 003:733.722   completely In flash
T6B98 003:733.741 - 0.070ms returns 0xBB0
T6B98 003:734.528 JLINK_WriteMem(0x02036ED0, 0xBB0 Bytes, ...)
T6B98 003:734.567   Data:  D6 78 47 9F 8D 17 2B 62 5E 37 23 A9 DA 5C 66 5F ...
T6B98 003:734.598   completely In flash
T6B98 003:734.624 - 0.096ms returns 0xBB0
T6B98 003:735.501 JLINK_WriteMem(0x02037A80, 0xBC0 Bytes, ...)
T6B98 003:735.536   Data:  9C A0 09 36 19 09 05 85 60 8D 34 B6 93 E5 DC 78 ...
T6B98 003:735.558   completely In flash
T6B98 003:735.576 - 0.075ms returns 0xBC0
T6B98 003:736.310 JLINK_WriteMem(0x02038640, 0xBB0 Bytes, ...)
T6B98 003:736.348   Data:  7D 6D 7D CE 47 53 70 11 C6 C6 F6 CA B2 47 92 80 ...
T6B98 003:736.372   completely In flash
T6B98 003:736.391 - 0.082ms returns 0xBB0
T6B98 003:737.045 JLINK_WriteMem(0x020391F0, 0xBB0 Bytes, ...)
T6B98 003:737.069   Data:  9B D4 0A 39 E7 43 4E FD E7 24 BF 9C FD 7D F7 D6 ...
T6B98 003:737.092   completely In flash
T6B98 003:737.105 - 0.060ms returns 0xBB0
T6B98 003:737.810 JLINK_WriteMem(0x02039DA0, 0xBB0 Bytes, ...)
T6B98 003:737.837   Data:  04 ED 62 40 43 29 F6 43 78 25 AD 73 34 24 BE 5F ...
T6B98 003:737.858   completely In flash
T6B98 003:737.875 - 0.065ms returns 0xBB0
T6B98 003:738.513 JLINK_WriteMem(0x0203A950, 0xBC0 Bytes, ...)
T6B98 003:738.536   Data:  6C 56 E9 1F 07 B9 B1 4C A7 89 2C 67 DB 04 CE A7 ...
T6B98 003:738.558   completely In flash
T6B98 003:738.574 - 0.061ms returns 0xBC0
T6B98 003:739.296 JLINK_WriteMem(0x0203B510, 0xBB0 Bytes, ...)
T6B98 003:739.332   Data:  47 B6 FD B7 2A 9F 98 D3 E2 79 7D EF 52 CD F3 3B ...
T6B98 003:739.363   completely In flash
T6B98 003:739.389 - 0.094ms returns 0xBB0
T6B98 003:743.284 JLINK_WriteMem(0x0203C0C0, 0xBC0 Bytes, ...)
T6B98 003:743.310   Data:  47 78 1E 7A 2B 22 AF 6B CD E5 D3 74 83 A2 D2 3F ...
T6B98 003:743.327   completely In flash
T6B98 003:743.340 - 0.057ms returns 0xBC0
T6B98 003:744.011 JLINK_WriteMem(0x0203CC80, 0xBB0 Bytes, ...)
T6B98 003:744.040   Data:  60 4F 3D 25 8C F5 65 FA FD 41 10 5F 60 16 69 2F ...
T6B98 003:744.062   completely In flash
T6B98 003:744.074 - 0.064ms returns 0xBB0
T6B98 003:744.689 JLINK_WriteMem(0x0203D830, 0xBC0 Bytes, ...)
T6B98 003:744.714   Data:  45 D2 C5 1D CF 54 55 67 5D 79 D0 BE 0B 5F D5 3E ...
T6B98 003:744.736   completely In flash
T6B98 003:744.755 - 0.066ms returns 0xBC0
T6B98 003:745.424 JLINK_WriteMem(0x0203E3F0, 0xBC0 Bytes, ...)
T6B98 003:745.451   Data:  0D C0 A4 45 AC D8 D1 E2 96 98 E5 45 D5 44 B2 3B ...
T6B98 003:745.473   completely In flash
T6B98 003:745.492 - 0.069ms returns 0xBC0
T6B98 003:746.187 JLINK_WriteMem(0x0203EFB0, 0xBB0 Bytes, ...)
T6B98 003:746.213   Data:  38 75 79 81 10 7B 9C DB 15 B8 5D 60 09 5F F3 6A ...
T6B98 003:746.232   completely In flash
T6B98 003:746.244 - 0.057ms returns 0xBB0
T6B98 003:747.052 JLINK_WriteMem(0x0203FB60, 0xBC0 Bytes, ...)
T6B98 003:747.085   Data:  68 EF C0 8C BE 2F 32 0F D4 45 3D 1C 0A 82 E5 46 ...
T6B98 003:747.108   completely In flash
T6B98 003:747.121 - 0.070ms returns 0xBC0
T6B98 003:747.870 JLINK_WriteMem(0x02040720, 0xBC0 Bytes, ...)
T6B98 003:747.912   Data:  54 59 9B 7B CA 65 EF 7B AE 09 AE 6D DD 7B 82 7E ...
T6B98 003:747.944   completely In flash
T6B98 003:747.970 - 0.100ms returns 0xBC0
T6B98 003:748.772 JLINK_WriteMem(0x020412E0, 0xBC0 Bytes, ...)
T6B98 003:748.799   Data:  21 D5 AA 5B 8F E6 7C 1B 36 7B F4 6A 7C 8B C6 36 ...
T6B98 003:748.819   completely In flash
T6B98 003:748.837 - 0.066ms returns 0xBC0
T6B98 003:749.523 JLINK_WriteMem(0x02041EA0, 0xBC0 Bytes, ...)
T6B98 003:749.549   Data:  40 22 CE FE B1 CB E7 F6 86 55 45 DC 7C 08 86 F4 ...
T6B98 003:749.565   completely In flash
T6B98 003:749.577 - 0.055ms returns 0xBC0
T6B98 003:750.384 JLINK_WriteMem(0x02042A60, 0xBC0 Bytes, ...)
T6B98 003:750.424   Data:  DF 8F 42 CD B6 EF FE F8 FF 1B 4E 5C 63 EE 38 66 ...
T6B98 003:750.458   completely In flash
T6B98 003:750.485 - 0.101ms returns 0xBC0
T6B98 003:751.202 JLINK_WriteMem(0x02043620, 0xBE0 Bytes, ...)
T6B98 003:751.231   Data:  28 01 00 00 20 40 00 00 80 0C 00 00 21 40 00 00 ...
T6B98 003:751.253   completely In flash
T6B98 003:751.272 - 0.071ms returns 0xBE0
T6B98 003:751.866 JLINK_WriteMem(0x02044200, 0xBC0 Bytes, ...)
T6B98 003:751.892   Data:  00 B5 1B 4E 46 27 EC FE FF FF FF 5E A0 3C 5B 27 ...
T6B98 003:751.914   completely In flash
T6B98 003:751.938 - 0.072ms returns 0xBC0
T6B98 003:752.585 JLINK_WriteMem(0x02044DC0, 0xBC0 Bytes, ...)
T6B98 003:752.606   Data:  49 8D 5F 62 5A 7E 80 5D D0 A3 4D DE 5E 07 55 BB ...
T6B98 003:752.622   completely In flash
T6B98 003:752.643 - 0.059ms returns 0xBC0
T6B98 003:753.263 JLINK_WriteMem(0x02045980, 0xBB0 Bytes, ...)
T6B98 003:753.290   Data:  3E 97 27 FE F1 FB F6 7A 68 87 95 F5 FB C2 C3 5F ...
T6B98 003:753.311   completely In flash
T6B98 003:753.330 - 0.067ms returns 0xBB0
T6B98 003:753.965 JLINK_WriteMem(0x02046530, 0xBB0 Bytes, ...)
T6B98 003:753.991   Data:  7D 35 75 10 9E 69 D0 24 DC DB 0C A2 4A FD EE DD ...
T6B98 003:754.014   completely In flash
T6B98 003:754.033 - 0.068ms returns 0xBB0
T6B98 003:754.804 JLINK_WriteMem(0x020470E0, 0xBB0 Bytes, ...)
T6B98 003:754.834   Data:  34 87 F2 BB 63 E9 DA FD 06 5C B6 61 76 17 F7 76 ...
T6B98 003:754.856   completely In flash
T6B98 003:754.876 - 0.072ms returns 0xBB0
T6B98 003:755.702 JLINK_WriteMem(0x02047C90, 0xBB0 Bytes, ...)
T6B98 003:755.730   Data:  C5 26 0E 1A 79 57 AF FB 47 1C FE 63 FD CA F4 06 ...
T6B98 003:755.752   completely In flash
T6B98 003:755.768 - 0.067ms returns 0xBB0
T6B98 003:756.433 JLINK_WriteMem(0x02048840, 0xBC0 Bytes, ...)
T6B98 003:756.460   Data:  7A 25 6D 69 67 4E D0 A0 90 FB 90 92 A3 EA 86 0C ...
T6B98 003:756.482   completely In flash
T6B98 003:756.501 - 0.069ms returns 0xBC0
T6B98 003:757.176 JLINK_WriteMem(0x02049400, 0xBB0 Bytes, ...)
T6B98 003:757.202   Data:  7B 83 8E AF 8A 09 42 B7 BF B7 C2 3A 60 32 F5 3B ...
T6B98 003:757.224   completely In flash
T6B98 003:757.243 - 0.067ms returns 0xBB0
T6B98 003:757.915 JLINK_WriteMem(0x02049FB0, 0xBC0 Bytes, ...)
T6B98 003:757.942   Data:  ED B4 67 28 0D 5E 00 00 00 E0 4C 05 74 28 A4 38 ...
T6B98 003:757.961   completely In flash
T6B98 003:757.976 - 0.061ms returns 0xBC0
T6B98 003:758.646 JLINK_WriteMem(0x0204AB70, 0xBB0 Bytes, ...)
T6B98 003:758.673   Data:  AB 8E 42 3C 3D 6C FF 15 65 1F 25 63 08 6F C5 23 ...
T6B98 003:758.688   completely In flash
T6B98 003:758.705 - 0.060ms returns 0xBB0
T6B98 003:759.398 JLINK_WriteMem(0x0204B720, 0xBC0 Bytes, ...)
T6B98 003:759.425   Data:  10 78 41 A8 75 AD 2B 9D 8F 4A 30 FB F3 9E C9 91 ...
T6B98 003:759.539   completely In flash
T6B98 003:759.564 - 0.166ms returns 0xBC0
T6B98 003:760.247 JLINK_WriteMem(0x0204C2E0, 0xBE0 Bytes, ...)
T6B98 003:760.273   Data:  00 40 00 00 00 08 00 00 04 01 3F 00 05 40 00 00 ...
T6B98 003:760.296   completely In flash
T6B98 003:760.311 - 0.065ms returns 0xBE0
T6B98 003:760.944 JLINK_WriteMem(0x0204CEC0, 0xBE0 Bytes, ...)
T6B98 003:760.968   Data:  00 00 00 00 00 00 00 00 00 00 00 00 00 00 00 00 ...
T6B98 003:760.991   completely In flash
T6B98 003:761.009 - 0.066ms returns 0xBE0
T6B98 003:761.780 JLINK_WriteMem(0x0204DAA0, 0xBD0 Bytes, ...)
T6B98 003:761.809   Data:  00 00 00 00 00 00 00 00 00 00 00 00 00 00 00 00 ...
T6B98 003:761.830   completely In flash
T6B98 003:761.847 - 0.068ms returns 0xBD0
T6B98 003:762.629 JLINK_WriteMem(0x0204E670, 0xBC0 Bytes, ...)
T6B98 003:762.656   Data:  F6 03 1C 46 CD F5 20 3C F0 98 C0 C1 68 B2 DD 6F ...
T6B98 003:762.676   completely In flash
T6B98 003:762.692 - 0.063ms returns 0xBC0
T6B98 003:763.376 JLINK_WriteMem(0x0204F230, 0xBC0 Bytes, ...)
T6B98 003:763.404   Data:  24 5A 14 1D DE 85 26 2F 76 FD 1F 96 8B 90 40 F5 ...
T6B98 003:763.427   completely In flash
T6B98 003:763.444 - 0.069ms returns 0xBC0
T6B98 003:764.162 JLINK_WriteMem(0x0204FDF0, 0xBC0 Bytes, ...)
T6B98 003:764.190   Data:  11 5E B6 FE DB FA D2 18 51 1E 0D 60 7E 6E 7F D9 ...
T6B98 003:764.212   completely In flash
T6B98 003:764.229 - 0.067ms returns 0xBC0
T6B98 003:764.908 JLINK_WriteMem(0x020509B0, 0xBB0 Bytes, ...)
T6B98 003:764.938   Data:  2F AA 17 67 41 59 4A 48 47 07 D2 72 28 9C A5 5A ...
T6B98 003:764.961   completely In flash
T6B98 003:764.980 - 0.072ms returns 0xBB0
T6B98 003:765.678 JLINK_WriteMem(0x02051560, 0xBC0 Bytes, ...)
T6B98 003:765.708   Data:  98 F2 A7 80 D2 BD 22 1F 60 78 7B 14 3E 05 AB F5 ...
T6B98 003:765.731   completely In flash
T6B98 003:765.751 - 0.073ms returns 0xBC0
T6B98 003:766.479 JLINK_WriteMem(0x02052120, 0xBC0 Bytes, ...)
T6B98 003:766.504   Data:  CF 59 36 1F 2A FD 68 8F 16 37 D5 4C F9 77 55 F2 ...
T6B98 003:766.524   completely In flash
T6B98 003:766.540 - 0.062ms returns 0xBC0
T6B98 003:767.220 JLINK_WriteMem(0x02052CE0, 0xBC0 Bytes, ...)
T6B98 003:767.254   Data:  00 DC 6F 2E 3D D1 58 3A 31 22 FD E7 FB 5B F7 EF ...
T6B98 003:767.281   completely In flash
T6B98 003:767.299 - 0.079ms returns 0xBC0
T6B98 003:771.424 JLINK_WriteMem(0x020538A0, 0xBC0 Bytes, ...)
T6B98 003:771.454   Data:  A5 EF F3 7D C4 19 7F E4 F1 6E E8 D0 B3 1D 3F B1 ...
T6B98 003:771.478   completely In flash
T6B98 003:771.497 - 0.073ms returns 0xBC0
T6B98 003:772.197 JLINK_WriteMem(0x02054460, 0xBC0 Bytes, ...)
T6B98 003:772.224   Data:  11 F7 E0 3B 8A FD 2F D8 4E EC 2A 35 2F 87 22 4D ...
T6B98 003:772.240   completely In flash
T6B98 003:772.258 - 0.061ms returns 0xBC0
T6B98 003:772.991 JLINK_WriteMem(0x02055020, 0xBC0 Bytes, ...)
T6B98 003:773.028   Data:  5B 53 4B 40 7D A8 3B 0A A7 EF 49 38 70 33 25 3E ...
T6B98 003:773.064   completely In flash
T6B98 003:773.088 - 0.098ms returns 0xBC0
T6B98 003:773.702 JLINK_WriteMem(0x02055BE0, 0xBB0 Bytes, ...)
T6B98 003:773.729   Data:  62 A3 40 28 4C DB FF FF FF 33 40 D1 45 27 8C 33 ...
T6B98 003:773.964   completely In flash
T6B98 003:773.988 - 0.285ms returns 0xBB0
T6B98 003:774.684 JLINK_WriteMem(0x02056790, 0xBC0 Bytes, ...)
T6B98 003:774.718   Data:  A9 C5 04 9B 80 8C FA 32 89 97 98 53 14 AE F5 07 ...
T6B98 003:774.749   completely In flash
T6B98 003:774.776 - 0.093ms returns 0xBC0
T6B98 003:775.464 JLINK_WriteMem(0x02057350, 0xBC0 Bytes, ...)
T6B98 003:775.493   Data:  49 E4 D5 52 51 3D 44 CC 26 60 48 07 D9 A3 4B 74 ...
T6B98 003:775.516   completely In flash
T6B98 003:775.532 - 0.069ms returns 0xBC0
T6B98 003:776.133 JLINK_WriteMem(0x02057F10, 0xBC0 Bytes, ...)
T6B98 003:776.160   Data:  E3 DD 2F FB 65 89 D4 C5 9F D5 46 3F 65 C6 F9 FA ...
T6B98 003:776.180   completely In flash
T6B98 003:776.196 - 0.063ms returns 0xBC0
T6B98 003:776.944 JLINK_WriteMem(0x02058AD0, 0xBB0 Bytes, ...)
T6B98 003:776.971   Data:  C6 14 F3 DE 75 0C 8B EC 66 EE F7 EB 78 1E 8D 96 ...
T6B98 003:776.993   completely In flash
T6B98 003:777.012 - 0.069ms returns 0xBB0
T6B98 003:777.675 JLINK_WriteMem(0x02059680, 0xBB0 Bytes, ...)
T6B98 003:777.703   Data:  8A 25 06 66 B2 D5 10 0D D5 A4 AD 8A AF D3 04 45 ...
T6B98 003:777.726   completely In flash
T6B98 003:777.744 - 0.069ms returns 0xBB0
T6B98 003:778.398 JLINK_WriteMem(0x0205A230, 0xBB0 Bytes, ...)
T6B98 003:778.422   Data:  00 00 00 80 91 CF 60 26 F1 2D 00 00 00 80 B0 C5 ...
T6B98 003:778.442   completely In flash
T6B98 003:778.455 - 0.057ms returns 0xBB0
T6B98 003:779.113 JLINK_WriteMem(0x0205ADE0, 0xBC0 Bytes, ...)
T6B98 003:779.141   Data:  3A 02 B7 23 72 F2 4B 4E 81 7C 59 4B E2 B3 D5 38 ...
T6B98 003:779.164   completely In flash
T6B98 003:779.176 - 0.063ms returns 0xBC0
T6B98 003:779.849 JLINK_WriteMem(0x0205B9A0, 0xBC0 Bytes, ...)
T6B98 003:779.876   Data:  0A E8 31 16 10 6A D5 30 5B 77 4F 50 55 2C 7C 15 ...
T6B98 003:779.898   completely In flash
T6B98 003:779.914 - 0.066ms returns 0xBC0
T6B98 003:780.676 JLINK_WriteMem(0x0205C560, 0xBC0 Bytes, ...)
T6B98 003:780.710   Data:  35 23 00 00 00 80 3F 1D 4E 26 66 FE FF FF FF 80 ...
T6B98 003:780.739   completely In flash
T6B98 003:780.757 - 0.081ms returns 0xBC0
T6B98 003:781.470 JLINK_WriteMem(0x0205D120, 0xBD0 Bytes, ...)
T6B98 003:781.510   Data:  00 92 70 AC 59 F4 2A B4 7A 01 C0 97 AC A3 9E C0 ...
T6B98 003:781.538   completely In flash
T6B98 003:781.554 - 0.085ms returns 0xBD0
T6B98 003:782.250 JLINK_WriteMem(0x0205DCF0, 0xBC0 Bytes, ...)
T6B98 003:782.279   Data:  CE A0 0F 2F 0F 00 34 0A 57 78 A6 27 D3 00 D0 CE ...
T6B98 003:782.300   completely In flash
T6B98 003:782.317 - 0.066ms returns 0xBC0
T6B98 003:782.974 JLINK_WriteMem(0x0205E8B0, 0xBB0 Bytes, ...)
T6B98 003:782.999   Data:  4B A1 06 79 B2 FA BF 16 2F 77 C1 9F EB DB 48 11 ...
T6B98 003:783.026   completely In flash
T6B98 003:783.043 - 0.070ms returns 0xBB0
T6B98 003:783.684 JLINK_WriteMem(0x0205F460, 0xBB0 Bytes, ...)
T6B98 003:783.715   Data:  72 56 F6 0A 63 2C C7 EB 25 52 A8 7B 7D 38 B2 FD ...
T6B98 003:783.743   completely In flash
T6B98 003:783.762 - 0.079ms returns 0xBB0
T6B98 003:784.472 JLINK_WriteMem(0x02060010, 0xBC0 Bytes, ...)
T6B98 003:784.505   Data:  98 38 18 10 6B 1F D5 B1 7E C8 85 FC 74 7D 31 7C ...
T6B98 003:784.533   completely In flash
T6B98 003:784.556 - 0.085ms returns 0xBC0
T6B98 003:785.160 JLINK_WriteMem(0x02060BD0, 0xBE0 Bytes, ...)
T6B98 003:785.189   Data:  00 00 00 00 00 00 00 00 00 00 00 00 00 00 00 00 ...
T6B98 003:785.211   completely In flash
T6B98 003:785.224 - 0.064ms returns 0xBE0
T6B98 003:785.839 JLINK_WriteMem(0x020617B0, 0xBE0 Bytes, ...)
T6B98 003:785.868   Data:  00 00 00 00 00 00 00 00 00 00 00 00 00 00 00 00 ...
T6B98 003:786.020   completely In flash
T6B98 003:786.040 - 0.201ms returns 0xBE0
T6B98 003:786.879 JLINK_WriteMem(0x02062390, 0xBC0 Bytes, ...)
T6B98 003:786.908   Data:  89 7E 42 28 C3 5A 00 00 00 91 30 B3 7E 28 3D 48 ...
T6B98 003:786.935   completely In flash
T6B98 003:786.955 - 0.076ms returns 0xBC0
T6B98 003:787.646 JLINK_WriteMem(0x02062F50, 0xBC0 Bytes, ...)
T6B98 003:787.673   Data:  59 9F 24 A9 4D 2D 9C 84 C4 B2 77 AF 5A 87 04 90 ...
T6B98 003:787.695   completely In flash
T6B98 003:787.714 - 0.068ms returns 0xBC0
T6B98 003:788.400 JLINK_WriteMem(0x02063B10, 0xBC0 Bytes, ...)
T6B98 003:788.428   Data:  53 01 45 8A 7E 75 64 E7 FB DD 89 AC C7 57 63 8A ...
T6B98 003:788.455   completely In flash
T6B98 003:788.475 - 0.076ms returns 0xBC0
T6B98 003:789.114 JLINK_WriteMem(0x020646D0, 0xBC0 Bytes, ...)
T6B98 003:789.142   Data:  3E E0 F5 BC 42 3D B1 1A 69 F0 F3 7F EC 18 22 46 ...
T6B98 003:789.164   completely In flash
T6B98 003:789.179 - 0.066ms returns 0xBC0
T6B98 003:789.895 JLINK_WriteMem(0x02065290, 0xBB0 Bytes, ...)
T6B98 003:789.918   Data:  35 3D 9A 77 B5 15 7A 8F 94 FD D2 F9 78 C6 85 89 ...
T6B98 003:789.941   completely In flash
T6B98 003:789.960 - 0.065ms returns 0xBB0
T6B98 003:790.686 JLINK_WriteMem(0x02065E40, 0xBC0 Bytes, ...)
T6B98 003:790.713   Data:  CC 8B 7E 0A 99 72 F3 35 37 0C 3A 37 BC 13 BF DB ...
T6B98 003:790.734   completely In flash
T6B98 003:790.750 - 0.065ms returns 0xBC0
T6B98 003:791.394 JLINK_WriteMem(0x02066A00, 0xBB0 Bytes, ...)
T6B98 003:791.423   Data:  EB 8E 92 59 2A 7B 3A C0 02 10 A8 0D 37 2D 99 7C ...
T6B98 003:791.448   completely In flash
T6B98 003:791.468 - 0.075ms returns 0xBB0
T6B98 003:792.218 JLINK_WriteMem(0x020675B0, 0xBC0 Bytes, ...)
T6B98 003:792.246   Data:  09 4D 17 F1 39 23 36 4C 01 FA 28 4B A8 89 8D D4 ...
T6B98 003:792.271   completely In flash
T6B98 003:792.289 - 0.072ms returns 0xBC0
T6B98 003:792.904 JLINK_WriteMem(0x02068170, 0xBE0 Bytes, ...)
T6B98 003:792.928   Data:  00 01 00 00 40 22 00 00 00 00 00 01 00 00 40 22 ...
T6B98 003:792.954   completely In flash
T6B98 003:792.967 - 0.063ms returns 0xBE0
T6B98 003:793.556 JLINK_WriteMem(0x02068D50, 0xBE0 Bytes, ...)
T6B98 003:793.579   Data:  00 00 00 00 00 01 00 00 40 22 00 00 00 00 00 01 ...
T6B98 003:793.602   completely In flash
T6B98 003:793.615 - 0.060ms returns 0xBE0
T6B98 003:794.230 JLINK_WriteMem(0x02069930, 0xBE0 Bytes, ...)
T6B98 003:794.256   Data:  00 00 00 00 83 40 00 00 00 00 00 00 8B 01 07 00 ...
T6B98 003:794.280   completely In flash
T6B98 003:794.293 - 0.063ms returns 0xBE0
T6B98 003:794.939 JLINK_WriteMem(0x0206A510, 0xBB0 Bytes, ...)
T6B98 003:794.964   Data:  2C FB 7E 3B E2 0C 71 6F 0E E8 84 A4 0F 81 7D ED ...
T6B98 003:794.989   completely In flash
T6B98 003:795.001 - 0.062ms returns 0xBB0
T6B98 003:795.632 JLINK_WriteMem(0x0206B0C0, 0xBB0 Bytes, ...)
T6B98 003:795.659   Data:  9D BB 7D 65 83 E0 A9 8E 45 F0 0B 16 4E A4 C6 14 ...
T6B98 003:795.680   completely In flash
T6B98 003:795.698 - 0.067ms returns 0xBB0
T6B98 003:796.396 JLINK_WriteMem(0x0206BC70, 0xBB0 Bytes, ...)
T6B98 003:796.425   Data:  7C DF 63 EA 48 BA 49 66 89 E4 C8 F2 10 18 F7 F3 ...
T6B98 003:796.455   completely In flash
T6B98 003:796.472 - 0.076ms returns 0xBB0
T6B98 003:800.921 JLINK_WriteMem(0x0206C820, 0xBC0 Bytes, ...)
T6B98 003:800.962   Data:  6A 32 1C BA A1 86 AE FA B9 52 38 C2 BD 66 CF B2 ...
T6B98 003:801.004   completely In flash
T6B98 003:801.029 - 0.108ms returns 0xBC0
T6B98 003:801.794 JLINK_WriteMem(0x0206D3E0, 0xBC0 Bytes, ...)
T6B98 003:801.826   Data:  B1 65 16 24 E3 77 65 9E 42 6F 33 DE B3 12 52 81 ...
T6B98 003:801.843   completely In flash
T6B98 003:801.860 - 0.065ms returns 0xBC0
T6B98 003:802.618 JLINK_WriteMem(0x0206DFA0, 0xBC0 Bytes, ...)
T6B98 003:802.658   Data:  D6 35 E7 31 14 95 58 93 6E B1 EA D0 C7 4E E5 64 ...
T6B98 003:802.798   completely In flash
T6B98 003:802.827 - 0.209ms returns 0xBC0
T6B98 003:803.540 JLINK_WriteMem(0x0206EB60, 0xBB0 Bytes, ...)
T6B98 003:803.569   Data:  54 85 A8 20 1D 04 31 5D C6 CF AF 9F 80 F5 D8 80 ...
T6B98 003:803.593   completely In flash
T6B98 003:803.613 - 0.074ms returns 0xBB0
T6B98 003:804.324 JLINK_WriteMem(0x0206F710, 0xBC0 Bytes, ...)
T6B98 003:804.352   Data:  03 DD 05 C0 0D 70 C9 AF 3B 9F F1 22 B8 0F 97 09 ...
T6B98 003:804.379   completely In flash
T6B98 003:804.396 - 0.072ms returns 0xBC0
T6B98 003:805.040 JLINK_WriteMem(0x020702D0, 0xBC0 Bytes, ...)
T6B98 003:805.066   Data:  C0 1A 6B 94 DD D7 E5 30 FB CD 4F 81 9F 92 1F 6E ...
T6B98 003:805.092   completely In flash
T6B98 003:805.105 - 0.065ms returns 0xBC0
T6B98 003:805.740 JLINK_WriteMem(0x02070E90, 0xBE0 Bytes, ...)
T6B98 003:805.771   Data:  05 E6 43 A8 62 C2 CD 45 C7 B4 99 16 59 05 0C 09 ...
T6B98 003:805.798   completely In flash
T6B98 003:805.816 - 0.076ms returns 0xBE0
T6B98 003:806.460 JLINK_WriteMem(0x02071A70, 0xBD0 Bytes, ...)
T6B98 003:806.488   Data:  00 00 00 00 00 00 00 00 00 00 00 00 00 00 00 00 ...
T6B98 003:806.512   completely In flash
T6B98 003:806.528 - 0.069ms returns 0xBD0
T6B98 003:807.174 JLINK_WriteMem(0x02072640, 0xBC0 Bytes, ...)
T6B98 003:807.201   Data:  E3 E5 BE A2 47 A0 C0 CD CF 67 45 98 77 66 9B AF ...
T6B98 003:807.226   completely In flash
T6B98 003:807.240 - 0.066ms returns 0xBC0
T6B98 003:808.020 JLINK_WriteMem(0x02073200, 0xBD0 Bytes, ...)
T6B98 003:808.056   Data:  D8 E6 AE 56 45 D5 5D 2F A1 9D 56 AE A2 62 40 4D ...
T6B98 003:808.094   completely In flash
T6B98 003:808.119 - 0.100ms returns 0xBD0
T6B98 003:808.884 JLINK_WriteMem(0x02073DD0, 0xBE0 Bytes, ...)
T6B98 003:808.912   Data:  00 00 00 01 00 00 40 22 00 00 00 00 00 01 00 00 ...
T6B98 003:808.939   completely In flash
T6B98 003:809.049 - 0.165ms returns 0xBE0
T6B98 003:809.680 JLINK_WriteMem(0x020749B0, 0xBC0 Bytes, ...)
T6B98 003:809.710   Data:  C2 BA 8B 6A 87 9D 5F 43 4B 82 8F D4 A3 1A 5C 43 ...
T6B98 003:809.732   completely In flash
T6B98 003:809.745 - 0.064ms returns 0xBC0
T6B98 003:810.444 JLINK_WriteMem(0x02075570, 0xBC0 Bytes, ...)
T6B98 003:810.472   Data:  FF EB 47 D3 67 25 0E FB FF FF FF 9C BF 56 59 24 ...
T6B98 003:810.500   completely In flash
T6B98 003:810.513 - 0.069ms returns 0xBC0
T6B98 003:811.157 JLINK_WriteMem(0x02076130, 0xBD0 Bytes, ...)
T6B98 003:811.182   Data:  00 B0 85 49 C0 06 5D 84 56 03 00 0C 70 06 D1 19 ...
T6B98 003:811.210   completely In flash
T6B98 003:811.228 - 0.072ms returns 0xBD0
T6B98 003:811.937 JLINK_WriteMem(0x02076D00, 0xBC0 Bytes, ...)
T6B98 003:811.970   Data:  00 00 00 00 00 00 00 00 00 00 00 00 00 00 00 00 ...
T6B98 003:811.998   completely In flash
T6B98 003:812.018 - 0.081ms returns 0xBC0
T6B98 003:812.815 JLINK_WriteMem(0x020778C0, 0xBC0 Bytes, ...)
T6B98 003:812.847   Data:  03 C2 A2 7D BF 97 AE 66 56 4E B1 A7 F4 75 F2 AD ...
T6B98 003:812.871   completely In flash
T6B98 003:812.888 - 0.074ms returns 0xBC0
T6B98 003:813.621 JLINK_WriteMem(0x02078480, 0xBC0 Bytes, ...)
T6B98 003:813.656   Data:  C3 FF D3 64 48 44 9E BC 97 BA 8D FE 27 7F D7 D5 ...
T6B98 003:813.682   completely In flash
T6B98 003:813.701 - 0.080ms returns 0xBC0
T6B98 003:814.438 JLINK_WriteMem(0x02079040, 0xBC0 Bytes, ...)
T6B98 003:814.472   Data:  02 FB 34 F7 63 DF 85 75 CF 45 9C B2 E2 EB 4C 03 ...
T6B98 003:814.502   completely In flash
T6B98 003:814.516 - 0.079ms returns 0xBC0
T6B98 003:815.209 JLINK_WriteMem(0x02079C00, 0xBE0 Bytes, ...)
T6B98 003:815.242   Data:  85 40 00 00 00 01 00 00 84 40 00 00 10 00 00 00 ...
T6B98 003:815.264   completely In flash
T6B98 003:815.280 - 0.071ms returns 0xBE0
T6B98 003:815.987 JLINK_WriteMem(0x0207A7E0, 0xBB0 Bytes, ...)
T6B98 003:816.020   Data:  61 C6 77 73 ED DC CB 8E EC B5 F7 6F F5 0F E4 9E ...
T6B98 003:816.048   completely In flash
T6B98 003:816.061 - 0.075ms returns 0xBB0
T6B98 003:816.743 JLINK_WriteMem(0x0207B390, 0xBC0 Bytes, ...)
T6B98 003:816.774   Data:  63 61 6E CD 9F DB C9 43 52 FE 76 6F 00 F1 E1 D7 ...
T6B98 003:816.801   completely In flash
T6B98 003:816.820 - 0.077ms returns 0xBC0
T6B98 003:817.562 JLINK_WriteMem(0x0207BF50, 0xBB0 Bytes, ...)
T6B98 003:817.593   Data:  75 7C FF ED 4E 1F 53 20 C2 9F 5C 99 FC 48 CE 3B ...
T6B98 003:817.621   completely In flash
T6B98 003:817.641 - 0.079ms returns 0xBB0
T6B98 003:818.385 JLINK_WriteMem(0x0207CB00, 0xBB0 Bytes, ...)
T6B98 003:818.416   Data:  09 8C 2F DC 98 0C BB 45 95 25 60 16 77 6D 62 CB ...
T6B98 003:818.828   completely In flash
T6B98 003:818.862 - 0.477ms returns 0xBB0
T6B98 003:819.731 JLINK_WriteMem(0x0207D6B0, 0xBC0 Bytes, ...)
T6B98 003:819.760   Data:  9F D0 1E 07 03 19 4D DF DC 8F 2B 58 8A 08 D9 F6 ...
T6B98 003:819.786   completely In flash
T6B98 003:819.803 - 0.072ms returns 0xBC0
T6B98 003:820.537 JLINK_WriteMem(0x0207E270, 0xBB0 Bytes, ...)
T6B98 003:820.568   Data:  68 39 59 BF 10 E6 4A EB 4C 0C 34 2E BB 89 8C 03 ...
T6B98 003:820.598   completely In flash
T6B98 003:820.617 - 0.081ms returns 0xBB0
T6B98 003:821.432 JLINK_WriteMem(0x0207EE20, 0xBB0 Bytes, ...)
T6B98 003:821.465   Data:  CA 71 A0 25 67 A6 DB A8 87 F4 EE 29 C3 E0 D2 13 ...
T6B98 003:821.488   completely In flash
T6B98 003:821.506 - 0.074ms returns 0xBB0
T6B98 003:822.322 JLINK_WriteMem(0x0207F9D0, 0xBD0 Bytes, ...)
T6B98 003:822.354   Data:  76 0D 70 0C BC 46 79 05 7F 17 ED F7 FE 62 1F B1 ...
T6B98 003:822.378   completely In flash
T6B98 003:822.394 - 0.073ms returns 0xBD0
T6B98 003:823.216 JLINK_WriteMem(0x020805A0, 0xBC0 Bytes, ...)
T6B98 003:823.242   Data:  00 00 00 00 00 00 00 00 00 00 00 00 00 00 00 00 ...
T6B98 003:823.267   completely In flash
T6B98 003:823.285 - 0.069ms returns 0xBC0
T6B98 003:823.948 JLINK_WriteMem(0x02081160, 0xBC0 Bytes, ...)
T6B98 003:823.978   Data:  F7 BC A7 67 2C AC 73 F1 D9 9D E7 9A 16 DC FD C5 ...
T6B98 003:824.005   completely In flash
T6B98 003:824.035 - 0.087ms returns 0xBC0
T6B98 003:824.794 JLINK_WriteMem(0x02081D20, 0xBB0 Bytes, ...)
T6B98 003:824.825   Data:  E1 ED EA 1B C9 85 81 E3 50 6C F9 81 40 53 10 29 ...
T6B98 003:824.850   completely In flash
T6B98 003:824.863 - 0.070ms returns 0xBB0
T6B98 003:829.530 JLINK_WriteMem(0x020828D0, 0xBB0 Bytes, ...)
T6B98 003:829.580   Data:  B3 88 A9 2E 9C 35 08 13 32 F5 64 7C 9C DA 49 D8 ...
T6B98 003:829.612   completely In flash
T6B98 003:829.638 - 0.109ms returns 0xBB0
T6B98 003:830.464 JLINK_WriteMem(0x02083480, 0xBD0 Bytes, ...)
T6B98 003:830.492   Data:  E0 11 5C 01 0C 00 42 4A 3B 49 00 D1 08 AC 00 20 ...
T6B98 003:830.516   completely In flash
T6B98 003:830.530 - 0.066ms returns 0xBD0
T6B98 003:831.072 JLINK_WriteMem(0x02084050, 0xBE0 Bytes, ...)
T6B98 003:831.098   Data:  00 00 00 00 00 00 00 00 00 00 00 00 00 00 00 00 ...
T6B98 003:831.126   completely In flash
T6B98 003:831.143 - 0.072ms returns 0xBE0
T6B98 003:831.824 JLINK_WriteMem(0x02084C30, 0xBD0 Bytes, ...)
T6B98 003:831.852   Data:  00 00 00 00 00 00 00 00 00 00 00 00 00 00 00 00 ...
T6B98 003:831.873   completely In flash
T6B98 003:831.891 - 0.067ms returns 0xBD0
T6B98 003:832.516 JLINK_WriteMem(0x02085800, 0xBC0 Bytes, ...)
T6B98 003:832.545   Data:  29 CB 58 38 9A 9E 58 03 28 3F 9A 26 EE 42 CB A1 ...
T6B98 003:832.573   completely In flash
T6B98 003:832.588 - 0.071ms returns 0xBC0
T6B98 003:833.240 JLINK_WriteMem(0x020863C0, 0xBC0 Bytes, ...)
T6B98 003:833.266   Data:  BD 00 8A 67 28 AB 65 60 B6 E7 00 E1 50 26 54 06 ...
T6B98 003:833.289   completely In flash
T6B98 003:833.302 - 0.062ms returns 0xBC0
T6B98 003:834.078 JLINK_WriteMem(0x02086F80, 0xBB0 Bytes, ...)
T6B98 003:834.106   Data:  D0 E2 5C 9F AB 20 C0 25 67 4E 07 12 CC 5C FE 1C ...
T6B98 003:834.128   completely In flash
T6B98 003:834.140 - 0.063ms returns 0xBB0
T6B98 003:834.931 JLINK_WriteMem(0x02087B30, 0xBB0 Bytes, ...)
T6B98 003:834.960   Data:  8C 67 3A AE E7 1A 2C 94 F2 F7 23 BB 23 92 61 22 ...
T6B98 003:834.983   completely In flash
T6B98 003:835.000 - 0.070ms returns 0xBB0
T6B98 003:835.676 JLINK_WriteMem(0x020886E0, 0xBB0 Bytes, ...)
T6B98 003:835.708   Data:  F4 11 A1 46 3C FB EF 95 1C B6 E1 D7 98 F2 85 07 ...
T6B98 003:835.737   completely In flash
T6B98 003:835.756 - 0.080ms returns 0xBB0
T6B98 003:836.447 JLINK_WriteMem(0x02089290, 0xBC0 Bytes, ...)
T6B98 003:836.476   Data:  52 95 8E 3A A0 27 A4 BB 83 55 1B 1B E0 A5 D5 33 ...
T6B98 003:836.503   completely In flash
T6B98 003:836.516 - 0.070ms returns 0xBC0
T6B98 003:837.270 JLINK_WriteMem(0x02089E50, 0xBC0 Bytes, ...)
T6B98 003:837.300   Data:  DD 7D 16 F2 65 31 1A 3B EA 05 41 1E 2C 8C 02 A9 ...
T6B98 003:837.329   completely In flash
T6B98 003:837.347 - 0.077ms returns 0xBC0
T6B98 003:837.938 JLINK_WriteMem(0x0208AA10, 0xBA0 Bytes, ...)
T6B98 003:837.966   Data:  6B 96 9B 42 62 EE 69 71 BB 72 C7 B3 39 6E 9B DA ...
T6B98 003:837.988   completely In flash
T6B98 003:838.006 - 0.069ms returns 0xBA0
T6B98 003:838.588 JLINK_WriteMem(0x0208B5B0, 0xBC0 Bytes, ...)
T6B98 003:838.617   Data:  8F DA 5E 26 55 5A 00 00 00 00 89 92 5B 27 30 F6 ...
T6B98 003:838.638   completely In flash
T6B98 003:838.652 - 0.064ms returns 0xBC0
T6B98 003:839.259 JLINK_WriteMem(0x0208C170, 0xBB0 Bytes, ...)
T6B98 003:839.288   Data:  1A DB AB EC FB F0 A6 44 7E BE 2E E9 5C 05 EC 38 ...
T6B98 003:839.316   completely In flash
T6B98 003:839.331 - 0.072ms returns 0xBB0
T6B98 003:839.971 JLINK_WriteMem(0x0208CD20, 0xBC0 Bytes, ...)
T6B98 003:839.993   Data:  37 E6 F7 2F F8 B6 CD 29 6C E7 C0 4F B3 7D C1 E1 ...
T6B98 003:840.204   completely In flash
T6B98 003:840.228 - 0.257ms returns 0xBC0
T6B98 003:840.930 JLINK_WriteMem(0x0208D8E0, 0xBC0 Bytes, ...)
T6B98 003:840.959   Data:  00 00 C6 6E 5D 26 3B F7 FF FF FF 80 3A 87 4C 26 ...
T6B98 003:840.982   completely In flash
T6B98 003:840.998 - 0.068ms returns 0xBC0
T6B98 003:841.626 JLINK_WriteMem(0x0208E4A0, 0xBC0 Bytes, ...)
T6B98 003:841.654   Data:  AD A0 42 25 3C F1 0F 0C 28 1D 0C 90 31 45 00 84 ...
T6B98 003:841.672   completely In flash
T6B98 003:841.696 - 0.070ms returns 0xBC0
T6B98 003:842.468 JLINK_WriteMem(0x0208F060, 0xBC0 Bytes, ...)
T6B98 003:842.500   Data:  E4 FB A8 41 EB FC 29 C3 11 7F C3 3D 98 35 4D EA ...
T6B98 003:842.522   completely In flash
T6B98 003:842.542 - 0.074ms returns 0xBC0
T6B98 003:843.216 JLINK_WriteMem(0x0208FC20, 0xBD0 Bytes, ...)
T6B98 003:843.251   Data:  5A 36 C6 88 B6 91 F1 09 46 EB C2 5D 36 5E E0 8B ...
T6B98 003:843.274   completely In flash
T6B98 003:843.295 - 0.079ms returns 0xBD0
T6B98 003:844.023 JLINK_WriteMem(0x020907F0, 0xBC0 Bytes, ...)
T6B98 003:844.053   Data:  6A F6 8C EB 39 09 3E 15 7C 2A 0B 60 FB 60 A6 C7 ...
T6B98 003:844.075   completely In flash
T6B98 003:844.092 - 0.069ms returns 0xBC0
T6B98 003:844.808 JLINK_WriteMem(0x020913B0, 0xBD0 Bytes, ...)
T6B98 003:844.834   Data:  00 D4 E8 FE 5A 26 94 3E 00 00 00 90 F9 9A 6A 26 ...
T6B98 003:844.855   completely In flash
T6B98 003:844.871 - 0.063ms returns 0xBD0
T6B98 003:845.678 JLINK_WriteMem(0x02091F80, 0xBE0 Bytes, ...)
T6B98 003:845.720   Data:  50 4B 01 00 23 40 00 00 F0 03 00 00 17 01 67 00 ...
T6B98 003:845.751   completely In flash
T6B98 003:845.777 - 0.099ms returns 0xBE0
T6B98 003:846.510 JLINK_WriteMem(0x02092B60, 0xBE0 Bytes, ...)
T6B98 003:846.550   Data:  8B 01 00 00 8C 01 00 00 8A 01 00 00 86 40 00 00 ...
T6B98 003:846.580   completely In flash
T6B98 003:846.605 - 0.095ms returns 0xBE0
T6B98 003:847.334 JLINK_WriteMem(0x02093740, 0xBE0 Bytes, ...)
T6B98 003:847.364   Data:  00 00 00 00 00 00 00 00 00 00 00 00 00 00 00 00 ...
T6B98 003:847.386   completely In flash
T6B98 003:847.399 - 0.065ms returns 0xBE0
T6B98 003:848.010 JLINK_WriteMem(0x02094320, 0xBE0 Bytes, ...)
T6B98 003:848.037   Data:  00 00 00 00 00 00 00 00 00 00 00 00 00 00 00 00 ...
T6B98 003:848.066   completely In flash
T6B98 003:848.079 - 0.070ms returns 0xBE0
T6B98 003:848.717 JLINK_WriteMem(0x02094F00, 0xBE0 Bytes, ...)
T6B98 003:848.748   Data:  00 00 00 00 00 00 00 00 00 00 00 00 00 00 00 00 ...
T6B98 003:848.776   completely In flash
T6B98 003:848.792 - 0.076ms returns 0xBE0
T6B98 003:849.369 JLINK_WriteMem(0x02095AE0, 0xBE0 Bytes, ...)
T6B98 003:849.402   Data:  00 00 00 00 00 00 00 00 00 00 00 00 00 00 00 00 ...
T6B98 003:849.426   completely In flash
T6B98 003:849.439 - 0.070ms returns 0xBE0
T6B98 003:850.134 JLINK_WriteMem(0x020966C0, 0xBD0 Bytes, ...)
T6B98 003:850.169   Data:  00 00 00 00 00 00 00 00 00 00 00 00 00 00 00 00 ...
T6B98 003:850.200   completely In flash
T6B98 003:850.218 - 0.084ms returns 0xBD0
T6B98 003:851.009 JLINK_WriteMem(0x02097290, 0xBC0 Bytes, ...)
T6B98 003:851.035   Data:  F9 90 47 27 9D 70 00 00 00 00 12 79 7C 27 30 82 ...
T6B98 003:851.058   completely In flash
T6B98 003:851.071 - 0.062ms returns 0xBC0
T6B98 003:851.891 JLINK_WriteMem(0x02097E50, 0xBC0 Bytes, ...)
T6B98 003:851.926   Data:  8D B7 A7 1D 91 40 37 AF 7B 6D BB 87 B3 1B F9 F2 ...
T6B98 003:851.949   completely In flash
T6B98 003:851.962 - 0.071ms returns 0xBC0
T6B98 003:852.681 JLINK_WriteMem(0x02098A10, 0xBC0 Bytes, ...)
T6B98 003:852.713   Data:  37 C8 0F 0F 59 F7 D5 AA 99 9D 2B AE 0F 10 D5 3F ...
T6B98 003:852.736   completely In flash
T6B98 003:852.749 - 0.068ms returns 0xBC0
T6B98 003:853.556 JLINK_WriteMem(0x020995D0, 0xBC0 Bytes, ...)
T6B98 003:853.590   Data:  16 4E C5 56 F5 31 4F 00 C0 BC D7 4E 71 34 52 3F ...
T6B98 003:853.616   completely In flash
T6B98 003:853.633 - 0.077ms returns 0xBC0
T6B98 003:854.372 JLINK_WriteMem(0x0209A190, 0xBC0 Bytes, ...)
T6B98 003:854.401   Data:  01 A0 DB A2 33 D0 FC E9 CF 91 5F B3 80 72 DC 7D ...
T6B98 003:854.425   completely In flash
T6B98 003:854.442 - 0.070ms returns 0xBC0
T6B98 003:855.171 JLINK_WriteMem(0x0209AD50, 0xBC0 Bytes, ...)
T6B98 003:855.200   Data:  B2 CC EF 31 EC 50 7D 01 C8 22 86 88 4E CF E6 05 ...
T6B98 003:855.232   completely In flash
T6B98 003:855.250 - 0.080ms returns 0xBC0
T6B98 003:859.419 JLINK_WriteMem(0x0209B910, 0xBC0 Bytes, ...)
T6B98 003:859.455   Data:  FC 0F 00 0F A0 6F 43 2B E7 D5 07 49 02 FF 0F 00 ...
T6B98 003:859.476   completely In flash
T6B98 003:859.499 - 0.080ms returns 0xBC0
T6B98 003:860.371 JLINK_WriteMem(0x0209C4D0, 0xBC0 Bytes, ...)
T6B98 003:860.405   Data:  CF 81 C6 5E 75 FE D9 A0 50 75 B9 7E 12 8A 6D 40 ...
T6B98 003:860.432   completely In flash
T6B98 003:860.453 - 0.082ms returns 0xBC0
T6B98 003:861.185 JLINK_WriteMem(0x0209D090, 0xBC0 Bytes, ...)
T6B98 003:861.222   Data:  4B 9C E5 56 74 8F 24 FA 80 4F 0A DA 54 8D 4B 9D ...
T6B98 003:861.261   completely In flash
T6B98 003:861.288 - 0.104ms returns 0xBC0
T6B98 003:862.080 JLINK_WriteMem(0x0209DC50, 0xBC0 Bytes, ...)
T6B98 003:862.115   Data:  59 26 E9 70 00 00 00 80 45 06 5F 28 B0 74 00 00 ...
T6B98 003:862.138   completely In flash
T6B98 003:862.157 - 0.077ms returns 0xBC0
T6B98 003:862.783 JLINK_WriteMem(0x0209E810, 0xBC0 Bytes, ...)
T6B98 003:862.811   Data:  00 70 DF 40 CC 68 D0 CD FF 74 62 83 C3 1F 57 9E ...
T6B98 003:862.836   completely In flash
T6B98 003:862.854 - 0.071ms returns 0xBC0
T6B98 003:863.498 JLINK_WriteMem(0x0209F3D0, 0xBC0 Bytes, ...)
T6B98 003:863.525   Data:  5F C7 FE 38 9C E0 B8 18 00 B0 02 90 1C 84 B8 9B ...
T6B98 003:863.830   completely In flash
T6B98 003:863.852 - 0.355ms returns 0xBC0
T6B98 003:864.505 JLINK_WriteMem(0x0209FF90, 0xBC0 Bytes, ...)
T6B98 003:864.532   Data:  6C DE E8 6A 17 C8 6F 2E 00 A3 5D F3 68 9B BB D3 ...
T6B98 003:864.551   completely In flash
T6B98 003:864.567 - 0.063ms returns 0xBC0
T6B98 003:865.276 JLINK_WriteMem(0x020A0B50, 0xBC0 Bytes, ...)
T6B98 003:865.300   Data:  02 5E B2 FF 7F A0 8F 1F F7 73 FF 3F 90 3B 5B 08 ...
T6B98 003:865.316   completely In flash
T6B98 003:865.329 - 0.053ms returns 0xBC0
T6B98 003:866.001 JLINK_WriteMem(0x020A1710, 0xBB0 Bytes, ...)
T6B98 003:866.024   Data:  23 55 56 34 51 5A 86 71 DD B5 79 E0 07 F7 1E 5F ...
T6B98 003:866.046   completely In flash
T6B98 003:866.060 - 0.059ms returns 0xBB0
T6B98 003:866.682 JLINK_WriteMem(0x020A22C0, 0xBC0 Bytes, ...)
T6B98 003:866.709   Data:  A2 34 FA FB 7E D9 03 34 6E 75 DB FB FE D6 E2 6F ...
T6B98 003:866.732   completely In flash
T6B98 003:866.751 - 0.069ms returns 0xBC0
T6B98 003:867.412 JLINK_WriteMem(0x020A2E80, 0xBC0 Bytes, ...)
T6B98 003:867.436   Data:  F3 BB A5 9B 01 95 63 D6 DD 8F 4F F6 EF FC 41 ED ...
T6B98 003:867.457   completely In flash
T6B98 003:867.476 - 0.064ms returns 0xBC0
T6B98 003:868.160 JLINK_WriteMem(0x020A3A40, 0xBC0 Bytes, ...)
T6B98 003:868.184   Data:  EA 7A BC 16 82 A4 0A 52 F3 7F F9 10 08 61 DA E5 ...
T6B98 003:868.202   completely In flash
T6B98 003:868.218 - 0.058ms returns 0xBC0
T6B98 003:868.869 JLINK_WriteMem(0x020A4600, 0xBB0 Bytes, ...)
T6B98 003:868.896   Data:  F7 31 9E AA 74 F7 D5 AB 1D 0F D1 F0 C5 D3 C9 FC ...
T6B98 003:868.917   completely In flash
T6B98 003:868.934 - 0.066ms returns 0xBB0
T6B98 003:869.540 JLINK_WriteMem(0x020A51B0, 0xBB0 Bytes, ...)
T6B98 003:869.566   Data:  32 48 27 2F DE 8F 1A 98 61 D2 65 BF 99 3D 19 75 ...
T6B98 003:869.589   completely In flash
T6B98 003:869.606 - 0.067ms returns 0xBB0
T6B98 003:870.292 JLINK_WriteMem(0x020A5D60, 0xBC0 Bytes, ...)
T6B98 003:870.317   Data:  DE 1A 86 4D 3E 09 72 CD 79 43 54 A5 4F 07 44 C1 ...
T6B98 003:870.337   completely In flash
T6B98 003:870.354 - 0.062ms returns 0xBC0
T6B98 003:871.018 JLINK_WriteMem(0x020A6920, 0xBC0 Bytes, ...)
T6B98 003:871.041   Data:  E3 62 50 00 90 96 DA F8 95 1E 6F BC 9D E8 A3 14 ...
T6B98 003:871.060   completely In flash
T6B98 003:871.077 - 0.060ms returns 0xBC0
T6B98 003:871.768 JLINK_WriteMem(0x020A74E0, 0xBC0 Bytes, ...)
T6B98 003:871.796   Data:  00 00 00 00 7B 29 4A 27 FD A4 00 00 00 80 23 E2 ...
T6B98 003:871.816   completely In flash
T6B98 003:871.828 - 0.060ms returns 0xBC0
T6B98 003:872.496 JLINK_WriteMem(0x020A80A0, 0xBC0 Bytes, ...)
T6B98 003:872.527   Data:  27 9D 16 65 57 CA 5B 89 89 81 3A 7F 15 D1 AE A0 ...
T6B98 003:872.550   completely In flash
T6B98 003:872.569 - 0.073ms returns 0xBC0
T6B98 003:873.304 JLINK_WriteMem(0x020A8C60, 0xBC0 Bytes, ...)
T6B98 003:873.344   Data:  9C A8 C4 48 A3 82 7C CE 5B 0D CD BA 61 7E D7 6D ...
T6B98 003:873.377   completely In flash
T6B98 003:873.400 - 0.096ms returns 0xBC0
T6B98 003:874.172 JLINK_WriteMem(0x020A9820, 0xBC0 Bytes, ...)
T6B98 003:874.200   Data:  02 D7 5B 2E CF 0B 35 4A 63 C5 41 CD 4C E3 DB B3 ...
T6B98 003:874.216   completely In flash
T6B98 003:874.228 - 0.057ms returns 0xBC0
T6B98 003:874.912 JLINK_WriteMem(0x020AA3E0, 0xBC0 Bytes, ...)
T6B98 003:874.939   Data:  BA 53 3B 0D 87 5C AE B7 CA AF D4 6F 4D A7 DD 5D ...
T6B98 003:874.961   completely In flash
T6B98 003:874.980 - 0.068ms returns 0xBC0
T6B98 003:875.898 JLINK_WriteMem(0x020AAFA0, 0xBD0 Bytes, ...)
T6B98 003:875.927   Data:  3B F5 FF FF FF 80 95 59 5A 26 A5 56 00 00 00 00 ...
T6B98 003:875.948   completely In flash
T6B98 003:875.967 - 0.069ms returns 0xBD0
T6B98 003:876.614 JLINK_WriteMem(0x020ABB70, 0xBC0 Bytes, ...)
T6B98 003:876.642   Data:  AE 11 66 E4 1C 39 00 98 57 28 60 9C DB 06 80 2C ...
T6B98 003:876.662   completely In flash
T6B98 003:876.678 - 0.065ms returns 0xBC0
T6B98 003:877.276 JLINK_WriteMem(0x020AC730, 0xBC0 Bytes, ...)
T6B98 003:877.302   Data:  23 D3 29 C5 22 2F CF BD BB ED 39 CF 08 32 6A 3F ...
T6B98 003:877.324   completely In flash
T6B98 003:877.340 - 0.064ms returns 0xBC0
T6B98 003:878.109 JLINK_WriteMem(0x020AD2F0, 0xBC0 Bytes, ...)
T6B98 003:878.136   Data:  CB E1 6B D8 19 EB EF 79 C9 F1 66 B0 77 00 98 B9 ...
T6B98 003:878.164   completely In flash
T6B98 003:878.182 - 0.072ms returns 0xBC0
T6B98 003:878.836 JLINK_WriteMem(0x020ADEB0, 0xBC0 Bytes, ...)
T6B98 003:878.864   Data:  89 CA 57 FE 38 2E 87 00 FB B1 4C AC 91 AE C9 F4 ...
T6B98 003:878.889   completely In flash
T6B98 003:878.907 - 0.070ms returns 0xBC0
T6B98 003:879.491 JLINK_WriteMem(0x020AEA70, 0xBC0 Bytes, ...)
T6B98 003:879.517   Data:  97 A2 AB 81 B5 EC 55 15 12 E9 39 4B 1B 01 18 62 ...
T6B98 003:879.540   completely In flash
T6B98 003:879.559 - 0.069ms returns 0xBC0
T6B98 003:880.233 JLINK_WriteMem(0x020AF630, 0xBD0 Bytes, ...)
T6B98 003:880.260   Data:  C5 49 1B 56 4D 57 06 8D 9A 15 82 EC 79 14 00 D0 ...
T6B98 003:880.281   completely In flash
T6B98 003:880.299 - 0.066ms returns 0xBD0
T6B98 003:880.994 JLINK_WriteMem(0x020B0200, 0xBB0 Bytes, ...)
T6B98 003:881.025   Data:  D8 86 F9 24 4A 0D 03 00 48 8D 86 74 32 21 20 22 ...
T6B98 003:881.052   completely In flash
T6B98 003:881.070 - 0.077ms returns 0xBB0
T6B98 003:881.629 JLINK_WriteMem(0x020B0DB0, 0xBB0 Bytes, ...)
T6B98 003:881.648   Data:  A8 29 07 CB FF 55 3B F4 E1 8B 42 9A 0C 7E FC C1 ...
T6B98 003:881.667   completely In flash
T6B98 003:881.680 - 0.051ms returns 0xBB0
T6B98 003:882.345 JLINK_WriteMem(0x020B1960, 0xBC0 Bytes, ...)
T6B98 003:882.369   Data:  A5 1F 81 BC 7F 5A DD 64 92 B2 C3 04 2E 56 81 1A ...
T6B98 003:882.385   completely In flash
T6B98 003:882.397 - 0.053ms returns 0xBC0
T6B98 003:882.983 JLINK_WriteMem(0x020B2520, 0xBC0 Bytes, ...)
T6B98 003:883.009   Data:  E1 FD 01 E0 DD B1 86 82 87 64 80 43 58 0C 03 85 ...
T6B98 003:883.036   completely In flash
T6B98 003:883.056 - 0.073ms returns 0xBC0
T6B98 003:886.475 JLINK_WriteMem(0x020B30E0, 0xBC0 Bytes, ...)
T6B98 003:886.508   Data:  01 80 EC E4 0C 13 80 EE 9A 84 0E 01 72 ED 9B 9B ...
T6B98 003:886.539   completely In flash
T6B98 003:886.555 - 0.080ms returns 0xBC0
T6B98 003:887.295 JLINK_WriteMem(0x020B3CA0, 0xBB0 Bytes, ...)
T6B98 003:887.321   Data:  CD 63 0F C3 D5 CB 69 61 EF DC F3 8C 5B B5 99 CF ...
T6B98 003:887.746   completely In flash
T6B98 003:887.779 - 0.485ms returns 0xBB0
T6B98 003:888.575 JLINK_WriteMem(0x020B4850, 0xBB0 Bytes, ...)
T6B98 003:888.604   Data:  F9 7B D0 FF B9 1E 0D E5 2A 50 0C 16 00 02 21 9D ...
T6B98 003:888.626   completely In flash
T6B98 003:888.643 - 0.068ms returns 0xBB0
T6B98 003:889.291 JLINK_WriteMem(0x020B5400, 0xBC0 Bytes, ...)
T6B98 003:889.316   Data:  FE 17 CF A4 27 5E BD 99 CC EF 1B E1 C3 CE 57 1E ...
T6B98 003:889.336   completely In flash
T6B98 003:889.352 - 0.062ms returns 0xBC0
T6B98 003:889.996 JLINK_WriteMem(0x020B5FC0, 0xBB0 Bytes, ...)
T6B98 003:890.022   Data:  72 2B 27 6E 00 46 08 21 1E FE DC ED 57 8B 95 00 ...
T6B98 003:890.049   completely In flash
T6B98 003:890.062 - 0.066ms returns 0xBB0
T6B98 003:890.680 JLINK_WriteMem(0x020B6B70, 0xBE0 Bytes, ...)
T6B98 003:890.705   Data:  03 00 3C B7 8A 02 07 8A B2 1B FF 68 81 A9 2F 1D ...
T6B98 003:890.728   completely In flash
T6B98 003:890.746 - 0.068ms returns 0xBE0
T6B98 003:891.372 JLINK_WriteMem(0x020B7750, 0xBE0 Bytes, ...)
T6B98 003:891.401   Data:  72 79 20 70 65 6E 64 69 6E 67 2E 0D 0A 00 2E 2E ...
T6B98 003:891.424   completely In flash
T6B98 003:891.443 - 0.070ms returns 0xBE0
T6B98 003:892.185 JLINK_WriteMem(0x020B8330, 0xBE0 Bytes, ...)
T6B98 003:892.218   Data:  20 74 65 6E 73 6F 72 20 70 6F 69 6E 74 65 72 20 ...
T6B98 003:892.237   completely In flash
T6B98 003:892.256 - 0.071ms returns 0xBE0
T6B98 003:892.904 JLINK_WriteMem(0x020B8F10, 0xBE0 Bytes, ...)
T6B98 003:892.932   Data:  00 00 00 00 00 00 00 00 00 00 00 00 00 00 00 00 ...
T6B98 003:892.953   completely In flash
T6B98 003:892.970 - 0.066ms returns 0xBE0
T6B98 003:893.598 JLINK_WriteMem(0x020B9AF0, 0xBE0 Bytes, ...)
T6B98 003:893.622   Data:  10 00 89 FF 10 00 8A FF 10 00 8B FF 10 00 00 00 ...
T6B98 003:893.644   completely In flash
T6B98 003:893.656 - 0.059ms returns 0xBE0
T6B98 003:894.145 JLINK_WriteMem(0x020BA6D0, 0x7A6 Bytes, ...)
T6B98 003:894.170   Data:  00 0C 01 0B 0D 0A 00 00 00 0C 01 0B 0E 0A 00 00 ...
T6B98 003:894.191   completely In flash
T6B98 003:894.204 - 0.058ms returns 0x7A6
T6B98 003:894.713 JLINK_WriteMem(0x020BAE78, 0x4 Bytes, ...)
T6B98 003:894.741   Data:  08 00 00 00
T6B98 003:894.764   completely In flash
T6B98 003:894.783 - 0.070ms returns 0x4
T6B98 003:895.506 JLINK_WriteMem(0x02C9F040, 0x4 Bytes, ...)
T6B98 003:895.534   Data:  FF FF FF FF
T6B98 003:895.857   completely In flash
T6B98 003:895.880 - 0.375ms returns 0x4
T6B98 003:896.603 JLINK_WriteMem(0x02C9F044, 0x4 Bytes, ...)
T6B98 003:896.631   Data:  EF FF FF FF
T6B98 003:896.654   completely In flash
T6B98 003:896.671 - 0.068ms returns 0x4
T6B98 003:897.419 JLINK_WriteMem(0x02C9F0C0, 0x4 Bytes, ...)
T6B98 003:897.448   Data:  FF FF FF FD
T6B98 003:897.473   completely In flash
T6B98 003:897.492 - 0.073ms returns 0x4
T6B98 003:898.161 JLINK_WriteMem(0x02C9F0C4, 0x4 Bytes, ...)
T6B98 003:898.186   Data:  FF FF FF FF
T6B98 003:898.210   completely In flash
T6B98 003:898.229 - 0.068ms returns 0x4
T6B98 003:898.884 JLINK_WriteMem(0x02C9F120, 0x4 Bytes, ...)
T6B98 003:898.912   Data:  00 00 00 00
T6B98 003:898.936   completely In flash
T6B98 003:898.954 - 0.070ms returns 0x4
T6B98 003:899.667 JLINK_WriteMem(0x02C9F124, 0x4 Bytes, ...)
T6B98 003:899.697   Data:  00 00 00 00
T6B98 003:899.720   completely In flash
T6B98 003:899.738 - 0.071ms returns 0x4
T6B98 003:916.865 JLINK_WriteMem(0x020D8000, 0x88 Bytes, ...)
T6B98 003:917.097   Data:  40 05 18 22 91 0D 0E 02 55 0C 0E 02 9B 0D 0E 02 ...
T6B98 003:917.118   completely In flash
T6B98 003:917.132 - 0.266ms returns 0x88
T6B98 003:917.703 JLINK_WriteMem(0x020D8090, 0xE4 Bytes, ...)
T6B98 003:917.736   Data:  01 00 00 00 00 6B 0E 02 04 07 05 07 00 00 00 00 ...
T6B98 003:917.760   completely In flash
T6B98 003:917.773 - 0.071ms returns 0xE4
T6B98 003:918.520 JLINK_WriteMem(0x020D8178, 0xBB8 Bytes, ...)
T6B98 003:918.546   Data:  10 B5 82 B0 40 F2 6C 54 C2 F2 18 24 20 68 08 B1 ...
T6B98 003:918.571   completely In flash
T6B98 003:918.586 - 0.066ms returns 0xBB8
T6B98 003:919.520 JLINK_WriteMem(0x020D8D30, 0xBC0 Bytes, ...)
T6B98 003:919.550   Data:  64 0A B6 EE 00 1A 28 EE 00 0A 30 EE 01 0A 95 F8 ...
T6B98 003:919.576   completely In flash
T6B98 003:919.596 - 0.077ms returns 0xBC0
T6B98 003:920.270 JLINK_WriteMem(0x020D98F0, 0xBD0 Bytes, ...)
T6B98 003:920.300   Data:  FA D2 0B 99 A7 42 88 BF 3C 46 BA F1 00 0F 1D D0 ...
T6B98 003:920.322   completely In flash
T6B98 003:920.339 - 0.069ms returns 0xBD0
T6B98 003:920.966 JLINK_WriteMem(0x020DA4C0, 0xBC0 Bytes, ...)
T6B98 003:920.996   Data:  BD E8 F0 81 02 38 C2 B2 28 46 03 21 23 46 FF F7 ...
T6B98 003:921.024   completely In flash
T6B98 003:921.042 - 0.076ms returns 0xBC0
T6B98 003:921.969 JLINK_WriteMem(0x020DB080, 0xBC0 Bytes, ...)
T6B98 003:922.015   Data:  10 B3 FE F7 25 FD F8 B1 02 F0 89 FE 41 F2 88 0C ...
T6B98 003:922.049   completely In flash
T6B98 003:922.076 - 0.107ms returns 0xBC0
T6B98 003:922.732 JLINK_WriteMem(0x020DBC40, 0xBD0 Bytes, ...)
T6B98 003:922.759   Data:  0E 20 C0 F2 0E 21 41 F2 88 32 BD E8 80 40 FF F7 ...
T6B98 003:922.781   completely In flash
T6B98 003:922.799 - 0.066ms returns 0xBD0
T6B98 003:923.701 JLINK_WriteMem(0x020DC810, 0xBD0 Bytes, ...)
T6B98 003:923.729   Data:  80 51 01 60 BF F3 4F 8F BF F3 6F 8F 02 B0 80 BD ...
T6B98 003:923.768   completely In flash
T6B98 003:923.786 - 0.085ms returns 0xBD0
T6B98 003:924.528 JLINK_WriteMem(0x020DD3E0, 0xBD0 Bytes, ...)
T6B98 003:924.555   Data:  20 46 FD F7 74 FE 98 B1 20 46 FD F7 BD FD 06 46 ...
T6B98 003:924.574   completely In flash
T6B98 003:924.591 - 0.063ms returns 0xBD0
T6B98 003:925.252 JLINK_WriteMem(0x020DDFB0, 0xBC0 Bytes, ...)
T6B98 003:925.278   Data:  28 A0 CB F8 2C 00 28 78 4F F4 44 14 08 EB 00 2E ...
T6B98 003:925.305   completely In flash
T6B98 003:925.319 - 0.067ms returns 0xBC0
T6B98 003:926.183 JLINK_WriteMem(0x020DEB70, 0xBC0 Bytes, ...)
T6B98 003:926.216   Data:  CC F8 08 30 D0 F8 24 C0 9C F8 1C 30 DB 06 FB D4 ...
T6B98 003:926.239   completely In flash
T6B98 003:926.252 - 0.070ms returns 0xBC0
T6B98 003:926.924 JLINK_WriteMem(0x020DF730, 0xBB0 Bytes, ...)
T6B98 003:926.953   Data:  02 F2 4E F2 00 13 49 09 CE F2 00 03 43 F8 21 20 ...
T6B98 003:926.977   completely In flash
T6B98 003:926.992 - 0.068ms returns 0xBB0
T6B98 003:927.696 JLINK_WriteMem(0x020E02E0, 0xBB0 Bytes, ...)
T6B98 003:927.726   Data:  23 70 03 F0 1F 07 5B 09 06 FA 07 F7 00 EB 83 06 ...
T6B98 003:927.746   completely In flash
T6B98 003:927.765 - 0.069ms returns 0xBB0
T6B98 003:928.378 JLINK_WriteMem(0x020E0E90, 0xBB0 Bytes, ...)
T6B98 003:928.408   Data:  08 05 00 BF 68 79 84 42 05 D1 55 E9 02 02 29 68 ...
T6B98 003:928.433   completely In flash
T6B98 003:928.447 - 0.069ms returns 0xBB0
T6B98 003:929.175 JLINK_WriteMem(0x020E1A40, 0xBB0 Bytes, ...)
T6B98 003:929.203   Data:  98 E7 45 F6 DF 30 45 F2 C5 62 45 F2 55 13 C0 F2 ...
T6B98 003:929.226   completely In flash
T6B98 003:929.242 - 0.067ms returns 0xBB0
T6B98 003:929.862 JLINK_WriteMem(0x020E25F0, 0xBB0 Bytes, ...)
T6B98 003:929.890   Data:  20 68 43 1C 10 46 23 60 BD E8 10 40 FF F7 3E BC ...
T6B98 003:929.914   completely In flash
T6B98 003:929.932 - 0.071ms returns 0xBB0
T6B98 003:930.754 JLINK_WriteMem(0x020E31A0, 0xBC0 Bytes, ...)
T6B98 003:930.783   Data:  10 F8 F5 E7 00 20 07 E0 42 F2 98 31 C2 F2 18 21 ...
T6B98 003:930.807   completely In flash
T6B98 003:930.824 - 0.071ms returns 0xBC0
T6B98 003:931.524 JLINK_WriteMem(0x020E3D60, 0xBC0 Bytes, ...)
T6B98 003:931.552   Data:  0F DD 00 F0 76 F9 01 37 A9 F1 01 09 00 28 F6 D5 ...
T6B98 003:931.572   completely In flash
T6B98 003:931.589 - 0.065ms returns 0xBC0
T6B98 003:932.203 JLINK_WriteMem(0x020E4920, 0xBE0 Bytes, ...)
T6B98 003:932.232   Data:  45 02 03 EA 95 03 09 4D EB 58 00 F0 8D F8 00 F0 ...
T6B98 003:932.254   completely In flash
T6B98 003:932.273 - 0.070ms returns 0xBE0
T6B98 003:932.930 JLINK_WriteMem(0x020E5500, 0xBE0 Bytes, ...)
T6B98 003:932.960   Data:  31 36 32 30 30 3A 20 43 57 53 54 41 20 76 65 72 ...
T6B98 003:932.990   completely In flash
T6B98 003:933.010 - 0.081ms returns 0xBE0
T6B98 003:933.718 JLINK_WriteMem(0x020E60E0, 0xBE0 Bytes, ...)
T6B98 003:933.752   Data:  25 75 2E 0D 0A 00 5B 57 49 46 49 5D 20 53 74 61 ...
T6B98 003:933.774   completely In flash
T6B98 003:933.792 - 0.074ms returns 0xBE0
T6B98 003:934.426 JLINK_WriteMem(0x020E6CC0, 0x8BE Bytes, ...)
T6B98 003:934.451   Data:  00 00 00 00 00 00 00 00 00 00 00 00 00 00 00 00 ...
T6B98 003:934.468   completely In flash
T6B98 003:934.487 - 0.060ms returns 0x8BE
T6B98 003:951.202 JLINK_EndDownload()
T6B98 003:951.463   CPU_ReadMem(4 bytes @ 0xE000ED90)
T6B98 003:951.789   CPU_ReadMem(4 bytes @ 0xE000ED94)
T6B98 003:952.096    -- --------------------------------------
T6B98 003:952.146    -- Start of determining flash info (Bank @ 0x02000000)
T6B98 003:952.171    -- End of determining flash info
T6B98 003:952.190    -- Start of determining dirty areas in flash cache
T6B98 003:952.209    -- Filling invalid ranges in sector buffer (flash cache) for sector @ 0x02000000 if necessary
T6B98 003:952.230    -- Filling invalid ranges in sector buffer (flash cache) for sector @ 0x02000800 if necessary
T6B98 003:952.251    -- Filling invalid ranges in sector buffer (flash cache) for sector @ 0x02001000 if necessary
T6B98 003:952.267    -- Filling invalid ranges in sector buffer (flash cache) for sector @ 0x02001800 if necessary
T6B98 003:952.281    -- Filling invalid ranges in sector buffer (flash cache) for sector @ 0x02002000 if necessary
T6B98 003:952.295    -- Filling invalid ranges in sector buffer (flash cache) for sector @ 0x02002800 if necessary
T6B98 003:952.308    -- Filling invalid ranges in sector buffer (flash cache) for sector @ 0x02003000 if necessary
T6B98 003:952.324    -- Filling invalid ranges in sector buffer (flash cache) for sector @ 0x02003800 if necessary
T6B98 003:952.344    -- Filling invalid ranges in sector buffer (flash cache) for sector @ 0x02004000 if necessary
T6B98 003:952.363    -- Filling invalid ranges in sector buffer (flash cache) for sector @ 0x02004800 if necessary
T6B98 003:952.377    -- Filling invalid ranges in sector buffer (flash cache) for sector @ 0x02005000 if necessary
T6B98 003:952.391    -- Filling invalid ranges in sector buffer (flash cache) for sector @ 0x02005800 if necessary
T6B98 003:952.405    -- Filling invalid ranges in sector buffer (flash cache) for sector @ 0x02006000 if necessary
T6B98 003:952.422    -- Filling invalid ranges in sector buffer (flash cache) for sector @ 0x02006800 if necessary
T6B98 003:952.442    -- Filling invalid ranges in sector buffer (flash cache) for sector @ 0x02007000 if necessary
T6B98 003:952.463    -- Filling invalid ranges in sector buffer (flash cache) for sector @ 0x02007800 if necessary
T6B98 003:952.479    -- Filling invalid ranges in sector buffer (flash cache) for sector @ 0x02008000 if necessary
T6B98 003:952.499    -- Filling invalid ranges in sector buffer (flash cache) for sector @ 0x02008800 if necessary
T6B98 003:952.520    -- Filling invalid ranges in sector buffer (flash cache) for sector @ 0x02009000 if necessary
T6B98 003:952.540    -- Filling invalid ranges in sector buffer (flash cache) for sector @ 0x02009800 if necessary
T6B98 003:952.560    -- Filling invalid ranges in sector buffer (flash cache) for sector @ 0x0200A000 if necessary
T6B98 003:952.578    -- Filling invalid ranges in sector buffer (flash cache) for sector @ 0x0200A800 if necessary
T6B98 003:952.598    -- Filling invalid ranges in sector buffer (flash cache) for sector @ 0x0200B000 if necessary
T6B98 003:952.618    -- Filling invalid ranges in sector buffer (flash cache) for sector @ 0x0200B800 if necessary
T6B98 003:952.633    -- Filling invalid ranges in sector buffer (flash cache) for sector @ 0x0200C000 if necessary
T6B98 003:952.647    -- Filling invalid ranges in sector buffer (flash cache) for sector @ 0x0200C800 if necessary
T6B98 003:952.661    -- Filling invalid ranges in sector buffer (flash cache) for sector @ 0x0200D000 if necessary
T6B98 003:952.674    -- Filling invalid ranges in sector buffer (flash cache) for sector @ 0x0200D800 if necessary
T6B98 003:952.688    -- Filling invalid ranges in sector buffer (flash cache) for sector @ 0x0200E000 if necessary
T6B98 003:952.701    -- Filling invalid ranges in sector buffer (flash cache) for sector @ 0x0200E800 if necessary
T6B98 003:952.715    -- Filling invalid ranges in sector buffer (flash cache) for sector @ 0x0200F000 if necessary
T6B98 003:952.728    -- Filling invalid ranges in sector buffer (flash cache) for sector @ 0x0200F800 if necessary
T6B98 003:952.746    -- Filling invalid ranges in sector buffer (flash cache) for sector @ 0x02010000 if necessary
T6B98 003:952.759    -- Filling invalid ranges in sector buffer (flash cache) for sector @ 0x02010800 if necessary
T6B98 003:952.780    -- Filling invalid ranges in sector buffer (flash cache) for sector @ 0x02011000 if necessary
T6B98 003:952.800    -- Filling invalid ranges in sector buffer (flash cache) for sector @ 0x02011800 if necessary
T6B98 003:952.814    -- Filling invalid ranges in sector buffer (flash cache) for sector @ 0x02012000 if necessary
T6B98 003:952.827    -- Filling invalid ranges in sector buffer (flash cache) for sector @ 0x02012800 if necessary
T6B98 003:952.841    -- Filling invalid ranges in sector buffer (flash cache) for sector @ 0x02013000 if necessary
T6B98 003:952.854    -- Filling invalid ranges in sector buffer (flash cache) for sector @ 0x02013800 if necessary
T6B98 003:952.868    -- Filling invalid ranges in sector buffer (flash cache) for sector @ 0x02014000 if necessary
T6B98 003:952.881    -- Filling invalid ranges in sector buffer (flash cache) for sector @ 0x02014800 if necessary
T6B98 003:952.895    -- Filling invalid ranges in sector buffer (flash cache) for sector @ 0x02015000 if necessary
T6B98 003:952.908    -- Filling invalid ranges in sector buffer (flash cache) for sector @ 0x02015800 if necessary
T6B98 003:952.922    -- Filling invalid ranges in sector buffer (flash cache) for sector @ 0x02016000 if necessary
T6B98 003:952.937    -- Filling invalid ranges in sector buffer (flash cache) for sector @ 0x02016800 if necessary
T6B98 003:952.958    -- Filling invalid ranges in sector buffer (flash cache) for sector @ 0x02017000 if necessary
T6B98 003:952.971    -- Filling invalid ranges in sector buffer (flash cache) for sector @ 0x02017800 if necessary
T6B98 003:952.985    -- Filling invalid ranges in sector buffer (flash cache) for sector @ 0x02018000 if necessary
T6B98 003:952.998    -- Filling invalid ranges in sector buffer (flash cache) for sector @ 0x02018800 if necessary
T6B98 003:953.012    -- Filling invalid ranges in sector buffer (flash cache) for sector @ 0x02019000 if necessary
T6B98 003:953.025    -- Filling invalid ranges in sector buffer (flash cache) for sector @ 0x02019800 if necessary
T6B98 003:953.039    -- Filling invalid ranges in sector buffer (flash cache) for sector @ 0x0201A000 if necessary
T6B98 003:953.052    -- Filling invalid ranges in sector buffer (flash cache) for sector @ 0x0201A800 if necessary
T6B98 003:953.066    -- Filling invalid ranges in sector buffer (flash cache) for sector @ 0x0201B000 if necessary
T6B98 003:953.079    -- Filling invalid ranges in sector buffer (flash cache) for sector @ 0x0201B800 if necessary
T6B98 003:953.093    -- Filling invalid ranges in sector buffer (flash cache) for sector @ 0x0201C000 if necessary
T6B98 003:953.106    -- Filling invalid ranges in sector buffer (flash cache) for sector @ 0x0201C800 if necessary
T6B98 003:953.120    -- Filling invalid ranges in sector buffer (flash cache) for sector @ 0x0201D000 if necessary
T6B98 003:953.133    -- Filling invalid ranges in sector buffer (flash cache) for sector @ 0x0201D800 if necessary
T6B98 003:953.146    -- Filling invalid ranges in sector buffer (flash cache) for sector @ 0x0201E000 if necessary
T6B98 003:953.160    -- Filling invalid ranges in sector buffer (flash cache) for sector @ 0x0201E800 if necessary
T6B98 003:953.174    -- Filling invalid ranges in sector buffer (flash cache) for sector @ 0x0201F000 if necessary
T6B98 003:953.187    -- Filling invalid ranges in sector buffer (flash cache) for sector @ 0x0201F800 if necessary
T6B98 003:953.204    -- Filling invalid ranges in sector buffer (flash cache) for sector @ 0x02020000 if necessary
T6B98 003:953.224    -- Filling invalid ranges in sector buffer (flash cache) for sector @ 0x02020800 if necessary
T6B98 003:953.238    -- Filling invalid ranges in sector buffer (flash cache) for sector @ 0x02021000 if necessary
T6B98 003:953.252    -- Filling invalid ranges in sector buffer (flash cache) for sector @ 0x02021800 if necessary
T6B98 003:953.265    -- Filling invalid ranges in sector buffer (flash cache) for sector @ 0x02022000 if necessary
T6B98 003:953.281    -- Filling invalid ranges in sector buffer (flash cache) for sector @ 0x02022800 if necessary
T6B98 003:953.294    -- Filling invalid ranges in sector buffer (flash cache) for sector @ 0x02023000 if necessary
T6B98 003:953.308    -- Filling invalid ranges in sector buffer (flash cache) for sector @ 0x02023800 if necessary
T6B98 003:953.324    -- Filling invalid ranges in sector buffer (flash cache) for sector @ 0x02024000 if necessary
T6B98 003:953.337    -- Filling invalid ranges in sector buffer (flash cache) for sector @ 0x02024800 if necessary
T6B98 003:953.350    -- Filling invalid ranges in sector buffer (flash cache) for sector @ 0x02025000 if necessary
T6B98 003:953.364    -- Filling invalid ranges in sector buffer (flash cache) for sector @ 0x02025800 if necessary
T6B98 003:953.378    -- Filling invalid ranges in sector buffer (flash cache) for sector @ 0x02026000 if necessary
T6B98 003:953.391    -- Filling invalid ranges in sector buffer (flash cache) for sector @ 0x02026800 if necessary
T6B98 003:953.404    -- Filling invalid ranges in sector buffer (flash cache) for sector @ 0x02027000 if necessary
T6B98 003:953.418    -- Filling invalid ranges in sector buffer (flash cache) for sector @ 0x02027800 if necessary
T6B98 003:953.432    -- Filling invalid ranges in sector buffer (flash cache) for sector @ 0x02028000 if necessary
T6B98 003:953.445    -- Filling invalid ranges in sector buffer (flash cache) for sector @ 0x02028800 if necessary
T6B98 003:953.459    -- Filling invalid ranges in sector buffer (flash cache) for sector @ 0x02029000 if necessary
T6B98 003:953.472    -- Filling invalid ranges in sector buffer (flash cache) for sector @ 0x02029800 if necessary
T6B98 003:953.486    -- Filling invalid ranges in sector buffer (flash cache) for sector @ 0x0202A000 if necessary
T6B98 003:953.499    -- Filling invalid ranges in sector buffer (flash cache) for sector @ 0x0202A800 if necessary
T6B98 003:953.512    -- Filling invalid ranges in sector buffer (flash cache) for sector @ 0x0202B000 if necessary
T6B98 003:953.526    -- Filling invalid ranges in sector buffer (flash cache) for sector @ 0x0202B800 if necessary
T6B98 003:953.539    -- Filling invalid ranges in sector buffer (flash cache) for sector @ 0x0202C000 if necessary
T6B98 003:953.553    -- Filling invalid ranges in sector buffer (flash cache) for sector @ 0x0202C800 if necessary
T6B98 003:953.566    -- Filling invalid ranges in sector buffer (flash cache) for sector @ 0x0202D000 if necessary
T6B98 003:953.580    -- Filling invalid ranges in sector buffer (flash cache) for sector @ 0x0202D800 if necessary
T6B98 003:953.593    -- Filling invalid ranges in sector buffer (flash cache) for sector @ 0x0202E000 if necessary
T6B98 003:953.606    -- Filling invalid ranges in sector buffer (flash cache) for sector @ 0x0202E800 if necessary
T6B98 003:953.620    -- Filling invalid ranges in sector buffer (flash cache) for sector @ 0x0202F000 if necessary
T6B98 003:953.633    -- Filling invalid ranges in sector buffer (flash cache) for sector @ 0x0202F800 if necessary
T6B98 003:953.646    -- Filling invalid ranges in sector buffer (flash cache) for sector @ 0x02030000 if necessary
T6B98 003:953.660    -- Filling invalid ranges in sector buffer (flash cache) for sector @ 0x02030800 if necessary
T6B98 003:953.673    -- Filling invalid ranges in sector buffer (flash cache) for sector @ 0x02031000 if necessary
T6B98 003:953.687    -- Filling invalid ranges in sector buffer (flash cache) for sector @ 0x02031800 if necessary
T6B98 003:953.700    -- Filling invalid ranges in sector buffer (flash cache) for sector @ 0x02032000 if necessary
T6B98 003:953.713    -- Filling invalid ranges in sector buffer (flash cache) for sector @ 0x02032800 if necessary
T6B98 003:953.727    -- Filling invalid ranges in sector buffer (flash cache) for sector @ 0x02033000 if necessary
T6B98 003:953.740    -- Filling invalid ranges in sector buffer (flash cache) for sector @ 0x02033800 if necessary
T6B98 003:953.753    -- Filling invalid ranges in sector buffer (flash cache) for sector @ 0x02034000 if necessary
T6B98 003:953.770    -- Filling invalid ranges in sector buffer (flash cache) for sector @ 0x02034800 if necessary
T6B98 003:953.783    -- Filling invalid ranges in sector buffer (flash cache) for sector @ 0x02035000 if necessary
T6B98 003:953.797    -- Filling invalid ranges in sector buffer (flash cache) for sector @ 0x02035800 if necessary
T6B98 003:953.829    -- Filling invalid ranges in sector buffer (flash cache) for sector @ 0x02036000 if necessary
T6B98 003:953.850    -- Filling invalid ranges in sector buffer (flash cache) for sector @ 0x02036800 if necessary
T6B98 003:953.864    -- Filling invalid ranges in sector buffer (flash cache) for sector @ 0x02037000 if necessary
T6B98 003:953.877    -- Filling invalid ranges in sector buffer (flash cache) for sector @ 0x02037800 if necessary
T6B98 003:953.895    -- Filling invalid ranges in sector buffer (flash cache) for sector @ 0x02038000 if necessary
T6B98 003:953.915    -- Filling invalid ranges in sector buffer (flash cache) for sector @ 0x02038800 if necessary
T6B98 003:953.935    -- Filling invalid ranges in sector buffer (flash cache) for sector @ 0x02039000 if necessary
T6B98 003:953.950    -- Filling invalid ranges in sector buffer (flash cache) for sector @ 0x02039800 if necessary
T6B98 003:953.963    -- Filling invalid ranges in sector buffer (flash cache) for sector @ 0x0203A000 if necessary
T6B98 003:953.977    -- Filling invalid ranges in sector buffer (flash cache) for sector @ 0x0203A800 if necessary
T6B98 003:953.990    -- Filling invalid ranges in sector buffer (flash cache) for sector @ 0x0203B000 if necessary
T6B98 003:954.004    -- Filling invalid ranges in sector buffer (flash cache) for sector @ 0x0203B800 if necessary
T6B98 003:954.017    -- Filling invalid ranges in sector buffer (flash cache) for sector @ 0x0203C000 if necessary
T6B98 003:954.031    -- Filling invalid ranges in sector buffer (flash cache) for sector @ 0x0203C800 if necessary
T6B98 003:954.044    -- Filling invalid ranges in sector buffer (flash cache) for sector @ 0x0203D000 if necessary
T6B98 003:954.058    -- Filling invalid ranges in sector buffer (flash cache) for sector @ 0x0203D800 if necessary
T6B98 003:954.078    -- Filling invalid ranges in sector buffer (flash cache) for sector @ 0x0203E000 if necessary
T6B98 003:954.093    -- Filling invalid ranges in sector buffer (flash cache) for sector @ 0x0203E800 if necessary
T6B98 003:954.110    -- Filling invalid ranges in sector buffer (flash cache) for sector @ 0x0203F000 if necessary
T6B98 003:954.124    -- Filling invalid ranges in sector buffer (flash cache) for sector @ 0x0203F800 if necessary
T6B98 003:954.140    -- Filling invalid ranges in sector buffer (flash cache) for sector @ 0x02040000 if necessary
T6B98 003:954.160    -- Filling invalid ranges in sector buffer (flash cache) for sector @ 0x02040800 if necessary
T6B98 003:954.179    -- Filling invalid ranges in sector buffer (flash cache) for sector @ 0x02041000 if necessary
T6B98 003:954.199    -- Filling invalid ranges in sector buffer (flash cache) for sector @ 0x02041800 if necessary
T6B98 003:954.213    -- Filling invalid ranges in sector buffer (flash cache) for sector @ 0x02042000 if necessary
T6B98 003:954.226    -- Filling invalid ranges in sector buffer (flash cache) for sector @ 0x02042800 if necessary
T6B98 003:954.246    -- Filling invalid ranges in sector buffer (flash cache) for sector @ 0x02043000 if necessary
T6B98 003:954.262    -- Filling invalid ranges in sector buffer (flash cache) for sector @ 0x02043800 if necessary
T6B98 003:954.280    -- Filling invalid ranges in sector buffer (flash cache) for sector @ 0x02044000 if necessary
T6B98 003:954.299    -- Filling invalid ranges in sector buffer (flash cache) for sector @ 0x02044800 if necessary
T6B98 003:954.312    -- Filling invalid ranges in sector buffer (flash cache) for sector @ 0x02045000 if necessary
T6B98 003:954.326    -- Filling invalid ranges in sector buffer (flash cache) for sector @ 0x02045800 if necessary
T6B98 003:954.344    -- Filling invalid ranges in sector buffer (flash cache) for sector @ 0x02046000 if necessary
T6B98 003:954.358    -- Filling invalid ranges in sector buffer (flash cache) for sector @ 0x02046800 if necessary
T6B98 003:954.371    -- Filling invalid ranges in sector buffer (flash cache) for sector @ 0x02047000 if necessary
T6B98 003:954.384    -- Filling invalid ranges in sector buffer (flash cache) for sector @ 0x02047800 if necessary
T6B98 003:954.398    -- Filling invalid ranges in sector buffer (flash cache) for sector @ 0x02048000 if necessary
T6B98 003:954.411    -- Filling invalid ranges in sector buffer (flash cache) for sector @ 0x02048800 if necessary
T6B98 003:954.429    -- Filling invalid ranges in sector buffer (flash cache) for sector @ 0x02049000 if necessary
T6B98 003:954.448    -- Filling invalid ranges in sector buffer (flash cache) for sector @ 0x02049800 if necessary
T6B98 003:954.465    -- Filling invalid ranges in sector buffer (flash cache) for sector @ 0x0204A000 if necessary
T6B98 003:954.484    -- Filling invalid ranges in sector buffer (flash cache) for sector @ 0x0204A800 if necessary
T6B98 003:954.499    -- Filling invalid ranges in sector buffer (flash cache) for sector @ 0x0204B000 if necessary
T6B98 003:954.518    -- Filling invalid ranges in sector buffer (flash cache) for sector @ 0x0204B800 if necessary
T6B98 003:954.534    -- Filling invalid ranges in sector buffer (flash cache) for sector @ 0x0204C000 if necessary
T6B98 003:954.549    -- Filling invalid ranges in sector buffer (flash cache) for sector @ 0x0204C800 if necessary
T6B98 003:954.569    -- Filling invalid ranges in sector buffer (flash cache) for sector @ 0x0204D000 if necessary
T6B98 003:954.584    -- Filling invalid ranges in sector buffer (flash cache) for sector @ 0x0204D800 if necessary
T6B98 003:954.597    -- Filling invalid ranges in sector buffer (flash cache) for sector @ 0x0204E000 if necessary
T6B98 003:954.611    -- Filling invalid ranges in sector buffer (flash cache) for sector @ 0x0204E800 if necessary
T6B98 003:954.624    -- Filling invalid ranges in sector buffer (flash cache) for sector @ 0x0204F000 if necessary
T6B98 003:954.638    -- Filling invalid ranges in sector buffer (flash cache) for sector @ 0x0204F800 if necessary
T6B98 003:954.651    -- Filling invalid ranges in sector buffer (flash cache) for sector @ 0x02050000 if necessary
T6B98 003:954.665    -- Filling invalid ranges in sector buffer (flash cache) for sector @ 0x02050800 if necessary
T6B98 003:954.678    -- Filling invalid ranges in sector buffer (flash cache) for sector @ 0x02051000 if necessary
T6B98 003:954.692    -- Filling invalid ranges in sector buffer (flash cache) for sector @ 0x02051800 if necessary
T6B98 003:954.705    -- Filling invalid ranges in sector buffer (flash cache) for sector @ 0x02052000 if necessary
T6B98 003:954.718    -- Filling invalid ranges in sector buffer (flash cache) for sector @ 0x02052800 if necessary
T6B98 003:954.732    -- Filling invalid ranges in sector buffer (flash cache) for sector @ 0x02053000 if necessary
T6B98 003:954.745    -- Filling invalid ranges in sector buffer (flash cache) for sector @ 0x02053800 if necessary
T6B98 003:954.758    -- Filling invalid ranges in sector buffer (flash cache) for sector @ 0x02054000 if necessary
T6B98 003:954.772    -- Filling invalid ranges in sector buffer (flash cache) for sector @ 0x02054800 if necessary
T6B98 003:954.785    -- Filling invalid ranges in sector buffer (flash cache) for sector @ 0x02055000 if necessary
T6B98 003:954.799    -- Filling invalid ranges in sector buffer (flash cache) for sector @ 0x02055800 if necessary
T6B98 003:954.812    -- Filling invalid ranges in sector buffer (flash cache) for sector @ 0x02056000 if necessary
T6B98 003:954.826    -- Filling invalid ranges in sector buffer (flash cache) for sector @ 0x02056800 if necessary
T6B98 003:954.839    -- Filling invalid ranges in sector buffer (flash cache) for sector @ 0x02057000 if necessary
T6B98 003:954.856    -- Filling invalid ranges in sector buffer (flash cache) for sector @ 0x02057800 if necessary
T6B98 003:954.869    -- Filling invalid ranges in sector buffer (flash cache) for sector @ 0x02058000 if necessary
T6B98 003:954.885    -- Filling invalid ranges in sector buffer (flash cache) for sector @ 0x02058800 if necessary
T6B98 003:954.906    -- Filling invalid ranges in sector buffer (flash cache) for sector @ 0x02059000 if necessary
T6B98 003:954.920    -- Filling invalid ranges in sector buffer (flash cache) for sector @ 0x02059800 if necessary
T6B98 003:954.933    -- Filling invalid ranges in sector buffer (flash cache) for sector @ 0x0205A000 if necessary
T6B98 003:954.946    -- Filling invalid ranges in sector buffer (flash cache) for sector @ 0x0205A800 if necessary
T6B98 003:954.960    -- Filling invalid ranges in sector buffer (flash cache) for sector @ 0x0205B000 if necessary
T6B98 003:954.973    -- Filling invalid ranges in sector buffer (flash cache) for sector @ 0x0205B800 if necessary
T6B98 003:954.986    -- Filling invalid ranges in sector buffer (flash cache) for sector @ 0x0205C000 if necessary
T6B98 003:955.000    -- Filling invalid ranges in sector buffer (flash cache) for sector @ 0x0205C800 if necessary
T6B98 003:955.014    -- Filling invalid ranges in sector buffer (flash cache) for sector @ 0x0205D000 if necessary
T6B98 003:955.027    -- Filling invalid ranges in sector buffer (flash cache) for sector @ 0x0205D800 if necessary
T6B98 003:955.040    -- Filling invalid ranges in sector buffer (flash cache) for sector @ 0x0205E000 if necessary
T6B98 003:955.054    -- Filling invalid ranges in sector buffer (flash cache) for sector @ 0x0205E800 if necessary
T6B98 003:955.068    -- Filling invalid ranges in sector buffer (flash cache) for sector @ 0x0205F000 if necessary
T6B98 003:955.081    -- Filling invalid ranges in sector buffer (flash cache) for sector @ 0x0205F800 if necessary
T6B98 003:955.094    -- Filling invalid ranges in sector buffer (flash cache) for sector @ 0x02060000 if necessary
T6B98 003:955.110    -- Filling invalid ranges in sector buffer (flash cache) for sector @ 0x02060800 if necessary
T6B98 003:955.124    -- Filling invalid ranges in sector buffer (flash cache) for sector @ 0x02061000 if necessary
T6B98 003:955.138    -- Filling invalid ranges in sector buffer (flash cache) for sector @ 0x02061800 if necessary
T6B98 003:955.151    -- Filling invalid ranges in sector buffer (flash cache) for sector @ 0x02062000 if necessary
T6B98 003:955.164    -- Filling invalid ranges in sector buffer (flash cache) for sector @ 0x02062800 if necessary
T6B98 003:955.177    -- Filling invalid ranges in sector buffer (flash cache) for sector @ 0x02063000 if necessary
T6B98 003:955.191    -- Filling invalid ranges in sector buffer (flash cache) for sector @ 0x02063800 if necessary
T6B98 003:955.204    -- Filling invalid ranges in sector buffer (flash cache) for sector @ 0x02064000 if necessary
T6B98 003:955.218    -- Filling invalid ranges in sector buffer (flash cache) for sector @ 0x02064800 if necessary
T6B98 003:955.231    -- Filling invalid ranges in sector buffer (flash cache) for sector @ 0x02065000 if necessary
T6B98 003:955.245    -- Filling invalid ranges in sector buffer (flash cache) for sector @ 0x02065800 if necessary
T6B98 003:955.258    -- Filling invalid ranges in sector buffer (flash cache) for sector @ 0x02066000 if necessary
T6B98 003:955.272    -- Filling invalid ranges in sector buffer (flash cache) for sector @ 0x02066800 if necessary
T6B98 003:955.302    -- Filling invalid ranges in sector buffer (flash cache) for sector @ 0x02067000 if necessary
T6B98 003:955.316    -- Filling invalid ranges in sector buffer (flash cache) for sector @ 0x02067800 if necessary
T6B98 003:955.329    -- Filling invalid ranges in sector buffer (flash cache) for sector @ 0x02068000 if necessary
T6B98 003:955.343    -- Filling invalid ranges in sector buffer (flash cache) for sector @ 0x02068800 if necessary
T6B98 003:955.356    -- Filling invalid ranges in sector buffer (flash cache) for sector @ 0x02069000 if necessary
T6B98 003:955.373    -- Filling invalid ranges in sector buffer (flash cache) for sector @ 0x02069800 if necessary
T6B98 003:955.387    -- Filling invalid ranges in sector buffer (flash cache) for sector @ 0x0206A000 if necessary
T6B98 003:955.400    -- Filling invalid ranges in sector buffer (flash cache) for sector @ 0x0206A800 if necessary
T6B98 003:955.414    -- Filling invalid ranges in sector buffer (flash cache) for sector @ 0x0206B000 if necessary
T6B98 003:955.427    -- Filling invalid ranges in sector buffer (flash cache) for sector @ 0x0206B800 if necessary
T6B98 003:955.440    -- Filling invalid ranges in sector buffer (flash cache) for sector @ 0x0206C000 if necessary
T6B98 003:955.454    -- Filling invalid ranges in sector buffer (flash cache) for sector @ 0x0206C800 if necessary
T6B98 003:955.467    -- Filling invalid ranges in sector buffer (flash cache) for sector @ 0x0206D000 if necessary
T6B98 003:955.480    -- Filling invalid ranges in sector buffer (flash cache) for sector @ 0x0206D800 if necessary
T6B98 003:955.494    -- Filling invalid ranges in sector buffer (flash cache) for sector @ 0x0206E000 if necessary
T6B98 003:955.508    -- Filling invalid ranges in sector buffer (flash cache) for sector @ 0x0206E800 if necessary
T6B98 003:955.521    -- Filling invalid ranges in sector buffer (flash cache) for sector @ 0x0206F000 if necessary
T6B98 003:955.535    -- Filling invalid ranges in sector buffer (flash cache) for sector @ 0x0206F800 if necessary
T6B98 003:955.548    -- Filling invalid ranges in sector buffer (flash cache) for sector @ 0x02070000 if necessary
T6B98 003:955.561    -- Filling invalid ranges in sector buffer (flash cache) for sector @ 0x02070800 if necessary
T6B98 003:955.575    -- Filling invalid ranges in sector buffer (flash cache) for sector @ 0x02071000 if necessary
T6B98 003:955.588    -- Filling invalid ranges in sector buffer (flash cache) for sector @ 0x02071800 if necessary
T6B98 003:955.602    -- Filling invalid ranges in sector buffer (flash cache) for sector @ 0x02072000 if necessary
T6B98 003:955.616    -- Filling invalid ranges in sector buffer (flash cache) for sector @ 0x02072800 if necessary
T6B98 003:955.634    -- Filling invalid ranges in sector buffer (flash cache) for sector @ 0x02073000 if necessary
T6B98 003:955.654    -- Filling invalid ranges in sector buffer (flash cache) for sector @ 0x02073800 if necessary
T6B98 003:955.671    -- Filling invalid ranges in sector buffer (flash cache) for sector @ 0x02074000 if necessary
T6B98 003:955.688    -- Filling invalid ranges in sector buffer (flash cache) for sector @ 0x02074800 if necessary
T6B98 003:955.702    -- Filling invalid ranges in sector buffer (flash cache) for sector @ 0x02075000 if necessary
T6B98 003:955.715    -- Filling invalid ranges in sector buffer (flash cache) for sector @ 0x02075800 if necessary
T6B98 003:955.728    -- Filling invalid ranges in sector buffer (flash cache) for sector @ 0x02076000 if necessary
T6B98 003:955.742    -- Filling invalid ranges in sector buffer (flash cache) for sector @ 0x02076800 if necessary
T6B98 003:955.756    -- Filling invalid ranges in sector buffer (flash cache) for sector @ 0x02077000 if necessary
T6B98 003:955.769    -- Filling invalid ranges in sector buffer (flash cache) for sector @ 0x02077800 if necessary
T6B98 003:955.782    -- Filling invalid ranges in sector buffer (flash cache) for sector @ 0x02078000 if necessary
T6B98 003:955.796    -- Filling invalid ranges in sector buffer (flash cache) for sector @ 0x02078800 if necessary
T6B98 003:955.809    -- Filling invalid ranges in sector buffer (flash cache) for sector @ 0x02079000 if necessary
T6B98 003:955.829    -- Filling invalid ranges in sector buffer (flash cache) for sector @ 0x02079800 if necessary
T6B98 003:955.842    -- Filling invalid ranges in sector buffer (flash cache) for sector @ 0x0207A000 if necessary
T6B98 003:955.856    -- Filling invalid ranges in sector buffer (flash cache) for sector @ 0x0207A800 if necessary
T6B98 003:955.872    -- Filling invalid ranges in sector buffer (flash cache) for sector @ 0x0207B000 if necessary
T6B98 003:955.885    -- Filling invalid ranges in sector buffer (flash cache) for sector @ 0x0207B800 if necessary
T6B98 003:955.899    -- Filling invalid ranges in sector buffer (flash cache) for sector @ 0x0207C000 if necessary
T6B98 003:955.912    -- Filling invalid ranges in sector buffer (flash cache) for sector @ 0x0207C800 if necessary
T6B98 003:955.926    -- Filling invalid ranges in sector buffer (flash cache) for sector @ 0x0207D000 if necessary
T6B98 003:955.945    -- Filling invalid ranges in sector buffer (flash cache) for sector @ 0x0207D800 if necessary
T6B98 003:955.965    -- Filling invalid ranges in sector buffer (flash cache) for sector @ 0x0207E000 if necessary
T6B98 003:955.986    -- Filling invalid ranges in sector buffer (flash cache) for sector @ 0x0207E800 if necessary
T6B98 003:955.999    -- Filling invalid ranges in sector buffer (flash cache) for sector @ 0x0207F000 if necessary
T6B98 003:956.013    -- Filling invalid ranges in sector buffer (flash cache) for sector @ 0x0207F800 if necessary
T6B98 003:956.026    -- Filling invalid ranges in sector buffer (flash cache) for sector @ 0x02080000 if necessary
T6B98 003:956.040    -- Filling invalid ranges in sector buffer (flash cache) for sector @ 0x02080800 if necessary
T6B98 003:956.054    -- Filling invalid ranges in sector buffer (flash cache) for sector @ 0x02081000 if necessary
T6B98 003:956.074    -- Filling invalid ranges in sector buffer (flash cache) for sector @ 0x02081800 if necessary
T6B98 003:956.088    -- Filling invalid ranges in sector buffer (flash cache) for sector @ 0x02082000 if necessary
T6B98 003:956.102    -- Filling invalid ranges in sector buffer (flash cache) for sector @ 0x02082800 if necessary
T6B98 003:956.115    -- Filling invalid ranges in sector buffer (flash cache) for sector @ 0x02083000 if necessary
T6B98 003:956.128    -- Filling invalid ranges in sector buffer (flash cache) for sector @ 0x02083800 if necessary
T6B98 003:956.142    -- Filling invalid ranges in sector buffer (flash cache) for sector @ 0x02084000 if necessary
T6B98 003:956.155    -- Filling invalid ranges in sector buffer (flash cache) for sector @ 0x02084800 if necessary
T6B98 003:956.168    -- Filling invalid ranges in sector buffer (flash cache) for sector @ 0x02085000 if necessary
T6B98 003:956.182    -- Filling invalid ranges in sector buffer (flash cache) for sector @ 0x02085800 if necessary
T6B98 003:956.195    -- Filling invalid ranges in sector buffer (flash cache) for sector @ 0x02086000 if necessary
T6B98 003:956.209    -- Filling invalid ranges in sector buffer (flash cache) for sector @ 0x02086800 if necessary
T6B98 003:956.222    -- Filling invalid ranges in sector buffer (flash cache) for sector @ 0x02087000 if necessary
T6B98 003:956.236    -- Filling invalid ranges in sector buffer (flash cache) for sector @ 0x02087800 if necessary
T6B98 003:956.249    -- Filling invalid ranges in sector buffer (flash cache) for sector @ 0x02088000 if necessary
T6B98 003:956.265    -- Filling invalid ranges in sector buffer (flash cache) for sector @ 0x02088800 if necessary
T6B98 003:956.279    -- Filling invalid ranges in sector buffer (flash cache) for sector @ 0x02089000 if necessary
T6B98 003:956.292    -- Filling invalid ranges in sector buffer (flash cache) for sector @ 0x02089800 if necessary
T6B98 003:956.310    -- Filling invalid ranges in sector buffer (flash cache) for sector @ 0x0208A000 if necessary
T6B98 003:956.330    -- Filling invalid ranges in sector buffer (flash cache) for sector @ 0x0208A800 if necessary
T6B98 003:956.346    -- Filling invalid ranges in sector buffer (flash cache) for sector @ 0x0208B000 if necessary
T6B98 003:956.359    -- Filling invalid ranges in sector buffer (flash cache) for sector @ 0x0208B800 if necessary
T6B98 003:956.373    -- Filling invalid ranges in sector buffer (flash cache) for sector @ 0x0208C000 if necessary
T6B98 003:956.389    -- Filling invalid ranges in sector buffer (flash cache) for sector @ 0x0208C800 if necessary
T6B98 003:956.403    -- Filling invalid ranges in sector buffer (flash cache) for sector @ 0x0208D000 if necessary
T6B98 003:956.416    -- Filling invalid ranges in sector buffer (flash cache) for sector @ 0x0208D800 if necessary
T6B98 003:956.429    -- Filling invalid ranges in sector buffer (flash cache) for sector @ 0x0208E000 if necessary
T6B98 003:956.443    -- Filling invalid ranges in sector buffer (flash cache) for sector @ 0x0208E800 if necessary
T6B98 003:956.456    -- Filling invalid ranges in sector buffer (flash cache) for sector @ 0x0208F000 if necessary
T6B98 003:956.470    -- Filling invalid ranges in sector buffer (flash cache) for sector @ 0x0208F800 if necessary
T6B98 003:956.483    -- Filling invalid ranges in sector buffer (flash cache) for sector @ 0x02090000 if necessary
T6B98 003:956.496    -- Filling invalid ranges in sector buffer (flash cache) for sector @ 0x02090800 if necessary
T6B98 003:956.509    -- Filling invalid ranges in sector buffer (flash cache) for sector @ 0x02091000 if necessary
T6B98 003:956.523    -- Filling invalid ranges in sector buffer (flash cache) for sector @ 0x02091800 if necessary
T6B98 003:956.536    -- Filling invalid ranges in sector buffer (flash cache) for sector @ 0x02092000 if necessary
T6B98 003:956.550    -- Filling invalid ranges in sector buffer (flash cache) for sector @ 0x02092800 if necessary
T6B98 003:956.563    -- Filling invalid ranges in sector buffer (flash cache) for sector @ 0x02093000 if necessary
T6B98 003:956.576    -- Filling invalid ranges in sector buffer (flash cache) for sector @ 0x02093800 if necessary
T6B98 003:956.590    -- Filling invalid ranges in sector buffer (flash cache) for sector @ 0x02094000 if necessary
T6B98 003:956.607    -- Filling invalid ranges in sector buffer (flash cache) for sector @ 0x02094800 if necessary
T6B98 003:956.626    -- Filling invalid ranges in sector buffer (flash cache) for sector @ 0x02095000 if necessary
T6B98 003:956.640    -- Filling invalid ranges in sector buffer (flash cache) for sector @ 0x02095800 if necessary
T6B98 003:956.653    -- Filling invalid ranges in sector buffer (flash cache) for sector @ 0x02096000 if necessary
T6B98 003:956.667    -- Filling invalid ranges in sector buffer (flash cache) for sector @ 0x02096800 if necessary
T6B98 003:956.680    -- Filling invalid ranges in sector buffer (flash cache) for sector @ 0x02097000 if necessary
T6B98 003:956.693    -- Filling invalid ranges in sector buffer (flash cache) for sector @ 0x02097800 if necessary
T6B98 003:956.707    -- Filling invalid ranges in sector buffer (flash cache) for sector @ 0x02098000 if necessary
T6B98 003:956.720    -- Filling invalid ranges in sector buffer (flash cache) for sector @ 0x02098800 if necessary
T6B98 003:956.734    -- Filling invalid ranges in sector buffer (flash cache) for sector @ 0x02099000 if necessary
T6B98 003:956.747    -- Filling invalid ranges in sector buffer (flash cache) for sector @ 0x02099800 if necessary
T6B98 003:956.764    -- Filling invalid ranges in sector buffer (flash cache) for sector @ 0x0209A000 if necessary
T6B98 003:956.785    -- Filling invalid ranges in sector buffer (flash cache) for sector @ 0x0209A800 if necessary
T6B98 003:956.804    -- Filling invalid ranges in sector buffer (flash cache) for sector @ 0x0209B000 if necessary
T6B98 003:956.824    -- Filling invalid ranges in sector buffer (flash cache) for sector @ 0x0209B800 if necessary
T6B98 003:956.838    -- Filling invalid ranges in sector buffer (flash cache) for sector @ 0x0209C000 if necessary
T6B98 003:956.857    -- Filling invalid ranges in sector buffer (flash cache) for sector @ 0x0209C800 if necessary
T6B98 003:956.877    -- Filling invalid ranges in sector buffer (flash cache) for sector @ 0x0209D000 if necessary
T6B98 003:956.897    -- Filling invalid ranges in sector buffer (flash cache) for sector @ 0x0209D800 if necessary
T6B98 003:957.010    -- Filling invalid ranges in sector buffer (flash cache) for sector @ 0x0209E000 if necessary
T6B98 003:957.025    -- Filling invalid ranges in sector buffer (flash cache) for sector @ 0x0209E800 if necessary
T6B98 003:957.043    -- Filling invalid ranges in sector buffer (flash cache) for sector @ 0x0209F000 if necessary
T6B98 003:957.079    -- Filling invalid ranges in sector buffer (flash cache) for sector @ 0x0209F800 if necessary
T6B98 003:957.095    -- Filling invalid ranges in sector buffer (flash cache) for sector @ 0x020A0000 if necessary
T6B98 003:957.109    -- Filling invalid ranges in sector buffer (flash cache) for sector @ 0x020A0800 if necessary
T6B98 003:957.124    -- Filling invalid ranges in sector buffer (flash cache) for sector @ 0x020A1000 if necessary
T6B98 003:957.143    -- Filling invalid ranges in sector buffer (flash cache) for sector @ 0x020A1800 if necessary
T6B98 003:957.164    -- Filling invalid ranges in sector buffer (flash cache) for sector @ 0x020A2000 if necessary
T6B98 003:957.184    -- Filling invalid ranges in sector buffer (flash cache) for sector @ 0x020A2800 if necessary
T6B98 003:957.204    -- Filling invalid ranges in sector buffer (flash cache) for sector @ 0x020A3000 if necessary
T6B98 003:957.220    -- Filling invalid ranges in sector buffer (flash cache) for sector @ 0x020A3800 if necessary
T6B98 003:957.240    -- Filling invalid ranges in sector buffer (flash cache) for sector @ 0x020A4000 if necessary
T6B98 003:957.260    -- Filling invalid ranges in sector buffer (flash cache) for sector @ 0x020A4800 if necessary
T6B98 003:957.273    -- Filling invalid ranges in sector buffer (flash cache) for sector @ 0x020A5000 if necessary
T6B98 003:957.287    -- Filling invalid ranges in sector buffer (flash cache) for sector @ 0x020A5800 if necessary
T6B98 003:957.300    -- Filling invalid ranges in sector buffer (flash cache) for sector @ 0x020A6000 if necessary
T6B98 003:957.320    -- Filling invalid ranges in sector buffer (flash cache) for sector @ 0x020A6800 if necessary
T6B98 003:957.340    -- Filling invalid ranges in sector buffer (flash cache) for sector @ 0x020A7000 if necessary
T6B98 003:957.360    -- Filling invalid ranges in sector buffer (flash cache) for sector @ 0x020A7800 if necessary
T6B98 003:957.374    -- Filling invalid ranges in sector buffer (flash cache) for sector @ 0x020A8000 if necessary
T6B98 003:957.388    -- Filling invalid ranges in sector buffer (flash cache) for sector @ 0x020A8800 if necessary
T6B98 003:957.401    -- Filling invalid ranges in sector buffer (flash cache) for sector @ 0x020A9000 if necessary
T6B98 003:957.415    -- Filling invalid ranges in sector buffer (flash cache) for sector @ 0x020A9800 if necessary
T6B98 003:957.433    -- Filling invalid ranges in sector buffer (flash cache) for sector @ 0x020AA000 if necessary
T6B98 003:957.453    -- Filling invalid ranges in sector buffer (flash cache) for sector @ 0x020AA800 if necessary
T6B98 003:957.470    -- Filling invalid ranges in sector buffer (flash cache) for sector @ 0x020AB000 if necessary
T6B98 003:957.484    -- Filling invalid ranges in sector buffer (flash cache) for sector @ 0x020AB800 if necessary
T6B98 003:957.497    -- Filling invalid ranges in sector buffer (flash cache) for sector @ 0x020AC000 if necessary
T6B98 003:957.511    -- Filling invalid ranges in sector buffer (flash cache) for sector @ 0x020AC800 if necessary
T6B98 003:957.524    -- Filling invalid ranges in sector buffer (flash cache) for sector @ 0x020AD000 if necessary
T6B98 003:957.538    -- Filling invalid ranges in sector buffer (flash cache) for sector @ 0x020AD800 if necessary
T6B98 003:957.551    -- Filling invalid ranges in sector buffer (flash cache) for sector @ 0x020AE000 if necessary
T6B98 003:957.564    -- Filling invalid ranges in sector buffer (flash cache) for sector @ 0x020AE800 if necessary
T6B98 003:957.578    -- Filling invalid ranges in sector buffer (flash cache) for sector @ 0x020AF000 if necessary
T6B98 003:957.591    -- Filling invalid ranges in sector buffer (flash cache) for sector @ 0x020AF800 if necessary
T6B98 003:957.609    -- Filling invalid ranges in sector buffer (flash cache) for sector @ 0x020B0000 if necessary
T6B98 003:957.622    -- Filling invalid ranges in sector buffer (flash cache) for sector @ 0x020B0800 if necessary
T6B98 003:957.639    -- Filling invalid ranges in sector buffer (flash cache) for sector @ 0x020B1000 if necessary
T6B98 003:957.659    -- Filling invalid ranges in sector buffer (flash cache) for sector @ 0x020B1800 if necessary
T6B98 003:957.679    -- Filling invalid ranges in sector buffer (flash cache) for sector @ 0x020B2000 if necessary
T6B98 003:957.697    -- Filling invalid ranges in sector buffer (flash cache) for sector @ 0x020B2800 if necessary
T6B98 003:957.714    -- Filling invalid ranges in sector buffer (flash cache) for sector @ 0x020B3000 if necessary
T6B98 003:957.730    -- Filling invalid ranges in sector buffer (flash cache) for sector @ 0x020B3800 if necessary
T6B98 003:957.745    -- Filling invalid ranges in sector buffer (flash cache) for sector @ 0x020B4000 if necessary
T6B98 003:957.761    -- Filling invalid ranges in sector buffer (flash cache) for sector @ 0x020B4800 if necessary
T6B98 003:957.777    -- Filling invalid ranges in sector buffer (flash cache) for sector @ 0x020B5000 if necessary
T6B98 003:957.793    -- Filling invalid ranges in sector buffer (flash cache) for sector @ 0x020B5800 if necessary
T6B98 003:957.809    -- Filling invalid ranges in sector buffer (flash cache) for sector @ 0x020B6000 if necessary
T6B98 003:957.836    -- Filling invalid ranges in sector buffer (flash cache) for sector @ 0x020B6800 if necessary
T6B98 003:957.856    -- Filling invalid ranges in sector buffer (flash cache) for sector @ 0x020B7000 if necessary
T6B98 003:957.872    -- Filling invalid ranges in sector buffer (flash cache) for sector @ 0x020B7800 if necessary
T6B98 003:957.885    -- Filling invalid ranges in sector buffer (flash cache) for sector @ 0x020B8000 if necessary
T6B98 003:957.898    -- Filling invalid ranges in sector buffer (flash cache) for sector @ 0x020B8800 if necessary
T6B98 003:957.913    -- Filling invalid ranges in sector buffer (flash cache) for sector @ 0x020B9000 if necessary
T6B98 003:957.933    -- Filling invalid ranges in sector buffer (flash cache) for sector @ 0x020B9800 if necessary
T6B98 003:957.952    -- Filling invalid ranges in sector buffer (flash cache) for sector @ 0x020BA000 if necessary
T6B98 003:957.966    -- Filling invalid ranges in sector buffer (flash cache) for sector @ 0x020BA800 if necessary
T6B98 003:958.013    -- Filling invalid ranges in sector buffer (flash cache) for sector @ 0x020D8000 if necessary
T6B98 003:958.034    -- Filling invalid ranges in sector buffer (flash cache) for sector @ 0x020D8800 if necessary
T6B98 003:958.050    -- Filling invalid ranges in sector buffer (flash cache) for sector @ 0x020D9000 if necessary
T6B98 003:958.064    -- Filling invalid ranges in sector buffer (flash cache) for sector @ 0x020D9800 if necessary
T6B98 003:958.077    -- Filling invalid ranges in sector buffer (flash cache) for sector @ 0x020DA000 if necessary
T6B98 003:958.090    -- Filling invalid ranges in sector buffer (flash cache) for sector @ 0x020DA800 if necessary
T6B98 003:958.104    -- Filling invalid ranges in sector buffer (flash cache) for sector @ 0x020DB000 if necessary
T6B98 003:958.117    -- Filling invalid ranges in sector buffer (flash cache) for sector @ 0x020DB800 if necessary
T6B98 003:958.130    -- Filling invalid ranges in sector buffer (flash cache) for sector @ 0x020DC000 if necessary
T6B98 003:958.148    -- Filling invalid ranges in sector buffer (flash cache) for sector @ 0x020DC800 if necessary
T6B98 003:958.167    -- Filling invalid ranges in sector buffer (flash cache) for sector @ 0x020DD000 if necessary
T6B98 003:958.181    -- Filling invalid ranges in sector buffer (flash cache) for sector @ 0x020DD800 if necessary
T6B98 003:958.195    -- Filling invalid ranges in sector buffer (flash cache) for sector @ 0x020DE000 if necessary
T6B98 003:958.220    -- Filling invalid ranges in sector buffer (flash cache) for sector @ 0x020DE800 if necessary
T6B98 003:958.240    -- Filling invalid ranges in sector buffer (flash cache) for sector @ 0x020DF000 if necessary
T6B98 003:958.260    -- Filling invalid ranges in sector buffer (flash cache) for sector @ 0x020DF800 if necessary
T6B98 003:958.278    -- Filling invalid ranges in sector buffer (flash cache) for sector @ 0x020E0000 if necessary
T6B98 003:958.292    -- Filling invalid ranges in sector buffer (flash cache) for sector @ 0x020E0800 if necessary
T6B98 003:958.305    -- Filling invalid ranges in sector buffer (flash cache) for sector @ 0x020E1000 if necessary
T6B98 003:958.319    -- Filling invalid ranges in sector buffer (flash cache) for sector @ 0x020E1800 if necessary
T6B98 003:958.332    -- Filling invalid ranges in sector buffer (flash cache) for sector @ 0x020E2000 if necessary
T6B98 003:958.346    -- Filling invalid ranges in sector buffer (flash cache) for sector @ 0x020E2800 if necessary
T6B98 003:958.366    -- Filling invalid ranges in sector buffer (flash cache) for sector @ 0x020E3000 if necessary
T6B98 003:958.385    -- Filling invalid ranges in sector buffer (flash cache) for sector @ 0x020E3800 if necessary
T6B98 003:958.398    -- Filling invalid ranges in sector buffer (flash cache) for sector @ 0x020E4000 if necessary
T6B98 003:958.412    -- Filling invalid ranges in sector buffer (flash cache) for sector @ 0x020E4800 if necessary
T6B98 003:958.426    -- Filling invalid ranges in sector buffer (flash cache) for sector @ 0x020E5000 if necessary
T6B98 003:958.442    -- Filling invalid ranges in sector buffer (flash cache) for sector @ 0x020E5800 if necessary
T6B98 003:958.456    -- Filling invalid ranges in sector buffer (flash cache) for sector @ 0x020E6000 if necessary
T6B98 003:958.469    -- Filling invalid ranges in sector buffer (flash cache) for sector @ 0x020E6800 if necessary
T6B98 003:958.482    -- Filling invalid ranges in sector buffer (flash cache) for sector @ 0x020E7000 if necessary
T6B98 003:958.518    -- End of determining dirty areas
T6B98 003:958.531    -- Start of preparing flash programming
T6B98 003:958.960    -- Preparing RAMCode
T6B98 003:958.990    -- Calculating RAM usage
T6B98 003:959.004    -- RAM usage = 19424 Bytes
T6B98 003:959.016    -- Preserving CPU registers
T6B98 003:959.808    -- Preparing memory
T6B98 003:959.842    -- Preparing target
T6B98 003:959.855    -- Preserving target RAM temporarily used for programming
T6B98 004:070.408    -- Downloading RAMCode
T6B98 004:099.888    -- Initializing RAMCode (InitType: 3 = Verify)
T6B98 004:099.956    -- Executing SEGGER_FL_Prepare(3)
T6B98 004:105.641    -- SEGGER_FL_Prepare() changed clock speed to 150000000Hz
T6B98 004:105.690    -- End of preparing flash programming
T6B98 004:153.716    -- CPU is running at 150000 kHz.
T6B98 004:153.762    -- Start of comparing flash
T6B98 004:153.776    -- CRC check was estimated as fastest method
T6B98 004:236.783    -- Comparing range 0x2000000 - 0x201FFFF (64 Sectors, 128 KB), using single-block CRC calculation
T6B98 004:310.639    -- CRC does not match, checking individual sectors
T6B98 004:329.369    -- CRC does not match for sectors 0-15
T6B98 004:349.233    -- CRC does not match for sectors 16-31
T6B98 004:367.127    -- CRC does not match for sectors 32-47
T6B98 004:385.484    -- CRC does not match for sectors 48-63
T6B98 004:385.896    -- Comparing range 0x2020000 - 0x203FFFF (64 Sectors, 128 KB), using single-block CRC calculation
T6B98 004:449.084    -- CRC does not match, checking individual sectors
T6B98 004:467.191    -- CRC does not match for sectors 64-79
T6B98 004:485.188    -- CRC does not match for sectors 80-95
T6B98 004:503.429    -- CRC does not match for sectors 96-111
T6B98 004:521.607    -- CRC does not match for sectors 112-127
T6B98 004:522.020    -- Comparing range 0x2040000 - 0x205FFFF (64 Sectors, 128 KB), using single-block CRC calculation
T6B98 004:585.140    -- CRC does not match, checking individual sectors
T6B98 004:603.455    -- CRC does not match for sectors 128-143
T6B98 004:622.050    -- CRC does not match for sectors 144-159
T6B98 004:640.247    -- CRC does not match for sectors 160-175
T6B98 004:658.399    -- CRC does not match for sectors 176-191
T6B98 004:658.866    -- Comparing range 0x2060000 - 0x207FFFF (64 Sectors, 128 KB), using single-block CRC calculation
T6B98 004:721.575    -- CRC does not match, checking individual sectors
T6B98 004:739.573    -- CRC does not match for sectors 192-207
T6B98 004:757.340    -- CRC does not match for sectors 208-223
T6B98 004:775.551    -- CRC does not match for sectors 224-239
T6B98 004:794.910    -- CRC does not match for sectors 240-255
T6B98 004:795.306    -- Comparing range 0x2080000 - 0x209FFFF (64 Sectors, 128 KB), using single-block CRC calculation
T6B98 004:857.674    -- CRC does not match, checking individual sectors
T6B98 004:875.891    -- CRC does not match for sectors 256-271
T6B98 004:894.082    -- CRC does not match for sectors 272-287
T6B98 004:912.573    -- CRC does not match for sectors 288-303
T6B98 004:934.153    -- CRC does not match for sectors 304-319
T6B98 004:935.362    -- Comparing range 0x20A0000 - 0x20BAFFF (54 Sectors, 108 KB), using single-block CRC calculation
T6B98 004:989.796    -- CRC does not match, checking individual sectors
T6B98 005:008.243    -- CRC does not match for sectors 320-335
T6B98 005:026.813    -- CRC does not match for sectors 336-351
T6B98 005:044.741    -- CRC does not match for sectors 352-367
T6B98 005:053.082    -- CRC does not match for sectors 368-373
T6B98 005:053.467    -- Comparing range 0x20D8000 - 0x20E77FF (31 Sectors, 62 KB), using single-block CRC calculation
T6B98 005:085.882    -- CRC matches
T6B98 005:086.263    -- Comparing range 0x20D8000 - 0x20E77FF (31 Sectors, 62 KB), using alternative single-block CRC calculation
T6B98 005:119.102    -- CRC matches
T6B98 005:119.147    -- End of comparing flash
T6B98 005:119.169    -- Start of erasing sectors
T6B98 005:119.191    -- Erasing range 0x02000000 - 0x0201FFFF ( 64 Sectors, 128 KB)
T6B98 005:355.179    -- Erasing range 0x02020000 - 0x0203FFFF ( 64 Sectors, 128 KB)
T6B98 005:590.522    -- Erasing range 0x02040000 - 0x0205FFFF ( 64 Sectors, 128 KB)
T6B98 005:826.706    -- Erasing range 0x02060000 - 0x0207FFFF ( 64 Sectors, 128 KB)
T6B98 006:062.716    -- Erasing range 0x02080000 - 0x0209FFFF ( 64 Sectors, 128 KB)
T6B98 006:298.356    -- Erasing range 0x020A0000 - 0x020BAFFF ( 54 Sectors, 108 KB)
T6B98 006:497.952    -- End of erasing sectors
T6B98 006:498.003    -- Start of flash programming
T6B98 006:498.023    -- Programming range 0x02000000 - 0x02007FFF ( 16 Sectors, 32 KB)
T6B98 006:726.755    -- Programming range 0x02008000 - 0x0200FFFF ( 16 Sectors, 32 KB)
T6B98 006:975.752    -- Programming range 0x02010000 - 0x02017FFF ( 16 Sectors, 32 KB)
T6B98 007:226.166    -- Programming range 0x02018000 - 0x0201FFFF ( 16 Sectors, 32 KB)
T6B98 007:467.023    -- Programming range 0x02020000 - 0x02027FFF ( 16 Sectors, 32 KB)
T6B98 007:712.169    -- Programming range 0x02028000 - 0x0202FFFF ( 16 Sectors, 32 KB)
T6B98 007:957.561    -- Programming range 0x02030000 - 0x02037FFF ( 16 Sectors, 32 KB)
T6B98 008:203.421    -- Programming range 0x02038000 - 0x0203FFFF ( 16 Sectors, 32 KB)
T6B98 008:452.453    -- Programming range 0x02040000 - 0x02047FFF ( 16 Sectors, 32 KB)
T6B98 008:695.377    -- Programming range 0x02048000 - 0x0204FFFF ( 16 Sectors, 32 KB)
T6B98 008:944.906    -- Programming range 0x02050000 - 0x02057FFF ( 16 Sectors, 32 KB)
T6B98 009:190.262    -- Programming range 0x02058000 - 0x0205FFFF ( 16 Sectors, 32 KB)
T6B98 009:434.048    -- Programming range 0x02060000 - 0x02067FFF ( 16 Sectors, 32 KB)
T6B98 009:679.506    -- Programming range 0x02068000 - 0x0206FFFF ( 16 Sectors, 32 KB)
T6B98 009:923.761    -- Programming range 0x02070000 - 0x02077FFF ( 16 Sectors, 32 KB)
T6B98 010:168.590    -- Programming range 0x02078000 - 0x0207FFFF ( 16 Sectors, 32 KB)
T6B98 010:416.810    -- Programming range 0x02080000 - 0x02087FFF ( 16 Sectors, 32 KB)
T6B98 010:661.819    -- Programming range 0x02088000 - 0x0208FFFF ( 16 Sectors, 32 KB)
T6B98 010:909.002    -- Programming range 0x02090000 - 0x02097FFF ( 16 Sectors, 32 KB)
T6B98 011:151.287    -- Programming range 0x02098000 - 0x0209FFFF ( 16 Sectors, 32 KB)
T6B98 011:395.104    -- Programming range 0x020A0000 - 0x020A7FFF ( 16 Sectors, 32 KB)
T6B98 011:646.641    -- Programming range 0x020A8000 - 0x020AFFFF ( 16 Sectors, 32 KB)
T6B98 011:894.811    -- Programming range 0x020B0000 - 0x020B7FFF ( 16 Sectors, 32 KB)
T6B98 012:138.812    -- Programming range 0x020B8000 - 0x020BAFFF (  6 Sectors, 12 KB)
T6B98 012:231.530    -- End of flash programming
T6B98 012:231.597    -- 0x2000000 - 0x20BAFFF (374 Sectors, 748 KB)
T6B98 012:231.627    -- Start of verifying flash
T6B98 012:231.654    -- Checksum calculation was estimated as fastest method
T6B98 012:231.682    -- Checksum is not supported by this flash bank. Switched to read back method.
T6B98 012:618.159    -- End of verifying flash
T6B98 012:618.205    -- Start of restoring
T6B98 012:618.221    -- Executing SEGGER_FL_Restore()
T6B98 012:623.800    -- Restoring target memory
T6B98 012:723.142    -- Restoring CPU registers
T6B98 012:723.553    -- End of restoring
T6B98 012:723.600    -- Bank 0 @ 0x02000000: 1 range affected (765952 bytes)
T6B98 012:723.632    -- Total: 8.765s (Prepare: 0.195s, Compare: 0.965s, Erase: 1.378s, Program: 5.751s, Verify: 0.369s, Restore: 0.105s)
T6B98 012:723.657    -- Program & Verify speed: 122 KB/s
T6B98 012:731.670    -- --------------------------------------
T6B98 012:731.711    -- Start of determining flash info (Bank @ 0x02C9F020)
T6B98 012:731.734    -- End of determining flash info
T6B98 012:731.753    -- Start of determining dirty areas in flash cache
T6B98 012:731.774    -- Filling invalid ranges in sector buffer (flash cache) for sector @ 0x02C9F040 if necessary
T6B98 012:731.800    -- Filling invalid ranges in sector buffer (flash cache) for sector @ 0x02C9F0C0 if necessary
T6B98 012:731.820    -- Filling invalid ranges in sector buffer (flash cache) for sector @ 0x02C9F120 if necessary
T6B98 012:731.845    -- End of determining dirty areas
T6B98 012:731.864    -- Start of preparing flash programming
T6B98 012:731.882    -- Preparing RAMCode
T6B98 012:731.900    -- Calculating RAM usage
T6B98 012:731.919    -- RAM usage = 3472 Bytes
T6B98 012:731.938    -- Preserving CPU registers
T6B98 012:732.008    -- Preparing memory
T6B98 012:732.029    -- Preparing target
T6B98 012:732.047    -- Preserving target RAM temporarily used for programming
T6B98 012:752.303    -- Downloading RAMCode
T6B98 012:774.958    -- Initializing RAMCode (InitType: 3 = Verify)
T6B98 012:774.999    -- Executing SEGGER_FL_Prepare(3)
T6B98 012:781.511    -- End of preparing flash programming
T6B98 012:789.891    -- CPU speed could not be measured.
T6B98 012:789.946    -- Start of comparing flash
T6B98 012:789.966    -- CRC check was estimated as fastest method
T6B98 012:822.708    -- Comparing range 0x2C9F040 - 0x2C9F04F (1 Sector, 16 Bytes), using single-block CRC calculation
T6B98 012:831.466    -- CRC matches
T6B98 012:831.966    -- Comparing range 0x2C9F0C0 - 0x2C9F0CF (1 Sector, 16 Bytes), using single-block CRC calculation
T6B98 012:836.891    -- CRC matches
T6B98 012:837.368    -- Comparing range 0x2C9F120 - 0x2C9F12F (1 Sector, 16 Bytes), using single-block CRC calculation
T6B98 012:841.211    -- CRC matches
T6B98 012:842.387    -- Comparing range 0x2C9F040 - 0x2C9F04F (1 Sector, 16 Bytes), using alternative single-block CRC calculation
T6B98 012:846.902    -- CRC matches
T6B98 012:847.306    -- Comparing range 0x2C9F0C0 - 0x2C9F0CF (1 Sector, 16 Bytes), using alternative single-block CRC calculation
T6B98 012:851.966    -- CRC matches
T6B98 012:853.442    -- Comparing range 0x2C9F120 - 0x2C9F12F (1 Sector, 16 Bytes), using alternative single-block CRC calculation
T6B98 012:860.030    -- CRC matches
T6B98 012:860.086    -- End of comparing flash
T6B98 012:860.102    -- Start of erasing sectors
T6B98 012:860.115    -- End of erasing sectors
T6B98 012:860.128    -- Start of flash programming
T6B98 012:860.141    -- End of flash programming
T6B98 012:860.154    -- Start of verifying flash
T6B98 012:860.166    -- End of verifying flash
T6B98 012:860.178    -- Start of restoring
T6B98 012:860.191    -- Executing SEGGER_FL_Restore()
T6B98 012:865.940    -- Restoring target memory
T6B98 012:884.733    -- Restoring CPU registers
T6B98 012:885.181    -- End of restoring
T6B98 012:885.233    -- Bank 1 @ 0x02C9F020: Skipped. Contents already match
T6B98 012:885.258    -- Bank 1 @ 0x02C9F020: Skipped. Contents already match
T6B98 013:043.970 - 9092.767ms returns 765952 (0xBB000)
T6B98 013:048.416 JLINK_WriteReg(R15 (PC), 0x02010DD0)
T6B98 013:048.466 - 0.050ms returns 0
T6B98 013:048.491 JLINK_WriteReg(XPSR, 0x01000000)
T6B98 013:048.506 - 0.014ms returns 0
T6B98 013:048.523 JLINK_WriteReg(R15 (PC), 0x020E0D90)
T6B98 013:048.534 - 0.011ms returns 0
T6B98 013:048.942 JLINK_WriteMem(0x220EBA60, 0x4 Bytes, ...)
T6B98 013:048.968   Data:  00 00 00 00
T6B98 013:048.997   CPU_WriteMem(4 bytes @ 0x220EBA60)
T6B98 013:049.623 - 0.680ms returns 0x4
T6B98 013:049.659 JLINK_ReadMem(0x220EBA60, 0x4 Bytes, ...)
T6B98 013:049.674   CPU_ReadMem(4 bytes @ 0x220EBA60)
T6B98 013:050.234   Data:  00 00 00 00
T6B98 013:050.271 - 0.611ms returns 0
T6B98 013:050.294 JLINK_ReadMem(0x220EBA3C, 0x4 Bytes, ...)
T6B98 013:050.318   CPU_ReadMem(4 bytes @ 0x220EBA3C)
T6B98 013:050.917   Data:  01 00 00 00
T6B98 013:050.944 - 0.650ms returns 0
T6B98 013:050.963 JLINK_ReadMem(0x020BAAE4, 0x4 Bytes, ...)
T6B98 013:050.974    -- Read from flash cache (4 bytes @ 0x020BAAE4)
T6B98 013:050.986   Data:  07 00 00 00
T6B98 013:050.998 - 0.035ms returns 0
T6B98 013:051.834 JLINK_ResetPullsRESET(ON)
T6B98 013:051.858 - 0.024ms 
T6B98 013:051.869 JLINK_Halt()
T6B98 013:051.878 - 0.008ms returns 0x00
T6B98 013:051.887 JLINK_IsHalted()
T6B98 013:051.896 - 0.009ms returns TRUE
T6B98 013:051.906 JLINK_Reset()
T6B98 013:051.919   ResetTarget() start
T6B98 013:051.931    J-Link Script File: Executing ResetTarget()
T6B98 013:052.787   CPU_ReadMem(4 bytes @ 0xE000ED44)
T6B98 013:053.094   CPU_ReadMem(4 bytes @ 0xE000EE08)
T6B98 013:053.443   CPU_WriteMem(4 bytes @ 0xE000EE08)
T6B98 013:053.793   CPU_ReadMem(4 bytes @ 0xE000EE08)
T6B98 013:054.083   Reset: ARMv8M core with Security Extension enabled detected. Switch to secure domain.
T6B98 013:054.109   Reset: Halt core after reset via DEMCR.VC_CORERESET.
T6B98 013:054.127   CPU_WriteMem(4 bytes @ 0xE000EDF0)
T6B98 013:054.432   CPU_WriteMem(4 bytes @ 0xE000EDFC)
T6B98 013:055.011   Reset: Reset device via AIRCR.SYSRESETREQ.
T6B98 013:055.041   CPU_WriteMem(4 bytes @ 0xE000ED0C)
T6B98 013:106.886   CPU_ReadMem(4 bytes @ 0xE000EDF0)
T6B98 013:107.252   CPU_ReadMem(4 bytes @ 0xE000EDF0)
T6B98 013:107.592   CPU_WriteMem(4 bytes @ 0xE000EDFC)
T6B98 013:107.969   ResetTarget() end - Took 56.0ms
T6B98 013:108.001   Device specific reset executed.
T6B98 013:111.601   CPU_WriteMem(4 bytes @ 0xE0002000)
T6B98 013:111.963   CPU_ReadMem(4 bytes @ 0xE000EDFC)
T6B98 013:112.255   CPU_ReadMem(4 bytes @ 0xE0001000)
T6B98 013:112.566   CPU_ReadMem(4 bytes @ 0xE000EE08)
T6B98 013:112.905 - 60.997ms 
T6B98 013:116.369 JLINK_SetEndian(ARM_ENDIAN_LITTLE)
T6B98 013:116.399 - 0.030ms returns 0
T6B98 013:116.440 JLINK_ReadMem(0x220EBA60, 0x4 Bytes, ...)
T6B98 013:116.466   CPU_ReadMem(4 bytes @ 0x220EBA60)
T6B98 013:117.045   Data:  00 00 00 00
T6B98 013:117.069 - 0.628ms returns 0
T6B98 013:117.085 JLINK_ReadMem(0x220EBA3C, 0x4 Bytes, ...)
T6B98 013:117.099   CPU_ReadMem(4 bytes @ 0x220EBA3C)
T6B98 013:117.662   Data:  01 00 00 00
T6B98 013:117.680 - 0.595ms returns 0
T6B98 013:117.696 JLINK_ReadMem(0x020BAAE4, 0x4 Bytes, ...)
T6B98 013:117.706    -- Read from flash cache (4 bytes @ 0x020BAAE4)
T6B98 013:117.718   Data:  07 00 00 00
T6B98 013:117.734 - 0.038ms returns 0
T6B98 013:175.251 JLINK_WriteMem(0x220EBA60, 0x4 Bytes, ...)
T6B98 013:175.291   Data:  00 00 00 00
T6B98 013:175.594   CPU_WriteMem(4 bytes @ 0x220EBA60)
T6B98 013:176.310 - 1.058ms returns 0x4
T6B98 013:176.370 JLINK_ReadMem(0x220EBA60, 0x4 Bytes, ...)
T6B98 013:176.398   CPU_ReadMem(4 bytes @ 0x220EBA60)
T6B98 013:176.986   Data:  00 00 00 00
T6B98 013:177.020 - 0.651ms returns 0
T6B98 013:177.050 JLINK_ReadMem(0x220EBA3C, 0x4 Bytes, ...)
T6B98 013:177.078   CPU_ReadMem(4 bytes @ 0x220EBA3C)
T6B98 013:177.671   Data:  01 00 00 00
T6B98 013:177.707 - 0.656ms returns 0
T6B98 013:177.732 JLINK_ReadMem(0x020BAAE4, 0x4 Bytes, ...)
T6B98 013:177.747    -- Read from flash cache (4 bytes @ 0x020BAAE4)
T6B98 013:177.766   Data:  07 00 00 00
T6B98 013:177.782 - 0.050ms returns 0
T6B98 013:179.922 JLINK_ReadMem(0x220EBA60, 0x4 Bytes, ...)
T6B98 013:179.962   CPU_ReadMem(4 bytes @ 0x220EBA60)
T6B98 013:180.573   Data:  00 00 00 00
T6B98 013:180.607 - 0.685ms returns 0
T6B98 013:180.630 JLINK_ReadMem(0x220EBA3C, 0x4 Bytes, ...)
T6B98 013:180.650   CPU_ReadMem(4 bytes @ 0x220EBA3C)
T6B98 013:181.226   Data:  01 00 00 00
T6B98 013:181.254 - 0.624ms returns 0
T6B98 013:181.276 JLINK_ReadMem(0x020BAAE4, 0x4 Bytes, ...)
T6B98 013:181.291    -- Read from flash cache (4 bytes @ 0x020BAAE4)
T6B98 013:181.309   Data:  07 00 00 00
T6B98 013:181.326 - 0.050ms returns 0
T6B98 013:181.349 JLINK_ReadMem(0x220EBA60, 0x4 Bytes, ...)
T6B98 013:181.366   CPU_ReadMem(4 bytes @ 0x220EBA60)
T6B98 013:181.945   Data:  00 00 00 00
T6B98 013:181.978 - 0.628ms returns 0
T6B98 013:181.998 JLINK_ReadMem(0x220EBA3C, 0x4 Bytes, ...)
T6B98 013:182.016   CPU_ReadMem(4 bytes @ 0x220EBA3C)
T6B98 013:182.627   Data:  01 00 00 00
T6B98 013:182.658 - 0.659ms returns 0
T6B98 013:182.681 JLINK_ReadMem(0x020BAAE4, 0x4 Bytes, ...)
T6B98 013:182.696    -- Read from flash cache (4 bytes @ 0x020BAAE4)
T6B98 013:182.712   Data:  07 00 00 00
T6B98 013:182.730 - 0.049ms returns 0
T6B98 013:184.318 JLINK_ReadMem(0x020E0D90, 0x4 Bytes, ...)
T6B98 013:184.349    -- Read from flash cache (4 bytes @ 0x020E0D90)
T6B98 013:184.365   Data:  00 F0 06 F8
T6B98 013:184.381 - 0.064ms returns 0
T6B98 013:184.778 JLINK_ReadMem(0x020E0D90, 0x2 Bytes, ...)
T6B98 013:184.808    -- Read from flash cache (2 bytes @ 0x020E0D90)
T6B98 013:184.824   Data:  00 F0
T6B98 013:184.842 - 0.063ms returns 0
T6B98 013:205.440 JLINK_ReadMem(0x220EBA60, 0x4 Bytes, ...)
T6B98 013:205.496   CPU_ReadMem(4 bytes @ 0x220EBA60)
T6B98 013:206.197   Data:  00 00 00 00
T6B98 013:206.241 - 0.802ms returns 0
T6B98 013:206.263 JLINK_ReadMem(0x220EBA3C, 0x4 Bytes, ...)
T6B98 013:206.285   CPU_ReadMem(4 bytes @ 0x220EBA3C)
T6B98 013:206.897   Data:  01 00 00 00
T6B98 013:206.926 - 0.663ms returns 0
T6B98 013:206.950 JLINK_ReadMem(0x020BAAE4, 0x4 Bytes, ...)
T6B98 013:206.966    -- Read from flash cache (4 bytes @ 0x020BAAE4)
T6B98 013:206.985   Data:  07 00 00 00
T6B98 013:207.002 - 0.052ms returns 0
T6B98 013:207.027 JLINK_ReadMem(0x220EBA60, 0x4 Bytes, ...)
T6B98 013:207.046   CPU_ReadMem(4 bytes @ 0x220EBA60)
T6B98 013:207.643   Data:  00 00 00 00
T6B98 013:207.680 - 0.652ms returns 0
T6B98 013:207.704 JLINK_ReadMem(0x220EBA3C, 0x4 Bytes, ...)
T6B98 013:207.726   CPU_ReadMem(4 bytes @ 0x220EBA3C)
T6B98 013:208.319   Data:  01 00 00 00
T6B98 013:208.352 - 0.648ms returns 0
T6B98 013:208.374 JLINK_ReadMem(0x020BAAE4, 0x4 Bytes, ...)
T6B98 013:208.389    -- Read from flash cache (4 bytes @ 0x020BAAE4)
T6B98 013:208.406   Data:  07 00 00 00
T6B98 013:208.422 - 0.048ms returns 0
T6B98 013:209.761 JLINK_ReadMem(0x020E0D90, 0x4 Bytes, ...)
T6B98 013:209.795    -- Read from flash cache (4 bytes @ 0x020E0D90)
T6B98 013:209.811   Data:  00 F0 06 F8
T6B98 013:209.826 - 0.066ms returns 0
T6B98 013:210.225 JLINK_ReadMem(0x020E0D90, 0x2 Bytes, ...)
T6B98 013:210.266    -- Read from flash cache (2 bytes @ 0x020E0D90)
T6B98 013:210.283   Data:  00 F0
T6B98 013:210.301 - 0.076ms returns 0
T6B98 013:489.440 JLINK_ReadMem(0x220EBA60, 0x4 Bytes, ...)
T6B98 013:489.501   CPU_ReadMem(4 bytes @ 0x220EBA60)
T6B98 013:490.133   Data:  00 00 00 00
T6B98 013:490.171 - 0.731ms returns 0
T6B98 013:490.194 JLINK_ReadMem(0x220EBA3C, 0x4 Bytes, ...)
T6B98 013:490.213   CPU_ReadMem(4 bytes @ 0x220EBA3C)
T6B98 013:490.813   Data:  01 00 00 00
T6B98 013:490.838 - 0.645ms returns 0
T6B98 013:490.858 JLINK_ReadMem(0x020BAAE4, 0x4 Bytes, ...)
T6B98 013:490.869    -- Read from flash cache (4 bytes @ 0x020BAAE4)
T6B98 013:490.882   Data:  07 00 00 00
T6B98 013:490.893 - 0.034ms returns 0
T6B98 013:490.938 JLINK_ReadReg(XPSR)
T6B98 013:490.949   CPU_ReadMem(4 bytes @ 0xE000EE08)
T6B98 013:491.238 - 0.300ms returns 0x01000000
T6B98 013:491.275 JLINK_ReadReg(MSP)
T6B98 013:491.290 - 0.014ms returns 0x22004720
T6B98 013:491.736 JLINK_ReadMem(0x220EBA60, 0x4 Bytes, ...)
T6B98 013:491.768   CPU_ReadMem(4 bytes @ 0x220EBA60)
T6B98 013:492.346   Data:  00 00 00 00
T6B98 013:492.374 - 0.638ms returns 0
T6B98 013:492.395 JLINK_ReadMem(0x220EBA3C, 0x4 Bytes, ...)
T6B98 013:492.419   CPU_ReadMem(4 bytes @ 0x220EBA3C)
T6B98 013:493.000   Data:  01 00 00 00
T6B98 013:493.026 - 0.630ms returns 0
T6B98 013:493.048 JLINK_ReadMem(0x020BAAE4, 0x4 Bytes, ...)
T6B98 013:493.062    -- Read from flash cache (4 bytes @ 0x020BAAE4)
T6B98 013:493.077   Data:  07 00 00 00
T6B98 013:493.094 - 0.046ms returns 0
T6B98 013:493.138 JLINK_ReadReg(XPSR)
T6B98 013:493.154 - 0.015ms returns 0x01000000
T6B98 013:493.166 JLINK_ReadReg(PSP)
T6B98 013:493.179 - 0.012ms returns 0x00000000
T6B98 013:493.600 JLINK_ReadMem(0x220EBA60, 0x4 Bytes, ...)
T6B98 013:493.632   CPU_ReadMem(4 bytes @ 0x220EBA60)
T6B98 013:494.211   Data:  00 00 00 00
T6B98 013:494.232 - 0.632ms returns 0
T6B98 013:494.248 JLINK_ReadMem(0x220EBA3C, 0x4 Bytes, ...)
T6B98 013:494.261   CPU_ReadMem(4 bytes @ 0x220EBA3C)
T6B98 013:494.821   Data:  01 00 00 00
T6B98 013:494.842 - 0.595ms returns 0
T6B98 013:494.858 JLINK_ReadMem(0x020BAAE4, 0x4 Bytes, ...)
T6B98 013:494.867    -- Read from flash cache (4 bytes @ 0x020BAAE4)
T6B98 013:494.878   Data:  07 00 00 00
T6B98 013:494.890 - 0.032ms returns 0
T6B98 013:494.925 JLINK_ReadReg(XPSR)
T6B98 013:494.934 - 0.011ms returns 0x01000000
T6B98 013:494.944 JLINK_ReadReg(MSP_S)
T6B98 013:494.955 - 0.010ms returns 0x22004720
T6B98 013:495.341 JLINK_ReadMem(0x220EBA60, 0x4 Bytes, ...)
T6B98 013:495.379   CPU_ReadMem(4 bytes @ 0x220EBA60)
T6B98 013:495.971   Data:  00 00 00 00
T6B98 013:495.995 - 0.655ms returns 0
T6B98 013:496.011 JLINK_ReadMem(0x220EBA3C, 0x4 Bytes, ...)
T6B98 013:496.024   CPU_ReadMem(4 bytes @ 0x220EBA3C)
T6B98 013:496.595   Data:  01 00 00 00
T6B98 013:496.619 - 0.608ms returns 0
T6B98 013:496.642 JLINK_ReadMem(0x020BAAE4, 0x4 Bytes, ...)
T6B98 013:496.654    -- Read from flash cache (4 bytes @ 0x020BAAE4)
T6B98 013:496.670   Data:  07 00 00 00
T6B98 013:496.686 - 0.046ms returns 0
T6B98 013:496.731 JLINK_ReadReg(XPSR)
T6B98 013:496.746 - 0.014ms returns 0x01000000
T6B98 013:496.760 JLINK_ReadReg(MSP_NS)
T6B98 013:496.771 - 0.012ms returns 0x00000000
T6B98 013:497.189 JLINK_ReadMem(0x220EBA60, 0x4 Bytes, ...)
T6B98 013:497.221   CPU_ReadMem(4 bytes @ 0x220EBA60)
T6B98 013:497.792   Data:  00 00 00 00
T6B98 013:497.816 - 0.628ms returns 0
T6B98 013:497.832 JLINK_ReadMem(0x220EBA3C, 0x4 Bytes, ...)
T6B98 013:497.845   CPU_ReadMem(4 bytes @ 0x220EBA3C)
T6B98 013:498.408   Data:  01 00 00 00
T6B98 013:498.434 - 0.601ms returns 0
T6B98 013:498.451 JLINK_ReadMem(0x020BAAE4, 0x4 Bytes, ...)
T6B98 013:498.462    -- Read from flash cache (4 bytes @ 0x020BAAE4)
T6B98 013:498.474   Data:  07 00 00 00
T6B98 013:498.486 - 0.034ms returns 0
T6B98 013:498.531 JLINK_ReadReg(XPSR)
T6B98 013:498.544 - 0.013ms returns 0x01000000
T6B98 013:498.555 JLINK_ReadReg(PSP_S)
T6B98 013:498.565 - 0.008ms returns 0x00000000
T6B98 013:499.066 JLINK_ReadMem(0x220EBA60, 0x4 Bytes, ...)
T6B98 013:499.102   CPU_ReadMem(4 bytes @ 0x220EBA60)
T6B98 013:499.691   Data:  00 00 00 00
T6B98 013:499.725 - 0.660ms returns 0
T6B98 013:499.746 JLINK_ReadMem(0x220EBA3C, 0x4 Bytes, ...)
T6B98 013:499.774   CPU_ReadMem(4 bytes @ 0x220EBA3C)
T6B98 013:500.376   Data:  01 00 00 00
T6B98 013:500.406 - 0.661ms returns 0
T6B98 013:500.429 JLINK_ReadMem(0x020BAAE4, 0x4 Bytes, ...)
T6B98 013:500.442    -- Read from flash cache (4 bytes @ 0x020BAAE4)
T6B98 013:500.458   Data:  07 00 00 00
T6B98 013:500.475 - 0.047ms returns 0
T6B98 013:500.544 JLINK_ReadReg(XPSR)
T6B98 013:500.566 - 0.023ms returns 0x01000000
T6B98 013:500.587 JLINK_ReadReg(PSP_NS)
T6B98 013:500.605 - 0.017ms returns 0x00000000
T6B98 013:557.976 JLINK_ReadMem(0x220EBA60, 0x4 Bytes, ...)
T6B98 013:558.040   CPU_ReadMem(4 bytes @ 0x220EBA60)
T6B98 013:558.685   Data:  00 00 00 00
T6B98 013:558.723 - 0.747ms returns 0
T6B98 013:558.744 JLINK_ReadMem(0x220EBA3C, 0x4 Bytes, ...)
T6B98 013:558.766   CPU_ReadMem(4 bytes @ 0x220EBA3C)
T6B98 013:559.374   Data:  01 00 00 00
T6B98 013:559.411 - 0.665ms returns 0
T6B98 013:559.432 JLINK_ReadMem(0x020BAAE4, 0x4 Bytes, ...)
T6B98 013:559.446    -- Read from flash cache (4 bytes @ 0x020BAAE4)
T6B98 013:559.462   Data:  07 00 00 00
T6B98 013:559.477 - 0.045ms returns 0
T6B98 013:559.499 JLINK_ReadMem(0x220EBA60, 0x4 Bytes, ...)
T6B98 013:559.515   CPU_ReadMem(4 bytes @ 0x220EBA60)
T6B98 013:560.110   Data:  00 00 00 00
T6B98 013:560.147 - 0.648ms returns 0
T6B98 013:560.168 JLINK_ReadMem(0x220EBA3C, 0x4 Bytes, ...)
T6B98 013:560.187   CPU_ReadMem(4 bytes @ 0x220EBA3C)
T6B98 013:561.178   Data:  01 00 00 00
T6B98 013:561.213 - 1.044ms returns 0
T6B98 013:561.235 JLINK_ReadMem(0x020BAAE4, 0x4 Bytes, ...)
T6B98 013:561.250    -- Read from flash cache (4 bytes @ 0x020BAAE4)
T6B98 013:561.264   Data:  07 00 00 00
T6B98 013:561.280 - 0.044ms returns 0
T6B98 014:226.042 JLINK_GetNumBPUnits(Type = 0xFFFFFF00)
T6B98 014:226.090 - 0.048ms returns 0x08
T6B98 014:226.104 JLINK_GetNumWPUnits()
T6B98 014:226.115 - 0.011ms returns 8
T6B98 014:226.138 JLINK_GetNumBPUnits(Type = 0xFFFFFF00)
T6B98 014:226.150 - 0.012ms returns 0x08
T6B98 014:226.162 JLINK_GetNumWPUnits()
T6B98 014:226.170 - 0.007ms returns 8
T6B98 014:226.187 JLINK_GetNumBPUnits(Type = 0xFFFFFF00)
T6B98 014:226.202 - 0.013ms returns 0x08
T6B98 014:226.214 JLINK_GetNumWPUnits()
T6B98 014:226.227 - 0.011ms returns 8
T6B98 014:227.298 JLINK_SetBPEx(Addr = 0x020073AA, Type = 0xFFFFFF00)
T6B98 014:227.344 - 0.047ms returns 0x00000001
T6B98 014:227.373 JLINK_ClrBPEx(BPHandle = 0x00000001)
T6B98 014:227.862 - 0.489ms returns 0x00
T6B98 015:538.878 JLINK_ReadMem(0x020073AC, 0x2 Bytes, ...)
T6B98 015:538.923    -- Read from flash cache (2 bytes @ 0x020073AC)
T6B98 015:538.942   Data:  47 F2
T6B98 015:538.960 - 0.083ms returns 0
T6B98 015:539.650 JLINK_SetBPEx(Addr = 0x020073AC, Type = 0xFFFFFF00)
T6B98 015:539.688 - 0.038ms returns 0x00000002
T6B98 015:572.629 JLINK_WriteMemEx(0x4000F054, 0x00000001 Bytes, Flags = 0x00000001)
T6B98 015:572.662   Data:  01
T6B98 015:572.928   CPU_WriteMem(1 bytes @ 0x4000F054)
T6B98 015:573.573 - 0.944ms returns 0x1
T6B98 015:573.600 JLINK_WriteMem(0x4000F055, 0x3 Bytes, ...)
T6B98 015:573.608   Data:  00 00 00
T6B98 015:573.632   CPU_WriteMem(3 bytes @ 0x4000F055)
T6B98 015:574.672 - 1.071ms returns 0x3
T6B98 015:575.448 JLINK_ReadMem(0x220EBA60, 0x4 Bytes, ...)
T6B98 015:575.501   CPU_ReadMem(4 bytes @ 0x220EBA60)
T6B98 015:576.112   Data:  00 00 00 00
T6B98 015:576.138 - 0.690ms returns 0
T6B98 015:576.158 JLINK_ReadMem(0x220EBA3C, 0x4 Bytes, ...)
T6B98 015:576.176   CPU_ReadMem(4 bytes @ 0x220EBA3C)
T6B98 015:576.789   Data:  01 00 00 00
T6B98 015:576.821 - 0.662ms returns 0
T6B98 015:576.838 JLINK_ReadMem(0x020BAAE4, 0x4 Bytes, ...)
T6B98 015:576.851    -- Read from flash cache (4 bytes @ 0x020BAAE4)
T6B98 015:576.869   Data:  07 00 00 00
T6B98 015:576.886 - 0.048ms returns 0
T6B98 015:576.939 JLINK_ReadRegs(NumRegs = 20)
T6B98 015:576.994   
  R0 (0)        = 0x00                 R1 (1)        = 0x00                 R2 (2)        = 0x00                 R3 (3)        = 0x00              
  R4 (4)        = 0x00                 R5 (5)        = 0x00                 R6 (6)        = 0x00                 R7 (7)        = 0x00              
  R8 (8)        = 0x00                 R9 (9)        = 0x00                 R10 (10)      = 0x00                 R11 (11)      = 0x00              
  R12 (12)      = 0x00                 R13 (SP) (13) = 0x22004720           R14 (14)      = 0xFFFFFFFF           R15 (PC) (15) = 0x2010DD0         
  XPSR (16)     = 0x1000000            MSPLIM (86)   = 0x00                 PSPLIM (87)   = 0x00                 CFBP (20)     = 0x00              
T6B98 015:577.013 - 0.073ms returns 0x00
T6B98 015:577.525 JLINK_ReadMem(0x02010DD0, 0x4 Bytes, ...)
T6B98 015:577.552    -- Read from flash cache (4 bytes @ 0x02010DD0)
T6B98 015:577.570   Data:  00 F0 06 F8
T6B98 015:577.584 - 0.060ms returns 0
T6B98 015:578.298 JLINK_ReadMem(0x220EBA60, 0x4 Bytes, ...)
T6B98 015:578.341   CPU_ReadMem(4 bytes @ 0x220EBA60)
T6B98 015:578.928   Data:  00 00 00 00
T6B98 015:578.955 - 0.657ms returns 0
T6B98 015:578.974 JLINK_ReadMem(0x220EBA3C, 0x4 Bytes, ...)
T6B98 015:578.997   CPU_ReadMem(4 bytes @ 0x220EBA3C)
T6B98 015:579.642   Data:  01 00 00 00
T6B98 015:579.683 - 0.709ms returns 0
T6B98 015:579.707 JLINK_ReadMem(0x020BAAE4, 0x4 Bytes, ...)
T6B98 015:579.728    -- Read from flash cache (4 bytes @ 0x020BAAE4)
T6B98 015:579.752   Data:  07 00 00 00
T6B98 015:579.774 - 0.067ms returns 0
T6B98 015:579.822 JLINK_ReadReg(XPSR)
T6B98 015:580.133 - 0.309ms returns 0x01000000
T6B98 015:580.160 JLINK_ReadReg(MSP_S)
T6B98 015:580.170 - 0.009ms returns 0x22004720
T6B98 015:580.626 JLINK_ReadMem(0x220EBA60, 0x4 Bytes, ...)
T6B98 015:580.661   CPU_ReadMem(4 bytes @ 0x220EBA60)
T6B98 015:581.238   Data:  00 00 00 00
T6B98 015:581.259 - 0.634ms returns 0
T6B98 015:581.274 JLINK_ReadMem(0x220EBA3C, 0x4 Bytes, ...)
T6B98 015:581.285   CPU_ReadMem(4 bytes @ 0x220EBA3C)
T6B98 015:581.862   Data:  01 00 00 00
T6B98 015:581.891 - 0.618ms returns 0
T6B98 015:581.912 JLINK_ReadMem(0x020BAAE4, 0x4 Bytes, ...)
T6B98 015:581.925    -- Read from flash cache (4 bytes @ 0x020BAAE4)
T6B98 015:581.941   Data:  07 00 00 00
T6B98 015:581.955 - 0.044ms returns 0
T6B98 015:581.995 JLINK_ReadReg(XPSR)
T6B98 015:582.010 - 0.014ms returns 0x01000000
T6B98 015:582.022 JLINK_ReadReg(MSP_NS)
T6B98 015:582.035 - 0.011ms returns 0x00000000
T6B98 015:582.453 JLINK_ReadMem(0x220EBA60, 0x4 Bytes, ...)
T6B98 015:582.483   CPU_ReadMem(4 bytes @ 0x220EBA60)
T6B98 015:583.069   Data:  00 00 00 00
T6B98 015:583.101 - 0.647ms returns 0
T6B98 015:583.122 JLINK_ReadMem(0x220EBA3C, 0x4 Bytes, ...)
T6B98 015:583.139   CPU_ReadMem(4 bytes @ 0x220EBA3C)
T6B98 015:583.800   Data:  01 00 00 00
T6B98 015:583.835 - 0.714ms returns 0
T6B98 015:583.858 JLINK_ReadMem(0x020BAAE4, 0x4 Bytes, ...)
T6B98 015:583.870    -- Read from flash cache (4 bytes @ 0x020BAAE4)
T6B98 015:583.886   Data:  07 00 00 00
T6B98 015:583.902 - 0.046ms returns 0
T6B98 015:583.944 JLINK_ReadReg(XPSR)
T6B98 015:583.958 - 0.014ms returns 0x01000000
T6B98 015:583.971 JLINK_ReadReg(PSP_S)
T6B98 015:583.984 - 0.011ms returns 0x00000000
T6B98 015:584.373 JLINK_ReadMem(0x220EBA60, 0x4 Bytes, ...)
T6B98 015:584.405   CPU_ReadMem(4 bytes @ 0x220EBA60)
T6B98 015:584.986   Data:  00 00 00 00
T6B98 015:585.016 - 0.644ms returns 0
T6B98 015:585.037 JLINK_ReadMem(0x220EBA3C, 0x4 Bytes, ...)
T6B98 015:585.059   CPU_ReadMem(4 bytes @ 0x220EBA3C)
T6B98 015:585.629   Data:  01 00 00 00
T6B98 015:585.661 - 0.624ms returns 0
T6B98 015:585.683 JLINK_ReadMem(0x020BAAE4, 0x4 Bytes, ...)
T6B98 015:585.696    -- Read from flash cache (4 bytes @ 0x020BAAE4)
T6B98 015:585.712   Data:  07 00 00 00
T6B98 015:585.728 - 0.046ms returns 0
T6B98 015:585.770 JLINK_ReadReg(XPSR)
T6B98 015:585.784 - 0.014ms returns 0x01000000
T6B98 015:585.797 JLINK_ReadReg(PSP_NS)
T6B98 015:585.810 - 0.011ms returns 0x00000000
T6B98 015:589.251 JLINK_WriteMemEx(0x4000F044, 0x00000004 Bytes, Flags = 0x00000004)
T6B98 015:589.275   Data:  00 80 0D 02
T6B98 015:589.302   CPU_WriteMem(4 bytes @ 0x4000F044)
T6B98 015:589.931 - 0.679ms returns 0x4
T6B98 015:590.501 JLINK_ReadMem(0x220EBA60, 0x4 Bytes, ...)
T6B98 015:590.531   CPU_ReadMem(4 bytes @ 0x220EBA60)
T6B98 015:591.126   Data:  00 00 00 00
T6B98 015:591.149 - 0.648ms returns 0
T6B98 015:591.163 JLINK_ReadMem(0x220EBA3C, 0x4 Bytes, ...)
T6B98 015:591.179   CPU_ReadMem(4 bytes @ 0x220EBA3C)
T6B98 015:591.782   Data:  01 00 00 00
T6B98 015:591.814 - 0.651ms returns 0
T6B98 015:591.832 JLINK_ReadMem(0x020BAAE4, 0x4 Bytes, ...)
T6B98 015:591.842    -- Read from flash cache (4 bytes @ 0x020BAAE4)
T6B98 015:591.854   Data:  07 00 00 00
T6B98 015:591.866 - 0.035ms returns 0
T6B98 015:591.914 JLINK_ReadRegs(NumRegs = 20)
T6B98 015:591.966   
  R0 (0)        = 0x00                 R1 (1)        = 0x00                 R2 (2)        = 0x00                 R3 (3)        = 0x00              
  R4 (4)        = 0x00                 R5 (5)        = 0x00                 R6 (6)        = 0x00                 R7 (7)        = 0x00              
  R8 (8)        = 0x00                 R9 (9)        = 0x00                 R10 (10)      = 0x00                 R11 (11)      = 0x00              
  R12 (12)      = 0x00                 R13 (SP) (13) = 0x22004720           R14 (14)      = 0xFFFFFFFF           R15 (PC) (15) = 0x2010DD0         
  XPSR (16)     = 0x1000000            MSPLIM (86)   = 0x00                 PSPLIM (87)   = 0x00                 CFBP (20)     = 0x00              
T6B98 015:591.984 - 0.070ms returns 0x00
T6B98 015:595.539 JLINK_ReadMem(0x02010DD0, 0x4 Bytes, ...)
T6B98 015:595.574    -- Read from flash cache (4 bytes @ 0x02010DD0)
T6B98 015:595.587   Data:  00 F0 06 F8
T6B98 015:595.603 - 0.064ms returns 0
T6B98 015:596.198 JLINK_ReadMem(0x220EBA60, 0x4 Bytes, ...)
T6B98 015:596.234   CPU_ReadMem(4 bytes @ 0x220EBA60)
T6B98 015:596.819   Data:  00 00 00 00
T6B98 015:596.845 - 0.646ms returns 0
T6B98 015:596.861 JLINK_ReadMem(0x220EBA3C, 0x4 Bytes, ...)
T6B98 015:596.874   CPU_ReadMem(4 bytes @ 0x220EBA3C)
T6B98 015:597.438   Data:  01 00 00 00
T6B98 015:597.475 - 0.613ms returns 0
T6B98 015:597.498 JLINK_ReadMem(0x020BAAE4, 0x4 Bytes, ...)
T6B98 015:597.510    -- Read from flash cache (4 bytes @ 0x020BAAE4)
T6B98 015:597.526   Data:  07 00 00 00
T6B98 015:597.542 - 0.045ms returns 0
T6B98 015:597.598 JLINK_ReadReg(XPSR)
T6B98 015:597.622 - 0.022ms returns 0x01000000
T6B98 015:597.642 JLINK_ReadReg(MSP_S)
T6B98 015:597.653 - 0.011ms returns 0x22004720
T6B98 015:598.074 JLINK_ReadMem(0x220EBA60, 0x4 Bytes, ...)
T6B98 015:598.101   CPU_ReadMem(4 bytes @ 0x220EBA60)
T6B98 015:598.672   Data:  00 00 00 00
T6B98 015:598.717 - 0.642ms returns 0
T6B98 015:598.746 JLINK_ReadMem(0x220EBA3C, 0x4 Bytes, ...)
T6B98 015:598.773   CPU_ReadMem(4 bytes @ 0x220EBA3C)
T6B98 015:599.360   Data:  01 00 00 00
T6B98 015:599.390 - 0.645ms returns 0
T6B98 015:599.411 JLINK_ReadMem(0x020BAAE4, 0x4 Bytes, ...)
T6B98 015:599.426    -- Read from flash cache (4 bytes @ 0x020BAAE4)
T6B98 015:599.442   Data:  07 00 00 00
T6B98 015:599.458 - 0.046ms returns 0
T6B98 015:599.501 JLINK_ReadReg(XPSR)
T6B98 015:599.515 - 0.015ms returns 0x01000000
T6B98 015:599.530 JLINK_ReadReg(MSP_NS)
T6B98 015:599.541 - 0.011ms returns 0x00000000
T6B98 015:599.904 JLINK_ReadMem(0x220EBA60, 0x4 Bytes, ...)
T6B98 015:599.931   CPU_ReadMem(4 bytes @ 0x220EBA60)
T6B98 015:600.531   Data:  00 00 00 00
T6B98 015:600.558 - 0.655ms returns 0
T6B98 015:600.578 JLINK_ReadMem(0x220EBA3C, 0x4 Bytes, ...)
T6B98 015:600.595   CPU_ReadMem(4 bytes @ 0x220EBA3C)
T6B98 015:601.155   Data:  01 00 00 00
T6B98 015:601.178 - 0.600ms returns 0
T6B98 015:601.194 JLINK_ReadMem(0x020BAAE4, 0x4 Bytes, ...)
T6B98 015:601.203    -- Read from flash cache (4 bytes @ 0x020BAAE4)
T6B98 015:601.214   Data:  07 00 00 00
T6B98 015:601.226 - 0.032ms returns 0
T6B98 015:601.256 JLINK_ReadReg(XPSR)
T6B98 015:601.266 - 0.010ms returns 0x01000000
T6B98 015:601.275 JLINK_ReadReg(PSP_S)
T6B98 015:601.283 - 0.008ms returns 0x00000000
T6B98 015:601.634 JLINK_ReadMem(0x220EBA60, 0x4 Bytes, ...)
T6B98 015:601.659   CPU_ReadMem(4 bytes @ 0x220EBA60)
T6B98 015:602.237   Data:  00 00 00 00
T6B98 015:602.264 - 0.630ms returns 0
T6B98 015:602.278 JLINK_ReadMem(0x220EBA3C, 0x4 Bytes, ...)
T6B98 015:602.291   CPU_ReadMem(4 bytes @ 0x220EBA3C)
T6B98 015:602.854   Data:  01 00 00 00
T6B98 015:602.888 - 0.609ms returns 0
T6B98 015:602.910 JLINK_ReadMem(0x020BAAE4, 0x4 Bytes, ...)
T6B98 015:602.925    -- Read from flash cache (4 bytes @ 0x020BAAE4)
T6B98 015:602.939   Data:  07 00 00 00
T6B98 015:602.955 - 0.045ms returns 0
T6B98 015:602.997 JLINK_ReadReg(XPSR)
T6B98 015:603.011 - 0.014ms returns 0x01000000
T6B98 015:603.024 JLINK_ReadReg(PSP_NS)
T6B98 015:603.037 - 0.011ms returns 0x00000000
T6B98 015:606.546 JLINK_WriteMemEx(0x4000F064, 0x00000002 Bytes, Flags = 0x00000002)
T6B98 015:606.568   Data:  01 A5
T6B98 015:606.595   CPU_WriteMem(2 bytes @ 0x4000F064)
T6B98 015:607.194 - 0.648ms returns 0x2
T6B98 015:607.219 JLINK_WriteMem(0x4000F066, 0x2 Bytes, ...)
T6B98 015:607.227   Data:  00 00
T6B98 015:607.246   CPU_WriteMem(2 bytes @ 0x4000F066)
T6B98 015:607.851 - 0.632ms returns 0x2
T6B98 015:608.430 JLINK_ReadMem(0x220EBA60, 0x4 Bytes, ...)
T6B98 015:608.464   CPU_ReadMem(4 bytes @ 0x220EBA60)
T6B98 015:609.043   Data:  00 00 00 00
T6B98 015:609.072 - 0.642ms returns 0
T6B98 015:609.093 JLINK_ReadMem(0x220EBA3C, 0x4 Bytes, ...)
T6B98 015:609.110   CPU_ReadMem(4 bytes @ 0x220EBA3C)
T6B98 015:609.686   Data:  01 00 00 00
T6B98 015:609.718 - 0.625ms returns 0
T6B98 015:609.739 JLINK_ReadMem(0x020BAAE4, 0x4 Bytes, ...)
T6B98 015:609.755    -- Read from flash cache (4 bytes @ 0x020BAAE4)
T6B98 015:609.768   Data:  07 00 00 00
T6B98 015:609.784 - 0.044ms returns 0
T6B98 015:609.830 JLINK_ReadRegs(NumRegs = 20)
T6B98 015:609.875   
  R0 (0)        = 0x00                 R1 (1)        = 0x00                 R2 (2)        = 0x00                 R3 (3)        = 0x00              
  R4 (4)        = 0x00                 R5 (5)        = 0x00                 R6 (6)        = 0x00                 R7 (7)        = 0x00              
  R8 (8)        = 0x00                 R9 (9)        = 0x00                 R10 (10)      = 0x00                 R11 (11)      = 0x00              
  R12 (12)      = 0x00                 R13 (SP) (13) = 0x22004720           R14 (14)      = 0xFFFFFFFF           R15 (PC) (15) = 0x2010DD0         
  XPSR (16)     = 0x1000000            MSPLIM (86)   = 0x00                 PSPLIM (87)   = 0x00                 CFBP (20)     = 0x00              
T6B98 015:609.888 - 0.057ms returns 0x00
T6B98 015:610.392 JLINK_ReadMem(0x02010DD0, 0x4 Bytes, ...)
T6B98 015:610.418    -- Read from flash cache (4 bytes @ 0x02010DD0)
T6B98 015:610.434   Data:  00 F0 06 F8
T6B98 015:610.451 - 0.059ms returns 0
T6B98 015:611.008 JLINK_ReadMem(0x220EBA60, 0x4 Bytes, ...)
T6B98 015:611.040   CPU_ReadMem(4 bytes @ 0x220EBA60)
T6B98 015:611.634   Data:  00 00 00 00
T6B98 015:611.667 - 0.660ms returns 0
T6B98 015:611.688 JLINK_ReadMem(0x220EBA3C, 0x4 Bytes, ...)
T6B98 015:611.706   CPU_ReadMem(4 bytes @ 0x220EBA3C)
T6B98 015:612.283   Data:  01 00 00 00
T6B98 015:612.328 - 0.640ms returns 0
T6B98 015:612.358 JLINK_ReadMem(0x020BAAE4, 0x4 Bytes, ...)
T6B98 015:612.379    -- Read from flash cache (4 bytes @ 0x020BAAE4)
T6B98 015:612.403   Data:  07 00 00 00
T6B98 015:612.427 - 0.068ms returns 0
T6B98 015:612.486 JLINK_ReadReg(XPSR)
T6B98 015:612.509 - 0.022ms returns 0x01000000
T6B98 015:612.528 JLINK_ReadReg(MSP_S)
T6B98 015:612.547 - 0.017ms returns 0x22004720
T6B98 015:613.070 JLINK_ReadMem(0x220EBA60, 0x4 Bytes, ...)
T6B98 015:613.109   CPU_ReadMem(4 bytes @ 0x220EBA60)
T6B98 015:613.706   Data:  00 00 00 00
T6B98 015:613.733 - 0.663ms returns 0
T6B98 015:613.752 JLINK_ReadMem(0x220EBA3C, 0x4 Bytes, ...)
T6B98 015:613.768   CPU_ReadMem(4 bytes @ 0x220EBA3C)
T6B98 015:614.344   Data:  01 00 00 00
T6B98 015:614.376 - 0.623ms returns 0
T6B98 015:614.397 JLINK_ReadMem(0x020BAAE4, 0x4 Bytes, ...)
T6B98 015:614.410    -- Read from flash cache (4 bytes @ 0x020BAAE4)
T6B98 015:614.426   Data:  07 00 00 00
T6B98 015:614.453 - 0.056ms returns 0
T6B98 015:614.496 JLINK_ReadReg(XPSR)
T6B98 015:614.514 - 0.017ms returns 0x01000000
T6B98 015:614.528 JLINK_ReadReg(MSP_NS)
T6B98 015:614.542 - 0.013ms returns 0x00000000
T6B98 015:614.968 JLINK_ReadMem(0x220EBA60, 0x4 Bytes, ...)
T6B98 015:615.003   CPU_ReadMem(4 bytes @ 0x220EBA60)
T6B98 015:615.645   Data:  00 00 00 00
T6B98 015:615.680 - 0.712ms returns 0
T6B98 015:615.701 JLINK_ReadMem(0x220EBA3C, 0x4 Bytes, ...)
T6B98 015:615.720   CPU_ReadMem(4 bytes @ 0x220EBA3C)
T6B98 015:616.294   Data:  01 00 00 00
T6B98 015:616.328 - 0.627ms returns 0
T6B98 015:616.350 JLINK_ReadMem(0x020BAAE4, 0x4 Bytes, ...)
T6B98 015:616.366    -- Read from flash cache (4 bytes @ 0x020BAAE4)
T6B98 015:616.384   Data:  07 00 00 00
T6B98 015:616.402 - 0.051ms returns 0
T6B98 015:616.442 JLINK_ReadReg(XPSR)
T6B98 015:616.459 - 0.016ms returns 0x01000000
T6B98 015:616.474 JLINK_ReadReg(PSP_S)
T6B98 015:616.486 - 0.013ms returns 0x00000000
T6B98 015:616.872 JLINK_ReadMem(0x220EBA60, 0x4 Bytes, ...)
T6B98 015:616.906   CPU_ReadMem(4 bytes @ 0x220EBA60)
T6B98 015:617.482   Data:  00 00 00 00
T6B98 015:617.514 - 0.642ms returns 0
T6B98 015:617.536 JLINK_ReadMem(0x220EBA3C, 0x4 Bytes, ...)
T6B98 015:617.554   CPU_ReadMem(4 bytes @ 0x220EBA3C)
T6B98 015:618.128   Data:  01 00 00 00
T6B98 015:618.162 - 0.626ms returns 0
T6B98 015:618.182 JLINK_ReadMem(0x020BAAE4, 0x4 Bytes, ...)
T6B98 015:618.200    -- Read from flash cache (4 bytes @ 0x020BAAE4)
T6B98 015:618.216   Data:  07 00 00 00
T6B98 015:618.234 - 0.051ms returns 0
T6B98 015:618.275 JLINK_ReadReg(XPSR)
T6B98 015:618.291 - 0.016ms returns 0x01000000
T6B98 015:618.306 JLINK_ReadReg(PSP_NS)
T6B98 015:618.318 - 0.013ms returns 0x00000000
T6B98 015:689.886 JLINK_ReadMem(0x220EBA60, 0x4 Bytes, ...)
T6B98 015:689.947   CPU_ReadMem(4 bytes @ 0x220EBA60)
T6B98 015:690.578   Data:  00 00 00 00
T6B98 015:690.659 - 0.772ms returns 0
T6B98 015:690.696 JLINK_ReadMem(0x220EBA3C, 0x4 Bytes, ...)
T6B98 015:690.718   CPU_ReadMem(4 bytes @ 0x220EBA3C)
T6B98 015:691.325   Data:  01 00 00 00
T6B98 015:691.365 - 0.669ms returns 0
T6B98 015:691.504 JLINK_ReadMem(0x020BAAE4, 0x4 Bytes, ...)
T6B98 015:691.525    -- Read from flash cache (4 bytes @ 0x020BAAE4)
T6B98 015:691.542   Data:  07 00 00 00
T6B98 015:691.560 - 0.056ms returns 0
T6B98 015:692.714 JLINK_ReadMem(0x220EBA60, 0x4 Bytes, ...)
T6B98 015:692.758   CPU_ReadMem(4 bytes @ 0x220EBA60)
T6B98 015:693.382   Data:  00 00 00 00
T6B98 015:693.422 - 0.709ms returns 0
T6B98 015:693.448 JLINK_ReadMem(0x220EBA3C, 0x4 Bytes, ...)
T6B98 015:693.470   CPU_ReadMem(4 bytes @ 0x220EBA3C)
T6B98 015:694.136   Data:  01 00 00 00
T6B98 015:694.184 - 0.736ms returns 0
T6B98 015:694.218 JLINK_ReadMem(0x020BAAE4, 0x4 Bytes, ...)
T6B98 015:694.237    -- Read from flash cache (4 bytes @ 0x020BAAE4)
T6B98 015:694.262   Data:  07 00 00 00
T6B98 015:694.286 - 0.070ms returns 0
T6B98 015:694.354 JLINK_ReadRegs(NumRegs = 20)
T6B98 015:694.429   
  R0 (0)        = 0x00                 R1 (1)        = 0x00                 R2 (2)        = 0x00                 R3 (3)        = 0x00              
  R4 (4)        = 0x00                 R5 (5)        = 0x00                 R6 (6)        = 0x00                 R7 (7)        = 0x00              
  R8 (8)        = 0x00                 R9 (9)        = 0x00                 R10 (10)      = 0x00                 R11 (11)      = 0x00              
  R12 (12)      = 0x00                 R13 (SP) (13) = 0x22004720           R14 (14)      = 0xFFFFFFFF           R15 (PC) (15) = 0x2010DD0         
  XPSR (16)     = 0x1000000            MSPLIM (86)   = 0x00                 PSPLIM (87)   = 0x00                 CFBP (20)     = 0x00              
T6B98 015:694.454 - 0.100ms returns 0x00
T6B98 015:695.234 JLINK_ReadMem(0x220EBA60, 0x4 Bytes, ...)
T6B98 015:695.272   CPU_ReadMem(4 bytes @ 0x220EBA60)
T6B98 015:696.005   Data:  00 00 00 00
T6B98 015:696.053 - 0.818ms returns 0
T6B98 015:696.083 JLINK_ReadMem(0x220EBA3C, 0x4 Bytes, ...)
T6B98 015:696.110   CPU_ReadMem(4 bytes @ 0x220EBA3C)
T6B98 015:696.805   Data:  01 00 00 00
T6B98 015:696.850 - 0.766ms returns 0
T6B98 015:696.882 JLINK_ReadMem(0x020BAAE4, 0x4 Bytes, ...)
T6B98 015:696.902    -- Read from flash cache (4 bytes @ 0x020BAAE4)
T6B98 015:696.926   Data:  07 00 00 00
T6B98 015:696.952 - 0.070ms returns 0
T6B98 015:696.982 JLINK_ReadMem(0x220EBA60, 0x4 Bytes, ...)
T6B98 015:697.006   CPU_ReadMem(4 bytes @ 0x220EBA60)
T6B98 015:697.595   Data:  00 00 00 00
T6B98 015:697.640 - 0.658ms returns 0
T6B98 015:697.669 JLINK_ReadMem(0x220EBA3C, 0x4 Bytes, ...)
T6B98 015:697.698   CPU_ReadMem(4 bytes @ 0x220EBA3C)
T6B98 015:698.280   Data:  01 00 00 00
T6B98 015:698.307 - 0.638ms returns 0
T6B98 015:698.328 JLINK_ReadMem(0x020BAAE4, 0x4 Bytes, ...)
T6B98 015:698.344    -- Read from flash cache (4 bytes @ 0x020BAAE4)
T6B98 015:698.362   Data:  07 00 00 00
T6B98 015:698.379 - 0.050ms returns 0
T6B98 015:699.576 JLINK_ReadMem(0x02010DD0, 0x4 Bytes, ...)
T6B98 015:699.616    -- Read from flash cache (4 bytes @ 0x02010DD0)
T6B98 015:699.638   Data:  00 F0 06 F8
T6B98 015:699.656 - 0.079ms returns 0
TA0F4 015:777.010 JLINK_GetNumBPUnits(Type = 0xFFFFFF00)
TA0F4 015:777.053 - 0.043ms returns 0x08
TA0F4 015:777.067 JLINK_GetNumWPUnits()
TA0F4 015:777.078 - 0.011ms returns 8
TA0F4 015:777.496 JLINK_GetNumBPUnits(Type = 0xFFFFFF00)
TA0F4 015:777.526 - 0.029ms returns 0x08
TA0F4 015:777.541 JLINK_GetNumWPUnits()
TA0F4 015:777.552 - 0.011ms returns 8
TA0F4 015:778.098 JLINK_GetNumBPUnits(Type = 0xFFFFFF00)
TA0F4 015:778.126 - 0.029ms returns 0x08
TA0F4 015:778.141 JLINK_GetNumWPUnits()
TA0F4 015:778.150 - 0.010ms returns 8
TA0F4 015:779.914 JLINK_GetNumBPUnits(Type = 0xFFFFFF00)
TA0F4 015:779.949 - 0.034ms returns 0x08
TA0F4 015:779.963 JLINK_GetNumWPUnits()
TA0F4 015:779.976 - 0.012ms returns 8
TA0F4 015:782.083 JLINK_ReadReg(XPSR)
TA0F4 015:782.131 - 0.047ms returns 0x01000000
TA0F4 015:782.146 JLINK_ReadReg(R15 (PC))
TA0F4 015:782.157 - 0.012ms returns 0x02010DD0
TA0F4 015:782.782 JLINK_GetNumBPUnits(Type = 0xFFFFFF00)
TA0F4 015:782.818 - 0.034ms returns 0x08
TA0F4 015:782.830 JLINK_GetNumWPUnits()
TA0F4 015:782.842 - 0.011ms returns 8
TA0F4 015:783.818 JLINK_GetNumBPUnits(Type = 0xFFFFFF00)
TA0F4 015:783.853 - 0.035ms returns 0x08
TA0F4 015:783.869 JLINK_GetNumWPUnits()
TA0F4 015:783.882 - 0.012ms returns 8
TA0F4 015:784.293 JLINK_GetNumBPUnits(Type = 0xFFFFFF00)
TA0F4 015:784.322 - 0.028ms returns 0x08
TA0F4 015:784.336 JLINK_GetNumWPUnits()
TA0F4 015:784.349 - 0.011ms returns 8
TA0F4 015:784.728 JLINK_GetNumBPUnits(Type = 0xFFFFFF00)
TA0F4 015:784.755 - 0.027ms returns 0x08
TA0F4 015:784.768 JLINK_GetNumWPUnits()
TA0F4 015:784.779 - 0.011ms returns 8
T6B98 016:598.710 JLINK_ReadMem(0x02010DD0, 0x4 Bytes, ...)
T6B98 016:598.766    -- Read from flash cache (4 bytes @ 0x02010DD0)
T6B98 016:598.784   Data:  00 F0 06 F8
T6B98 016:598.802 - 0.093ms returns 0
T6B98 016:695.434 JLINK_ReadMem(0x220EBA60, 0x4 Bytes, ...)
T6B98 016:695.494   CPU_ReadMem(4 bytes @ 0x220EBA60)
T6B98 016:696.128   Data:  00 00 00 00
T6B98 016:696.168 - 0.736ms returns 0
T6B98 016:696.195 JLINK_ReadMem(0x220EBA3C, 0x4 Bytes, ...)
T6B98 016:696.216   CPU_ReadMem(4 bytes @ 0x220EBA3C)
T6B98 016:696.798   Data:  01 00 00 00
T6B98 016:696.827 - 0.632ms returns 0
T6B98 016:696.850 JLINK_ReadMem(0x020BAAE4, 0x4 Bytes, ...)
T6B98 016:696.866    -- Read from flash cache (4 bytes @ 0x020BAAE4)
T6B98 016:696.883   Data:  07 00 00 00
T6B98 016:696.901 - 0.051ms returns 0
T6B98 016:696.930 JLINK_ReadMem(0x220EBA60, 0x4 Bytes, ...)
T6B98 016:696.947   CPU_ReadMem(4 bytes @ 0x220EBA60)
T6B98 016:697.530   Data:  00 00 00 00
T6B98 016:697.563 - 0.634ms returns 0
T6B98 016:697.586 JLINK_ReadMem(0x220EBA3C, 0x4 Bytes, ...)
T6B98 016:697.605   CPU_ReadMem(4 bytes @ 0x220EBA3C)
T6B98 016:698.184   Data:  01 00 00 00
T6B98 016:698.211 - 0.626ms returns 0
T6B98 016:698.229 JLINK_ReadMem(0x020BAAE4, 0x4 Bytes, ...)
T6B98 016:698.240    -- Read from flash cache (4 bytes @ 0x020BAAE4)
T6B98 016:698.251   Data:  07 00 00 00
T6B98 016:698.280 - 0.050ms returns 0
T6B98 016:699.682 JLINK_ReadMem(0x220EBA60, 0x4 Bytes, ...)
T6B98 016:699.722   CPU_ReadMem(4 bytes @ 0x220EBA60)
T6B98 016:700.286   Data:  00 00 00 00
T6B98 016:700.314 - 0.632ms returns 0
T6B98 016:700.330 JLINK_ReadMem(0x220EBA3C, 0x4 Bytes, ...)
T6B98 016:700.493   CPU_ReadMem(4 bytes @ 0x220EBA3C)
T6B98 016:701.112   Data:  01 00 00 00
T6B98 016:701.155 - 0.825ms returns 0
T6B98 016:701.186 JLINK_ReadMem(0x020BAAE4, 0x4 Bytes, ...)
T6B98 016:701.206    -- Read from flash cache (4 bytes @ 0x020BAAE4)
T6B98 016:701.222   Data:  07 00 00 00
T6B98 016:701.243 - 0.058ms returns 0
T6B98 016:701.275 JLINK_ReadMem(0x220EBA60, 0x4 Bytes, ...)
T6B98 016:701.301   CPU_ReadMem(4 bytes @ 0x220EBA60)
T6B98 016:701.904   Data:  00 00 00 00
T6B98 016:701.938 - 0.662ms returns 0
T6B98 016:701.957 JLINK_ReadMem(0x220EBA3C, 0x4 Bytes, ...)
T6B98 016:701.971   CPU_ReadMem(4 bytes @ 0x220EBA3C)
T6B98 016:702.549   Data:  01 00 00 00
T6B98 016:702.578 - 0.620ms returns 0
T6B98 016:702.594 JLINK_ReadMem(0x020BAAE4, 0x4 Bytes, ...)
T6B98 016:702.605    -- Read from flash cache (4 bytes @ 0x020BAAE4)
T6B98 016:702.616   Data:  07 00 00 00
T6B98 016:702.627 - 0.033ms returns 0
T6B98 026:572.964 JLINK_ReadMem(0x220EBA60, 0x4 Bytes, ...)
T6B98 026:573.016   CPU_ReadMem(4 bytes @ 0x220EBA60)
T6B98 026:573.648   Data:  00 00 00 00
T6B98 026:573.700 - 0.734ms returns 0
T6B98 026:573.732 JLINK_ReadMem(0x220EBA3C, 0x4 Bytes, ...)
T6B98 026:573.756   CPU_ReadMem(4 bytes @ 0x220EBA3C)
T6B98 026:574.350   Data:  01 00 00 00
T6B98 026:574.382 - 0.652ms returns 0
T6B98 026:574.404 JLINK_ReadMem(0x020BAAE4, 0x4 Bytes, ...)
T6B98 026:574.420    -- Read from flash cache (4 bytes @ 0x020BAAE4)
T6B98 026:574.436   Data:  07 00 00 00
T6B98 026:574.448 - 0.044ms returns 0
T6B98 026:574.482 JLINK_IsHalted()
T6B98 026:574.804 - 0.321ms returns TRUE
T6B98 026:574.836 JLINK_GoEx(MaxEmulInsts = 0, Flags = 0x01)
T6B98 026:574.852   CPU_WriteMem(4 bytes @ 0xE0002000)
T6B98 026:575.150   CPU_ReadMem(4 bytes @ 0xE0001000)
T6B98 026:575.652   CPU_WriteMem(4 bytes @ 0xE0002008)
T6B98 026:575.684   CPU_WriteMem(4 bytes @ 0xE000200C)
T6B98 026:575.702   CPU_WriteMem(4 bytes @ 0xE0002010)
T6B98 026:575.718   CPU_WriteMem(4 bytes @ 0xE0002014)
T6B98 026:575.734   CPU_WriteMem(4 bytes @ 0xE0002018)
T6B98 026:575.750   CPU_WriteMem(4 bytes @ 0xE000201C)
T6B98 026:575.766   CPU_WriteMem(4 bytes @ 0xE0002020)
T6B98 026:575.782   CPU_WriteMem(4 bytes @ 0xE0002024)
T6B98 026:577.188   CPU_WriteMem(4 bytes @ 0xE0001004)
T6B98 026:578.790   Memory map 'after startup completion point' is active
T6B98 026:578.828 - 3.991ms 
T6B98 026:686.460 JLINK_IsHalted()
T6B98 026:689.922 - 3.461ms returns TRUE
T6B98 026:689.956 JLINK_ReadReg(XPSR)
T6B98 026:689.972   CPU_ReadMem(4 bytes @ 0xE000EE08)
T6B98 026:690.300 - 0.344ms returns 0x61000000
T6B98 026:690.332 JLINK_ReadReg(R15 (PC))
T6B98 026:690.346 - 0.014ms returns 0x020073AC
T6B98 026:690.392 JLINK_ReadReg(XPSR)
T6B98 026:690.404 - 0.013ms returns 0x61000000
T6B98 026:690.420 JLINK_ReadReg(XPSR)
T6B98 026:690.430 - 0.012ms returns 0x61000000
T6B98 026:690.444 JLINK_ReadReg(R15 (PC))
T6B98 026:690.456 - 0.012ms returns 0x020073AC
T6B98 026:690.480 JLINK_ReadReg(XPSR)
T6B98 026:690.492 - 0.012ms returns 0x61000000
T6B98 026:690.508 JLINK_ReadMem(0x020073AC, 0x1 Bytes, ...)
T6B98 026:690.522    -- Read from flash cache (1 bytes @ 0x020073AC)
T6B98 026:690.538   Data:  47
T6B98 026:690.554 - 0.046ms returns 0
T6B98 026:690.568 JLINK_IsHalted()
T6B98 026:690.580 - 0.011ms returns TRUE
T6B98 026:690.604 JLINK_ReadReg(XPSR)
T6B98 026:690.620 - 0.013ms returns 0x61000000
T6B98 026:690.632 JLINK_ReadReg(XPSR)
T6B98 026:690.644 - 0.012ms returns 0x61000000
T6B98 026:690.660 JLINK_ReadReg(R15 (PC))
T6B98 026:690.672 - 0.012ms returns 0x020073AC
T6B98 026:690.696 JLINK_ReadReg(XPSR)
T6B98 026:690.708 - 0.012ms returns 0x61000000
T6B98 026:690.724 JLINK_ReadMem(0x020073AC, 0x1 Bytes, ...)
T6B98 026:690.736    -- Read from flash cache (1 bytes @ 0x020073AC)
T6B98 026:690.764   Data:  47
T6B98 026:690.780 - 0.056ms returns 0
T6B98 026:690.858 JLINK_IsHalted()
T6B98 026:690.872 - 0.013ms returns TRUE
T6B98 026:690.886 JLINK_ReadReg(XPSR)
T6B98 026:690.900 - 0.013ms returns 0x61000000
T6B98 026:690.914 JLINK_ReadReg(R15 (PC))
T6B98 026:690.926 - 0.012ms returns 0x020073AC
T6B98 026:690.954 JLINK_ReadReg(XPSR)
T6B98 026:690.966 - 0.013ms returns 0x61000000
T6B98 026:690.980 JLINK_ReadReg(XPSR)
T6B98 026:690.994 - 0.012ms returns 0x61000000
T6B98 026:691.008 JLINK_ReadReg(R15 (PC))
T6B98 026:691.022 - 0.013ms returns 0x020073AC
T6B98 026:691.046 JLINK_ReadReg(XPSR)
T6B98 026:691.060 - 0.012ms returns 0x61000000
T6B98 026:691.074 JLINK_ReadMem(0x020073AC, 0x1 Bytes, ...)
T6B98 026:691.086    -- Read from flash cache (1 bytes @ 0x020073AC)
T6B98 026:691.104   Data:  47
T6B98 026:691.122 - 0.047ms returns 0
T6B98 026:691.134 JLINK_IsHalted()
T6B98 026:691.148 - 0.011ms returns TRUE
T6B98 026:691.172 JLINK_ReadReg(XPSR)
T6B98 026:691.184 - 0.012ms returns 0x61000000
T6B98 026:691.196 JLINK_ReadReg(XPSR)
T6B98 026:691.210 - 0.012ms returns 0x61000000
T6B98 026:691.222 JLINK_ReadReg(R15 (PC))
T6B98 026:691.236 - 0.012ms returns 0x020073AC
T6B98 026:691.260 JLINK_ReadReg(XPSR)
T6B98 026:691.274 - 0.013ms returns 0x61000000
T6B98 026:691.288 JLINK_ReadMem(0x020073AC, 0x1 Bytes, ...)
T6B98 026:691.300    -- Read from flash cache (1 bytes @ 0x020073AC)
T6B98 026:691.316   Data:  47
T6B98 026:691.334 - 0.046ms returns 0
T6B98 026:691.358 JLINK_ReadMem(0x220EBA60, 0x4 Bytes, ...)
T6B98 026:691.376   CPU_ReadMem(4 bytes @ 0x220EBA60)
T6B98 026:691.948   Data:  00 00 00 00
T6B98 026:691.980 - 0.621ms returns 0
T6B98 026:692.004 JLINK_ReadMem(0x220EBA3C, 0x4 Bytes, ...)
T6B98 026:692.022   CPU_ReadMem(4 bytes @ 0x220EBA3C)
T6B98 026:692.634   Data:  00 00 00 00
T6B98 026:692.662 - 0.660ms returns 0
T6B98 026:693.228 JLINK_ReadMem(0x020BAAE4, 0x4 Bytes, ...)
T6B98 026:693.254    -- Read from flash cache (4 bytes @ 0x020BAAE4)
T6B98 026:693.268   Data:  07 00 00 00
T6B98 026:693.284 - 0.058ms returns 0
T6B98 026:694.476 JLINK_ReadMem(0x220EBA60, 0x4 Bytes, ...)
T6B98 026:694.498   CPU_ReadMem(4 bytes @ 0x220EBA60)
T6B98 026:695.092   Data:  00 00 00 00
T6B98 026:695.124 - 0.648ms returns 0
T6B98 026:695.664 JLINK_ReadMem(0x220EBA3C, 0x4 Bytes, ...)
T6B98 026:695.692   CPU_ReadMem(4 bytes @ 0x220EBA3C)
T6B98 026:696.252   Data:  00 00 00 00
T6B98 026:696.282 - 0.618ms returns 0
T6B98 026:696.302 JLINK_ReadMem(0x020BAAE4, 0x4 Bytes, ...)
T6B98 026:696.318    -- Read from flash cache (4 bytes @ 0x020BAAE4)
T6B98 026:696.334   Data:  07 00 00 00
T6B98 026:696.352 - 0.050ms returns 0
T6B98 026:696.398 JLINK_ReadRegs(NumRegs = 20)
T6B98 026:696.450   
  R0 (0)        = 0xF0201              R1 (1)        = 0xC0000000           R2 (2)        = 0xFFFFFFE0           R3 (3)        = 0x3FE0            
  R4 (4)        = 0x00                 R5 (5)        = 0x00                 R6 (6)        = 0x00                 R7 (7)        = 0x00              
  R8 (8)        = 0x00                 R9 (9)        = 0x00                 R10 (10)      = 0x00                 R11 (11)      = 0x00              
  R12 (12)      = 0x04                 R13 (SP) (13) = 0x22004718           R14 (14)      = 0x2010DD9            R15 (PC) (15) = 0x20073AC         
  XPSR (16)     = 0x61000000           MSPLIM (86)   = 0x22004320           PSPLIM (87)   = 0x00                 CFBP (20)     = 0xC000000         
T6B98 026:696.468 - 0.068ms returns 0x00
T6B98 026:697.824 JLINK_ReadMem(0x220EBA60, 0x4 Bytes, ...)
T6B98 026:697.862   CPU_ReadMem(4 bytes @ 0x220EBA60)
T6B98 026:698.484   Data:  00 00 00 00
T6B98 026:698.512 - 0.688ms returns 0
T6B98 026:698.556 JLINK_ReadMem(0x220EBA3C, 0x4 Bytes, ...)
T6B98 026:698.578   CPU_ReadMem(4 bytes @ 0x220EBA3C)
T6B98 026:699.172   Data:  00 00 00 00
T6B98 026:699.204 - 0.647ms returns 0
T6B98 026:699.228 JLINK_ReadMem(0x020BAAE4, 0x4 Bytes, ...)
T6B98 026:699.242    -- Read from flash cache (4 bytes @ 0x020BAAE4)
T6B98 026:699.352   Data:  07 00 00 00
T6B98 026:699.368 - 0.141ms returns 0
T6B98 026:699.390 JLINK_ReadMem(0x220EBA60, 0x4 Bytes, ...)
T6B98 026:699.410   CPU_ReadMem(4 bytes @ 0x220EBA60)
T6B98 026:700.148   Data:  00 00 00 00
T6B98 026:700.182 - 0.791ms returns 0
T6B98 026:700.204 JLINK_ReadMem(0x220EBA3C, 0x4 Bytes, ...)
T6B98 026:700.222   CPU_ReadMem(4 bytes @ 0x220EBA3C)
T6B98 026:700.874   Data:  00 00 00 00
T6B98 026:700.908 - 0.704ms returns 0
T6B98 026:700.932 JLINK_ReadMem(0x020BAAE4, 0x4 Bytes, ...)
T6B98 026:700.946    -- Read from flash cache (4 bytes @ 0x020BAAE4)
T6B98 026:700.964   Data:  07 00 00 00
T6B98 026:700.980 - 0.048ms returns 0
T6B98 026:702.214 JLINK_ReadMem(0x020073AC, 0x4 Bytes, ...)
T6B98 026:702.234    -- Read from flash cache (4 bytes @ 0x020073AC)
T6B98 026:702.252   Data:  47 F2 20 32
T6B98 026:702.272 - 0.057ms returns 0
T6B98 026:704.542 JLINK_ClrBPEx(BPHandle = 0x00000002)
T6B98 026:704.574 - 0.031ms returns 0x00
TA0F4 026:705.328 JLINK_ReadReg(XPSR)
TA0F4 026:705.364 - 0.037ms returns 0x61000000
TA0F4 026:705.380 JLINK_ReadReg(R15 (PC))
TA0F4 026:705.392 - 0.012ms returns 0x020073AC
TA0F4 026:706.150 JLINK_IsHalted()
TA0F4 026:706.180 - 0.030ms returns TRUE
TA0F4 026:706.196 JLINK_ReadReg(XPSR)
TA0F4 026:706.214 - 0.018ms returns 0x61000000
TA0F4 026:706.230 JLINK_ReadReg(R15 (PC))
TA0F4 026:706.244 - 0.014ms returns 0x020073AC
TA0F4 026:706.288 JLINK_ReadReg(XPSR)
TA0F4 026:706.304 - 0.015ms returns 0x61000000
TA0F4 026:706.320 JLINK_ReadReg(XPSR)
TA0F4 026:706.332 - 0.012ms returns 0x61000000
TA0F4 026:706.344 JLINK_ReadReg(R15 (PC))
TA0F4 026:706.358 - 0.013ms returns 0x020073AC
TA0F4 026:706.384 JLINK_ReadReg(XPSR)
TA0F4 026:706.396 - 0.013ms returns 0x61000000
TA0F4 026:706.412 JLINK_ReadMem(0x020073AC, 0x1 Bytes, ...)
TA0F4 026:706.428    -- Read from flash cache (1 bytes @ 0x020073AC)
TA0F4 026:706.444   Data:  47
TA0F4 026:706.462 - 0.051ms returns 0
TA0F4 026:706.476 JLINK_IsHalted()
TA0F4 026:706.488 - 0.011ms returns TRUE
TA0F4 026:706.514 JLINK_ReadReg(XPSR)
TA0F4 026:706.540 - 0.024ms returns 0x61000000
TA0F4 026:706.554 JLINK_ReadReg(XPSR)
TA0F4 026:706.564 - 0.011ms returns 0x61000000
TA0F4 026:706.574 JLINK_ReadReg(R15 (PC))
TA0F4 026:706.588 - 0.012ms returns 0x020073AC
TA0F4 026:706.612 JLINK_ReadReg(XPSR)
TA0F4 026:706.628 - 0.013ms returns 0x61000000
TA0F4 026:706.640 JLINK_ReadMem(0x020073AC, 0x1 Bytes, ...)
TA0F4 026:706.654    -- Read from flash cache (1 bytes @ 0x020073AC)
TA0F4 026:706.672   Data:  47
TA0F4 026:706.688 - 0.047ms returns 0
TA0F4 026:706.748 JLINK_ReadMem(0xE0001000, 0x4 Bytes, ...)
TA0F4 026:706.768   CPU_ReadMem(4 bytes @ 0xE0001000)
TA0F4 026:707.112   Data:  01 00 00 80
TA0F4 026:707.136   Debug reg: DWT_CTRL
TA0F4 026:707.152 - 0.403ms returns 0
TA0F4 026:707.178 JLINK_WriteMem(0xE0001FB0, 0x8 Bytes, ...)
TA0F4 026:707.188   Data:  00 00 00 00 55 CE AC C5
TA0F4 026:707.500   CPU_WriteMem(8 bytes @ 0xE0001FB0)
TA0F4 026:707.876 - 0.700ms returns 0x8
TA0F4 026:707.908 JLINK_ReadMem(0xE000EDFC, 0x4 Bytes, ...)
TA0F4 026:707.926   CPU_ReadMem(4 bytes @ 0xE000EDFC)
TA0F4 026:708.234   Data:  00 00 10 01
TA0F4 026:708.268   Debug reg: DEMCR
TA0F4 026:708.284 - 0.377ms returns 0
TA0F4 026:715.894 JLINK_ReadMem(0xE0001004, 0x4 Bytes, ...)
TA0F4 026:715.938   CPU_ReadMem(4 bytes @ 0xE0001004)
TA0F4 026:716.260   Data:  67 F2 28 00
TA0F4 026:716.290   Debug reg: DWT_CYCCNT
TA0F4 026:716.308 - 0.413ms returns 0
T6B98 026:901.236 JLINK_ReadMem(0x020073AC, 0x4 Bytes, ...)
T6B98 026:901.286    -- Read from flash cache (4 bytes @ 0x020073AC)
T6B98 026:901.308   Data:  47 F2 20 32
T6B98 026:901.328 - 0.093ms returns 0
T6B98 027:336.144 JLINK_ReadMem(0x220EBA60, 0x4 Bytes, ...)
T6B98 027:336.188   CPU_ReadMem(4 bytes @ 0x220EBA60)
T6B98 027:336.820   Data:  00 00 00 00
T6B98 027:336.848 - 0.705ms returns 0
T6B98 027:337.428 JLINK_ReadMem(0x220EBA3C, 0x4 Bytes, ...)
T6B98 027:337.460   CPU_ReadMem(4 bytes @ 0x220EBA3C)
T6B98 027:338.038   Data:  00 00 00 00
T6B98 027:338.074 - 0.646ms returns 0
T6B98 027:338.676 JLINK_ReadMem(0x020BAAE4, 0x4 Bytes, ...)
T6B98 027:338.704    -- Read from flash cache (4 bytes @ 0x020BAAE4)
T6B98 027:338.724   Data:  07 00 00 00
T6B98 027:338.740 - 0.066ms returns 0
T6B98 027:338.764 JLINK_ReadMem(0x220EBA60, 0x4 Bytes, ...)
T6B98 027:338.784   CPU_ReadMem(4 bytes @ 0x220EBA60)
T6B98 027:339.372   Data:  00 00 00 00
T6B98 027:339.404 - 0.639ms returns 0
T6B98 027:339.968 JLINK_ReadMem(0x220EBA3C, 0x4 Bytes, ...)
T6B98 027:339.996   CPU_ReadMem(4 bytes @ 0x220EBA3C)
T6B98 027:340.560   Data:  00 00 00 00
T6B98 027:340.592 - 0.625ms returns 0
T6B98 027:341.116 JLINK_ReadMem(0x020BAAE4, 0x4 Bytes, ...)
T6B98 027:341.174    -- Read from flash cache (4 bytes @ 0x020BAAE4)
T6B98 027:341.196   Data:  07 00 00 00
T6B98 027:341.212 - 0.094ms returns 0
T6B98 027:342.972 JLINK_ReadMem(0x220EBA60, 0x4 Bytes, ...)
T6B98 027:343.018   CPU_ReadMem(4 bytes @ 0x220EBA60)
T6B98 027:343.622   Data:  00 00 00 00
T6B98 027:343.658 - 0.683ms returns 0
T6B98 027:343.676 JLINK_ReadMem(0x220EBA3C, 0x4 Bytes, ...)
T6B98 027:343.692   CPU_ReadMem(4 bytes @ 0x220EBA3C)
T6B98 027:344.276   Data:  00 00 00 00
T6B98 027:344.304 - 0.627ms returns 0
T6B98 027:344.326 JLINK_ReadMem(0x020BAAE4, 0x4 Bytes, ...)
T6B98 027:344.340    -- Read from flash cache (4 bytes @ 0x020BAAE4)
T6B98 027:344.348   Data:  07 00 00 00
T6B98 027:344.364 - 0.040ms returns 0
T6B98 027:344.384 JLINK_ReadMem(0x220EBA60, 0x4 Bytes, ...)
T6B98 027:344.400   CPU_ReadMem(4 bytes @ 0x220EBA60)
T6B98 027:344.970   Data:  00 00 00 00
T6B98 027:344.992 - 0.608ms returns 0
T6B98 027:345.008 JLINK_ReadMem(0x220EBA3C, 0x4 Bytes, ...)
T6B98 027:345.020   CPU_ReadMem(4 bytes @ 0x220EBA3C)
T6B98 027:345.574   Data:  00 00 00 00
T6B98 027:345.604 - 0.594ms returns 0
T6B98 027:345.622 JLINK_ReadMem(0x020BAAE4, 0x4 Bytes, ...)
T6B98 027:345.636    -- Read from flash cache (4 bytes @ 0x020BAAE4)
T6B98 027:345.654   Data:  07 00 00 00
T6B98 027:345.664 - 0.044ms returns 0
T4880 042:323.788   
  ***** Error: Connection to emulator lost!
T4880 053:475.788   
  ***** Error: Connection to emulator lost!
