S021000052413850314475616C436F726550726F6A6563745F435055312E7372656359
S315020D80008004182261DD0D0225DC0D026BDD0D02E9
S315020D80106BDD0D026BDD0D026BDD0D026BDD0D02EF
S315020D8020000000000000000000000000C5B20D02B5
S315020D80306BDD0D0200000000DDB20D0245B30D022F
S315020D804089C80D025DCA0D02BDCB0D02A1CC0D0272
S315020D8050E1B50D027BB60D028FB70D02A7B80D0263
S315020D80603FCE0D023FCE0D02D3BF0D02F5BE0D0260
S311020D80705BC00D02ADC00D021BC20D025D
S315020D808001000000000000000000000000000000DA
S315020D809000000800000000000000000000000000C3
S315020D80A000001008000000000000000000000000A3
S309020D80B01040000067
S315020D80B810B582B040F2AC44C2F21824206808B159
S315020D80C8012013E040F2B04240F2C8434FF0000CD3
S315020D80D8C2F21822C2F2182301201821CDF800C0C7
S315020D80E806F013F82060002818BF012002B010BD53
S315020D80F8D0B101460068B8B1486800284FF00000B3
S315020D810811D040F2AC42C2F2182212685AB180B5A9
S315020D811810460022002306F067F80138B0FA80F0FF
S315020D81284009BDE880407047002070470A4601465F
S315020D813800284FF000000FD040F2AC43C2F21823CC
S315020D81481B684BB180B5184606F020FA0138B0FA0D
S315020D815880F04009BDE88040704770B1002148F2B1
S315020D8168851248F2B91348F2052CC0F20D22C0F257
S315020D81780D23C0F20D2C80E80E10704780B542F61D
S315020D8188B450C0F20E2000F083F870B142F6AC403E
S315020D8198C0F20E2000F07CF838B142F63050C0F22B
S315020D81A80E20BDE8804000F073B8002080BDD4D4FF
S315020D81B880B52DED028B42F6B450C0F20E20B0EE0C
S315020D81C8608A00F084F890B142F6AC40C0F20E20F7
S315020D81D8B0EE480A00F07BF808B1012008E042F635
S315020D81E8B4509FED050AC0F20E2000F070F800207B
S315020D81F8BDEC028B80BD00BF0000000070B52DEDF1
S315020D8208028BB7EE001A42F63056B4EE410AC0F2A8
S315020D82180E26F1EE10FA346831FE008AB5EE408A62
S315020D822820460021F1EE10FA9FED180A48BFB0EE6E
S315020D8238408A002505F09DFA2046012105F099FA96
S315020D824830460021B0EE480A00F091F8C8B142F660
S315020D825830509FED0E0AC0F20E20012100F087F86C
S315020D826830B1B5EE408AF1EE10FA03D1012508E0D8
S315020D8278002506E02046002105F06DFAB0FA80F0D9
S315020D828845092846BDEC028B70BD00BF00000000F3
S315020D8298C8B110B50446D4E90112006812689047B0
S315020D82A80E2800D088B92068002105F062FA2068E8
S315020D82B8012105F05EFAA168206849688847B0FA77
S315020D82C880F0400910BD00207047002010BD70B522
S315020D82D82DED028BB7EE001AB4EE410AF1EE10FA45
S315020D82E831FE000ABFEE001AB4EE401AF1EE10FA8C
S315020D82F831FE008AB5EE408A0026F1EE10FA48BF25
S315020D830802260446C8BF012600684FF000014FF049
S315020D83180005B1EE480A48BFB0EE408A05F029FAC3
S315020D83282068012105F025FA20460021B0EE480AFB
S315020D833800F01DF8B8B120460121B0EE480A00F04A
S315020D834816F828B1012E05D0022E0BD1012102E015
S315020D8358002508E00021206805F0FDF9B0FA80F045
S315020D8368450900E001252846BDEC028B70BDB0B566
S315020D83782DED028B84B0B0EE408AB7EE000AB4EE4C
S315020D8388408A05460020F1EE10FACDE90200019069
S315020D839824DC1DB3B5EE408AF1EE10FA1ED40C4656
S315020D83A8A96828684A6A01A9904708B1002015E00C
S315020D83B89DED030AB6EE001AB8EE400A20EE080A3B
S315020D83C8A96830EE010ABCEEC00A2868CB6910EE20
S315020D83D8101A22469847B0FA80F0400904B0BDEC4F
S315020D83E8028BB0BD70B110B52021044607F044FDCD
S315020D83F8204600F030F838B104F11000FFF7ADFE53
S315020D8408012010BD00207047002010BD10B3007961
S315020D841840F24001C2F21821087040F21050C2F221
S315020D842818200068B0B180B582B0002101AA019169
S315020D843807F063F9019850B14EF60450CEF20000DA
S315020D84484FF080510160BFF34F8FBFF36F8F02B0AC
S315020D8458BDE880407047F0B110B5044641F60C40B0
S315020D8468C2F21820C068C0B107F0D6F840F2105112
S315020D8478C2F218210860002048F2BF4148F239526B
S315020D848848F2D753C0F20D21C0F20D22C0F20D23C8
S315020D84980FC4012010BD0020704741F60C4042F66C
S315020D84A8F851C2F21820C0F20E2103F0D6FF0028A9
S315020D84B8DAD0002010BD2DE9F04184B04FF0000549
S315020D84C893B30A9C0F2C2FD841F60C401746C2F2CD
S315020D84D8182001221E464FF0010804F061F808B172
S315020D84E8002521E08DF800706F46781C314622462C
S315020D84F807F0C6FC002001210022002507F0A5F889
S315020D850840F24000C2F2182080F8008041F60C4075
S315020D8518621CC2F218203946002304F022F818B953
S315020D8528032000F057F80546284604B0BDE8F08149
S315020D85382DE9F04182B04FF000068DF8072023B3DE
S315020D8548089D15B341F60C40C2F2182001221C46AD
S315020D8558012704F025F808B1002616E000200121AE
S315020D85680022002607F071F840F2400841F60C4049
S315020D8578C2F21828C2F218200DF1070101220123B1
S315020D858888F8007003F0EDFF18B1304602B0BDE869
S315020D8598F081032000F01EF80028DDD0002001210D
S315020D85A800220127002607F050F841F60C40C2F2C8
S315020D85B8182021462A46002388F8007003F0CBFFBF
S315020D85C80028E2D1022000F005F80646DDE7084646
S315020D85D806F07CBC10B5044600200121142207F0D2
S315020D85E834F848B140F24000C2F218200078001B58
S315020D85F8B0FA80F0400910BD41F60C40C2F21820BF
S315020D860803F0B5FF002010BDB0B5054600284FF0A2
S315020D8618000019D00C46B9B194ED050AB5EE400A1B
S315020D8628F1EE10FA10D994ED040AB5EE400AF1EE00
S315020D863810FA09D42846302107F01EFC07CC07C5C7
S315020D864894E80F000FC50120B0BDC8B190ED051A0B
S315020D8658016AB1EE412AB4EE410AF1EE10FAB4EE10
S315020D8668402A31FE001AF1EE10FAC1614FF00001EF
S315020D867832FE010A4162012180ED0A0A80F82C10A8
S315020D8688704718B1002180F82C1041627047D4D476
S315020D86980246002818BF01220B46002918BF0123DE
S315020D86A802EA030CF5EE400A00229FED7C1AF1EE62
S315020D86B810FA88BF0122002302EA0C02F4EE410ADF
S315020D86C8F1EE10FAD8BF01231A40012A40F0D680DE
S315020D86D890ED062AB0EEC01AB4EE412A9FED701A35
S315020D86E8F1EE10FA90ED083A31FE000A20EE204A14
S315020D86F89FED6C2A34EE034AB4EE424AF1EE10FAB5
S315020D870809DD9FED693A00BF34EE034AB4EE424ADB
S315020D8718F1EE10FAF8DC9FED653AB4EE434AF1EE46
S315020D872810FA08D59FED625A34EE054AB4EE434A5D
S315020D8738F1EE10FAF8D490F82C3080ED084A002B99
S315020D874800F0988090ED071A31EE441AB4EE421AEB
S315020D8758F1EE10FA09DD9FED544A00BF31EE041A07
S315020D8768B4EE421AF1EE10FAF8DCB4EE431AF1EE53
S315020D877810FA08D59FED4E2A31EE021AB4EE431AB7
S315020D8788F1EE10FAF8D490ED092A21EE203A90ED81
S315020D8798035A33EE022AB1EE457AB4EE452AF1EEC4
S315020D87A810FAB4EE427A90ED003A90ED014A35FE92
S315020D87B8025AF1EE10FA90ED026A37FE052A24EEF8
S315020D87C8024A23EE013A33EE043A26EE000A90EDFA
S315020D87D8044A33EE403AB1EE445AB4EE443AF1EE57
S315020D87E810FAB4EE435A34FE030AF1EE10FAB4EE59
S315020D87F8453A35FE000AF1EE10FA04DBB4EE443AB8
S315020D8808F1EE10FA09D9B5EE401AF1EE10FA37D58E
S315020D8818B4EE403AF1EE10FA32DD80ED092A90ED0A
S315020D88280A1A90ED052A31EE401AB1EE423AB4EE25
S315020D8838421AF1EE10FAB4EE413A32FE012AF1EE7F
S315020D884810FA33FE021A81ED001A90ED0A1A90ED0E
S315020D8858052A30EE010AB1EE421AB4EE420AF1EEDB
S315020D886810FAB4EE401A32FE002AF1EE10FA31FE73
S315020D8878021A01E00020086081ED011A10467047C0
S315020D8888B5EE401AF1EE10FAC9DDB4EE403AF1EE44
S315020D889810FA48BF80ED092AC1E700BFCDCCCC3D01
S315020D88A800000000000034430000B4C3000034C3C6
S315020D88B80000B443002814BF90F82C00002000F0E5
S315020D88C8010070472DE9F04383B0002500288DF885
S315020D88D806506DD01F46002B6AD01646002A67D061
S315020D88E8DDF82890B9F1000F62D0884604460B9D33
S315020D88F81030142107F0C0FAC4E9008601260DF1DD
S315020D89080603404629467522C4E90279257400965E
S315020D8918B84700284BD09DF8060000F07E0168295D
S315020D892845D16074D4E90007217C01250DF10703B1
S315020D89386B228DF807500095B847C0B3404664219F
S315020D8948C8470322D4E90007217C8DF8082002AB1B
S315020D89581A220095B84750B30922D4E90007217C9B
S315020D89688DF8092001260DF1090319220096B8473B
S315020D89784FF00005E0B1D4E90007217C0DF10A0399
S315020D89881B228DF80A500096B84788B1D4E900071C
S315020D8998217C002501260DF10B031C228DF80B50A7
S315020D89A80096B84720B1012584F8206000E000251D
S315020D89B8284603B0BDE8F08300287ED0B0B586B050
S315020D89C804460D4600294FF0000079D094F8201080
S315020D89D8C90775D02068D4F808C0217C4FF00E0E51
S315020D89E80DF10A033B22CDF800E0E047002866D0D8
S315020D89F8BDF80A009FED331AC0BA00EE100ABDF88B
S315020D8A080C00B8EEC00A20EE010AC0BA85ED000ABE
S315020D8A1800EE100ABDF80E00B8EEC00A20EE010AE5
S315020D8A28C0BA85ED010A00EE100ABDF81000B8EEBF
S315020D8A38C00AC0BA20EE010A01EE100A9FED222ADB
S315020D8A48B8EEC11ABDF8120081EE021AC0BA02EECC
S315020D8A58100A9FED1F3AB8EEC22ABDF8140082EE2F
S315020D8A68032AC0BA04EE100AB8EEC44ABDF81600B7
S315020D8A7884EE034AC0BA05EE100AB8EEC55A85EE5B
S315020D8A88033A9FED125A85ED020A31EE050A85ED76
S315020D8A98060A94ED050A012032EE400A85ED030A0F
S315020D8AA894ED060A34EE400A85ED040A94ED070A9A
S315020D8AB833EE400A85ED050A02E0002070470020D4
S315020D8AC806B0B0BD000080380000AA43B81E124297
S315020D8AD8000003432DE9F0412DED068B88B00446BF
S315020D8AE800284FF000003BD00D46C9B39FED1F8AF3
S315020D8AF8164600270DF10408B0EE489AB0EE48AABC
S315020D8B08C4E90577E76100BF20464146FFF754FFE2
S315020D8B1828B39DED040A9DED051A9DED062A2068DA
S315020D8B28E26831463AEE00AA39EE019A38EE028A21
S315020D8B3890470137B8B2A842E6D300EE105AB8EEFE
S315020D8B48400A8AEE001A89EE002A88EE000A0120EA
S315020D8B5884ED051A84ED062A84ED070A00E0002045
S315020D8B6808B0BDEC068BBDE8F08100BF0000000021
S315020D8B78002859D070B582B005464069002851D0F3
S315020D8B88A86900284ED0E86900284BD040F2145641
S315020D8B98C2F218263046A42107F06EF91ECD3046CC
S315020D8BA81EC095E81E001EC040F2EE20C6F89C00B7
S315020D8BB842F22840A6F8A000D6E904020021A6F83A
S315020D8BC87410904790B396E81E0006F120054FF0F3
S315020D8BD8680C2846CDE9004CFFF774FE40B32846CB
S315020D8BE84FF4FA710222FFF775FF08B341F20C51E1
S315020D8BF806F14400C0F20E21FFF706FDE8B100F0BA
S315020D8C0821F83069F1699FED0E0A884770B14CF665
S315020D8C18CD40C3F64C70C6F88C000120A6F8760036
S315020D8C28002006E0012006E001207047032000E03F
S315020D8C38052086F8900002B070BD0120F9E700BF45
S315020D8C48CDCC4C3FB0B540F21454C2F2182404F1FF
S315020D8C584400FFF716FD9FED080A2069A169002554
S315020D8C68F0EE400A84F87850884710B9032084F844
S315020D8C789000C4E92155B0BD0000000070B52DED78
S315020D8C88048B8AB0B0EE408A9FED6F0A40F21455F6
S315020D8C98B4EE408AC2F21825F1EE10FA4FF001042D
S315020D8CA800F3CA80B5EE408AF1EE10FA40F2C4809E
S315020D8CB895F87600C00700F0BF809FED640AB6EE00
S315020D8CC8001A28EE000A30EE010A95F87700BCEE76
S315020D8CD8C00A10EE106A88B995ED230AB5EE400A58
S315020D8CE8F1EE10FA0ADDD5F894003044B0F5FA6FB4
S315020D8CF8C5F8940024BF012085F8770005F14404D0
S315020D8D082046FFF7D7FD30B305F1200003A9FFF77B
S315020D8D1853FE00285FD09DED080A01A92046F0EE04
S315020D8D28480A85ED200AFFF7B3FC002800F081807A
S315020D8D389DED019A9DED028A2869A969B0EE490A47
S315020D8D48F0EE480A884700286DD0686E85ED219A9F
S315020D8D5885ED228AE86795F87400012839D1D5F888
S315020D8D68980095F8751030440329C5F898004FD028
S315020D8D78022934D0012954D141F2883188424FF063
S315020D8D88000459D3FFF75EFF95F8A1009FED301A3F
S315020D8D9800EE100AB8EE400A80EE018A022085F826
S315020D8DA875002869A969C5F89840B1EE489AB0EEDA
S315020D8DB8480AF0EE490A884730B99FED268A0324F8
S315020D8DC8B0EE489A85F8904085ED218A85ED229A6E
S315020D8DD817E0002432E0FFF735FF05242CE0D5F81D
S315020D8DE89C100024884227D3FFF72CFF032095F801
S315020D8DF8A01085F875000020C5F8984000F02CF8EB
S315020D8E08044674B1052085F87500FFF71BFF13E0BC
S315020D8E1841F28831884204D3FFF714FF042085F8FE
S315020D8E287500002408E0032085F890000020C5E9A6
S315020D8E382100FFF707FF032485F8904020460AB064
S315020D8E48BDEC048B70BD00BFCDCCCC3D00007A4481
S315020D8E580000C84200000000652907D340F21451EC
S315020D8E68C2F21821012081F89000704710B52DED38
S315020D8E78028B00EE101A9FED171AB8EE400A80EE15
S315020D8E88010A002840F21454C2F2182404F14400CF
S315020D8E98B1EE401A00FE018AB0EE480AFFF7D5FB7D
S315020D8EA82069A2690121B0EE480AF0EE480A84F853
S315020D8EB87810904708B1002004E09FED078A032039
S315020D8EC884F8900084ED218A84ED228ABDEC028B0A
S315020D8ED810BD00BF0000C8420000000070B52DEDA0
S315020D8EE8048B40F21456C2F2182678B1054696F846
S315020D8EF8760001284FF002000DD10C4696F8771030
S315020D8F08C90708D0642C0BD9012004E0FFF79AFE95
S315020D8F180020A6F8740086F89000BDEC048B70BD8F
S315020D8F28FFF790FE681E00210328A6F87410EBD8E9
S315020D8F3800EE104A9FED1D1AB8EE400A80EE018A20
S315020D8F48DFE800F0022E041500202AE03069B16927
S315020D8F58B1EE489AB0EE490AF0EE480A88479FEDF7
S315020D8F68140A002800FE091A00FE080A0FE03069E5
S315020D8F78B169B1EE489AB0EE480AF0EE490A884749
S315020D8F889FED0B0A002800FE081A00FE090A4FF08B
S315020D8F98030018BF002086ED211A86ED220ABAE7CC
S315020D8FA801202146FFF758FFB5E700BF0000C8426A
S315020D8FB80000000010B540F21454C2F2182494F8B9
S315020D8FC8760001284FF0020010D194F87710C907E0
S315020D8FD80CD0FFF737FE40F2011094F8A010A4F852
S315020D8FE874000020C4F89800FFF736FF84F8900045
S315020D8FF810BDD4D410B52DED028B40F21454024691
S315020D9008C2F2182464294FF001001FD894F876305D
S315020D9018DB071BD000EE101A9FED0F1AB8EE400AA9
S315020D902880EE010A9FED0D1A002A2069E16901FEFB
S315020D9038008AB0EE480A884738B1002084ED238AA3
S315020D904884F87700C4F8940000E0032084F89000B1
S315020D9058BDEC028B10BD00BF0000C8420000000027
S315020D9068B0B540F214550128C2F2182501D90120CE
S315020D907809E00446FFF7E6FD002085F8744085F8F9
S315020D90887500C5F8980085F89000B0BD10B5FFF7C4
S315020D9098D9FD40F21454C2F21824E16919B12069B6
S315020D90A89FED050A88470020C4F88C0084F87700DE
S315020D90B8052084F8750010BD0000000080B582B049
S315020D90C840F2B85240F2CC534FF0000CC2F21822BD
S315020D90D8C2F2182301201421CDF800C005F015F8A7
S315020D90E840F21461C2F218210860002818BF012047
S315020D90F802B080BD014600284FF0000010D040F2A4
S315020D91081462C2F21822126852B180B510460022B4
S315020D911805F03CFA0138B0FA80F04009BDE8804006
S315020D91287047D4D410B540F21864C2F218242046FA
S315020D9138A82106F0A1FE03202061606142F23E30AD
S315020D914840F2C061C0F20E20C2F21821A061E1619F
S315020D91584FF4006121620021A1626162E16220661B
S315020D916840F6C060C2F2182060661020A06621671C
S315020D9178E166616741F228510F20C0F20E21BFF355
S315020D91885F8F00BF0A5C0138431C04F8012BF9D125
S315020D9198BFF35F8F10BDD4D42DE9F04381B0C768F4
S315020D91A814460D4680464FF0000900BFD8F8101038
S315020D91B8D8F80800FA43B9421144A0EB070698BF3E
S315020D91C80144B14238BF0E46D8F80400A64228BF5C
S315020D91D8264638442946324606F052FED8F8080085
S315020D91E8F119A41B0F1AB144354418BF0F46002CAA
S315020D91F8BFF35F8FC8F80C70D8D1484601B0BDE8E9
S315020D9208F0832DE9F04381B0144640F2186200EB63
S315020D92184000C2F2182202EBC002D06A8946022821
S315020D922802F1180511D0012807D000283ED1EE68A3
S315020D92382869B04234D9F14335E0EE682969B1425D
S315020D92480BD9F243A86811440BE028464946224633
S315020D925801B0BDE8F043FFF79FBFA868F24311447A
S315020D92680144A14238BF0C46871B6868BC4230448C
S315020D927807D24946224606F003FEBFF35F8F264400
S315020D92880CE049463A4606F0FBFDE61B686809EB13
S315020D92980701324606F0F4FDBFF35F8FEE6026E056
S315020D92A8A968F24310440844A04201D200241EE0E4
S315020D92B8D5E901018F1BBC42304408D249462246E4
S315020D92C806F0DEFDBFF35F8F06EB04080DE0494697
S315020D92D83A4606F0D5FDA4EB0708686809EB0701BF
S315020D92E8424606F0CDFDBFF35F8FC5F80C802046CA
S315020D92F801B0BDE8F083F0B581B0144640F21862AC
S315020D9308C2F2182212780D46532A064618BFFFF7DF
S315020D931809FFEFF311874FF0200181F311883046CB
S315020D932829462246FFF76DFF87F3118801B0F0BD76
S315020D93382DE9F04F9BB0934606AA16924022179234
S315020D9348002200278A4605901A90CDE9182200BFF9
S315020D93581AF8012B252A07D0002A00F05D8116A8D6
S315020D9368114600F068F93CE1881C4FF0000800BF71
S315020D93789AF800102C2905DC232909D02B2911D19D
S315020D9388042108E02D2905D030290BD1022102E04E
S315020D9398082100E0012148EA01080AF1010A013013
S315020D93A8E6E700BFA1F13A02002612F10A0F0ED323
S315020D93B806EB860201EB420210F8011BA2F13006FA
S315020D93C8A1F13A0313F10B0FF2D8A0F1010A2E29D6
S315020D93D80ED1514611F8010F2A280CD1DBF80000DF
S315020D93E80AF1020A011DCBF8001004681FE000BF3E
S315020D93F8002000241CE0A0F13A0212F10A0F03D252
S315020D9408002000248A4613E00AF10201002400BF57
S315020D941804EB840200EB420211F8010BA2F13004AF
S315020D9428A0F13A0313F10B0FF2D8A1F1010A0120AB
S315020D94381AF8011B01F0FB02682AF9D063290FDC21
S315020D944825292FD0582924D0632940F0CA80DBF864
S315020D94580000011DCBF80010017816A881E700BFA0
S315020D9468A1F17002082A20D8DFE802F005BBBB532A
S315020D9478BB4CBBBB1300DBF800001022011DCBF859
S315020D94880010016816A8082300270826CDE90067EB
S315020D9498A5E0DBF800001022011DCBF800100168CB
S315020D94A816A899E016A825215BE7642940F099804C
S315020D94B8DBF80000011DCBF800100568C5F1000C9C
S315020D94C8002D284600D560464CF6CD430A28CCF623
S315020D94D8CC434FF0010907DBA0FB031263284FEAC1
S315020D94E8D20009F10109F7D84C4588BFA146AEB39A
S315020D94F80020002D48BF012008F0040140EA910022
S315020D9508361A2CE0DBF80000011DCBF800100168B5
S315020D951860E0DBF800100A1DCBF800200E6841F654
S315020D95282F423146002E18BF012100EA0105C0F26D
S315020D95380E2208BF164600BF3178002951D0B4FA5B
S315020D954884F0400928404CD116A8013600F073F86C
S315020D9558199F013CB7F1FF3FEEDC68E000265FEA92
S315020D956888710BD554B9002F3BD4002D24D45FEA4C
S315020D9578487004952BD503912B2121E05FEAC8701B
S315020D9588F1D1002EEFD0B145EDD2CDE902C1049548
S315020D9598751E00BF16A8202100F04DF8199F002F41
S315020D95A845D4681EA84202D2A9450546F2D3049DA2
S315020D95B8DDE902C1461CD6E703912D21CDF810C06F
S315020D95C816A800F038F8199F0399002F2FD40029F1
S315020D95D80ED4049916A80A222346CDE9006800F08E
S315020D95E84BF8199F5146B7F1FF3F3FF7B1AE1EE053
S315020D95F808F001002043ECD1002EEAD0751EB542C3
S315020D960838BFB145E5D216A8302100F014F8199FD6
S315020D96182E46002FF2D50AE047B1189C24B10598BB
S315020D962806A92246FFF767FE274400E000273846BB
S315020D96381BB0BDE8F08F10B50446D0E90120431CD6
S315020D9648934207D822681154E06862680130E060D7
S315020D96581846A360904218BF10BD21682069FFF70E
S315020D96684AFEA168884202D10020A06010BD4FF0C3
S315020D9678FF30E06010BDD4D42DE9F04F81B0DDF88E
S315020D968828A01F4615468B46914281464FF0010486
S315020D969805D35846B0FBF5F00134A842FAD20B9918
S315020D96A8A74288BF3C46BAF1000F1DD011F0010042
S315020D96B81AD14FF02008880748BF4FF030082020EE
S315020D96C8002F18BF804600BFBAF1000F0CD05445C3
S315020D96D80AD248464146AAF1010AFFF7ACFFD9F864
S315020D96E80C00B0F1FF3FEFDCD9F80C0000283AD494
S315020D96F8012600BF022F01D3013F03E0BBFBF6F0A3
S315020D9708A84202D306FB05F6F4E742F65838C0F22C
S315020D97180E2800BFBBFBF6F7484618F80710FFF7E9
S315020D97288AFFD9F80C00002806D4B6FBF5F007FB1C
S315020D973816BBB5420646EDD90B98C00718BFBAF146
S315020D9748000F0AD10FE048462021FFF774FFD9F81A
S315020D97580C00AA46B0F1FF3F05DDAAF101055545F4
S315020D976838BF5445EFD301B0BDE8F08F0021A0F8FC
S315020D97780012A0F8021270470021A0F80012A0F8F4
S315020D97880212704780B5B0F80022531C9AB2B2F590
S315020D9798007218BF1A46B0F802C21FFA82FEE645D3
S315020D97A804D0B0F80032C154A0F80022BEEB0C006A
S315020D97B818BF012080BD29B1B0F80022B0F80232D7
S315020D97C89A4201D100207047B0F80222825C0A70D3
S315020D97D8B0F8021201318AB2B2F5007218BF0A4602
S315020D97E8A0F802220120704710B540F6D064C2F2E5
S315020D97F81824207800284FF0000010D142F688313F
S315020D9808C0F20E21C4E90000C4E9020007C91268B4
S315020D98189047002818BF10BD01202070002010BDEA
S315020D98280221C4F65021884218BF704740F6D0600F
S315020D9838C2F2182001214170BFF35F8F7047E0B164
S315020D98482DE9F0412021044606F016FB40F6D067B5
S315020D9858C2F218273878012811D1B878012811D102
S315020D986842F68830C0F20E20816800684A68796827
S315020D9878904720B30420BDE8F081032070470120EC
S315020D9888BDE8F0810026C6F6FE7601F0DEFD7D788E
S315020D98980020787001F004FEBFF35F8F15B9F068EA
S315020D98A8022809D17069A060F069E060306A20610A
S315020D98B8F06A397AA08339B10220BDE8F081002019
S315020D98C8B8707860BDE8F081316844F247520425D4
S315020D98D8C4F65022C4F65025012091424FF00101DB
S315020D98E81ED17168012918D1B168402917D1B169FC
S315020D98F8402914D1F16802292CD13169AA1E914247
S315020D990809D1F169042906D3F1694FF6C072C0F27D
S315020D99180102914220D9052102E0022100E003212C
S315020D99282070A161B16235610520BFF35F8FF060CA
S315020D993842F68830C0F20E208168BFF35F8F006849
S315020D99484A682946904710B10120B8707D600320F8
S315020D9958BDE8F0810421E3E7F16AB1F57A7F4FF0AC
S315020D99680301DDD8F160BFF35F8FF169BFF35F8F36
S315020D997896F84000FF2824D196F84100D82820D120
S315020D9988701890F83E20FF2A3AD1403010F8010C93
S315020D9998D92835D106F14008404600F079F82169F3
S315020D99A8606188422ED14FF4807121800121A17008
S315020D99B8C4F804803972A1680020A061F960BDE877
S315020D99C8F08106204FF00108A4F80080A061B0626C
S315020D99D835610520BFF35F8FF06042F68830C0F21D
S315020D99E80E208168BFF35F8F00684A682946904743
S315020D99F818B187F802807D603CE70020BDE8F0814A
S315020D9A080720DFE70820DDE7B0B540F6D065C2F2DC
S315020D9A1818252B78012B1CBF0120B0BD0346287AC9
S315020D9A2801284FF0030032D1EC68A34218BFB0BD2E
S315020D9A380320C4F65020441C0C20002A08BF0E220F
S315020D9A48C6F6FE7000291EBF0324C4F65024002252
S315020D9A58C26144604FF00501BFF35F8F18BF042141
S315020D9A68016042F68830C0F20E208168BFF35F8F1F
S315020D9A7800684A68214690474FF0000120B101203F
S315020D9A88A87004206C6000E000202972E960B0BD60
S315020D9A984FF00002E8B1E1B1B0B548F2203E4FF001
S315020D9AA8FF324FF0000CCEF6B85E00BF10F80C3040
S315020D9AB85A40082314468EEA5202E50708BF620881
S315020D9AC8013BF7D10CF1010C8C45EFD1D243BDE820
S315020D9AD8B04010467047B0B582B040F6E063032435
S315020D9AE8C2F21823012000210022009404F00DFB76
S315020D9AF840F62875C2F2182540F62C732860C2F274
S315020D9B081823012000210022009404F0FEFA2A6887
S315020D9B1840F67471C2F218214FF0090408609AB31F
S315020D9B2890B340F67870C2F21820FFF71FFE41F285
S315020D9B387C10C2F218200021017041F27D10C2F28A
S315020D9B481820017041F28010C2F21820016041F20C
S315020D9B588410C2F21820016042F65C61C0F20E2131
S315020D9B6807C91268904740B1044641F66370C0F2C0
S315020D9B780E20214600F00BF806E041F21270C0F2F3
S315020D9B880E2000F004F80024204602B0B0BD83B0C2
S315020D9B9880B581B0844603A80EC003A800906A4614
S315020D9BA800206146FFF7C4FB01B0BDE8804003B053
S315020D9BB870472DE9F04F83B0074600284FF0010094
S315020D9BC800F0D4800C46002900F0D0801646022AF1
S315020D9BD8C0F0CC803978002900F0C8800025984657
S315020D9BE8257000F0C7F841F27D10C2F218200570F3
S315020D9BF841F2801941F27C10C2F21829C2F21820DC
S315020D9C08C9F80050057041F28810C2F21820056095
S315020D9C1841F28410C2F21820056042F22820C0F2E1
S315020D9C280E203946FFF7B3FF384606F039F981B2E9
S315020D9C38384600F0CFF8002840F09880404600F0EC
S315020D9C48EBF8002840F09280B8F1000F52D042F698
S315020D9C583C60C0F20E2090F905004EF20013CEF2CA
S315020D9C68000300F01F0101224FEA501B03F1800089
S315020D9C7802FA01F71D460190701E00264FF0000AE2
S315020D9C880090D9F80000002842D141F27D10C2F2A7
S315020D9C981820007801283ED001980DF10B0140F8E5
S315020D9CA82B7040F67870BFF34F8FC2F21820BFF3B0
S315020D9CB86F8FFFF780FD45F82B70B0B100991FFA2B
S315020D9CC88AF0814238D99DF80B100AF1010A2154FE
S315020D9CD81FFA8AF000212154204600F0EFF8A0BBA6
S315020D9CE8204600F013F918B138E000F033F90136C1
S315020D9CF84645C6D341F28810C2F21820026841F6CB
S315020D9D08DD50C0F20E202146FFF741FF14202DE04B
S315020D9D18D9F800002AE041F28410C2F2182001682F
S315020D9D2841F28810C2F21820026841F68370C0F219
S315020D9D380E20FFF72CFF06E041F64210C0F20E2068
S315020D9D482146FFF724FFCB2010E041F23770C0F20F
S315020D9D580E202146FFF71BFF002007E042F2CF70C7
S315020D9D68C0F20E202146FFF712FF012003B0BDE80F
S315020D9D78F08FD4D470B542F63C60C0F20E2090F93D
S315020D9D8805004EF2001600F01F0101224509CEF21A
S315020D9D98000602FA01F406EB8500C0F8804040F68B
S315020D9DA87870BFF34F8FC2F21820BFF36F8FFFF78C
S315020D9DB8E3FC46F8254040F67474C2F2182400BF37
S315020D9DC82068002808BF70BD002104F0B9FC0128DF
S315020D9DD8F6D070BDF1B170B5054641F27C1040F66C
S315020D9DE828760C46C2F218200021C2F218260170F6
S315020D9DF83068002104F0A4FC0128F9D042F65C6013
S315020D9E08C0F20E20816800688B6829462246BDE895
S315020D9E187040184701207047014600284FF003008D
S315020D9E2826D040F62872C2F21822126802B341F2FF
S315020D9E387C10C2F21820007838B980B5104604F0A5
S315020D9E487FFC0128BDE8804007D141F28010C2F29D
S315020D9E581820006838B90020704741F28010C2F206
S315020D9E681820006828B141F28010C2F21820006845
S315020D9E7870471420704770B542F63C61C0F20E2148
S315020D9E8891F905204EF20016014602F01F00012334
S315020D9E985509CEF2000603FA00F406EB8500C0F862
S315020D9EA8804040F67870BFF34F8FC2F21820BFF389
S315020D9EB86F8FFFF780FC46F8254070BD70B541F6E9
S315020D9EC8B2250446C0F20E2542F20146014600BFEE
S315020D9ED80846294605F0F7FFA0B1A04206D010F8AC
S315020D9EE8011C0A39B1FA81F1490900E0012100295B
S315020D9EF800F10101ECD082780D2AE9D826FA02F290
S315020D9F08D207E5D0002818BF012070BD70B541F6FD
S315020D9F18C961C0F20E21044605F0D5FFB0B141F66E
S315020D9F28C9650646C0F20E25A64203D016F8010CDF
S315020D9F380A2804D130460A2105F0BAFF40B9701C29
S315020D9F48294605F0C0FF06460028EDD1002070BD52
S315020D9F58012070BD40F67470C2F21820006810B167
S315020D9F68012104F0EDBB012004F0B0BF70B5ADF5CB
S315020D9F78007D0C46064668464FF40071154605F0F7
S315020D9F887BFF8CB1207878B1694630464FF4007262
S315020D9F982B46FFF70EFE40B96846214605F093FF9C
S315020D9FA8B0FA80F0400900E001200DF5007D70BD84
S315020D9FB810B5ADF5007D044668464FF4007105F0FF
S315020D9FC85BFFCCB142F61420C0F20E2069464FF45F
S315020D9FD8007241F28833FFF7ECFD70B941F2F36175
S315020D9FE8C0F20E21684605F06EFF28B1007AA0F17F
S315020D9FF83301C9B2FD2903D201200DF5007D10BD2D
S315020DA008303820700020F8E7022884BF01207047F7
S315020DA01842F66831C0F20E2151F8200041F6B221FE
S315020DA028C0F20E2141F28832FFF7A0BF80B542F287
S315020DA038047041F6B221C0F20E20C0F20E2141F291
S315020DA0488832FFF793FF00B180BD40F6B83004F0B1
S315020DA0583DFF41F2A56041F6B221C0F20E20C0F2D3
S315020DA0680E2141F28832BDE88040FFF77FBF2DE908
S315020DA078F04FADF5437D0F46064683A84FF4807122
S315020DA088144605F0F9FE0DF10C0A50464FF400710F
S315020DA09805F0F2FE002E4FF0010042D0002F40D0FF
S315020DA0A8002C3ED0304605F0FBFE0546384605F037
S315020DA0B8F7FE0146A5F1210010F1200F4FF0010020
S315020DA0C82FD3403911F1380F2BD330462C2105F0F9
S315020DA0D8EFFE28BB30460D2105F0EAFE00BB3046E1
S315020DA0E80A2105F0E5FED8B938462C2105F0E0FE21
S315020DA0F8B0B938460D2105F0DBFE88B938460A2176
S315020DA10805F0D6FE60B942F62222C0F20E2283A8C7
S315020DA1184FF480713346009705F008FFFF2804D9DE
S315020DA12801200DF5437DBDE8F08F0746FFF722FEA8
S315020DA13841F27D1B41F2801541F27C11C2F2182BB8
S315020DA1480020C2F21825C2F218218BF800002860E9
S315020DA158087041F28811C2F21821086041F2841181
S315020DA168C2F21821086042F29740C0F20E2031461B
S315020DA178FFF70DFD83A83946FFF72CFE0028D0D12F
S315020DA1884FF47A70FFF748FE0028CAD10DF10B0677
S315020DA1984FF0000800272868002841D19BF80000D7
S315020DA1A8E0BB3046FFF767FE50B3B7F5FF7F35D8EC
S315020DA1B89DF80B0007F101090AF80700002041F680
S315020DA1C869110AF809005046C0F20E2105F07BFE08
S315020DA1D818B10A2105F06CFE88BB41F6B521504629
S315020DA1E8C0F20E2105F06FFE20B10A21074605F0D1
S315020DA1F85FFE60BB5046FFF789FE4F4690B903E0F6
S315020DA208FFF7A8FE08F10108A045C4D342F25A5039
S315020DA218C0F20E20FFF7BBFC142082E7CB2080E7A5
S315020DA22828687EE741F6C961C0F20E2103A805F03A
S315020DA2384AFE014642F28C30C0F20E200CE042F282
S315020DA2484730C0F20E20FFF7A2FC002069E742F262
S315020DA258DE70C0F20E20394600F001F860E72DE9EE
S315020DA268F041A0B06D460E4604462846802105F0FB
S315020DA27803FE44B33EB330460A2105F019FE08B172
S315020DA288871B03E0304605F00BFE07464FF0000824
S315020DA29837B1F01910F8010C0D2808BF013F00E07F
S315020DA2A800277F2F28BF7F27284631463A4605F0D5
S315020DA2B8E7FD42F6ED00C0F20E2021462A4605F8C4
S315020DA2C80780FFF764FC20B0BDE8F08110B5A0B099
S315020DA2D804466846802105F0CFFD04B300202070A0
S315020DA2E842F26230C0F20E206946802241F288336C
S315020DA2F8FFF75FFCA0B942F20D01C0F20E216846C6
S315020DA30805F0E1FD58B1C07900F0FE01302906D1FC
S315020DA3183138B0FA80F040092070002000E00120A3
S315020DA32820B010BDF0B581B0074600208DF80300A8
S315020DA3380DF1030015460E46FFF7C8FF044660BB2E
S315020DA3489DF8030008B1002427E0384631462A460F
S315020DA358FFF78DFE40B1044641F23950C0F20E2088
S315020DA3682146FFF714FC18E005250DF1030400BF7D
S315020DA3782046FFF7ABFF18B99DF80300C0070FD1AA
S315020DA3884FF4FA7004F0A2FD013DF1D141F63640C3
S315020DA398C0F20E20FFF7FBFB1424204601B0F0BDD8
S315020DA3A842F20D70C0F20E20FFF7F1FBCBE72DE955
S315020DA3B8F04FADF5237D0D46064683A8802114463A
S315020DA3C805F05AFD03A84FF4007105F055FD4FF03F
S315020DA3D801000EB304B3FDB13178E9B130462C2133
S315020DA3E805F066FDB8B930460D2105F061FD90B947
S315020DA3F830460A2105F05CFD68B9FF2042F27F124C
S315020DA4082070C0F20E2283A880213346009505F0EE
S315020DA4188DFD7F2804D901200DF5237DBDE8F08F2A
S315020DA42883A803A94FF4007242F21073FFF7C1FB1A
S315020DA4380028F1D103AD2846214600F050F840B167
S315020DA448217842F6C500C0F20E20FFF7A0FB0020C8
S315020DA458E2E728464FF4007105F00EFD41F2801B26
S315020DA46841F27D16C2F2182BC2F218260DF10B0512
S315020DA47841F288374FF000084FF00009DBF800006B
S315020DA48850BB307830BB2846FFF7F5FCA0B1B8F5BE
S315020DA498FF7F1FD89DF80B0003A908F1010A01F8E1
S315020DA4A80800002001F80A000846214600F017F8B0
S315020DA4B80028D046C4D103E0FFF74CFD09F1010986
S315020DA4C8B945DBD341F61130C0F20E20FFF75FFB1B
S315020DA4D81420A1E7CB209FE7DBF800009CE7B0B577
S315020DA4E80C4642F23271C0F20E21054605F0EBFC1E
S315020DA4F808B1063008E041F63331C0F20E2128467E
S315020DA50805F0E1FC30B10A300078A0F13801C9B284
S315020DA518F82901D20020B0BD303820700120B0BD17
S315020DA52810B5A0B06C462046802105F0A5FC42F672
S315020DA538A600C0F20E202146802241F28833FFF78B
S315020DA54838FB044638B142F2BC40C0F20E20214611
S315020DA558FFF71DFB05E042F29520C0F20E20FFF72C
S315020DA56816FB204620B010BD80B582B0002100280A
S315020DA57801914CD00179072915DD082903D0102937
S315020DA58801D0202943D141F28010C2F218200121AF
S315020DA598016040F62870C2F218200068B0B101A910
S315020DA5A803F071FF12E0022915D004292FD141F2C9
S315020DA5B88811C2F218210A6801320A60017A40F638
S315020DA5C87870C2F21820FFF7DDF810B340F67470F2
S315020DA5D8C2F2182009E041F27C10C2F218200121BC
S315020DA5E8017040F62870C2F21820006810B101A950
S315020DA5F803F049FF019850B14EF60450CEF2000011
S315020DA6084FF080510160BFF34F8FBFF36F8F02B0CA
S315020DA61880BD41F27D10C2F218200121017041F26E
S315020DA6288410C2F21820016801310160E2E72DE9B2
S315020DA638F04389B0044601A8471C894638461F21AE
S315020DA6489846164605F018FC072C4FF003054DD80B
S315020DA658B9F1000F4AD0002E48D0B8F1000F45D0F7
S315020DA6681B2042F2B8528DF80400C0F20E2238466B
S315020DA6781F212346009605F059FC1E2801D91725D8
S315020DA68834E0441CFFF776FB41F27D10C2F2182026
S315020DA6980021017041F28010C2F21820016041F2C8
S315020DA6A88810C2F21820016041F28410C2F21820F5
S315020DA6B80160A1B201A8FFF78DFB08B1054615E0A9
S315020DA6C84046FFF7A9FB28B1054641F60650C0F2EA
S315020DA6D80E2008E0404600F029F858B1054641F625
S315020DA6E83950C0F20E202946FFF751FA284609B00D
S315020DA6F8BDE8F08348463146FFF76CFB0028DDD1ED
S315020DA7084046FFF789FB28B1054642F63420C0F2CA
S315020DA7180E20E8E7404600F009F828B1054642F250
S315020DA7281500C0F20E20DEE70025DFE72DE9F04F12
S315020DA738A3B001904EF2001603A88021CEF20006B0
S315020DA74805F09AFB42F63C60C0F20E2090F9050020
S315020DA758012200F01F0141F2801841F27D1B02FA17
S315020DA76801F9450906F180040027C2F21828C2F23A
S315020DA778182B4FF0000A00BFD8F80000002846D162
S315020DA7889BF80000012845D044F8259040F67870CC
S315020DA798BFF34F8FC2F218200DF10B01BFF36F8F66
S315020DA7A8FFF709F846F8259010B3BAF17F0F36D29E
S315020DA7B89DF80B00BB4603AFA84607F80A000AF137
S315020DA7C8010A0025384607F80A50FFF777FBB0BB92
S315020DA7D83846FFF79BFB45465F4641F2801841F224
S315020DA7E87D1BC2F21828C2F2182B00BB03E000BF6C
S315020DA7F8FFF7B0FB013701988742BDD342F2C55028
S315020DA808C0F20E2003A9FFF7C2F9142517E0D8F8EE
S315020DA818005014E041F63E30C0F20E2003E041F638
S315020DA8287210C0F20E20FFF7B2F9CB2507E042F2FD
S315020DA838AE30C0F20E2003A9FFF7A9F90125284665
S315020DA84823B0BDE8F08FD4D4012004F03FFBFBE71B
S315020DA858022818BF704741F2F45042F60841C2F277
S315020DA8681820C0F20E2101F025BD80B582B0002157
S315020DA8780191D8B1817AC90718D04068FEF7D0FF81
S315020DA88841F27C60C2F21820006801AA002104F088
S315020DA89834FF019850B14EF60450CEF200004FF037
S315020DA8A880510160BFF34F8FBFF36F8F02B080BD2A
S315020DA8B890B0FDF7FDFB40B941F69610C0F20E2099
S315020DA8C800F082F8002004F030FBFEF78DFF48B148
S315020DA8D8014642F29510C0F20E2000F075F80020DE
S315020DA8E804F023FB42F6602000214FF6C072C0F237
S315020DA8F80E20C6F6FE71C0F2010200F065F842F2AC
S315020DA908E84A41F65C4B08AC4FF0F0184FF00009D7
S315020DA91802ADC0F20E2AC0F20E2B00BF2046FEF77C
S315020DA9288EFF9DF82210012924D109AA07CA0D9B6B
S315020DA938CDE90202BDF83C00CDE90413ADF81C00C1
S315020DA9482846CDF81880ADF81E90FDF7D1FBA8BBA9
S315020DA9580A9800210B22FFF757F80A99074650461F
S315020DA96800F032F8042F29D141F6BE20C0F20E208E
S315020DA97819E000BF07469DF82000012816D19DF85B
S315020DA988210050B90A99DDE90C360E9A42F68E2047
S315020DA998C0F20E20009600F017F8042F0ED142F2DF
S315020DA9A83970C0F20E2000F00FF807E017F0FD0F10
S315020DA9B804D05846394600F007F800BF0020012199
S315020DA9C8642204F042FEA9E783B080B581B08446BD
S315020DA9D803A80EC003A800906A4600206146FEF73A
S315020DA9E8A7FC01B0BDE8804003B070478EB0FEF7F4
S315020DA9F865FB50B9FEF74AFB42F27E50C0F20E20B5
S315020DAA0800F078F8002004F090FA06A8FDF7EAFCA3
S315020DAA1850B9FEF73BFB42F6F400C0F20E2000F0E9
S315020DAA2869F8002004F081FA06A8FEF7A1F860B1CC
S315020DAA380446FEF72BFB42F21E10C0F20E202146EB
S315020DAA4800F058F8002004F070FA04F091FC9FED1E
S315020DAA58288A0646002701AC6D4600902046FEF769
S315020DAA6849FB78B19DF80500042821D8DFE800F0E6
S315020DAA78031911140E009DF810009DF81210FEF719
S315020DAA882DFA15E0F8071AD1002724E0FEF7FEFA8B
S315020DAA980EE0FEF78FFA0BE09DF81100FEF7E0FACD
S315020DAAA806E09DF813109DF81400FEF7A3FA00BFF1
S315020DAAB804F05EFC9DF8041006460129E4D104F063
S315020DAAC857FC801BC92805D3002000210027FEF755
S315020DAAD805FA00E00127B0EE480AFEF7CFF808B1ED
S315020DAAE8FEF7D4FA28460A2104F064F8B6E700BF41
S315020DAAF80AD7233C83B080B581B0844603A80EC01D
S315020DAB0803A800906A4600206146FEF711FC01B0C3
S315020DAB18BDE8804003B07047012004F0D7F9FBE782
S315020DAB288EB0FEF7D8FF48B1014642F63A10C0F28A
S315020DAB380E2000F0CAF9002004F0F7F941F67C0060
S315020DAB48C0F20E2040F6B83100F0BFF940F6B83023
S315020DAB5804F0BCF942F21D40C0F20E2000F0B5F920
S315020DAB6841F28C1441F2A56541F6713841F25E57F0
S315020DAB78C2F21824C0F20E25C0F20E28C0F20E2714
S315020DAB8820464FF4007105F077F9284621464FF411
S315020DAB98007240F6B833FFF70CF868B920464FF441
S315020DABA8007105F069F9404621464FF4007240F6E8
S315020DABB8B833FEF7FEFF70B106460C2000F097F982
S315020DABC83846314641F2883200F07FF941F2883033
S315020DABD804F07CF9D4E741F67D30C0F20E2000F080
S315020DABE874F941F6E11442F2004641F27D7741F6D7
S315020DABF87E4B41F6B4054FF0FF0A0DF12009C0F25E
S315020DAC080E24C0F20E26C0F20E27C0F20E2BC0F28B
S315020DAC180E2500BF48468DF81FA0FFF7C9F998B152
S315020DAC2880462846414600F050F90C2000F05FF99F
S315020DAC385846414641F2883200F047F941F28830CA
S315020DAC4804F044F9E6E700BF9DF82010D9B142F2A7
S315020DAC582060C0F20E2000F038F90020FFF7D4F973
S315020DAC680028DDD1FFF7E2F90028D9D14846FFF7CA
S315020DAC789FF90028D4D19DF82000002800F0F08015
S315020DAC884FF00108CDE7204600F01FF93046394648
S315020DAC984EF66022FFF746FB41F28C35C2F21825B5
S315020DACA8804628464FF4007105F0E6F841F29950B0
S315020DACB8C0F20E2029464FF4007241F28833FEF790
S315020DACC878FFB8F1000F054609D035B141F6216076
S315020DACD8C0F20E20294600F0F8F80C2006E055B110
S315020DACE80120012D98BF05460C20A84641F6B4054C
S315020DACF8C0F20E259AE741F28C3041F65B61C2F23B
S315020DAD081820C0F20E2105F0DEF80028E8D0FFF76C
S315020DAD1807FC30B1014642F2EE50C0F20E2000F0A9
S315020DAD28D4F842F24145C0F20E25284641F2883141
S315020DAD380DF11F02FFF73BFB10B180460D20D5E73B
S315020DAD489DF81F3041F6FA50C0F20E20294641F2FF
S315020DAD58883200F0BAF801AD28464FF0FF31FDF7FB
S315020DAD68E5F90028F8D00198002800F0A980029884
S315020DAD780322A0F10111CFF6FF7241F6B4059142F5
S315020DAD88C0F20E25C0F09A80BDF81810B1F57A7F7B
S315020DAD9800F2948044F65222C4F250720892039A33
S315020DADA841F601030993BDF8143012BA0A921ABA7A
S315020DADB8BDF81630120CADF82C201A0AB0469DF8BD
S315020DADC81F608DF82E20020C8DF82F3000238DF87A
S315020DADD83120020A8DF83300080A8DF830308DF8C5
S315020DADE832208DF834008DF83510ADF836303046F0
S315020DADF84946182241F28833FFF719FC002861D11A
S315020DAE08029AAAB1002500BF0198541BB4F5806FAA
S315020DAE1828BF4FF4806441193046224641F28833E1
S315020DAE28FFF705FC08BB029A2544954201D2EBE7CA
S315020DAE380022DDE90313BDF8187041F24070C0F225
S315020DAE480E20009700F041F801AD28460121002297
S315020DAE5800F064F841F6E114C0F20E2446467BE78B
S315020DAE6842F25360C0F20E200EE70746039942F2EC
S315020DAE782F20C0F20E202A463B4600F026F841F650
S315020DAE88E114C0F20E24464641F6B405C0F20E256B
S315020DAE98039942F2D330C0F20E203A4600F015F865
S315020DAEA801A800210E2200F039F8FFF739FB41F20D
S315020DAEB87D778DF81FA0C0F20E27ABE60327E7E7CD
S315020DAEC80327E1E707464646E2E783B080B581B038
S315020DAED8844603A80EC003A800906A460020614660
S315020DAEE8FEF726FA01B0BDE8804003B0704710B5EB
S315020DAEF886B0044668460021FDF718F960B1029935
S315020DAF0841F6BC40C0F20E202246FFF7DEFF684628
S315020DAF180021224600F002F806B010BD10B504460F
S315020DAF288068FEF771FD58B10246042809D1A16859
S315020DAF3841F6B170C0F20E20BDE81040FFF7C5BF4D
S315020DAF4810BDA16841F66F60C0F20E20BDE8104033
S315020DAF58FFF7BBBF80B584B041F28860C2F21820F4
S315020DAF68016841F28C5C0131016042F2B050C2F2C5
S315020DAF7818200621CDE900104AF6C77041F60F21B1
S315020DAF8842F67433C2F2182CC0F20D20C0F20E210D
S315020DAF98C0F20E234FF48072CDF808C003F0ECFC14
S315020DAFA841F2F051C2F21821086008B104B080BD11
S315020DAFB80020002104B0BDE8804000F04AB810B563
S315020DAFC8044600F049F82046BDE81040FFF73CBCA0
S315020DAFD87047FFF7FDBF80B584B041F28860C2F2B3
S315020DAFE81820016841F2186C0131016042F6B01061
S315020DAFF8C2F218200521CDE900104BF2490041F69F
S315020DB008F92142F69433C2F2182CC0F20D20C0F281
S315020DB0180E21C0F20E234FF48072CDF808C003F04C
S315020DB028ABFC41F27C61C2F21821086008B104B08A
S315020DB03880BD0020002104B0BDE8804000F009B8AB
S315020DB04810B5044600F008F82046BDE81040FFF793
S315020DB0582FBC00BE7047D4D4B0B541F28064C2F29B
S315020DB068182420684FF0FF3103F06AFB012803D03C
S315020DB07820680021FFF7EDFF41F28460C2F2182025
S315020DB088017801B1B0BD01210170FFF7A2FF41F2AE
S315020DB0988865C2F2182500BF286801382860F1D0E4
S315020DB0A8206800210022002303F09EF80128F3D020
S315020DB0B820680021FFF7CDFFEEE780B541F28860E3
S315020DB0C8C2F218200021016041F28460C2F21820F2
S315020DB0D841F28C620170C2F218224FF4807001217E
S315020DB0E803F062F841F28061C2F21821086018B9BC
S315020DB0F800200021FFF7ADFF00F026F8FFF72AFF23
S315020DB10800F060F800F09CF8FFF765FF03F0D7FF33
S315020DB118002080BD41F2D463C2F21823036041F2C6
S315020DB1283870C2F21820086080201060704741F608
S315020DB1383813C2F21823036041F69C10C2F2182086
S315020DB148086080201060704780B584B041F288602F
S315020DB158C2F21820016841F64C4C0131016042F6E3
S315020DB168B050C2F218200721CDE900104BF2BB10E0
S315020DB17841F6EC7142F62063C2F2182CC0F20D208C
S315020DB188C0F20E21C0F20E234FF48072CDF808C01C
S315020DB19803F0F2FB41F6B041C2F21821086008B17C
S315020DB1A804B080BD0020002104B0BDE88040FFF741
S315020DB1B850BF10B50446FFF74FFF2046BDE81040B5
S315020DB1C8FFF714BC80B584B041F28860C2F218202C
S315020DB1D8016841F6B44C0131016043F2B010C2F276
S315020DB1E818200221CDE900104BF2372041F2877162
S315020DB1F842F62463C2F2182CC0F20D20C0F20E21BB
S315020DB208C0F20E234FF48072CDF808C003F0B4FBDA
S315020DB21841F61851C2F21821086008B104B080BD72
S315020DB2280020002104B0BDE88040FFF712BF10B51B
S315020DB2380446FFF711FF2046BDE81040FFF76CBC28
S315020DB24880B584B041F28860C2F21820016841F6D1
S315020DB258505C0131016043F2B050C2F2182004214C
S315020DB268CDE900104BF2B32042F2115142F6686352
S315020DB278C2F2182CC0F20D20C0F20E21C0F20E2316
S315020DB2884FF4C062CDF808C003F076FB41F6B4510F
S315020DB298C2F21821086008B104B080BD0020002151
S315020DB2A804B0BDE88040FFF7D4BE10B50446FFF7DB
S315020DB2B8D3FE2046BDE81040FFF732BC1EF0040F40
S315020DB2C80CBFEFF30880EFF3098001490847000028
S315020DB2D86BB30D020F4B1968EFF309821EF0100FAF
S315020DB2E808BF22ED108A22E9F04FEFF30B8342F8DD
S315020DB2F8043D0A604FF0100080F31188BFF34F8F9B
S315020DB308BFF36F8F03F08CFE4FF0000080F31188A8
S315020DB31800F002B8CC221822074801680A6802CA48
S315020DB32881F30B88B2E8F04F1EF0100F08BFB2EC8E
S315020DB338108A82F309887047CC22182210B5EFF3CA
S315020DB3481184102080F3118803F03CFF30B14EF6BC
S315020DB3580450CEF200004FF08051016084F311883B
S315020DB36810BD806910F8020C022808BFFFF7D4BF7A
S315020DB378042838BF704780B541F2E35041F6CF62D3
S315020DB38841F2FC63C0F20E20C0F20E22C0F20E2369
S315020DB3984FF47E7102F0F8FB283140F8481D4BF246
S315020DB3A8C931C0F20D214FF0807C22F00102C16332
S315020DB3B86FF002010264C0F844C0C0E90913704770
S315020DB3C800BE00BFFEE7D4D44EF62250CEF20000E0
S315020DB3D8F021017000F016F84EF63470CEF2000028
S315020DB3E8016841F04041016062B6BFF36F8FEFF31A
S315020DB3F8148C2CF0040C8CF31488BFF36F8F02DFB8
S315020DB40800BEFDE741F66460C2F21820006844F6F4
S315020DB418D351C1F26201A0FB01014FF0FF3000EBDF
S315020DB42891110020B0EB116F18BF70474EF2100242
S315020DB438CEF2000251604EF62351CEF20001F023F0
S315020DB4480B7090600720106070471021EFF3118082
S315020DB45881F3118841F6B851C2F218210A68531CB4
S315020DB4680B605AB941F6BC51C2F2182108604EF664
S315020DB4780450CEF200000068C00500D1704780B5B1
S315020DB48841F2E35041F2096241F66453C0F20E20CD
S315020DB498C0F20E22C0F20E2340F2A44102F074FB52
S315020DB4A841F6B850C2F21820016859B10139016046
S315020DB4B818BF704741F6BC50C2F21820006880F3D7
S315020DB4C81188704780B541F2E35042F6010241F206
S315020DB4D8A553C0F20E20C0F20E22C0F20E2340F280
S315020DB4E8AD4102F051FB80B598B34EF6902EC4F2DB
S315020DB4F8010E9EF800100A0722D04EF2FA32C4F255
S315020DB508010213884AF2025CCFF6FF7C0020A2F8EC
S315020DB51800C08EF8000043F425401080BFF34F8F0C
S315020DB52830BFBFF36F8F62B6BFF36F8F72B61088D7
S315020DB538A2F800C040F425408EF80010108080BD98
S315020DB548BFF34F8F30BFBFF36F8F62B6BFF36F8FE7
S315020DB55872B680BD80B572B603F096FB0120FFF771
S315020DB568C2FF62B6BDE8804003F0E8BB80B5EFF3D3
S315020DB5780380103840B2002806D44EF20041CEF2AE
S315020DB5880001405C0F2817D94EF60C50CEF200007A
S315020DB5980068400558BF80BD41F2E35042F26D3254
S315020DB5A841F6E103C0F20E20C0F20E22C0F20E23BE
S315020DB5B840F2216102F0E8FA41F2E35042F26D32AD
S315020DB5C842F26E73C0F20E20C0F20E22C0F20E23A4
S315020DB5D840F20F6102F0D8FA80B5EFF303804FF00F
S315020DB5E8704101EB00604CF200318015C4F2000186
S315020DB5F8425822F480324250415841F61C61C2F239
S315020DB60818210858D0E90612914222D002694AB188
S315020DB61890F820E0BEF1100F07D383681B6842F835
S315020DB62821300CE08268126809E08368BEF1080FC2
S315020DB638D3F800C034BF02F801C022F811C08268DF
S315020DB6484FF000439366C26901319142816118BF79
S315020DB65880BD4068012290F9030000F01F0102FA2D
S315020DB66801F14EF200124009CEF2000242F8201004
S315020DB67880BDEFF303804FF070424CF2003102EBBE
S315020DB6880060C4F200018015425822F480324250FD
S315020DB698425841F61C62C2F2182210584268136AC1
S315020DB6A85B78012B36D1C369D0F814C0013B9C4592
S315020DB6B81DD192F903204EF2001C51F82230CEF21A
S315020DB6C8000C23F4803341F8223051F8221002F08F
S315020DB6D81F010123520903FA01F10CEB8203BFF391
S315020DB6E85F8FC3F880114CF8221000F015B8116956
S315020DB6F8002908BF00F010B892F90310012301F0D2
S315020DB7081F0203FA02F24EF200134909CEF20003A2
S315020DB71843F8212000F000B842684169537A83B98B
S315020DB728126A72B1527B012A0BD18268136D9B0084
S315020DB73828D5C369013B994203D1536923F0800386
S315020DB7485361C269914208BF70478268136D9B00A7
S315020DB758FCD5C3683BB190F820C0BCF1100F04D3D9
S315020DB76853F8213007E0002305E0BCF1080F34BF7A
S315020DB7785B5C33F81130136082684FF00053013168
S315020DB7889366416170474FF070424CF20031EFF308
S315020DB798038002EB0062C4F200019015435823F4AC
S315020DB7A880334350435841F61C63C2F21823185886
S315020DB7B883681B6D9B0104D543685B7A012B18BF01
S315020DB7C8704780B513164EF2001ECEF2000E03F028
S315020DB7D81F024FF0010C5B090CFA02F20EEB830302
S315020DB7E8C3F88020BFF34F8FBFF36F8F426892F96C
S315020DB7F80230002B2AD403F01F025B090CFA02F25F
S315020DB8080EEB8303C3F88020BFF34F8FBFF36F8F01
S315020DB8188268936823F001039360426892F90220C5
S315020DB82851F8223023F4803341F8223051F8221090
S315020DB83802F01F0152090CFA01F10EEB8203BFF356
S315020DB8485F8FC3F880114EF8221004E081688A686A
S315020DB85822F001028A600121BDE8804000F000B89D
S315020DB8682DE9F04184B00446806A0DF1040828B129
S315020DB878024692E8E0004346E0C300E040466268AD
S315020DB888127801710260E16A8160616A8847A06A6D
S315020DB89810B198E80E000EC004B0BDE8F081F0B5FF
S315020DB8A881B04FF07041EFF3038001EB006641F66C
S315020DB8B81C61B015C2F218210C584CF2003560689D
S315020DB8C8C4F2000590F9020000282FD44EF2001397
S315020DB8D800F01F0101224009CEF2000302FA01F11E
S315020DB8E803EB8000C0F88010BFF34F8FBFF36F8F45
S315020DB8F8A068816821F001018160606890F90200F3
S315020DB90855F8201021F4803145F8201055F82010ED
S315020DB91800F01F01400902FA01F103EB8002BFF3A1
S315020DB9285F8FC2F8801143F8201004E0A068816881
S315020DB93821F001018160A0680021076DCFF68051C3
S315020DB9483A01816603D520460521FFF789FFF801DD
S315020DB95803D520460421FFF783FFF84310F0A05FB5
S315020DB9684FEA266603D120460821FFF779FF55F8D7
S315020DB978260020F4803045F8260055F8260001B039
S315020DB988F0BDD4D42DE9F0470D460446087848F2A1
S315020DB9980001C4F2350101EB00206062002020701F
S315020DB9A825626969A162A969C4E90B01A078D5F86E
S315020DB9B81C8020F00300411CA170697811B940F072
S315020DB9C80200A07095F90B604EF20019CEF200092D
S315020DB9D806F01F014FF0010C0CFA01F309F1800173
S315020DB9E87009AA7A41F820304CF2003ABFF34F8F0C
S315020DB9F8C4F2000ABFF36F8F5AF8260041F61C6E81
S315020DBA0820F480304AF826005AF82600100109F566
S315020DBA184072C2F2182E90554EF8264095F9050039
S315020DBA282E7900F01F030CFA03F3470941F8273064
S315020DBA38BFF34F8FBFF36F8F5AF8203023F480333D
S315020DBA484AF820305AF82030330113544EF8204064
S315020DBA5895F90700AB7900F01F060CFA06F64709A9
S315020DBA6841F82760BFF34F8FBFF36F8F5AF82060E7
S315020DBA781B0126F480364AF820605AF820601354C2
S315020DBA884EF8204095F909002B7A00F01F060CFA9C
S315020DBA9806F6470941F82760BFF34F8FBFF36F8F3D
S315020DBAA85AF8201021F480314AF820105AF820103D
S315020DBAB8190111544EF82040EFF310868CF31088B5
S315020DBAC843F204022878C4F220024FF000411368AB
S315020DBAD821FA00F023EA0000106010681E200121E9
S315020DBAE802F055F886F31088606A4FF4806181601A
S315020DBAF8E869EB786A784FF48047467807EA833324
S315020DBB08417B077806F0010662F3092301F001016C
S315020DBB1843EAC63207F0030742EA415141EA076191
S315020DBB28626A01F58051D0F804C05161027802F0BB
S315020DBB38FE01022907D14FF60471CFF60071022ACA
S315020DBB4808BF203101E0DCF80010626A0C2311618E
S315020DBB58027BAF78817863F39F024FF44073022F0D
S315020DBB6808BF4FF48073002F18BF1A4301F0010165
S315020DBB78636A42EA0171D960626A002191612A7883
S315020DBB88092A04D8626A0023C1F61F735362827B9F
S315020DBB98B0F80F00636A42EA002041F60172C0F25C
S315020DBBA81F02104018632046C4E90411C4E90611A0
S315020DBBB800F065F9B8F80A001021A081606AC9F685
S315020DBBC807518166206A90F905205AF8220002F07B
S315020DBBD81F0120F480304AF822005AF8220001206B
S315020DBBE800FA01F309F5C0715209BFF35F8F41F8E7
S315020DBBF8223049F82230226A92F90B205AF822305D
S315020DBC0823F480334AF822305AF8223002F01F0301
S315020DBC1800FA03F35209BFF35F8F41F8223049F850
S315020DBC282230226A92F907205AF8223023F48033F9
S315020DBC384AF822305AF8223002F01F0300FA03F3AB
S315020DBC485209BFF35F8F41F8223049F82230226A32
S315020DBC5892F909205AF8223023F480334AF8223011
S315020DBC685AF8223002F01F0398405209BFF35F8F2C
S315020DBC7841F8220049F82200606A40F21141C0F2E9
S315020DBC8801018160606A00BF017FC907FCD044F6D5
S315020DBC984211C5F2433100206160BDE8F0870346C3
S315020DBCA80020C3E90612704780B5D0F824E0DEF805
S315020DBCB808C02CF44013CEF80830D0F824C000BFC3
S315020DBCC8DCF848305B00FBD5DCF8083023F01003AE
S315020DBCD8CCF80830D0F824C09CF81C30DB06FBD40F
S315020DBCE8C0E90412DCF8080040F010110020CCF867
S315020DBCF8081080BD70B50446406A0D4682684FF637
S315020DBD08EE71CFF6CE71114081600020206120467A
S315020DBD1822F4401600F0B3F82868616A0861616A70
S315020DBD2800208E6070BD4FF0FF3200200A604A6017
S315020DBD387047D4D48A0701D4062212E0426A936860
S315020DBD4823F440139360426A936C5B00FCD59368A7
S315020DBD5823F010039360426A137FDB06FCD400229C
S315020DBD684261C9071CBF0022C2611046704784464C
S315020DBD78C0E90A130020CCF830207047B0B5044646
S315020DBD88406844F64211C5F2433188421CBF07206A
S315020DBD98B0BD606A816821F440118160606A81686C
S315020DBDA821F010018160606A017FC906FCD4206A00
S315020DBDB890F90710012001F01F024B094EF280116E
S315020DBDC800FA02F2CEF2000141F82320BFF34F8F9B
S315020DBDD8BFF36F8F226A92F9092002F01F0300FA48
S315020DBDE803F3520941F82230BFF34F8FBFF36F8F1A
S315020DBDF8626A936823F480339360226A92F9052066
S315020DBE0802F01F0300FA03F3520941F82230BFF379
S315020DBE184F8FBFF36F8F226A92F90B2002F01F0321
S315020DBE2800FA03F3520941F82230BFF34F8FBFF3DD
S315020DBE386F8FEFF3108580F31088206A43F20402A0
S315020DBE480078C4F220024FF00041136821FA00F07F
S315020DBE581843106010681E20012101F098FE85F323
S315020DBE68108800206060B0BD0246C06908600021D6
S315020DBE780020D1617047062070470620704770B5BD
S315020DBE880446006AC5690020A060687C68B34EF254
S315020DBE985400C4F20100017801F00F01022901D8FC
S315020DBEA801220BE0CA1E052A06D242F69861C0F295
S315020DBEB80E2151F8226003E00839102202FA01F622
S315020DBEC8407800F00F0001F056FE41F66462C2F2A8
S315020DBED81822697C1268B0FBF6F002FB01F1B1FB80
S315020DBEE8F0F0012101EB9000A06070BDB0B5EFF343
S315020DBEF803804FF0704101EB00604CF20031801562
S315020DBF08C4F20001425822F480324250415841F699
S315020DBF181C61C2F218210C58206A01696069C1B9FF
S315020DBF28C0B1A07800F003012069022905D1008865
S315020DBF38616A20F4DC40486002E00078616A0871A3
S315020DBF48A078616900F00302881A216960611144BB
S315020DBF582161A0B9616A02228D68A06862F315553E
S315020DBF6810B101F056FE616A8D60A06A0021216149
S315020DBF7828B120468022BDE8B04000F001B8B0BD18
S315020DBF882DE9F04385B08146C06A0DF1040830B13A
S315020DBF98054695E8D800C4468CE8D80000E0404628
S315020DBFA8D9F820301B78816003600271D9F83010F8
S315020DBFB8C160D9F828108847D9F82C0010B198E82D
S315020DBFC88E008EC005B0BDE8F08310B582B0EFF3D2
S315020DBFD803804FF0704101EB00604CF20031801581
S315020DBFE8C4F20001425822F480324250415841F6B9
S315020DBFF81C61C2F218210C58A07800F00302606A7F
S315020DC008022A03D101686FF35F2100E00178E06926
S315020DC018019198B1A06901A903F032FFA078A1692F
S315020DC028E26900F003000144101AA161E0610ED124
S315020DC038A06A60B120460021012203E0A06A30B150
S315020DC0482046042202B0BDE81040FFF799BF02B0A0
S315020DC05810BD10B54FF07041EFF3038001EB00618F
S315020DC06841F61C628815C2F2182210584FF6EF7463
S315020DC078426ACFF6CF74936823409360826A0C1690
S315020DC0881AB100210222FFF77BFF4CF20030C4F2EF
S315020DC098000050F8241021F4803140F8241050F88D
S315020DC0A8240010BD4FF07041EFF3038001EB006CD5
S315020DC0B841F61C614FEAAC50C2F218210858817834
S315020DC0C8436A01F00301022903D119686FF35F214F
S315020DC0D800E01978B0B59A6C202404EAD24E1024E1
S315020DC0E8082514EA126405EA12627244224403D040
S315020DC0F89D6C2D0458BF40329D6E4FEA2C6445F057
S315020DC108C8559D66836A0BB1FFF73AFF4CF20030AC
S315020DC118C4F2000050F8241021F4803140F824109E
S315020DC12850F82400B0BD416002468868C0231061EC
S315020DC138C868C4F20203906100205061086803EBD7
S315020DC14840109060086803EB40104030D06091F9BA
S315020DC1580400002829D449794EF2001CCEF2000CAF
S315020DC168090100EB0C0383F8001341F61C61C2F2B8
S315020DC178182141F820204CF20031C4F2000151F881
S315020DC188203023F4803341F8203051F8201000F086
S315020DC1981F010123400903FA01F10CEB8003BFF3DA
S315020DC1A85F8FC3F880114CF8201045F24301C5F292
S315020DC1B849210020116070478068026892034EBFBC
S315020DC1C80C208160002070478268002051607047FC
S315020DC1D88446C0E904130020CCF81820704701469E
S315020DC1E8406890F9040000280FD400F01F020123BD
S315020DC1F803FA02F24EF280134009CEF2000343F817
S315020DC2082020BFF34F8FBFF36F8F002200200A60E5
S315020DC2187047B0B5EFF303804FF0704101EB006044
S315020DC2284CF200318015C4F20001425822F48032D4
S315020DC2384250415841F61C61C2F218210C58E06869
S315020DC2480568E80304D520464FF4803100F00BF853
S315020DC25835F4403508BFB0BD2046294600F003F82F
S315020DC268E0680561B0BD2DE9F04184B00446406928
S315020DC278E84630B1034693E8E400C4468CE8E40088
S315020DC28800E040466268B1F5803F1268816002603F
S315020DC298A269C26002D1E168C96800E00021416065
S315020DC2A821698847606910B198E88E008EC004B07E
S315020DC2B8BDE8F08180B545F25422C5F24F020260FF
S315020DC2C8084600F003F8002080BDD4D470B50446A4
S315020DC2D800F05CF841F6186CEFF31080012181F33A
S315020DC2E81088C2F2182CDCF8001039B940F6145130
S315020DC2F8C4F2400100220A7040220A70DCF80010CE
S315020DC3080131CCF8001080F31088208810B340F65E
S315020DC318000E0021C4F2400E606800EBC10292883D
S315020DC32850F83130100ADD03D2B20BD50EEB80155B
S315020DC33855F8226026F4803645F8226023F48036B5
S315020DC34845F822600EEB801040F822302088013124
S315020DC3588142E1D3EFF31081012080F31088DCF8D6
S315020DC368000020B1DCF800000138CCF80000DCF83A
S315020DC378000038B940F61450C4F24000002202708B
S315020DC3888022027081F3108870BDD4D42DE9F04F46
S315020DC39881B00446008800285CD042F240084EF669
S315020DC3A84C4A42F6C06BC4F220080026C4F2010AB2
S315020DC3B8C0F20E2B4FF00109002700BF60683BF84B
S315020DC3C8172000EBC600818891423CD100689AF885
S315020DC3D8001000F0B85009FA07F5B0F1807F05EAAA
S315020DC3E8010015D150B9012001F08EFC9AF8000012
S315020DC3F828438AF80000012001F05DFC18F91700A0
S315020DC408002820D418F8170040F0800015E000BF68
S315020DC41850B1012001F078FC9AF80000A8438AF879
S315020DC4280000012001F047FC18F91700B0F1FF3F93
S315020DC43809DC18F8170000F07F0008F81700C82065
S315020DC448012101F0A4FB0137032FB7D1208801364C
S315020DC4588642B1D301B0BDE8F08FF0B581B00C4676
S315020DC468054608784EF20001C4F2250101EB0020BB
S315020DC47828612C60A06843F204076860207BC4F229
S315020DC48820072872E0696863206AE8630020A863BA
S315020DC498C5E90500C5E9070085F8290085F82A00CA
S315020DC4A885F82B0085F82C00EFF31086012080F312
S315020DC4B8108821783A68C1F10901884022EA0000FC
S315020DC4C8386038681E20012101F061FB86F3108859
S315020DC4D82846214600F06AF8A06958B141684FF41A
S315020DC4E8002209680A60D0E90112006812689047AD
S315020DC4F8064698B9606928B341684FF00062096823
S315020DC5080A60D0E90112006812689047D0B1064652
S315020DC518A06918B181680068096A8847EFF3108522
S315020DC528012080F3108821783A68C1F10901884003
S315020DC5381043386038681E20012101F028FB85F367
S315020DC548108805E044F64310C5F249200026E86036
S315020DC558304601B0F0BD9C46012380F82AC000F092
S315020DC568E7B89C46002380F82AC000F0E1B8B0B5BA
S315020DC578044600690025C5712168204600F016F8A3
S315020DC58894F82600216984F82800A069B322C4E923
S315020DC5980750002084F82C5084F82A50CA71B0BD71
S315020DC5A80346416000201A727047D4D4F0B5026969
S315020DC5B800231370026940231370026913785B0610
S315020DC5C8FCD5C023137002680369526A08251279CD
S315020DC5D84EF2001C42F0E0021A7402680369526AAE
S315020DC5E8CEF2000CD27841F61C6E42F0E0025A7475
S315020DC5F802680369526AC2F2182E927862F3061518
S315020DC6089D7002680369526A15785278013DB5FA2A
S315020DC61885F56D0945EA420242F00402DA700268AE
S315020DC62844F2402552680369C0F20F05AA424FF03B
S315020DC638770208BF6FF008025A71026900239371D7
S315020DC6480269B323D3714A7B91F9116013010CF573
S315020DC658407293554CF200334EF82600C4F200038D
S315020DC66853F8264006F01F0524F4803443F8264075
S315020DC67853F82640012404FA05F70CF5C075760918
S315020DC688BFF35F8F45F826704CF826704E7B91F9ED
S315020DC6980F703601D6554EF8270053F8276026F443
S315020DC6A8803643F8276053F8276007F01F0604FA09
S315020DC6B806F67F09BFF35F8F45F827604CF82760AA
S315020DC6C84E7B91F910703601D6554EF8270053F860
S315020DC6D8276026F4803643F8276053F8276007F05B
S315020DC6E81F0604FA06F67F09BFF35F8F45F8276022
S315020DC6F84CF827604E7B91F90E10360156544EF8BA
S315020DC708210053F8212022F4803243F8212053F8D0
S315020DC718212001F01F0204FA02F24909BFF35F8FC5
S315020DC72845F821204CF8212000699F210170F0BDA2
S315020DC73890F808C0C0E90512BCF1010F08D10179BC
S315020DC7484FF4807C43EA4101A0F825C080F82410F5
S315020DC75810B581B04EF2200180F82930C4F20101DC
S315020DC76809680091009901F00F210091DDF800E0AA
S315020DC778DDF800C001690B7C90F82C409CB9CEF30C
S315020DC7880322A2EB1C6203FA02F2042A06D39208CA
S315020DC79891F90130002B03D5013AF9D108216CE044
S315020DC7A80022CA71826990F82630002180F8281075
S315020DC7B8C0E9072180F8273080F82B1080F82D1054
S315020DC7C880F82E1080F82F1080F830100168D0F8F6
S315020DC7D810C0496A0B784C78013BB3FA83F34A7950
S315020DC7E85B0991F806E043EA440343EA021242EA78
S315020DC7F8CE1242F004028CF803200269137943F033
S315020DC808100313710269137903F0F70313710269A1
S315020DC818137903F0EF0313710269C979137903F0DA
S315020DC8287F0343EAC111117101694A7942F0010286
S315020DC8384A71016891F90F1000290BD401F01F02F4
S315020DC848012303FA02F24EF200134909CEF200034E
S315020DC85843F8212001694A7A02F0F3024A72016904
S315020DC868BF22CA7190F82C1019B1002180F82C102C
S315020DC87803E00069022141700021084601B010BD8E
S315020DC88810B582B0EFF303804FF0704101EB0060F3
S315020DC8984CF200328015C4F20002835823F4803319
S315020DC8A883508058EFF3038001EB006041F61C615B
S315020DC8B88015C2F218210C5894F82D0038B194F847
S315020DC8C82E0001284DD1002084F82E0080E0A069A3
S315020DC8D8022804D82069017941F040010171E06905
S315020DC8E801280ED12069017941F0100101712069E3
S315020DC8F8017941F0080101712069017901F0EF0111
S315020DC908017120688269D2B1216994F82930012B07
S315020DC91815D1A369042B12D3D2F808C01068DCF816
S315020DC92808C06269033B13319BB2E047A269032132
S315020DC9382068033AC4E90712012184F82E10406AC9
S315020DC948C079012803D12046052100F043FA206952
S315020DC958C07C8DF807009DF80700012084F82D008C
S315020DC96836E0E069A0B32168496AC979012904D17B
S315020DC9782046052100F02EFAE06901282AD0022860
S315020DC98806D0032813D12069017941F040010DE043
S315020DC9982069017941F0100101712069017941F08F
S315020DC9A8080101712069017901F0EF010171D4E9DC
S315020DC9B80401C07C226A8854D4E907100130013972
S315020DC9C8C4E9071004D12069017901F0BF0101718B
S315020DC9D802B010BD94F82A00012831D120684EF212
S315020DC9E8801390F90F10012001F01F0200FA02F2CE
S315020DC9F84909CEF2000343F82120BFF34F8FBFF347
S315020DCA086F8F2169CA7942F08002CA7121690A7942
S315020DCA1842F010020A7121690A7902F0F7020A71C7
S315020DCA2821690A7902F0EF020A71216904224A7014
S315020DCA3821694A7902F0FE024A7184F82C00B6E79A
S315020DCA482069417A01F0F701417220690821417086
S315020DCA58ADE7D4D4B0B5EFF303804FF070414CF285
S315020DCA68003501EB0060C4F200058015425922F427
S315020DCA78803242514059EFF3038001EB006041F6D3
S315020DCA881C618015C2F218210C5894F82700A0B320
S315020DCA9894F82610032907D194F82810022903D1F0
S315020DCAA894F83010002950D094F8245022690128A0
S315020DCAB817D120684069A0B194F8291089B9A169DE
S315020DCAC879B181680068D1F808C06169A38B123201
S315020DCAD8E047A16900202269C4E90701012084F80B
S315020DCAE82F00957494F8280094F82710013084F8CD
S315020DCAF82800481E84F82700B0BD94F8290020BBEB
S315020DCB082068406AC079012808D194F82B0028B903
S315020DCB18206A18B12046052100F05CF994F82F0019
S315020DCB28012804D1002084F82F00E0690CE0E069A1
S315020DCB3860B1D4E90401226A895C8174D4E90710CB
S315020DCB48421C481EC4E9070200B1B0BD2069C1796D
S315020DCB5801F07F01C17120696FF0BE0190F90720BE
S315020DCB68B2F1FF3F03DC002901F10101F6D120687C
S315020DCB7890F9100055F8201021F4803145F820104F
S315020DCB8855F82000206890F9100000280BD400F003
S315020DCB981F01012202FA01F14EF280224009CEF25C
S315020DCBA8000242F820102069C17941F04001C17195
S315020DCBB8B0BDD4D410B5EFF303804FF0704101EB3D
S315020DCBC8006041F61C618015C2F218210C582068C6
S315020DCBD8406AC079012803D12046052100F0FAF8EA
S315020DCBE894F82900012806D194F82700012802D1C4
S315020DCBF894F8300080B3E06970BB94F82A000128D6
S315020DCC0822D12068012290F90F004EF2801300F00E
S315020DCC181F0102FA01F14009CEF2000343F8201072
S315020DCC28BFF34F8FBFF36F8F2069C17941F0800132
S315020DCC38C1712069042141702069417901F0FE0113
S315020DCC48417184F82C2007E02069417A01F0F70139
S315020DCC5841722069082141702069C17901F0BF012D
S315020DCC68C17120696FF0BE01C279520603D500293A
S315020DCC7801F10101F8D1EFF303804FF0704101EB99
S315020DCC8800604CF200318015C4F20001425822F4BC
S315020DCC9880324250405810BDB0B5EFF303804FF0C5
S315020DCCA8704101EB006041F61C618015C2F2182134
S315020DCCB80C5821694A7A4B7A02F01F0003F0E003F9
S315020DCCC80F2802F003024B7201D83AB924E0216902
S315020DCCD84B785B0658BF42F00102D2B1012084F8A7
S315020DCCE82B0020690025C57121682046FFF75EFCD9
S315020DCCF894F82600216984F82800A069C4E907502A
S315020DCD08B32084F82C5084F82A50C8712046012184
S315020DCD184DE04A78520611D4010706D494F82C2010
S315020DCD28012A31D110F004022ED0E06910B994F817
S315020DCD382B0098B3002919D4012036E0012084F876
S315020DCD482B000820487020682169406A02784379C9
S315020DCD58807942EA031242EAC01040F00200C87016
S315020DCD682069417941F00101417122E094F82600CA
S315020DCD78002184F82800A069C4E90710012084F867
S315020DCD882C1084F82A100DE0400712D52068406A47
S315020DCD98C07901280DD12046042108E094F829000E
S315020DCDA880F003002169B322CA71C1B2204600F090
S315020DCDB811F8EFF303804FF0704101EB00604CF26E
S315020DCDC800318015C4F20001425822F480324250D5
S315020DCDD84058B0BDB0B582B0856B0446002D1ABF5A
S315020DCDE8D5E90002CDE900026D46E06B297128608E
S315020DCDF82068416939B194F8292022B98A680868E8
S315020DCE08116988472068806938B194F82910012973
S315020DCE1803D18168006809698847616B2846884786
S315020DCE28A06B18B1DDE90012C0E90012002084F8E2
S315020DCE382B0002B0B0BD70B582B04FF07041EFF362
S315020DCE48038001EB006141F61C628815C2F21822B5
S315020DCE5810583C2342794CF2003403EA92031A44E1
S315020DCE68C323C0F2400363F31F2249F60053CFF6DC
S315020DCE78FF73D25CC4F2000402F00306032E4FEAD6
S315020DCE88216507D054F8251021F4803144F8251070
S315020DCE9854F82510816829B14279C068CDE9000296
S315020DCEA868468847032E07D154F8250020F48030AA
S315020DCEB844F8250054F8250002B070BD2DE9F04F4F
S315020DCEC881B00D46097C012204460D294FF000005A
S315020DCED802FA01F188BF0120E16065602074287CA1
S315020DCEE842F20001C4F2320101EB0020A06068692A
S315020DCEF843F610796061A8694FF00008C4F2320949
S315020DCF08C4E90680D5F81CB0C9F80020EFF31087DE
S315020DCF1882F31088287C4FF0004A011F062943F236
S315020DCF2810012AFA00F0C4F220016FEA00000A681D
S315020DCF3838BF6FF000601040086008681E20012196
S315020DCF4800F025FE87F31088207B00070DD0EFF33E
S315020DCF581080012181F31088A189B9F8F22022EAFD
S315020DCF680101A9F8F21080F31088A0684FF4254143
S315020DCF780160A068C0F82C80A068C0F83C80A06843
S315020DCF88C0F848802978287A0329A1684FEAC05043
S315020DCF986A6808BF00F58030C862A068C0F810A09C
S315020DCFA8A068C0F814A0A068C0F818A0A068C0F8B8
S315020DCFB82480A068C0F82880DBF81800A168C8612B
S315020DCFC8DBF81C00A1680862A068511E8166A0687C
S315020DCFD841662978DBF85090012938D029B9696854
S315020DCFE84FF0FF3202EB510108E0A268E968936E31
S315020DCFF803F1010329B1994203D201394FF0000811
S315020DD00827E099424FF0000328BF0123526B676848
S315020DD018B1FA81FC02F0100102F00C023F78043AD3
S315020DD028B2FA82F25209032F40F200084FF0010EAE
S315020DD03888BF8EEA1112002AC0F2033808BF4FEADA
S315020DD0485C13002B1CBF40F20008C0F202284FF0F9
S315020DD058FF31A2685165A26891652A78042A03D31D
S315020DD068A268D165A2681166DBF85010C9BB9BF898
S315020DD0780010012916D12A789BF80110022A03D02D
S315020DD088032A03D1032205E0092203E00922002916
S315020DD09808BF06220B0143EA8111114441EA090030
S315020DD0A840F480799BF8021001291AD12A789BF847
S315020DD0B80310022A04D0032A05D14FF4403208E0A0
S315020DD0C84FF4102205E04FF41022002908BF4FF441
S315020DD0D8C0220B0543EA8151114441EA090040F089
S315020DD0E8807961680023C96901F1300291F84870A7
S315020DD0F8DF40FF070DD052F82370A0681E46042B99
S315020DD10808BF0326013F032B08BF042600EB860042
S315020DD118C7640133062BE9D1287C0D2802D8A068ED
S315020DD12800214164A06800218163A068C0F88810B7
S315020DD138DBF8500040B99BF820009BF821104003FC
S315020DD14840EA417049EA00099BF84800A16800289F
S315020DD1584FF4A00008BF4FF4AA00086428780128E6
S315020DD16804D1A0680021C164A0680165A068C0F851
S315020DD17834909BF85510A2689BF854004901D36A5E
S315020DD18841EA00101843D062A06848F00301016312
S315020DD198A06848F001010163D4E902124EF20010AB
S315020DD1A8CA6095F912304CF2003141F61C62CEF284
S315020DD1B80000C4F20001002BC2F218221CD46F7CA7
S315020DD1C8C6183F0186F8007342F8234051F82370BA
S315020DD1D8012627F4803741F8237051F8237003F09E
S315020DD1E81F075B0906FA07F700EB8306BFF35F8F86
S315020DD1F8C6F8807140F823709BF92830002B1DD490
S315020DD2089BF82270C6183F0186F8007342F8234030
S315020DD21851F82370012627F4803741F8237051F807
S315020DD228237003F01F075B0906FA07F700EB83065F
S315020DD238BFF35F8FC6F8807140F823709BF92930CA
S315020DD248002B1DD49BF82370C6183F0186F8007370
S315020DD25842F8234051F82370012627F4803741F806
S315020DD268237051F8237003F01F075B0906FA07F7B7
S315020DD27800EB8306BFF35F8FC6F8807140F8237003
S315020DD2889BF92A30002B1DD49BF82470C6183F0132
S315020DD29886F8007342F8234051F82370012627F4C5
S315020DD2A8803741F8237051F8237003F01F075B0985
S315020DD2B806FA07F700EB8306BFF35F8FC6F8807190
S315020DD2C840F823709BF92B30002B1DD49BF8257043
S315020DD2D8C6183F0186F8007342F8234051F82370A9
S315020DD2E8012627F4803741F8237051F8237003F08D
S315020DD2F81F075B0906FA07F700EB8306BFF35F8F75
S315020DD308C6F8807140F823709BF92C30002B1DD47A
S315020DD3189BF82670C6183F0186F8007342F823401B
S315020DD32851F82370012627F4803741F8237051F8F6
S315020DD338237003F01F075B0906FA07F700EB83064E
S315020DD348BFF35F8FC6F8807140F823709BF92D30B5
S315020DD358002B1DD49BF82770C6183F0186F800735B
S315020DD36842F8234051F8232022F4803241F8232033
S315020DD37851F8231003F01F01012202FA01F15A098D
S315020DD38800EB8203BFF35F8FC3F8801140F82210BA
S315020DD39845F25401C0F247010020216001B0BDE8F3
S315020DD3A8F08FD0E9021200204A607047D0E90212C6
S315020DD3B800208A607047D0E902120020CA607047C1
S315020DD3C880B5D0E9011EC969D1E901C3CA6843F01E
S315020DD3D80043CEF81430836842F000429A6182689F
S315020DD3E84CF0004313610A6983685A624969826877
S315020DD3F80020916280BD81684FF000420A61816802
S315020DD4084A6181688A61816800224A6281680020C0
S315020DD4188A62704783684A1E9A6643681B783BB9C7
S315020DD4284FF0FF3C83680CEB51015965836899658A
S315020DD4388168CB6ADB0707D14A6681684FF4AA026F
S315020DD4480A64D0E90201C160002070472DE9F04354
S315020DD45883B004460020164601904FF0FF3002F0C5
S315020DD468030900906A4620463346884600F03DF980
S315020DD478A068056B019F97B931074FF0040158BF94
S315020DD4880221009AB30701D44B4604E000EB810052
S315020DD498C264A0680123194300EB8100C2647006B9
S315020DD4A80CD4022E38460FD138466FB16A4620463D
S315020DD4B84146012300F019F9019805E0A068016CAF
S315020DD4C841F480010164384625F4403141EA0741A9
S315020DD4D8B9F1010F18BF0D4625F04072B9F1000FCB
S315020DD4E818BF42EA0061A2680020116303B0BDE8C5
S315020DD4F8F08380681346042A08BF03230139032AD9
S315020DD50808BF042300EB83020020D1647047B0B52F
S315020DD5188268526E01328A608068D0F82CC04EF24B
S315020DD5282000C4F201000368808803F00F0E43EA57
S315020DD53810121207C0F3031009D441F66462C2F23F
S315020DD5481822126802FA00F020FA0EF01BE000F01B
S315020DD5580702032404FA02F208284FF0010538BF20
S315020DD56805FA00F203F007001B0741F66463C2F2DF
S315020DD57818231B6804FA00F058BF05FA0EF003FBD0
S315020DD58802F2B2FBF0F0CCF3C352D040486001224E
S315020DD59800200A70B0BD8268D26A02F001020A71D1
S315020DD5A88068826C00200A6070478446C0E90513BC
S315020DD5B80020CCF81C20704710B542684EF2801C2C
S315020DD5C892F91210D36941F61C6ECEF2000C00299F
S315020DD5D8C2F2182E0ED401F01F02012404FA02F229
S315020DD5E84C094CF82420BFF34F8F0022BFF36F8FDF
S315020DD5F84EF8212093F9281000290ED401F01F02A6
S315020DD608012404FA02F24C094CF82420BFF34F8F79
S315020DD6180022BFF36F8F4EF8212093F929100029A6
S315020DD6280ED401F01F02012404FA02F24C094CF839
S315020DD6382420BFF34F8F0022BFF36F8F4EF82120A0
S315020DD64893F92A1000290ED401F01F02012404FAB7
S315020DD65802F24C094CF82420BFF34F8F0022BFF378
S315020DD6686F8F4EF8212093F92B1000290ED401F055
S315020DD6781F02012404FA02F24C094CF82420BFF3C6
S315020DD6884F8F0022BFF36F8F4EF8212093F92C107E
S315020DD69800290ED401F01F02012404FA02F24C09E4
S315020DD6A84CF82420BFF34F8F0022BFF36F8F4EF82D
S315020DD6B8212093F92D1000290ED401F01F02012302
S315020DD6C803FA02F24B094CF82320BFF34F8F0022BF
S315020DD6D8BFF36F8F4EF82120D0E902230021016096
S315020DD6E8936082680020516310BDB0B5D0F808C0AA
S315020DD6F8DCF868E00EF1010E21B1714502D2481E21
S315020DD7081060B0BD71454FF0000E28BF4FF0010EE7
S315020DD718B1FA81F5DCF83410102404EA03134068D3
S315020DD728D94001F0100301F00C0100780439B1FA61
S315020DD73881F1490903284FF0010488BF84EA1311C0
S315020DD748002908BF4FEA551EBEF1010F0CBF022074
S315020DD75803205060B0BD82680129506B40F4807376
S315020DD76818BF1846002918BF40F08073002053636E
S315020DD778704782680129506B20F4807318BF1846CA
S315020DD788002918BF20F080730020536370472DE9D6
S315020DD798F0410D4641F6C051C2F218210A7840F2FF
S315020DD7A800060446C2F218260ABB4FF0010843F2D8
S315020DD7B8000081F80080EFF3108788F31088C4F211
S315020DD7C82000016821F40001016000681E20012174
S315020DD7D800F0DDF987F3108830463C2102F04CFB48
S315020DD7E84AF60C40C4F20000866080F8008068682C
S315020DD7F890F90000002805D456F8201029B1082002
S315020DD808BDE8F0810B20BDE8F0812071296811B1C0
S315020DD818204600F0FDF844F20030C4F25440206070
S315020DD8280020BDE8F081D4D4B0B5044690F90400C1
S315020DD8384CF20035C4F2000555F820204FF6FF7359
S315020DD848CFF6FE631A4045F8202055F8200094F9C4
S315020DD85804004AF60E4240F40040C4F2000200BF2C
S315020DD86813889842FCD0204600F0D2F894F9041099
S315020DD87855F8210040F08072002045F82120B0BDF0
S315020DD88810B582B0019100924CF2003C90F9041049
S315020DD89840F20002C4F2000CC2F2182252F821E03C
S315020DD8A85CF821204FF6FF74CFF6FE6422404CF841
S315020DD8B821205CF8211090F904104AF60E42C4F2A2
S315020DD8C8000241F4004100BF1488A142FCD0082190
S315020DD8D89170019911B10199CEF80410009911B1FF
S315020DD8E80099CEF80810DEF80010B1F1404F02DAB1
S315020DD8F8AEF80C3005E00024B4EB917F08BFAEF804
S315020DD9080E301821917090F904105CF8210040F040
S315020DD918807200204CF8212002B010BD90F9041037
S315020DD9284CF20032C4F2000252F8210040F0807324
S315020DD938002042F82130704790F904004CF200316C
S315020DD948C4F2000151F820204FF6FF73CFF6FE639D
S315020DD9581A4041F8202051F8200000207047062071
S315020DD96870470620704790F9040040F20002C2F291
S315020DD978182252F820000022C1E900220268B2F1EB
S315020DD988804F05D24FF480328A60C089C8600EE096
S315020DD9984FF480728A60C289D2B2CA600268B2F145
S315020DD9A8404F04DA4FF480320A60808948600020BD
S315020DD9B87047D4D480B5864690F904004CF2003CE3
S315020DD9C8C4F2000C5CF820304FF6FF72CFF6FE62F9
S315020DD9D81A404CF820205CF820209EF904204AF6BD
S315020DD9E80E4342F40042C4F2000300BF19888A426C
S315020DD9F8FCD040F20001C2F21821002241F8202083
S315020DDA080020CEF8002080BD0620704706207047FC
S315020DDA1880B501F10E0200BF52F80EECBEF1804F31
S315020DDA2806D3B2F800C05FFA8CF343EA0C231380CF
S315020DDA381EF4400F02F11002EED14AF61042C4F25C
S315020DDA4800020823137090F9040040F20003C2F293
S315020DDA58182343F820101820107080BD4EF22401A9
S315020DDA68C4F2010188780988C1F30312A2F10801EB
S315020DDA7803293BD8DFE801F0022C101E40F2804143
S315020DDA88C2F2182151F820004AF6AB21CAF6AA218C
S315020DDA98A0FB0101480830E040F28041C2F218218C
S315020DDAA851F820004AF6AB21CAF6AA21A0FB0101BC
S315020DDAB8C80822E040F28041C2F2182151F820002E
S315020DDAC84AF6AB21CAF6AA21A0FB0101080914E000
S315020DDAD840F28041C2F2182151F820004AF6AB21D4
S315020DDAE8CAF6AA21A0FB0101880806E040F2804188
S315020DDAF8C2F2182151F82000D04041F66461C2F2F3
S315020DDB0818210860704770B540F2804046F600410C
S315020DDB1841F20022C2F21820C0F2DC21C0F27A02CA
S315020DDB2843F2006C4FF40043C0F26E1C4CF6002E05
S315020DDB3844F2553448F2004544F2006680E80E1068
S315020DDB4840F6000143F60002C3F69A3EC1F2DE34F0
S315020DDB58C1F2D775C2F2C336C2F6AF71C1F69C428F
S315020DDB68C0E9043EC0E90664C0E908518262BDE80F
S315020DDB787040FFF773BF40F28041C2F2182151F887
S315020DDB88200070477047D4D400BE00BFFEE741F6A9
S315020DDB986462C2F21822126841F20023C0F27A03B5
S315020DDBA89A4201FB00F00FD340F6FF01C0F23D0188
S315020DDBB811444DF68362C4F21B32A1FB0212110DFA
S315020DDBC8A0FB0101E9B11FE04CF6002348F6381116
S315020DDBD8C3F69A33C0F24101B3FBF2F2884207D279
S315020DDBE84FF47A7100FB01F0B0FBF2F0800808E001
S315020DDBF89200B0FBF2F0884206D24FF47A7100FB1E
S315020DDC0801F028B100F005B84FF0FF3000F001B869
S315020DDC18704701380028FCD17047D4D4F0B581B0CD
S315020DDC284CF20015C4F200052868296A41F6C45754
S315020DDC3801EA00060024C2F2182700BF26FA04F0EC
S315020DDC48C00704D057F8241009B120468847013475
S315020DDC58152CF3D12E6100BF286A3042FCD101B0D2
S315020DDC68F0BDD4D470B542F614414CF2003246F2E8
S315020DDC7840034FF0000EC0F20E21C4F20002C4F2A8
S315020DDC8800034FF0010C002031F8104074B1BEEBC1
S315020DDC98942F42F8204009D1650953F8256004F0FE
S315020DDCA81F040CFA04F4344343F8254001300F28B7
S315020DDCB808BF70BDE8E70122EFF3108182F31088E1
S315020DDCC841F65862C2F2182232F8103023B132F8F0
S315020DDCD81030013B22F8103032F810208AB94EF274
S315020DDCE8FA3CC4F2010C43F27412BCF80030C0F2CD
S315020DDCF80E2232F8100043F4254222EA0000ACF84F
S315020DDD08000081F31088704780B50122EFF3108168
S315020DDD1882F3108841F65862C2F2182232F8103090
S315020DDD288BB94EF2FA3C43F27413C4F2010CC0F2EB
S315020DDD380E23BCF800E033F8103043EA0E0343F421
S315020DDD482543ACF8003032F81030013322F8103082
S315020DDD5881F3108880BDD4D400F006F8FDF7ADF92D
S315020DDD68FEE700BE7047D4D4B0B54EF60850CEF2D3
S315020DDD7800004FF47001C0F8801048F20001C0F29D
S315020DDD880D214CF2040401600020C4F20104FCF7D3
S315020DDD985FFDFFF7B8FE206840F00100206000BF66
S315020DDDA820680028FCD1012044F8040CFCF750FD2C
S315020DDDB840F28000C2F2182080F30A88002000F093
S315020DDDC82FF8FFF74BFE012000F02AF842F2AC5469
S315020DDDD8C2F21824204602F08BF8204602F09CF86F
S315020DDDE843F2165043F21651C0F20E20C0F20E211E
S315020DDDF8081A8410012C08DB43F21655C0F20E25BB
S315020DDE0855F8040B8047013CFAD10220FCF720FD98
S315020DDE18FFF728FF0020BDE8B040FFF7B3BED4D404
S315020DDE28F0B581B042F64875C0F20E252E68044645
S315020DDE3876B16868071D00BF7879844204D157E91F
S315020DDE480101091A02F018F8013E07F10C07F3D180
S315020DDE58AE6886B1E86800F1080500BF68798442A4
S315020DDE6805D155E902022968121A02F009F8013E8E
S315020DDE7805F11005F2D101B0F0BDD4D4F0B581B0DB
S315020DDE8800283DD041F67866A0F10805C2F218269B
S315020DDE980446B54252D306F2FF37BD424ED854F860
S315020DDEA8040C00285AD52968002967D120F00040AC
S315020DDEB844F8040C00F0E8FE41F66C60C2F2182034
S315020DDEC854F8041C026841F670630A44C2F2182318
S315020DDED802601A4610461268AA42FBD3984203D02C
S315020DDEE8B0425BD3B84259D84368C718AF4202D17C
S315020DDEF81944054641606B18934203D013460DE04B
S315020DDF0801B0F0BD41F66863C2F218231B689A4246
S315020DDF1804D052681144696001680B68A8422B60E7
S315020DDF2818BF056042F27820C2F218200168013145
S315020DDF38016001B0BDE8F04000F000BF41F6E160B6
S315020DDF4842F2B61241F29773C0F20E20C0F20E22B9
S315020DDF58C0F20E234FF4B571FFF716FE41F6E160D6
S315020DDF6842F2B61242F24503C0F20E20C0F20E225A
S315020DDF78C0F20E2340F26B11FFF706FE41F6E16081
S315020DDF8842F2B61242F61303C0F20E20C0F20E2268
S315020DDF98C0F20E234FF4B671FFF7F6FD41F6E160B6
S315020DDFA841F60D1242F6DB23C0F20E20C0F20E2206
S315020DDFB8C0F20E234FF4FD71FFF7E6FD4FF0FF3168
S315020DDFC8024642F8081F0021C0E90322C0E90012E1
S315020DDFD8704700210161704742684A6093688B60F9
S315020DDFE85960916008610168013101607047D4D4A6
S315020DDFF880B5D1F800C01CF1010207D000F1080264
S315020DE0089646526813686345FAD903E0D0F810E0CC
S315020DE018DEF804204A609160C1F808E0CEF80410D3
S315020DE028086101680131016080BDD0E901230169EA
S315020DE038936042685A604A68824201D182684A6090
S315020DE04800220261086801380860704770B5002819
S315020DE0584BD00446C06BC0B30E46216CA0FB010122
S315020DE06899BBFDF7F2F92068D4E90F12002502FBD8
S315020DE0780103013901FB0201A563C4E90103FF206E
S315020DE088E16084F8440084F8450004F110004EB1AD
S315020DE098FFF794FF04F12400FFF790FFFDF700FA4E
S315020DE0A8012070BD01680029F8D001F0CBF90028CE
S315020DE0B8F4D04EF60450CEF200004FF080510160B6
S315020DE0C8BFF34F8FBFF36F8FE8E742F2541042F258
S315020DE0D8A37242F24F43C0F20E20C0F20E22C0F2D4
S315020DE0E80E234FF4B671FFF74FFD42F2541042F26A
S315020DE0F8A37242F20A43C0F20E20C0F20E22C0F2F9
S315020DE1080E2340F23711FFF73FFD10B582B05BB310
S315020DE118D0B11C4601B9BAB901B1AAB148230193C6
S315020DE128019B482B30D1019B012384F846300029E7
S315020DE13808BF2246C4E90F01204601212260FFF7D6
S315020DE14885FF204602B010BD42F2541041F6AF6269
S315020DE15842F2B323C0F20E20C0F20E22C0F20E23F3
S315020DE1684FF4D871FFF710FD42F2541041F6AF6223
S315020DE17841F62123C0F20E20C0F20E22C0F20E2362
S315020DE1884FF4C271FFF700FD42F2541041F6AF6229
S315020DE19841F6AA53C0F20E20C0F20E22C0F20E2389
S315020DE1A84FF4CB71FFF7F0FCB0B582B060B10D46F6
S315020DE1B8814209D81446002100222346FFF7A5FFFE
S315020DE1C82046A56302B0B0BD42F2541042F2B8021F
S315020DE1D841F62F23C0F20E20C0F20E22C0F20E23F4
S315020DE1E84FF45E71FFF7D0FC2DE9F04F85B000288C
S315020DE1F8049200F09D8099461546044619B9206C7D
S315020DE208002840F0C580B9F1020F03D1E06B012851
S315020DE21840F0AE80019101F005FA10B9002D40F0DB
S315020DE2289780FDF712F9A06BB9F1020F59D0E16B80
S315020DE238884256D304F11007012002AE4FF0000BA7
S315020DE24804AD00BF0499002966D0C00702D0304636
S315020DE25801F07EF9FDF724F900F016FDFDF7F5F844
S315020DE26894F84400FF2808BF84F844B094F8450092
S315020DE278FF2808BF84F845B0FDF712F9304629463E
S315020DE28801F073F900284AD1FDF7DFF8D4F838A062
S315020DE298D4F83C80FDF704F9C24515D104993846E0
S315020DE2A801F072F8204600F0B5F800F047FD80B986
S315020DE2B84EF60450CEF200004FF080510160BFF3C6
S315020DE2C84F8FBFF36F8F04E0204600F0A3F800F0DE
S315020DE2D835FDFDF7BAF8A06BE16B88424FF00000E9
S315020DE2E8B0D2019920464A4600F062F854F8240F36
S315020DE2F870B1204601F0A6F850B14EF60450CEF292
S315020DE30800004FF080510160BFF34F8FBFF36F8F3F
S315020DE318FDF7C6F8012008E0FDF7C2F804E020462D
S315020DE32800F078F800F00AFD002005B0BDE8F08F80
S315020DE33842F2541041F6050242F20A43C0F20E2089
S315020DE348C0F20E22C0F20E2340F2B631FFF71CFCC4
S315020DE35842F2541041F6050241F61703C0F20E2099
S315020DE368C0F20E22C0F20E2340F2BB31FFF70CFCAF
S315020DE37842F2541041F6050241F63723C0F20E2039
S315020DE388C0F20E22C0F20E234FF46E71FFF7FCFB9C
S315020DE39842F2541041F6050242F66813C0F20E20F7
S315020DE3A8C0F20E22C0F20E2340F2B731FFF7ECFB94
S315020DE3B870B5866B036C044643B31546CAB1E0685D
S315020DE3C81A4601F05DFDE168206C2268091A914230
S315020DE3D8E16003D2A16840420844E060A81EB0FA83
S315020DE3E880F040093146002E18BF01210840361A21
S315020DE3F80CE060681A4601F043FDD4E90101226C6E
S315020DE40810448842606001D320686060701CA06366
S315020DE41870BDD4D4F0B581B00446FDF716F894F95B
S315020DE4284560012E0EDB04F1240500BF286848B1AC
S315020DE438284601F007F808B101F0E7F870B2013E77
S315020DE4480128F3DCFF2684F84560FDF729F8FCF769
S315020DE458FCFF94F94470012F0EDB04F1100500BF81
S315020DE468286848B1284600F0EDFF08B101F0CDF84D
S315020DE47878B2013F0128F3DC84F8446001B0BDE8A7
S315020DE488F040FDF70DB82DE9F04100283DD00546BF
S315020DE498006C002849D12868884610B9A868002852
S315020DE4A853D1FDF763F8EFF31186102080F3118827
S315020DE4B8A86BE96B884210D295F945400130E7B24F
S315020DE4C8FF2FA8630BD000F059FFA04218D97F2F52
S315020DE4D84BD0781C85F8450012E0002011E055F85E
S315020DE4E8240F68B1284600F0ADFF0146B8F1000FBA
S315020DE4F84FF0010018BF002903D0C8F8000000E04C
S315020DE508012086F31188BDE8F08142F2541041F6D6
S315020DE5186A0242F20A43C0F20E20C0F20E22C0F27D
S315020DE5280E234FF4A861FFF72FFB42F2541041F662
S315020DE5386A0242F63903C0F20E20C0F20E22C0F26A
S315020DE5480E2340F24451FFF71FFB42F2541041F6D7
S315020DE5586A0242F27A63C0F20E20C0F20E22C0F2AD
S315020DE5680E2340F24951FFF70FFB42F2541041F6C2
S315020DE5786A0242F2C013C0F20E20C0F20E22C0F297
S315020DE5880E2340F2CB51FFF7FFFAD4D42DE9F04F03
S315020DE59883B00028029200F0A280164689460446E8
S315020DE5A819B9206C002840F0BA8001F03BF810B971
S315020DE5B8002E40F0A480FCF748FFD4F838A0BAF133
S315020DE5C8000F28D0226C52B1D4E902011144E16040
S315020DE5D8814224BF2168E160484601F051FC54F896
S315020DE5E8100FAAF10101A16270B1204600F02AFFAF
S315020DE5F850B14EF60450CEF200004FF08051016034
S315020DE608BFF34F8FBFF36F8F0124FCF749FF2046E7
S315020DE61803B0BDE8F08F04F1240801206F464FF0D0
S315020DE628000B02AE0299002955D0C00702D0384612
S315020DE63800F08EFFFCF734FF00F026FBFCF705FF12
S315020DE64894F84400FF2808BF84F844B094F84500AE
S315020DE658FF2808BF84F845B0FCF722FF3846314635
S315020DE66800F083FF60B12046FFF7D4FE00F066FB8B
S315020DE678FCF7EBFEA56BFCF713FF75B322E000BFA3
S315020DE688FCF7E3FEA56BFCF70BFF2DB12046FFF752
S315020DE698C1FE00F053FB15E00299404600F074FEE8
S315020DE6A82046FFF7B7FE00F049FB58B94EF604505F
S315020DE6B8CEF200004FF080510160BFF34F8FBFF3CA
S315020DE6C86F8F00BFFCF7C1FED4F838A00020BAF14F
S315020DE6D8000FA7D076E7002497E7002497E742F2C2
S315020DE6E8541042F2DC0241F6C613C0F20E20C0F2F5
S315020DE6F80E22C0F20E2340F2E951FFF745FA42F215
S315020DE708541042F2DC0241F61703C0F20E20C0F293
S315020DE7180E22C0F20E2340F2F251FFF735FA42F2FB
S315020DE728541042F2DC0242F2BE23C0F20E20C0F2AF
S315020DE7380E22C0F20E2340F2ED51FFF725FAD4D47C
S315020DE7482DE9F04F83B00028029100F08E80044621
S315020DE758006C002840F099800D4600F063FF10B951
S315020DE768002D40F0A280FCF770FEA16BD1B154F8D2
S315020DE778100F0139A16270B1204600F063FE50B147
S315020DE7884EF60450CEF200004FF080510160BFF3F1
S315020DE7984F8FBFF36F8F0124FCF782FE204603B01D
S315020DE7A8BDE8F08F4EF6045904F1240801206E4691
S315020DE7B84FF0000B02AFCEF200094FF0805A00BFA0
S315020DE7C8029900294DD0C00702D0304600F0C0FE8E
S315020DE7D8FCF766FE00F058FAFCF737FE94F844008B
S315020DE7E8FF2808BF84F844B094F84500FF2808BFEF
S315020DE7F884F845B0FCF754FE3046394600F0B5FEAE
S315020DE80860B12046FFF706FE00F098FAFCF71DFEEA
S315020DE818A56BFCF745FE35B31CE000BFFCF715FEEC
S315020DE828A56BFCF73DFE2DB12046FFF7F3FD00F073
S315020DE83885FA0FE00299404600F0A6FD2046FFF73D
S315020DE848E9FD00F07BFA28B9C9F800A0BFF34F8F8E
S315020DE858BFF36F8FFCF7F9FDA16B00200029AFD02E
S315020DE86885E7002498E7002498E742F2541041F60A
S315020DE878C55241F6C613C0F20E20C0F20E22C0F2E0
S315020DE8880E2340F28261FFF77FF942F2541041F6E8
S315020DE898C55242F63903C0F20E20C0F20E22C0F25C
S315020DE8A80E2340F28661FFF76FF942F2541041F6D4
S315020DE8B8C55241F61703C0F20E20C0F20E22C0F25F
S315020DE8C80E2340F28B61FFF75FF9D4D4B0B500B3CE
S315020DE8D8D1B142F27C2E4FF0000CC2F2182E002254
S315020DE8E8002300BF0EEB02046568A8420DD023B9BA
S315020DE8F82368002B18BF644623460832502AF1D1E5
S315020DE908002B18BFC3E90010B0BD2346C3E900109A
S315020DE918B0BD42F2541041F2B75242F22453C0F23C
S315020DE9280E20C0F20E22C0F20E2340F6C931FFF7B1
S315020DE9382BF970B515460E460446FCF786FD94F876
S315020DE9484400FF2804BF002084F8440094F84500CB
S315020DE958FF2804BF002084F84500FCF7A1FDA06B33
S315020DE96828B904F1240031462A4600F02EFD204628
S315020DE978BDE87040FFF74EBD2DE9F04786B0DDF8CC
S315020DE9883C9007460020B9F1000F049026D0109C42
S315020DE998A4B364200590059864283FD105980E46C0
S315020DE9A8DDF838A0204664219846154601F064FA2A
S315020DE9B8022084F8610004A8C4F83090CDE900A0BD
S315020DE9C8384631462A464346029400F049FF204608
S315020DE9D800F034F8049806B0BDE8F08742F26A20D2
S315020DE9E842F2E21241F2AA63C0F20E20C0F20E22E0
S315020DE9F8C0F20E2340F2F141FFF7C6F842F26A2041
S315020DEA0842F2E21241F6FF33C0F20E20C0F20E2296
S315020DEA18C0F20E2340F2F241FFF7B6F842F26A202F
S315020DEA2842F2E21242F6D613C0F20E20C0F20E22BE
S315020DEA38C0F20E2340F2FA41FFF7A6F82DE9F04788
S315020DEA480446FCF702FD42F2F020C2F218200168D4
S315020DEA5842F2CC2701310160C2F21827396842F217
S315020DEA68D42A42F2FC26C2F2182AC2F2182651B14B
S315020DEA78DAF8000000283ED13868E16AC06A884291
S315020DEA8898BF3C6037E03C600068012833D1002509
S315020DEA987019FFF793FA1435B5F5A07FF8D142F23E
S315020DEAA88448C2F218284046FFF788FA42F2984976
S315020DEAB8C2F218294846FFF781FA42F25840C2F2C5
S315020DEAC81820FFF77BFA42F2D820C2F21820FFF778
S315020DEAD875FA42F24040C2F21820FFF76FFA42F277
S315020DEAE87840C2F21820C0F8008042F27C40C2F289
S315020DEAF81820C0F8009042F2D020C2F21820016800
S315020DEB080131016042F23C41C2F21821E06A0A68FB
S315020DEB18904288BF086000EB800006EB80004068D3
S315020DEB28221DA0608168E1604A608260E06A00EB9E
S315020DEB38800006EB8001616156F82010013146F816
S315020DEB482010FCF7ADFCDAF8000078B13868E16AF6
S315020DEB58C06A88420AD24EF60450CEF200004FF031
S315020DEB6880510160BFF34F8FBFF36F8FBDE8F087FA
S315020DEB7810B5044690F86100022808BF10BD012899
S315020DEB8803D038B9206BFFF779F92046BDE8104056
S315020DEB98FFF774B942F26A2041F6043242F2F613CD
S315020DEBA8C0F20E20C0F20E22C0F20E2341F62E112D
S315020DEBB8FEF7EAFF10B5B8B3002945D042F2F423A1
S315020DEBC8C2F218231A6801321A6042F2F822C2F208
S315020DEBD8182212681B68012B46D1036819449A42FA
S315020DEBE8016006D299424FF000040DD2914206D821
S315020DEBF80AE0994203D3914201D8002404E0881A07
S315020DEC08002100F049F8012400F098F850B94EF6A3
S315020DEC180450CEF200004FF080510160BFF34F8FC2
S315020DEC28BFF36F8F204610BD42F26A2042F2D962B7
S315020DEC3842F2EA03C0F20E20C0F20E22C0F20E23F1
S315020DEC4840F62F11FEF7A0FF42F26A2042F2D96270
S315020DEC5841F2CB53C0F20E20C0F20E22C0F20E23A1
S315020DEC684FF41361FEF790FF42F26A2042F2D9621F
S315020DEC7841F61E73C0F20E20C0F20E22C0F20E230A
S315020DEC8840F63811FEF780FF42F2F420C2F2182040
S315020DEC9801680131016070472DE9F04381B00E46D6
S315020DECA842F2F821C2F218210D6842F27841C2F2F7
S315020DECB81821D1F8008042F27C4142F2CC24C2F2EC
S315020DECC81821C2F21824D1F8009021680746081DAA
S315020DECD8FFF7ABF9781C16D1AEB142F24040C2F23B
S315020DECE81820D0E90012236801319A6093682768C3
S315020DECF8FB60276804375F602368043393602268D4
S315020DED080160506117E02068ED194560206800F131
S315020DED18040105D3484601B0BDE8F043FFF768B9CB
S315020DED284046FFF765F942F26C40C2F218200168B7
S315020DED388D4238BF056001B0BDE8F0832DE9F04775
S315020DED48FCF783FB42F2F420C2F21820016800296F
S315020DED5800F0AC80016801390160006828B1002411
S315020DED68FCF79EFB2046BDE8F08742F2F020C2F280
S315020DED78182000680028F2D042F25840C2F2182034
S315020DED88016842F2544A42F2CC290029C2F2182AE3
S315020DED98C2F2182964D042F23C4242F2FC23002107
S315020DEDA8C2F21822C2F218234FF0010CC768FC688A
S315020DEDB8D4E90775A66ABD60E7696F60776804F1DD
S315020DEDC81805AF4201D1276A7760A1623768013FFC
S315020DEDD83760D4E902656769B560A6686E607D68B5
S315020DEDE8261DB54201D1E5687D6061613D68013D2B
S315020DEDF83D60E76A1568AF4288BF176007EB87075C
S315020DEE0803EB87077F68A760BD68E5606E60BE6025
S315020DEE18E76A07EB870703EB8706666153F82760F0
S315020DEE28013643F82760E76AD9F80060F66AB742F1
S315020DEE3888BFCAF800C00768002FB7D142F27840DA
S315020DEE48C2F218200168096819B10068C06800681D
S315020DEE5801E04FF0FF3042F26C41C2F21821086010
S315020DEE6842F27448C2F21828D8F8006056B1012445
S315020DEE7800F0A8F908B1CAF80040013EF8D1002001
S315020DEE88C8F80000DAF8000000283FF468AFD9F890
S315020DEE9800004EF60450CEF200004FF0805101608C
S315020DEEA8BFF34F8F0124BFF36F8F59E742F26A20E2
S315020DEEB841F6A13242F23F53C0F20E20C0F20E22A3
S315020DEEC8C0F20E2340F68B71FEF75EFE80B580B159
S315020DEED842F2F421C2F218210A6801320A6009685F
S315020DEEE8012912D10021FFF7D7FEFFF727FF00B13F
S315020DEEF880BD4EF60450CEF200004FF080510160EF
S315020DEF08BFF34F8FBFF36F8F80BD42F26A2042F275
S315020DEF18124241F61E73C0F20E20C0F20E22C0F244
S315020DEF280E2340F68E11FEF72FFEF0B581B004467C
S315020DEF38FCF78BFA42F2CC27C2F2182704B93C68C1
S315020DEF48261D3046FFF771F8A06A18B104F11800AC
S315020DEF58FFF76BF842F24045C2F2182528463146AC
S315020DEF68FFF73AF894F86000012804BF002084F8E8
S315020DEF786000FCF795FA42F2D426C2F218263068DA
S315020DEF88A8B1FCF762FA42F27840C2F2182001687B
S315020DEF98096819B10068C068006801E04FF0FF30D2
S315020DEFA842F26C41C2F218210860FCF779FA386808
S315020DEFB884421DD1306888B142F2F420C2F218207B
S315020DEFC80068E0B94EF60450CEF200004FF08051BB
S315020DEFD80160BFF34F8FBFF36F8F09E042F2F02145
S315020DEFE8C2F2182128680968884203D100203860C0
S315020DEFF801B0F0BD01B0BDE8F04000F011B842F223
S315020DF0086A2042F2B67241F62813C0F20E20C0F2F9
S315020DF0180E22C0F20E2340F6A841FEF7B5FDD4D452
S315020DF02880B542F2F420C2F21820006830B142F2DD
S315020DF0385440C2F218200121016080BD42F25440AB
S315020DF048C2F21820002142F23C4C0160C2F2182C81
S315020DF058DCF8001042F2FC2301EB8102C2F21823FE
S315020DF06853F8220003EB820230B900BFB9B152F848
S315020DF078140D01390028F9D05068436802F10800C9
S315020DF0888342536001D1D3685360D86842F2CC22C9
S315020DF098C2F218221060CCF80010106880BD42F238
S315020DF0A86A2041F2926242F6B703C0F20E20C0F20E
S315020DF0B80E22C0F20E2341F2FA31FEF765FD10B5A6
S315020DF0C88CB044F24940C4F24C500024079006A86D
S315020DF0D805A904AA8DF82040CDE90544FCF71AF8CE
S315020DF0E8DDE90420DDF818C0CDE900404FF6FD0034
S315020DF0F8C0F20D2007A90023CDF808C0FFF73CFC86
S315020DF10842F27041C2F21821086060B300F009FCA0
S315020DF118012811D0013026D142F26A2042F22B5231
S315020DF12841F6FB73C0F20E20C0F20E22C0F20E2378
S315020DF13840F6A961FEF728FD42F26C41C2F218218A
S315020DF1484FF0FF32012080F310880A6042F2D42173
S315020DF158C2F21821086042F2F820C2F218200021E4
S315020DF1680160FCF731F943F28010C0F20E200068F7
S315020DF1780CB010BDF0B581B042F2EC25C2F21825DD
S315020DF1882868E0B142F2D82642F2F027C2F21826D2
S315020DF198C2F21827FCF759F9F068C468201DFEF764
S315020DF1A844FF386801383860286801382860FCF74A
S315020DF1B877F92046FFF7DCFC28680028EAD101B06A
S315020DF1C8F0BDD4D42DE9F04742F2F420C2F218204C
S315020DF1D8006848B142F27440C2F218200168013142
S315020DF1E801600020BDE8F08742F2F820C2F218202D
S315020DF1F8016842F26C4C4A1CC2F2182C026022D3E8
S315020DF20842F27840C2F2182001680968002940F0D6
S315020DF2189F8042F27C43C2F2182301681F68076079
S315020DF228196042F28041C2F218210B6801330B6054
S315020DF2380168096819B10068C068006801E04FF0F5
S315020DF248FF30CCF80000DCF80000824201D2002023
S315020DF25874E042F2784AC2F2182ADAF800004FF040
S315020DF26800090068002864D042F23C4E42F2FC24A2
S315020DF27842F2CC28C2F2182EC2F21824C2F218286B
S315020DF288002000BFDAF80050ED68EE68374657F8E9
S315020DF298045FAA4250D3D6E9021375698B60B16829
S315020DF2A859606968B94201D1F1686960C6F8149066
S315020DF2B8296801392960B56A85B1D6E907138B60C4
S315020DF2C8F1695960696806F11803994201D1316AE3
S315020DF2D86960C6F82890296801392960F56ADEF849
S315020DF2E800108D4205EB850188BFCEF8005004EB60
S315020DF2F881014968B1608B68F3605F608F60F16A5E
S315020DF30801EB810104EB8103736154F8213001335A
S315020DF31844F82130F16AD8F80030DB6ADAF8005081
S315020DF328994288BF012029680029ABD14FF0FF35D4
S315020DF33802E04FF0FF350020CCF8005042F254415E
S315020DF348C2F218210968002918BF0120BDE8F08705
S315020DF35842F26A2042F2FD0241F21C63C0F20E200D
S315020DF368C0F20E22C0F20E2341F25F21FEF70CFC0B
S315020DF37842F2F820C2F218200068704742F2F020D5
S315020DF388C2F218200068704710B570B10C4642F2E9
S315020DF398CC21C2F2182109681831FEF729FE20463A
S315020DF3A80121BDE81040FFF777BC42F26A2042F20E
S315020DF3B8734241F63973C0F20E20C0F20E22C0F224
S315020DF3C80E234FF4A451FEF7DFFB10B550B342F2EC
S315020DF3D8CC2CC2F2182C0346D0F804E0DCF8000057
S315020DF3E8002AC0F81CE0DEF80800DCF800402062AE
S315020DF3F8DCF8004004F118044460DCF8000000F162
S315020DF4081800CEF80800DCF800008362186818BFE9
S315020DF4184FF0FF31441C084611461C60BDE81040EA
S315020DF428FFF73ABC42F26A2041F6B03241F6397319
S315020DF438C0F20E20C0F20E22C0F20E2341F2BE41D8
S315020DF448FEF7A2FB80B5C068C068002870D0D0E967
S315020DF4580713826A8B60C1695960536800F11801F6
S315020DF4688B4201D1036A5360002383621368013B01
S315020DF478136042F2F422C2F2182212688AB142F2DB
S315020DF488584CC2F2182CDCE900E2C2619368036299
S315020DF498596091600EF10101C0F828C0CCF8001030
S315020DF4A834E0D0E9021342698B608168596053686A
S315020DF4B8011D8B4201D1C368536000234361136852
S315020DF4C842F23C4C013B1360C2F2182CC26ADCF8BC
S315020DF4D800309A4288BFCCF8002042F2FC2C02EB8F
S315020DF4E88202C2F2182C0CEB820252688260936871
S315020DF4F8C36059609160C16A01EB81010CEB81020F
S315020DF50842615CF8212001324CF8212042F2CC21CD
S315020DF518C2F21821C06A0968C96A884291BF0020D9
S315020DF52842F25441C2F21821012088BF086080BDFB
S315020DF53842F26A2041F6D03241F6D213C0F20E20BB
S315020DF548C0F20E22C0F20E2341F2F541FEF71CFB64
S315020DF55842F28041C2F218210968016042F2F8218D
S315020DF568C2F2182109684160704770B568B30D4635
S315020DF578D9B30446FBF769FF42F2F82EC2F2182EEA
S315020DF588DEF8003029684A1C16D042F2804CC2F2C7
S315020DF598182CD4E90002DCF80060864201D09342A9
S315020DF5A80CD29A1A914209D9881A2860DCF80000F9
S315020DF5B82060DEF800006060002402E000200124CD
S315020DF5C82860FBF76DFF204670BD42F26A2042F2B3
S315020DF5D8173241F68423C0F20E20C0F20E22C0F273
S315020DF5E80E2341F2A551FEF7CFFA42F26A2042F2F4
S315020DF5F8173241F6F043C0F20E20C0F20E22C0F2C7
S315020DF6080E2341F2A651FEF7BFFA42F25440C2F258
S315020DF618182001210160704742F2CC20C2F218204F
S315020DF6280068704742F2D420C2F21820006850B121
S315020DF63842F2F420C2F21820006800284FF00000AA
S315020DF64808BF022070470120704770B5002844D1C3
S315020DF65842F2F420C2F218200C4601681546013111
S315020DF6680160FBF7F2FE42F2CC26C2F2182630688A
S315020DF678C06DB0B1FBF714FFFFF760FBFBF7E5FEB4
S315020DF6883068C56D2DB131680020002C08BF681E83
S315020DF698C8653068002180F86010FBF701FF28461F
S315020DF6A870BD3068012180F86010FBF7F9FE002D58
S315020DF6B8E2D028460121FFF7EFFAFFF73FFB0028B4
S315020DF6C8DCD14EF60450CEF200004FF080510160A7
S315020DF6D8BFF34F8FBFF36F8FD0E742F26A2042F620
S315020DF6E8BE1241F68E23C0F20E20C0F20E22C0F2D1
S315020DF6F80E2341F6C751FEF747FAF0B581B0002839
S315020DF70800F07D80002940F08A8017460546FBF7F2
S315020DF7182DFFEFF31180102181F31188022295F83E
S315020DF728601085F86020EA6D012902F10102EA6589
S315020DF73861D1A96A002940F0828042F2F421C2F20F
S315020DF7481821096881B142F25841C2F21821D1E94C
S315020DF758002305F11806EB619C6801322C6266607E
S315020DF7689E60A9620A6034E0D5E902136A698B6064
S315020DF778A96859605368291D8B4201D1EB685360FC
S315020DF78800236B61136842F23C4C013B1360C2F2D3
S315020DF798182CEA6ADCF800309A4242F2FC2388BF3A
S315020DF7A8CCF8002002EB8202C2F2182303EB820286
S315020DF7B85268AA609468EC6061609160E96A01EB2F
S315020DF7C8810103EB81026A6153F82120013243F864
S315020DF7D8212042F2CC22C2F21822E96A1268D26AB2
S315020DF7E8914208D90FB10121396042F25441C2F250
S315020DF7F8182101220A6080F3118801B0F0BD42F288
S315020DF8086A2041F6457242F21013C0F20E20C0F27A
S315020DF8180E22C0F20E234FF4FE51FEF7B5F942F24F
S315020DF8286A2041F6457241F6E933C0F20E20C0F25E
S315020DF8380E22C0F20E2341F6C171FEF7A5F942F268
S315020DF8486A2041F6457242F65203C0F20E20C0F204
S315020DF8580E22C0F20E2341F6EA71FEF795F9D4D4BB
S315020DF8682DE9F0470A9F8246089C386B984669B17E
S315020DF87807F13403002600BF8D5D9D551DB1132E6C
S315020DF88806F10106F8D1002187F84710102C21D26E
S315020DF89800EB8200043820F00706DDF82490381DA7
S315020DF8A8FC62FEF796FB07F11800FEF792FBC4F110
S315020DF8B81000396BB8613046524643463F617F6246
S315020DF8C8FBF76AFDB9F1000F386018BFC9F8007069
S315020DF8D8BDE8F08742F26A2041F61A4242F22C330B
S315020DF8E8C0F20E20C0F20E22C0F20E2340F264714F
S315020DF8F8FEF74AF942F2FC244EF60455C2F21824D2
S315020DF908CEF200054FF08056FFF734FC2068022828
S315020DF91822BF2E60BFF34F8FBFF36F8FFBF71AFE11
S315020DF928F2E780B586B000F03BF842F2AC40C2F27F
S315020DF9381820006820B30020CDE9040005A804A903
S315020DF94803AAFBF7F4FBDDE903200321DDF814C056
S315020DF958CDE900104FF6252042F2C371C0F20D20F3
S315020DF968C0F20E210023CDF808C0FFF705F842F2C2
S315020DF978B041C2F21821086010B1012006B080BD4F
S315020DF98841F2C76042F6900241F6FE43C0F20E20DE
S315020DF998C0F20E22C0F20E234FF4A371FEF7F4F84D
S315020DF9A870B582B0FBF751FD42F2AC46C2F218268B
S315020DF9B8306868BB42F2C044C2F218242046FEF7EC
S315020DF9C8FDFA42F2D445C2F218252846FEF7F6FA92
S315020DF9D842F2B440C2F21820046042F2B840C2F2B2
S315020DF9E8182042F2305242F2E84305600025C2F26F
S315020DF9F81822C2F218230A200C210095FEF785FB60
S315020DFA08306028B141F20D71C0F20E21FEF75EFF8C
S315020DFA1802B0BDE87040FBF743BDD4D484B042F2C0
S315020DFA28B44842F2AC45C2F2182801ACC2F2182506
S315020DFA384FF0000BEA4600BFD8F80000D0F8009048
S315020DFA48B9F1000F02D0C068066800E00026FFF77C
S315020DFA581BF9204600F0AAF8019919B1FFF76EF9BC
S315020DFA682EE000BF0746B9F1000F08D0BE4206D8F0
S315020DFA78FFF764F93046394600F0C3F820E0B9F1CC
S315020DFA88000F01D0002208E042F2B840C2F2182057
S315020DFA9800680068B0FA80F042092868F11BFEF783
S315020DFAA848FFFFF74BF958B94EF60450CEF200004F
S315020DFAB84FF080510160BFF34F8FBFF36F8F00BFB9
S315020DFAC82868CDE902BBCDF804B000BF2146002255
S315020DFAD8FEF75CFD0028AFD0019800284CD4039E92
S315020DFAE8706910B1301DFEF7A0FA504600F05EF8A7
S315020DFAF80199013908293FD80746DFE801F00505BE
S315020DFB082C1C3F05052C1C0096F82400029BB16996
S315020DFB1840F0010086F82400194430463A4600F0B2
S315020DFB28A8F848B396F8240041071BD400F0FA004A
S315020DFB3886F824001DE096F8240040F0010102988B
S315020DFB4886F82410B06108B3C11930463A463B46C9
S315020DFB5800F08FF810E096F8240000F0FE0086F803
S315020DFB68240009E00298B1693A460144304600F08C
S315020DFB7869F8316A304688472868A7E796F8240057
S315020DFB888107EAD43046FEF779F9F5E741F2C760FF
S315020DFB9842F2E96242F6EF13C0F20E20C0F20E22CD
S315020DFBA8C0F20E234FF48261FDF7EEFFF0B581B078
S315020DFBB80446FFF7DDFB42F2BC46C2F2182631684F
S315020DFBC8054688420ED242F2B447C2F2182700BF42
S315020DFBD83868016841B1C0684FF0FF31006800F01E
S315020DFBE810F8F5E7002007E042F2B841C2F21821F3
S315020DFBF80A68086001203A6020602846356001B01F
S315020DFC08F0BD70B542F2B442C2F218221268064627
S315020DFC18D2680D46D468201DFEF707FA94F824001B
S315020DFC28410704D400F0FA0084F8240004E02046C3
S315020DFC3831462A4600F006F8216A2046BDE870408C
S315020DFC480847D4D470B50546806914460E46014454
S315020DFC58284600BF334600F00CF848B1A869296A50
S315020DFC68064428468847A869224681192846F1E797
S315020DFC7870BD8C46014641F804CF9445006108D9FA
S315020DFC8842F2B4409A42C2F218200AD29C4508D3CF
S315020DFC980DE08069D21A824209D242F2B840C2F206
S315020DFCA8182080B50068FEF7A3F9002080BD012053
S315020DFCB870472DE9F047DDF820E0844681B1CAB1D7
S315020DFCC853B3B1FA81F4B3FA83F52C1B202C47D31F
S315020DFCD8BEF1000F18BFCEE900C14FF0000CB6E019
S315020DFCE89BB30021BEF1000F18BFCEE900C14FF03C
S315020DFCF8000CADE0002B78D0002877D05C1E23428D
S315020DFD0800F09880B1FA81F4B3FA83F52C1B1F2CF7
S315020DFD18DED204F1010C2EE0541E224271D0B1FA44
S315020DFD2881F7B2FA82F6F71B07F1210CBCF1200F07
S315020DFD381BD0BCF11F0F00F28E80CCF1200620FAE3
S315020DFD480CF401FA06F525431CE0B0FBF2FCBEF1F4
S315020DFD58000F1EBF0CFB12000021CEE9000176E052
S315020DFD6804F1010CBCF1200F05D14FF0000A4FF03A
S315020DFD78200C0D4609E0C4F11F0620FA0CF501FA0E
S315020DFD8806F4254321FA0CFAB0404FF000084FF05D
S315020DFD9800094FEA4A0444EAD5776C0044EAD0765C
S315020DFDA8B51A67EB030AF443F943A4184FEA400060
S315020DFDB859415CBFBA46354640EAD87049EA480801
S315020DFDC8CF0FBCF1010CB946E3D14FEAD871BEF19A
S315020DFDD8000F41EA40014FEA480020F0010018BF22
S315020DFDE8CEE9005A07EB000C32E031E0B1FBF3FC29
S315020DFDF8BEF1000F1EBF0CFB13100021CEE9001039
S315020DFE0825E0BEF1000F1EBF00230440CEE90043D4
S315020DFE18012A1DD092FAA2F24F00B2FA82F202F02C
S315020DFE281F03D140D8401F23934307FA03F343EA2E
S315020DFE38000C0DE0BEF1000F1CBF04EA0100CEE96D
S315020DFE4800C093FAA3F0B0FA80F021FA00FC002163
S315020DFE586046BDE8F087CCF14006ACF120044FF0C0
S315020DFE68000A01FA06F720FA04F52F4300FA06F8F6
S315020DFE7821FA04F538468AE70A46002100F009B840
S315020DFE8810B500239A4203D0CC5CC4540133F9E76A
S315020DFE9810BD00239A4208BF7047C1540133F9E7D2
S315020DFEA8034613F8012B002AFBD1181A013870479D
S315020DFEB80138C9B210F8012F0AB18A42FAD18A421B
S315020DFEC818BF002070470A7882B1B0B5037853B1CE
S315020DFED8934206D10123CC5C34B1C55C0133A542EC
S315020DFEE8F9D00130F2E70020BDE8B0407047D4D40E
S315020DFEF810B505490446054AFFF7C2FF04480549E8
S315020DFF082044FFF7B9FF10BDB4800D0200000000B2
S315020DFF1800000000000000000249401A024908606C
S315020DFF28704700BF08000000A825182281B070B5D9
S315020DFF3889B00C46104901914FF400310026009103
S315020DFF4801190D93CDE90666002CCDE90266154613
S315020DFF58049018BF481E48BF002005900DAA684692
S315020DFF682946089200F012F80CB104990E7009B0E0
S315020DFF78BDE8704001B0704785FF0D02D1E9042333
S315020DFF889A421EBF531C0B61107070472DE9F04F34
S315020DFF9895B0824680781492800740F18B84DAF800
S315020DFFA8040000270C90149813900DA8821D069232
S315020DFFB8421E05300892099007910B910B9A11462C
S315020DFFC811F8010B252803D0002800F0758404E0EA
S315020DFFD85578961C252D09D131460C9A0B91514609
S315020DFFE8904701370028E9D500F05EBC00224FF094
S315020DFFF8000800244FF0000B1FFA8BF9B9F11F0FF9
S315020E00080DD8A5F1270009282DD8DFE800F09F0B99
S315020E00180B0B050B650B0B624BF0020B53E0B9F19A
S315020E00287F0F12D8A5F13000092823D8B9F1400F4F
S315020E003827BF08EB880100EB410804EB840100EBAD
S315020E0048410438BF4BF0200B80E04C2D3ED0682D74
S315020E005845D06A2D3AD07A2D18BF742D76D06C2DCE
S315020E006840F0538242E0202D2DD0232DDAD14BF0CB
S315020E0078100B6BE0242D47D07A2D67D02E2D3CD04F
S315020E00884C2D23D0682D2AD06A2D1FD06C2D2DD03B
S315020E0098742D5BD02A2D40F03882002A56D1139839
S315020E00A8011D13910068B9F13F0F4DD8B0F1FF3F0C
S315020E00B8DDBF4BF0280B444200224BF0200BC4BF87
S315020E00C80022044642E04BF0040B3FE04BF4207B41
S315020E00D83CE04BF0010B39E04BF0080B36E00BF423
S315020E00E880704BEA400040F4807B2FE00BF08000D4
S315020E00F84BEA800040F0800B28E0B9F13F0F00F280
S315020E0108DB834BF0400B21E0BAB1149815464246F2
S315020E01181390B9F1400F38BF2246079813A900F07B
S315020E0128D5FB13982A46B9F1400F00F10401139133
S315020E0138006834BF0446804608E022464FF000089F
S315020E014800244FF0000B01E00022804616F8015BF0
S315020E0158002D7FF451AF0A94002534462AB114981D
S315020E01681390079813A900F0B1FB45F0200028EA70
S315020E0178E879B8F1000FA0F1650148BF2BF0400BE4
S315020E018803290B9401D3612835D11399461B0731DE
S315020E019821F00701612801F10802139291ED000B75
S315020E01A818D15FEA4B6058BF4FF0FF39F2B20DA86D
S315020E01B8494600F073FC00F101084BF4C05B4FF0A0
S315020E01C8010C5FFA88F08145D8BFA0F101097020AB
S315020E01D8049041E05FEA4B6158BF4FF00609C1B27F
S315020E01E866291ED0652824D165204BF4805B09F159
S315020E01F80101002324E0A5F16F01062957D8082329
S315020E02084FF0000EDFE811F0E0010700DA01DA011D
S315020E02189F01DA0197014BF0100B10234FF0780E5F
S315020E0228D2E166204BF4005B0122049011214B4663
S315020E023808E05FEA0961494608BF01210023023830
S315020E024804900022C9B2112928BF11210DA800F067
S315020E0258E1FC80464FF0020C0D9B13F1090F08DAEA
S315020E026813F1630F0FD213F57A7F09D84FF0040CE8
S315020E02780BE0092B09DD632B05D9B3F57A7FF5D287
S315020E02884FF0030C01E04FF0020C9DF838101FFADE
S315020E02988BF4C80707D15FEA8B7206D462071DD4A0
S315020E02A8002001251CE02D2019E02B2017E0692DD0
S315020E02B818BF642D40F02B811FFA8BF05FEA0B6193
S315020E02C800F1308113990A1D13920A68C10540F18D
S315020E02D83081800554BF12B252B22AE1202000257F
S315020E02E811F00C0F18D00423002D18BF03230A9AF7
S315020E02F89A4226DD5FEA0B7125D49C1AA846054654
S315020E030800F0B9FB002800F1CF8201370134F7D38A
S315020E031828460024454617E01BF4405F039543D151
S315020E0328B9F1010F98BF4FF001095FFA88F139B397
S315020E0338099A0A4412F8012C302A21D1A8F1010889
S315020E0348F3E7002400E0D41A2DB900F0A4FB002826
S315020E035800F1AA8201379DF83800DFF86C550007BE
S315020E0368DFF8600558BF05462878002800F08F8208
S315020E0378801B00F08CFB013701350028F4D593E279
S315020E0388E20648BF494613F1040F0BDB4B4509DA61
S315020E03988B424BF4005BAEBF4FF00009DA4301EB1A
S315020E03A8020901E0A1F101091FFA8BF15FEA8B42FC
S315020E03B8B6464FEA015B0591029307D40521BBF1B6
S315020E03C8000F58BF032101EB0C0602E023EAE37184
S315020E03D84E1C09F10101B9F1000F059D08BFC5F3BF
S315020E03E80011039A0A9C82F001028B183344E41A0E
S315020E03F84FF00003D8BF1C4615F0090FCDF804C0FE
S315020E040811D184B1054688190A9910447646441ABA
S315020E041800F031FB002800F1478201370134F7D389
S315020E04280024284600E07646039929B900F033FBE4
S315020E0438002800F139820137BBF1000F0CD500F006
S315020E044822FB002800F13082C6F1780000F01FFB6D
S315020E0458002800F1298202370598000709D444B10B
S315020E0468274400F010FB002800F11E82013CF8D149
S315020E047800240598800426D49DF8390051460C9A14
S315020E04889047002800F11082B9F1010FC0F2DA8006
S315020E049800F0F5FA002800F1078209EB07005FFA69
S315020E04A888F500F1020B0020814500F0A681471C53
S315020E04B8AF423ABF0699085C302000F0ECFA0028E3
S315020E04C83846F1D5F0E10298C9F100095FFA88F8C3
S315020E04D820EAE076851B701C05D100F0D0FA0028BA
S315020E04E800F1E28101373020002D03D44545BCBF09
S315020E04F80998405D51464E454CDD0C9A904701359A
S315020E05080137013E0028E6D5CEE10A9425E6632D8B
S315020E051854D113980126011D139100688DF83400E3
S315020E05280DAD22E08005139800F1A480011D1391EA
S315020E05380268D317A6E04FF6EF700BEA000B0A23F2
S315020E05484FF0750E40E01398011D13910568DC48AD
S315020E0558002D08BF05465FEA4B6058BF4FF0FF39BC
S315020E05682846494600F040FB06465FEA0B7070D4F1
S315020E05780A98B046B04238BF8046B0426BD90C9A3A
S315020E05880446202051469047002800F18D81601EB0
S315020E05980137F2E70C9A9047002800F18581781CFC
S315020E05A80599C90640F11481002E40F0118100F01A
S315020E05B866FA002800F17881023768E1782840F059
S315020E05C80981C5F18803AE464FF6F9700BEA0005A6
S315020E05D85FEA0B600AD41398011D13910068E905A8
S315020E05E80AD5A90554BF80B2C0B205E0A80513986C
S315020E05F804D4011D13910068002107E0073020F08C
S315020E060807010A46496852F8080B139250EA010284
S315020E061808BF2BF0160508D00DAE7446324600F00A
S315020E0628FFF9861BAC46254646E05FEA4B62F3D5D2
S315020E0638B8F1010FF0DA4FF6E9700BEA000C002654
S315020E0648754639E00598C00600F1D18007F1010B0F
S315020E0658D3E0DDF828803744A8EB0604002E00F016
S315020E0668168115F8010B51460C9A9047013E002841
S315020E0678F4D519E1073020F007000146436851F810
S315020E0688082B13915846002B48BF40F4806020F081
S315020E0698100C82EAE37083EAE371B0EBE37061EB66
S315020E06A8E3711A4300F08A800DAC0A236646224687
S315020E06B800F0B6F9B446061B5FEA4C6002D46146F0
S315020E06C830460BE04FF6FE700CEA000130464E45F8
S315020E06D804DA4846002D08BF2CF011011FFA81FBD9
S315020E06E8C90606D440F2064111EA0B0118BF0121CA
S315020E06F803E00221002D08BF01210C185FEA0B70D8
S315020E07081CD45FEACB7001D10A9907E00A99B14661
S315020E07188C42BEBF7018A0EB04090C46A046A14235
S315020E0728C8BF88460A98844207DA00F0A4F9002858
S315020E073800F1BA8001340137F4E744465FEACB602A
S315020E074814D440F206401BEA000F1FD05FEA8B70E4
S315020E07584FF02B0058BF20205FEA4B5148BF2D2081
S315020E076800F099F9002800F19F800EE000F08BF94F
S315020E0778002800F1998045B10C9A284651469047B1
S315020E0788002800F19180023700E001370A983744B3
S315020E0798041BB1450FDD00F076F90137A9F10109FF
S315020E07A80028F6D580E0089851460C9A805D904747
S315020E07B8013E002878D4002E69D0F4E75FEA4B6230
S315020E07C87FF572AFB8F1010FBFF66EAF002673E76B
S315020E07D807465CE00C9A252051469047002863D4BA
S315020E07E80C9A2846514690470237FFF7FBBB00F094
S315020E07F846F9002858D407F1020B049851460C9A6A
S315020E0808801BC0B2904700284ED4029E2B2051461A
S315020E0818002E48BF2D200C9A9047002E00D5764200
S315020E0828002841D40198042812D34FF47A700C9AF0
S315020E0838B6FBF0F5514605F13000C0B290470028D6
S315020E084832D44FF47A7005FB10610BF1030504E0FE
S315020E08580BF102053146032823D1642000F002F972
S315020E0868002821D46420013506FB10710A2000F0F7
S315020E0878F9F8002818D406EB86000135A7EB4001D5
S315020E088801F1300000F003F900280DD46F1C012C7B
S315020E0898FFF694AB00F0EFF80137013C0028F6D5C7
S315020E08A802E00228E2D2EBE79AF8020040F00400D0
S315020E08B88AF802004FF0FF37384615B0BDE8F08FBA
S315020E08C8512B0E02D91D0E02CB270E022DE9F0432D
S315020E08D8894652494FF001084FF0010C05469445D8
S315020E08E880F299802B4613F8014B252C03D01D4610
S315020E08F8002CF7D18FE0AF1C6B783D46252BF1D035
S315020E090800264FF0000E00251F2E08D8A3F120044C
S315020E0918102C06D808FA04F40C4202D042E07F2EB6
S315020E09280AD8A3F13004092C13D805EB850346F031
S315020E0938200604EB430535E04C2B23D0682B24D036
S315020E09486A2B1FD07A2B18BF742B2BD06C2B34D153
S315020E095822E07A2B26D02A2B18BF2E2B01D1002560
S315020E096820E04C2B0ED0682B0FD06A2B0AD06C2B9C
S315020E097812D0742B16D0242B1FD1BEF1000F16D10E
S315020E0988AE46ECE746F420760CE006F4807346EAA9
S315020E0998430343F4807605E006F0800346EA8303B2
S315020E09A843F0800617F8013B002BADD104E06545EE
S315020E09B8D5D16323E64600E000233D46BEF1000F7D
S315020E09C829D0E6457FF48BAF43F02004A4F16505E2
S315020E09D8032D01D3612C06D1D9F80030073323F043
S315020E09E80703083312E0DCB2732C0CD0642B18BF43
S315020E09F8692B06D1330606D5D9F80030B405EDD4DF
S315020E0A0803E0632BF6D1D9F800300433C9F8003067
S315020E0A180CF1010C62E7BDE8F08300BF89280100DC
S315020E0A282DE9F04103F01F06984614460F46054671
S315020E0A38284639463246002300F0E2F800FB1652E3
S315020E0A48A2EB0803092A88BF03F13702303204F8EB
S315020E0A58012BAA1B054677F100020F46E8D220465D
S315020E0A68BDE8F0810C9AB1FBF0F60F4606F130009E
S315020E0A785146C0B210470C9A2020514610470C9A7E
S315020E0A882E20514610470C9A3020514610470C9A82
S315020E0A98C0B2514610470C9A514610472DE9FE4FE1
S315020E0AA856EC107B0C460546F00F90462871C6F397
S315020E0AB80A516FF31F5657EA060208BF00290ED0CF
S315020E0AC889B140F2FF7399420FD10821002A08BF55
S315020E0AD804210024084428712046BDE8FE8F002012
S315020E0AE80027002605E02E4803E0A1F2FF3006F5A0
S315020E0AF88016002C286003D40C2C03D90D2436E05C
S315020E0B08002434E03320A0EB8409022000214A4651
S315020E0B184FF0000A00F046F8424202926AEB0102D0
S315020E0B28B0F1010B61F100000192304000900120F4
S315020E0B3800214A4600F036F8814607EA0B00B9EB61
S315020E0B4800008A46009871EB000008D3A000C0F197
S315020E0B5834023846314600F036F8C00703D017EB92
S315020E0B68090746EB0A060298074001980640122024
S315020E0B78411FB1D417F00F0201D1A1420ADCA2EB32
S315020E0B880803092A88BF03F1270230322A54A142E2
S315020E0B98C8BF0C46390941EA067736090138E7E72E
S315020E0BA802FCFFFF930641BFA2F1200100FA01F1F2
S315020E0BB80020704732B1C2F12003914020FA03F3A6
S315020E0BC8194390407047930641BFA2F1200021FABD
S315020E0BD800F00021704732B1C2F12003D04001FA6B
S315020E0BE803F31843D140704710B54218034629B18C
S315020E0BF81C7814B101390133F9E71A46101A10BDD9
S315020E0C0840B584B002AE0096FFF753F8029A039BDC
S315020E0C1804B040BD2DE9F04F9DB0884651EC106BDD
S315020E0C2893460D46CF0F6FF31F55C1F30A5156EA77
S315020E0C38050408BF00290BD040F2FF7291420FD16C
S315020E0C480821002C08BF0421394401710024FCE155
S315020E0C5830210124417100210160B91C0171F4E1B0
S315020E0C68002CCDE90970069318BF01240022A1F2C1
S315020E0C783547022938BF0122002918BF05F5801506
S315020E0C884FEA850343EA967044EA020913904FEA3D
S315020E0C98860004BF4FF6CC37CFF6FF77129006F0D2
S315020E0CA80100002F0490CDF81480CDF82CB0CDF8A3
S315020E0CB83C9041D4384600F0D1FACA468146032FF3
S315020E0CC888BFA9F10109484600F0D4FA14A90446C8
S315020E0CD8484600F057FB18A81AA9CDF808A0CDE980
S315020E0CE80010A9EB0700204414AA00F17C03304633
S315020E0CF8294600F0C7F90546B9F1150F109100F20B
S315020E0D089380129E139C3046214600F0ADF9820856
S315020E0D1842EA817120F0030008444042F04261D152
S315020E0D283046214600F0AEFA00210F9148454FF0A3
S315020E0D38000028BF012039E0C7F1000A504600F02C
S315020E0D4893FA0446781C18BF013CAAEB040A5046CD
S315020E0D5800F090FA0DF1500883465046414600F0CF
S315020E0D68ABFA18A81AA94246CDF80890CDE9001092
S315020E0D78A4EB0B0000F17D033046294600F082F9FA
S315020E0D8804EB07090546012C109111D8DDF81480DB
S315020E0D98DDF82CB0049840B1DDE91A0101381A9033
S315020E0DA861F100001B9000200F90012011903EE089
S315020E0DB8DDF814803E2CDDF82CB035D84FF0FF3016
S315020E0DC84FF0FF312246FFF7EDFE139A22EA010192
S315020E0DD8129A22EA00000843B0FA80F040091190EE
S315020E0DE8002023E0049870B90F98C043801964F165
S315020E0DF8000100F047FA0021119148454FF0000014
S315020E0E0828BF012012E046F00200214600F03AFA07
S315020E0E18DDE91A124B1E62F10004484538BF0B462D
S315020E0E281A9338BF14461B94002011900F90404611
S315020E0E38BBF1000F0ED01099284600F0EFF9069A6C
S315020E0E4809EB02010844B0EBD27FB8BFD00F80453A
S315020E0E58B8BF4046CDF820900DF160091B9CAB46F3
S315020E0E6899E8400300250C900020CDE91200484669
S315020E0E782146CDF8389000F0EEF881468A4630467D
S315020E0E884146CDF8348000F0E6F80746B0EB090085
S315020E0E98884671EB0A000ED31099584600F0BEF931
S315020E0EA80C99884221DD08462946012518B910985B
S315020E0EB850EA0B001DD01099584600F0CCF8109146
S315020E0EC854461299119A00F0BCF907EB87010F9A4C
S315020E0ED8C6EB41013E46B1FA81F1834649090A40FB
S315020E0EE813990F9201311391C1E7DDF840805F46DF
S315020E0EF803E000274FF000080D46DDF83C90DDF8BA
S315020E0F0828A007955FEAC97024D00D9DBB463046C8
S315020E0F18294600F0A0F8074600EB800040422A4612
S315020E0F280D467142B1EB400F16D10E98214600F0CE
S315020E0F3892F80E900C465846414600F08CF88846B2
S315020E0F481299119A3E4600F07CF91399834601319D
S315020E0F581391DCE7454602E045465F460D92089830
S315020E0F68139901EB00081298C0B2411F18BF01214E
S315020E0F78DDF82CB0079AD2070CD10D9B87EA06022A
S315020E0F886B401A4306D1049A82F0010202EA09025A
S315020E0F98012A5ED1119A82F00102114300223943C7
S315020E0FA8042888BF012201EA02043F1945F1000905
S315020E0FB83846494600F032F906460CB30C98864274
S315020E0FC81FDDBBF1000F0AD006984044811901298C
S315020E0FD8D8BF012105988842B8BF014608468642FF
S315020E0FE80FDD0446781D49F100010A220023FFF798
S315020E0FF807FE013E08F1010807462046894600E02B
S315020E10080C988642B8BF304604B20025261DA54264
S315020E101812DA384649460A220023FFF7F1FD8946B7
S315020E102800EB80010135A7EB4101074641F030017D
S315020E10380AF80610013EEAE709988AF804000FFA3A
S315020E104888F020440138CAF8000020461DB0BDE8D3
S315020E1058F08F0124A9E780B500F006F8C00840EA29
S315020E10684170C90880BDD4D4F8B502AA0092044AC2
S315020E10784FF0CC3300F011FADDE9020104B080BD5F
S315020E1088CDCCCCCC2DE9F04F8BB004931646D2E9D3
S315020E1098002308AC0094490041EAD074450028465C
S315020E10A8214600F0FAF9D6E902238146DDE90878E7
S315020E10B806A88B4600902846214600F0EEF910EB5C
S315020E10C8070A48EB0108DDE90601DDE90823471C94
S315020E10D841F10005BAEB020278EB030228BF0D4670
S315020E10E8079528BF07460499D6E902404139D6E93B
S315020E10F800CE7A1C45F1000314EB0A040591009101
S315020E110840EB080119EB0C00CDF80C905BEB0E00C8
S315020E1118069754F1000041F10001B0EB0A04D946D4
S315020E112871EB080424BF2B463A4600F0D2F9149AFC
S315020E1138C2E90001DDE915B008B3D6E90201D6E91E
S315020E114800C3DDE905640096BAEB0006039A68EB5E
S315020E11580107701E67F10001B2EB0C02079D79EBCF
S315020E1168030224BF30463946621E65F10003BAEB06
S315020E1178000678EB010624BF22462B4640E0049C65
S315020E11880025D6E900E0CC46403CDDE9062302906E
S315020E11984FEA4C0CD6E902014FEA4A0600944FEA88
S315020E11A8480446EAD97644EADA74B6EB0A0774EBC9
S315020E11B8080738BF012545EA42055B0043EAD2779E
S315020E11C86A1E049567F10003039DB6EB000964EBEC
S315020E11D8010BB9F101006BF10001DEEB450E4CEA8B
S315020E11E8D57C029D7CEB050528BF5946DDF854B021
S315020E11F828BF4846351A8C41049C24BF22463B46D4
S315020E120800F067F9CBE9000105AB41460DCB00901C
S315020E1218504600F05EF90BB0BDE8F08F70B50023AC
S315020E12280A2401220A25461B71EB030607D3A5FBE0
S315020E1238045603EB8303013206EB4303F3E7104628
S315020E124870BDC9B2B1FA81F149090A4000EB8001B3
S315020E12581192ABEB410112917047D4D4014948431E
S315020E1268800C70474134010001494843000D70470E
S315020E1278FB2E0B0002494843012101EBD040704771
S315020E12884F931200F0B50A4B02460A4D4FF0FF3045
S315020E12984FF0CC34A2FB0367013002FB047201FB4A
S315020E12A80321721B71F133323246F3D3F0BD00BFFE
S315020E12B8CDCCCCCC343333332DE9F04F87B08B46B5
S315020E12C81A21B0FBF1F2054602FB01F62A4800EB9B
S315020E12D80210B54202D100F0C9F849E004A9274A1C
S315020E12E80091A91BC36852F8317002EBC101D0E90D
S315020E12F801924C680168019100F0ACF8824602A888
S315020E1308019A88460090384621464B4600F0C5F8A3
S315020E131801918146DDE90212002011EB0A0758EB0C
S315020E1328020840F10000012801D100F097F828467C
S315020E1338FFF7A0FF04463046FFF79CFF0199241AD1
S315020E134848463A464346009400F0C3F81E226FF00A
S315020E1358030302EA450203EA9503094DEB5800F028
S315020E13688DF800F093F8009400F0B3F8CBE9020179
S315020E137807B0BDE8F08F00BF88310E0258320E0252
S315020E138828330E022DE9F04F87B08B4605461930E3
S315020E13981A21B0FBF1F22C4802FB01F600EB021001
S315020E13A8AE4202D100F062F84BE004A9274A009138
S315020E13B8711BD0E900A852F8317002EBC101D0E9CF
S315020E13C802234C6800F046F8019002A8BAF101020F
S315020E13D868F100038946009000F03CF88A46DDE97A
S315020E13E8013104460020039ACF1852EB090840F140
S315020E13F80000012801D100F031F83046FFF73AFF16
S315020E140806462846FFF736FF361A204651463A460C
S315020E14184346009600F05DF86FF003030C4C03EAA0
S315020E142895031E2202EA4502E35800F027F8013018
S315020E143841F1000100F02AF8009600F04AF8CBE9CD
S315020E1448020107B0BDE8F08F80330E0258320E0243
S315020E145870340E023846214600F01FB8DDE9040143
S315020E14680130049041F100000590704790E80E0095
S315020E1478C0688BE80E00CBF80C00704723FA02F20E
S315020E148802F00302801841F100017047DDE90423D8
S315020E1498CBE90001384641467047F0B5A3FB014534
S315020E14A8DDF814C0A2FB0116A2FB00277F187441B1
S315020E14B845F1000539462646E3FB0016A3FB000353
S315020E14C8C01954EB030045F10000CCE90060104642
S315020E14D8F0BD2DE9F041DDF8188017460C46054693
S315020E14E8C8F1400238461946FFF75CFB07460E4618
S315020E14F8284621464246FFF766FB38433143BDE886
S315020E1508F081D4D40AD7A33CA69B443B6F12833BE5
S315020E15180000A0413333B33E0000803FCDCCCC3D14
S315020E152800000000000054545220524547474553C6
S315020E153800444131363230303A2057692D466920F9
S315020E15486A6F696E206661696C65642C20657272B3
S315020E15583D25640D0A005B574946495D5B45525265
S315020E15685D20444131363230302041542070726F3C
S315020E15786265206661696C65643A2025753B207240
S315020E15886574727920696E202575206D732E0D0A83
S315020E15980041542B4357535441540D0A0075784350
S315020E15A87269746963616C4E657374696E670076E7
S315020E15B85175657565416464546F526567697374CE
S315020E15C872790028207854696D65496E6372656D65
S315020E15D8656E74203E2030552029002E2E2F7261FC
S315020E15E82F6673702F7372632F726D5F66726565DF
S315020E15F872746F735F706F72742F706F72742E635C
S315020E16080076506F7274456E7465724372697469A8
S315020E161863616C00282028202820282070784465CB
S315020E16286C617965645461736B4C69737420292DE8
S315020E16383E75784E756D6265724F664974656D7341
S315020E1648203D3D2028205542617365547970655FA9
S315020E165874202920302029203F2028202820426164
S315020E16687365547970655F74202920312029203AD2
S315020E1678202820282042617365547970655F74208C
S315020E168829203020292029202900765461736B538C
S315020E16987769746368436F6E746578740041540D86
S315020E16A80A00707578537461636B42756666657265
S315020E16B820213D202828766F69642A293029002E92
S315020E16C82E2F72612F6177732F4672656552544FAC
S315020E16D8532F4672656552544F532F536F75726365
S315020E16E8652F74696D6572732E63002B43574D4FC2
S315020E16F844453A0075635356434E756D62657220BC
S315020E17083C3D203300546D7251004441313632301D
S315020E1718303A2053434930206F70656E65642C202B
S315020E17283131353230302D382D4E2D310D0A0052CB
S315020E1738583A2025730D0A005B574946495D2055CE
S315020E1748706C6F61646564206672616D653D2575A0
S315020E1758204A5045473D2575206372633D307825EC
S315020E176830385820636F6E666964656E63653D250B
S315020E1778752E0D0A003036303131376B6C6A0056CB
S315020E17886964656F2054582054687265616400282E
S315020E179820282075696E74385F74202A202920281D
S315020E17A82070784C696E6B2029203E3D2026282013
S315020E17B87563486561705B2030205D2029202920DB
S315020E17C82626202820282075696E74385F74202AEA
S315020E17D8202920282070784C696E6B2029203C3DE2
S315020E17E8202628207563486561705B2028313032C1
S315020E17F83429202D2031205D202920290078517583
S315020E180865756547656E6572696353656E64002113
S315020E181828202820785461736B476574536368656C
S315020E182864756C657253746174652829203D3D2072
S315020E18382820282042617365547970655F742029C1
S315020E1848203020292029202626202820785469632C
S315020E18586B73546F5761697420213D2030202920FD
S315020E186829007851756575654769766546726F6D95
S315020E1878495352005B574946495D20576169746957
S315020E18886E67202575206D7320666F72204441316E
S315020E18983632303020706F776572207374616269E2
S315020E18A86C697A6174696F6E2E0D0A005B5749462A
S315020E18B8495D5B4552525D2053746174696F6E20A1
S315020E18C86D6F6465207365747570206661696C65E3
S315020E18D8643A2025752E0D0A005F5F4E5649435F00
S315020E18E84765745072696F7269747947726F75704B
S315020E18F8696E672829203C3D202838202D20342958
S315020E1908202D203100707276496E73657274426CA0
S315020E19186F636B496E746F467265654C69737400B4
S315020E192875785363686564756C65725375737065FD
S315020E19386E646564203D3D2030005258204255465D
S315020E1948464552204F564552464C4F573A20257316
S315020E19580D0A0041542B43574D4F44453D320D0A4D
S315020E1968002B43574A41503A310044413136323000
S315020E1978303A20726573706F6E736520627566668D
S315020E19886572206F766572666C6F770D0A005B5309
S315020E1998484D315D5B464154414C5D2057692D4693
S315020E19A8692075706C6F616420717565756520693D
S315020E19B86E6974206661696C65642E0D0A002820AC
S315020E19C8707851756575652029007078556E626C4A
S315020E19D86F636B6564544342005B574946495D2003
S315020E19E8444131363230302053746174696F6E2039
S315020E19F86D6F646520616C726561647920616374CA
S315020E1A086976652E0D0A00436F6D6D616E642052FE
S315020E1A1858205468726561640070785374617469EB
S315020E1A28635175657565007848616E646C6500214B
S315020E1A382820282078436F7079506F736974696FFE
S315020E1A486E203D3D20282028204261736554797008
S315020E1A58655F74202920322029202920262620284F
S315020E1A6820707851756575652D3E75784C656E676D
S315020E1A78746820213D203120292029007078546966
S315020E1A886D654F7574007578496E646578546F572F
S315020E1A986169744F6E203C202831290041542B432C
S315020E1AA8574D4F44453D310D0A004F4B002B4357B8
S315020E1AB84A41503A30005B53484D315D5B574152AD
S315020E1AC84E5D2055706C6F6164206572726F72205E
S315020E1AD861636B6E6F776C656467656D656E742090
S315020E1AE872657472792070656E64696E672E0D0A58
S315020E1AF800495043205468726561640070727644D8
S315020E1B08656C657465544342004441313632303051
S315020E1B183A2054435020636C69656E7420434944D7
S315020E1B282074696D656F75740D0A002B43495053FF
S315020E1B38544152543A00444131363230303A2052E8
S315020E1B48582072696E67206F766572666C6F77209B
S315020E1B587768696C652077616974696E6720726544
S315020E1B6873706F6E73650D0A0041542B53444B56B0
S315020E1B7845520D0A005B574946495D2044413136A6
S315020E1B883230302041542070726F746F636F6C203E
S315020E1B9872656164792E0D0A00785461736B52650B
S315020E1BA873756D65416C6C00765461736B506C611E
S315020E1BB863654F6E4576656E744C697374526573BA
S315020E1BC87472696374656400785461736B52656DD9
S315020E1BD86F766546726F6D4576656E744C6973746B
S315020E1BE8007578496E646578546F4E6F74696679B6
S315020E1BF8203C202831290070785461736B42756631
S315020E1C0866657220213D202828766F69642A293056
S315020E1C182900707276496E697469616C6973654ECC
S315020E1C2865775461736B00284E554C4C2900444116
S315020E1C3831363230303A2043575354412076657244
S315020E1C48696669636174696F6E2074696D656F750D
S315020E1C58740D0A005B53484D315D5B4552525D2049
S315020E1C6850726F63657373206661696C65643A2098
S315020E1C7825752E0D0A005B574946495D5B4552523C
S315020E1C885D2046726F6E74656E6420636F6E6E6546
S315020E1C986374696F6E206661696C65643A20257590
S315020E1CA83B20726574727920696E202575206D73D4
S315020E1CB82E0D0A005B574946495D5B4552525D2019
S315020E1CC855706C6F616420756E617661696C6162BE
S315020E1CD86C65206672616D653D2575206572726F3B
S315020E1CE8723D25752E0D0A0070785469636B73540E
S315020E1CF86F57616974007852657475726E00444145
S315020E1D0831363230303A2062696E61727920636FEB
S315020E1D186E74726F6C206865616465722054582001
S315020E1D286661696C65642C206572723D25640D0ABE
S315020E1D3800444131363230303A2062696E61727928
S315020E1D4820726571756573742072656A656374654A
S315020E1D58642C206572723D25640D0A0028282853C4
S315020E1D6843425F54797065202A29202828307845FF
S315020E1D7830303045303030554C29202B20307830D3
S315020E1D88443030554C2920292D3E4943535220269C
S315020E1D9820283078314646554C202929203D3D20AB
S315020E1DA830007853697A65203D3D2073697A656FEE
S315020E1DB866282051756575655F74202900785175F8
S315020E1DC865756553656D6170686F726554616B658D
S315020E1DD800696E660052582054494D454F55543A7D
S315020E1DE8202573205B63686172733D256C755D0DE4
S315020E1DF80A005B574946495D2046726F6E74656ED8
S315020E1E08642072656164793A2025733A25752043F2
S315020E1E1849443D25752E0D0A005B574946495D5BB9
S315020E1E285741524E5D2043575354415420616674AE
S315020E1E386572206A6F696E206661696C75726520B5
S315020E1E48616C736F206661696C65643A2025752E1E
S315020E1E580D0A007770615F73746174653D434F4D69
S315020E1E68504C45544544005B574946495D5B4552BD
S315020E1E78525D20536861726564204A504547206355
S315020E1E886F6D706C6574696F6E206661696C6564D8
S315020E1E98206672616D653D257520726573756C7463
S315020E1EA83D25752E0D0A0078517565756547656E61
S315020E1EB865726963437265617465537461746963A5
S315020E1EC8004552524F520076506F7274535643481B
S315020E1ED8616E646C65725F43002E2E2F72612F61DE
S315020E1EE877732F4672656552544F532F4672656540
S315020E1EF852544F532F536F757263652F706F7274E8
S315020E1F0861626C652F4D656D4D616E672F686561F1
S315020E1F18705F342E630075785363686564756C65F5
S315020E1F287253757370656E646564203D3D20315536
S315020E1F380070784576656E744C69737400765461D2
S315020E1F48736B47656E657269634E6F746966794718
S315020E1F5869766546726F6D4953520044413136327F
S315020E1F6830303A2055415254206F70656E206661A4
S315020E1F78696C65643A2025640D0A00525820524946
S315020E1F884E47204F564552464C4F573A2064726F6B
S315020E1F98707065643D256C752C207265636569766D
S315020E1FA865643D256C750D0A005B574946495D5BAE
S315020E1FB85741524E5D204950432061636B6E6F77CF
S315020E1FC86C656467656D656E7420726574727920C8
S315020E1FD870656E64696E67206672616D653D2575FC
S315020E1FE82E0D0A0056656869636C6520546872651B
S315020E1FF86164007852657475726E20213D20282020
S315020E20082D312029002B43575354413A004441316E
S315020E2018363230303A2062696E6172792070617991
S315020E20286C6F6164206E6F7420636F6E6669726D73
S315020E203865642C206572723D25640D0A00282028D7
S315020E204820282070784C696E6B2D3E78426C6F6331
S315020E20586B53697A652029202620282028202820D5
S315020E206873697A655F74202920312029203C3C2029
S315020E20782820282073697A656F66282073697A651F
S315020E20885F742029202A202820282073697A655F02
S315020E2098742029203820292029202D203120292074
S315020E20A829202920213D2030202920213D203000BB
S315020E20B8785175657565437265617465436F756E9C
S315020E20C874696E6753656D6170686F726553746174
S315020E20D874696300785175657565526563656976C7
S315020E20E86500707850726576696F757357616B65A0
S315020E20F854696D6500785461736B496E6372656DCA
S315020E2108656E745469636B00785461736B546F4EC3
S315020E21186F74696679005B56454849434C455D5B63
S315020E2128464154414C5D2073657276696365206932
S315020E21386E697469616C697A6174696F6E2066611B
S315020E2148696C65643A2025752E0D0A002E2E2F729D
S315020E2158612F6177732F4672656552544F532F4618
S315020E216872656552544F532F536F757263652F718D
S315020E2178756575652E630041542B43495053544178
S315020E218852543D25732C25752C300D0A005B534887
S315020E21984D315D5B464154414C5D20496E69742052
S315020E21A86661696C65643A2025752E0D0A007650AD
S315020E21B86F7274467265650028206354784C6F6395
S315020E21C86B202920213D2028202820696E74385F2D
S315020E21D874202920313237202900707276437265AF
S315020E21E86174655374617469635461736B007078B4
S315020E21F85443422D3E7563537461746963616C6C04
S315020E220879416C6C6F6361746564203D3D202820AC
S315020E2218282075696E74385F7420292032202900A9
S315020E222854583A202573005B574946495D5B455219
S315020E2238525D204A504547206368756E6B2066616B
S315020E2248696C6564206672616D653D2575206F66DB
S315020E2258667365743D2575206572723D25752E0D5C
S315020E22680A002E2E2F72612F6177732F46726565BD
S315020E227852544F532F4672656552544F532F536F0E
S315020E2288757263652F7461736B732E6300444131E5
S315020E2298363230303A20616C6C20736F636B65741C
S315020E22A87320636C6F7365640D0A0070784E6577DA
S315020E22B851756575650021282028202820707642DA
S315020E22C875666665722029203D3D202828766F6937
S315020E22D8642A2930292029202626202820282070FB
S315020E22E878517565756520292D3E75784974656D23
S315020E22F853697A6520213D2028205542617365541B
S315020E23087970655F74202920305520292029007896
S315020E23185461736B436865636B466F7254696D6578
S315020E23284F75740075785072696F72697479203CAC
S315020E23382028313629005465726D696E616C004427
S315020E23484131363230303A2057692D466920636F4D
S315020E23586E6E65637465640D0A0041542B435753BA
S315020E236854410D0A0076506F727456616C69646137
S315020E23787465496E746572727570745072696F728D
S315020E238869747900444131363230303A2057692D14
S315020E2398466920636F6D6D616E642072656A656348
S315020E23A87465643A2000444131363230303A206D33
S315020E23B86F64756C652072657475726E65642065D8
S315020E23C872726F723A2025730D0A005B5749464997
S315020E23D85D5B4552525D2055706C6F616420666175
S315020E23E8696C6564206672616D653D257520657238
S315020E23F8723D25752E0D0A003532375F5241385019
S315020E240831007078517565756500765461736B4443
S315020E2418656C6179005B574946495D205374617252
S315020E242874696E6720444131363230302041542069
S315020E243870726F62652E0D0A003139322E313638B8
S315020E24482E3133372E31007852657475726E20210D
S315020E24583D2028202820282042617365547970650C
S315020E24685F74202920302029202900765461736B47
S315020E2478506C6163654F6E4576656E744C697374FE
S315020E24880041542B43574D4F44453D300D0A0054D7
S315020E2498583A2041542B43574A4150413D25732CF5
S315020E24A83C70617373776F72642068696464656ED3
S315020E24B83E0D0A00444131363230303A20636C6F93
S315020E24C8736520616C6C20736F636B65747320661B
S315020E24D861696C65642C206572723D25640D0A006D
S315020E24E85B53484D315D5B4552525D2057692D4609
S315020E24F869207175657565206275737920667261D4
S315020E25086D653D25752E0D0A0057494649205570AB
S315020E25186C6F6164205468726561640078517565E2
S315020E2528756500765461736B53746172745363687E
S315020E25386564756C65720075785363686564756C47
S315020E2548657253757370656E64656420213D20301D
S315020E25585500444131363230303A2057692D466994
S315020E256820636F6E6E656374696F6E2074696D652E
S315020E25786F75740D0A005B56454849434C455D5BBB
S315020E2588464154414C5D20636F6D6D616E64206DDC
S315020E259861696C626F7820696E697469616C697AB1
S315020E25A86174696F6E206661696C65642E0D0A0028
S315020E25B84825752C25752C302C300D0A00444131D0
S315020E25C8363230303A20726573706F6E73652074C8
S315020E25D8696D656F75742C207265636569766564B7
S315020E25E83D25730D0A005B574946495D5B574152B5
S315020E25F84E5D20436C6F7365206F6C642054435096
S315020E26082073657373696F6E73206661696C656490
S315020E26183A2025752E0D0A005B574946495D205309
S315020E26287769746368696E67204441313632303091
S315020E2638206D6F6465202575202D3E203020285387
S315020E2648746174696F6E292E0D0A005B57494649E5
S315020E26585D20444131363230302053746174696FCD
S315020E26686E206D6F646520656E61626C65642E0DF3
S315020E26780A002128202820707851756575652D3E29
S315020E2688706348656164203D3D202828766F69642B
S315020E26982A293029202920262620282070785175A5
S315020E26A86575652D3E752E7853656D6170686F7208
S315020E26B8652E784D75746578486F6C64657220213F
S315020E26C83D202828766F69642A293029202920294F
S315020E26D800785461736B44656C6179556E74696CD6
S315020E26E80070727650726F636573735265636569AD
S315020E26F8766564436F6D6D616E64730041542B5239
S315020E270853540D0A00444131363230303A20576955
S315020E27182D466920636F6E6E656374696F6E2076D9
S315020E2728657269666965640D0A002B545254433AFA
S315020E2738005B53484D315D5B5741524E5D205265E3
S315020E274873756C742061636B6E6F776C65646765FF
S315020E27586D656E742072657472792070656E646921
S315020E27686E672E0D0A00756C43757272656E74501D
S315020E277872696F72697479203E3D2028282828319D
S315020E27882929203C3C202838202D20342929292085
S315020E27983E3E202838202D2034290078517565753D
S315020E27A86547656E6572696352657365740076541C
S315020E27B861736B53757370656E6400546D72205334
S315020E27C87663006E616E005258204552524F523A47
S315020E27D82025730D0A00444131363230303A2057DD
S315020E27E8692D466920636F6E6E656374696F6E2016
S315020E27F86661696C65643A200076506F7274457824
S315020E28086974437269746963616C0070784C696E97
S315020E28186B2D3E70784E65787446726565426C6F9E
S315020E2828636B203D3D202828766F69642A29302954
S315020E283800707851756575652D3E75784974656DA6
S315020E284853697A65203D3D20300028202820262807
S315020E28582070785443422D3E784576656E744C69DF
S315020E286873744974656D202920292D3E7078436F3D
S315020E28786E7461696E65722029203D3D2028287680
S315020E28886F69642A293029007854696D6572437214
S315020E28986561746554696D65725461736B00415452
S315020E28A82B434950434C4F5345414C4C0D0A007528
S315020E28B878546F705072696F726974790044413137
S315020E28C8363230303A2054435020636C69656E7442
S315020E28D820636F6E6E65637465642C204349443DAE
S315020E28E825750D0A00257325730D0A005B56454894
S315020E28F849434C455D5B464154414C5D20646570C7
S315020E2908656E64656E637920696E697469616C6950
S315020E29187A6174696F6E206661696C65643B2063C1
S315020E29286865636B2049494330206F70656E2E0DBC
S315020E29380A005B574946495D5B464154414C5D2048
S315020E294844413136323030205541525420696E692F
S315020E295874206661696C65643A2025752E0D0A0027
S315020E2968212820282070764974656D546F51756535
S315020E29787565203D3D202828766F69642A293029F7
S315020E29882029202626202820707851756575652DF2
S315020E29983E75784974656D53697A6520213D2028FE
S315020E29A8205542617365547970655F74202920300B
S315020E29B8552029202900756C5461736B47656E651F
S315020E29C87269634E6F7469667954616B65007853E2
S315020E29D8697A65203D3D2073697A656F66282054AB
S315020E29E843425F742029002820707854696D6572F7
S315020E29F82D3E7854696D6572506572696F64496EBB
S315020E2A085469636B73203E203020290041542B43B0
S315020E2A18574D4F44453D3F0D0A0041542B43574AE5
S315020E2A284150413D25732C25730D0A00444131361A
S315020E2A383230303A2062696E617279207061796C31
S315020E2A486F6164205458206661696C65642C206532
S315020E2A5872723D25640D0A005B53484D315D204363
S315020E2A685055312072656164793A20626173653D0B
S315020E2A783078253038582063617061636974793D00
S315020E2A8825752E0D0A005B53484D315D5B45525234
S315020E2A985D204A5045472072656A656374656420EF
S315020E2AA86672616D653D2575206572726F723D257A
S315020E2AB8752065787065637465643D30782530389F
S315020E2AC8582061637475616C3D3078253038582EFE
S315020E2AD80D0A002820282075696E74385F74202A1C
S315020E2AE8202920282070784974657261746F7220C5
S315020E2AF829203E3D202628207563486561705B2095
S315020E2B0830205D20292029202626202820282075D7
S315020E2B18696E74385F74202A202920282070784915
S315020E2B2874657261746F722029203C3D2026282016
S315020E2B387563486561705B20283130323429202D41
S315020E2B482031205D2029202900286E756C6C2900FB
S315020E2B5830313233343536373839414243444546B5
S315020E2B6889240E02A41A0E025B190E020000000038
S315020E2B78000000000E05000073A80D0200000000FA
S315020E2B88FC151822782B0E02AC2E0E02000000003F
S315020E2B980000010303030000000001030403000002
S315020E2BA800000103000400000000010301040000F6
S315020E2BB80004010709040000000401070A040000C4
S315020E2BC800000103010500000000010302050000D2
S315020E2BD800000104020600000000010403060000BC
S315020E2BE800000103040600000000010305060000AA
S315020E2BF8000001030A080000000001030B0800008A
S315020E2C080E000000982B0E02000000009C009D008C
S315020E2C189E009F00180319031C031B0314000100D0
S315020E2C28C402C502C602C7025B00D4D40100010063
S315020E2C380000000000000000000000000000000076
S315020E2C480000000000000000000000000000FFFF68
S315020E2C58FFFFFFFFDFDFDFDFDFDF00000000000020
S315020E2C680000000000000000000000000000000046
S315020E2C780000000000000000000000000000000036
S315020E2C8800000000020000001027000000000000ED
S315020E2C98581B000008FFDF000000000000000000BD
S315020E2CA8342C0E029C1B18228C2C0E02C82E0E02D7
S315020E2CB801000100000000000000000000000000F4
S315020E2CC800000000000000000000000000000000E6
S315020E2CD80000FFFFFFFFFFFFDFDFDFDFDFDF0000A2
S315020E2CE800000000000000000000000000000000C6
S315020E2CF800000000000000000000000000000000B6
S315020E2D08000000000000000002000000A86100009A
S315020E2D1800000000D430000007FFDF0000000000AC
S315020E2D2800000000B82C0E02BC1B1822102D0E0233
S315020E2D38C82E0E020100010000000000000000006D
S315020E2D480000000000000000000000000000000065
S315020E2D58000000000000FFFFFFFFFFFFDFDFDFDFDF
S315020E2D68DFDF000000000000000000000000000087
S315020E2D780000000000000000000000000000000035
S315020E2D880000000000000000000000000200000023
S315020E2D981027000000000000B80B000006FFDF0037
S315020E2DA800000000000000003C2D0E02DC1B18225B
S315020E2DB8942D0E02C82E0E0200D4D4D45000182218
S315020E2DC8C02D0E02FC1B1822C42D0E02FC2E0E025C
S315020E2DD801D4D4D460001822D82D0E02041C18224F
S315020E2DE8DC2D0E02FC2E0E0201010410110000004B
S315020E2DF800000000A086010000000000010C000180
S315020E2E0802030000E42D0E02CC2D0E0215840D02CD
S315020E2E1800000000F02D0E02000000000000000067
S315020E2E2800010000700018220F00FFFF00000001CB
S315020E2E3801000000000200000C0A0C0B0C0C0C0D13
S315020E2E48000000000000000071A50D02000000003F
S315020E2E58282E0E021C1D18223C2E0E026C2E0E0257
S315020E2E68000000008DB90D02A7BC0D02B1BC0D0201
S315020E2E78FDBC0D022FBD0D023DBD0D0277BD0D0225
S315020E2E8885BD0D0271BE0D027FBE0D0283BE0D02F9
S315020E2E9806000000080000000300000005000000FE
S315020E2EA80A0000002FC10D02C1C10D02D1C10D02C9
S315020E2EB8D9C10D02E7C10D02020403040404D4D4D7
S315020E2EC8C5CE0D02ABD30D02B5D30D02BFD30D027D
S315020E2ED8C9D30D02FFD30D021DD40D0255D40D0210
S315020E2EE8FBD40D0217D50D029FD50D02B3D50D02D1
S315020E2EF8C1D50D0297D70D0231D80D0289D80D020A
S315020E2F0825D90D0241D90D0267D90D026BD90D02CB
S315020E2F186FD90D02BDD90D0211DA0D0215DA0D029F
S315020E2F280000E06F0000E06F0000008800000088D5
S315020E2F380000007400000074800018228000182217
S315020E2F480B000000602F0E0219000000E42F0E027D
S315020E2F5804000000282F0E020000E06F0000E06F4A
S315020E2F680001000D0000E06F0000E06F0001000D89
S315020E2F780000008800000088000100080000008892
S315020E2F8800000088000100080000007400000074AA
S315020E2F980001000A00000074000000740001000A15
S315020E2FA800000000000000000000000600000020DD
S315020E2FB80000002000000007800018228000182258
S315020E2FC800000003AC041822AC25182200000003E8
S315020E2FD8AC251822AC251822000000030000E06F6B
S315020E2FE80000E06F000000980001090D0000E06F76
S315020E2FF80000E06F0000007C00010B0D0000E06F80
S315020E30080000E06F000000270001020D0000E06FCD
S315020E30180000E06F7C800D020001010D00000088A1
S315020E302800000088000000980001090800000088C8
S315020E3038000000880000007C00010B0800000088D2
S315020E30480000008800000027000102080000008820
S315020E3058000000887C800D02000101080000007441
S315020E306800000074000000980001090A00000074AE
S315020E3078000000740000007C00010B0A00000074B8
S315020E308800000074000000270001020A0000007406
S315020E3098000000747C800D020001010A0000000087
S315020E30A8000000000000009800010906000000005A
S315020E30B8000000000000007C00010B060000000064
S315020E30C800000000000000270000020600000000B3
S315020E30D8000000007C800D020000010600000020A0
S315020E30E800000020000000980001090700000020D9
S315020E30F8000000200000007C00010B0700000020E3
S315020E31080000002000000027000002070000002031
S315020E3118000000207C800D02000001073C001822E8
S315020E31283C00182200000098000109033C001822F0
S315020E31383C0018220000007C00010B033C001822FA
S315020E31483C00182200000027000002034000182245
S315020E31587400182280800D0200000103AC25182285
S315020E3168AC251822B4800D020000010301000200EC
S315020E3178080010002000D4D40F000000D4D4D4D4F2
S315020E31880000000000000000000000000000001011
S315020E31980000000000000000B9340332B7F4AD1483
S315020E31A810DB1AB30892540E0D307D951447BA1ACF
S315020E31B866088F4D26ADC66DF598BF85E2B74511E1
S315020E31C8CA96853D92BD1DEBFCA11860DCEF521620
S315020E31D83C92AE220BB8C1B4839D2D5B0562DA1CF6
S315020E31E8304C7E8F4E8BB25B16F4529F8B56A512BF
S315020E31F8FBD4827643ED8AF08FE7F93115651918F5
S315020E320850F19BD94A13EEB4284CF0A686C1251F57
S315020E3218035FC270CB9E4916E642889C44EB201485
S315020E3228B0650836AD6EA58585F0CA14E2FD031A99
S315020E32380B899979D5B13D09D8DA973A35EBCF107C
S315020E3248AC363F5E73BB38CF3E6752FA44AFBA15F9
S315020E3258010000000000000005000000000000004A
S315020E326819000000000000007D00000000000000AA
S315020E32787102000000000000350C0000000000007C
S315020E3288093D0000000000002D310100000000007B
S315020E3298E1F505000000000065CD1D0000000000E6
S315020E32A8F902950000000000DD0EE902000000009A
S315020E32B8514A8D0E000000009573C24800000000A8
S315020E32C8E941CC6B010000008D49FD1A070000008A
S315020E32D8C16FF28623000000C52EBCA2B100000003
S315020E32E8D9E9AC2D780300003D9160E4581100002F
S315020E32F831D6E275BC560000F52E6E4DAEB1010002
S315020E3308C9EA268367780800ED95C28F055A2A0000
S315020E3318A1EDCCCE1BC2D30025A4000A8BCA220469
S315020E3328000000000000000000000000000000007F
S315020E33380000004095596959555554551555555617
S315020E334804051541105455404551554440455044BF
S315020E3358505555450040004040044496655556550D
S315020E3368454045545141154055915555555540516F
S315020E337805010000D4D4D4D40100000000000000D8
S315020E33880000000000000020345065C05FC9A65236
S315020E3398BB13CBAEC440C21806C8DF7100D5A87CD3
S315020E33A8F56F0FDA58FC27136E4756357D242065BE
S315020E33B802C7E768E48CA41DE9E60268D7CD39612F
S315020E33C87977FCC2405BEF16798CDE43FFA751F97B
S315020E33D891F3B278F5BDBE11E857E9D6E8BEE87B99
S315020E33E8B054AC8F848D751BEA23A499E9F9D38B55
S315020E33F8B7A3714061DA3E15CEE33ECB73F94808A0
S315020E34088C97B427D51B7010A2BFEFB9EB85321570
S315020E34184DB44DB49BBB6F1996B6076CF8E7EEAD75
S315020E342836D9B4F59135AE13222218AF4E6A684DC7
S315020E343891DAAA3D4F40741E9FBD9EE006A1C09822
S315020E344857C2A7FDA40E90170E7D497173E3208FFE
S315020E3458B220D87605143B12853D7434811343B0D7
S315020E3468AD297A5F27F4351C54455454455505043F
S315020E34780010041014044000000001405555154171
S315020E348854040000440001000000004041000044BC
S315020E34985044455054005555545565510040004008
S315020E34A801000001000501001154515154555505EC
S315020E34B800154150000004401001040500000000EA
S315020E34C800000506362E352E30004275696C7420BC
S315020E34D8776974682052656E6573617320416476E6
S315020E34E8616E63656420466C657869626C65205305
S315020E34F86F667477617265205061636B61676520CA
S313020E350876657273696F6E20362E352E300082
S705020DDD61AD
