T2B64 000:002.134   SEGGER J-Link V9.42 Log File
T2B64 000:002.295   DLL Compiled: May  6 2026 12:25:27
T2B64 000:002.301   Logging started @ 2026-08-08 13:35
T2B64 000:002.306   Process: C:\Users\lingk\.eclipse\com.renesas.platform_1584587709\DebugComp\RA\e2-server-gdb.exe
T2B64 000:002.315 - 2.311ms 
T2B64 000:002.330 JLINK_GetDLLVersion()
T2B64 000:002.335 - 0.006ms returns 94200
T2B64 000:005.645 JLINK_OpenEx(...)
T2B64 000:016.702   Firmware: J-Link OB-RA4M2 compiled May  6 2026 16:18:23
T2B64 000:017.824   Firmware: J-Link OB-RA4M2 compiled May  6 2026 16:18:23
T2B64 000:030.413   Hardware: V1.00
T2B64 000:030.449   S/N: 1080068464
T2B64 000:030.458   OEM: SEGGER
T2B64 000:030.471   Feature(s): None
T2B64 000:031.227   Bootloader: 2021 May 14
T2B64 000:032.982   USB speed mode: Full speed (12 MBit/s)
T2B64 000:033.524   TELNET listener socket opened on port 19021
T2B64 000:033.711   WEBSRV WEBSRV_Init(): Starting webserver thread(s)
T2B64 000:033.782   WEBSRV Failed to put socket into listener state (port 19080)
T2B64 000:034.123   WEBSRV Webserver running on local port 19081
T2B64 000:034.293   Looking for J-Link GUI Server exe at: C:\Users\lingk\.eclipse\com.renesas.platform_1584587709\DebugComp\RA\ARM\Segger_v9.42.0\JLinkGUIServer.exe
T2B64 000:034.470   Looking for J-Link GUI Server exe at: C:\Program Files\SEGGER\JLink_V964\JLinkGUIServer.exe
T2B64 000:034.538   Forking J-Link GUI Server: C:\Program Files\SEGGER\JLink_V964\JLinkGUIServer.exe
T2B64 000:041.780   J-Link GUI Server info: "J-Link GUI server V9.64 "
T2B64 000:042.144 - 36.494ms returns "O.K."
T2B64 000:042.323 JLINK_ExecCommand("ProjectFile=D:\Lab\Lab_MCU\Renesas_RA\RA8P1_BareMetal_TCP_(85)AI_CAM_GLCDC\DualCoreProject_CPU1/DualCoreProject_CPU1 Debug_Attach.jlink", ...). 
T2B64 000:058.741 - 16.418ms returns 0x00
T2B64 000:059.064 JLINK_ExecCommand("device=R7KA8P1KF_CPU1", ...). 
T2B64 000:059.962   Flash bank @ 0x02000000: SFL: Parsing sectorization info from ELF file
T2B64 000:059.982     FlashDevice.SectorInfo[0]: .SectorSize = 0x00000800, .SectorStartAddr = 0x00000000
T2B64 000:059.991   FlashBank @0x02000000: Sectorization info from SFL ELF file ignored because sectorization override from DLL / XML file is active.
T2B64 000:060.267   Flash bank @ 0x02E07400: SFL: Parsing sectorization info from ELF file
T2B64 000:060.280     FlashDevice.SectorInfo[0]: .SectorSize = 0x00000010, .SectorStartAddr = 0x00000000
T2B64 000:060.287   FlashBank @0x02C9F020: Sectorization info from SFL ELF file ignored because sectorization override from DLL / XML file is active.
T2B64 000:060.303   Flash bank @ 0x02E07400: SFL: Parsing sectorization info from ELF file
T2B64 000:060.310     FlashDevice.SectorInfo[0]: .SectorSize = 0x00000010, .SectorStartAddr = 0x00000000
T2B64 000:060.317   FlashBank @0x02E07400: Sectorization info from SFL ELF file ignored because sectorization override from DLL / XML file is active.
T2B64 000:060.335   Flash bank @ 0x12000000: SFL: Parsing sectorization info from ELF file
T2B64 000:060.342     FlashDevice.SectorInfo[0]: .SectorSize = 0x00000800, .SectorStartAddr = 0x00000000
T2B64 000:060.349   FlashBank @0x12000000: Sectorization info from SFL ELF file ignored because sectorization override from DLL / XML file is active.
T2B64 000:060.626   Flash bank @ 0x12E07400: SFL: Parsing sectorization info from ELF file
T2B64 000:060.636     FlashDevice.SectorInfo[0]: .SectorSize = 0x00000010, .SectorStartAddr = 0x00000000
T2B64 000:060.643   FlashBank @0x12C9F4C0: Sectorization info from SFL ELF file ignored because sectorization override from DLL / XML file is active.
T2B64 000:060.658   Flash bank @ 0x12E07400: SFL: Parsing sectorization info from ELF file
T2B64 000:060.665     FlashDevice.SectorInfo[0]: .SectorSize = 0x00000010, .SectorStartAddr = 0x00000000
T2B64 000:060.672   FlashBank @0x12E07780: Sectorization info from SFL ELF file ignored because sectorization override from DLL / XML file is active.
T2B64 000:060.725   Flash bank @ 0x70000000: SFL: Parsing sectorization info from ELF file
T2B64 000:060.733     FlashDevice.SectorInfo[0]: .SectorSize = 0x00010000, .SectorStartAddr = 0x00000000
T2B64 000:066.418   Flash bank @ 0x78000000: SFL: Parsing sectorization info from ELF file
T2B64 000:066.446     FlashDevice.SectorInfo[0]: .SectorSize = 0x00010000, .SectorStartAddr = 0x00000000
T2B64 000:072.756   Flash bank @ 0x80000000: SFL: Parsing sectorization info from ELF file
T2B64 000:072.784     FlashDevice.SectorInfo[0]: .SectorSize = 0x00010000, .SectorStartAddr = 0x00000000
T2B64 000:084.304   Flash bank @ 0x90000000: SFL: Parsing sectorization info from ELF file
T2B64 000:084.328     FlashDevice.SectorInfo[0]: .SectorSize = 0x00010000, .SectorStartAddr = 0x00000000
T2B64 000:096.488   Device "R7KA8P1KF_CPU1" selected.
T2B64 000:096.915 - 37.849ms returns 0x00
T2B64 000:096.950 JLINK_TIF_GetAvailable(...)
T2B64 000:097.282 - 0.331ms 
T2B64 000:097.372 JLINK_TIF_Select(JLINKARM_TIF_SWD)
T2B64 000:098.119 - 0.750ms returns 0x00
T2B64 000:098.189 JLINK_SetSpeed(4000)
T2B64 000:098.345 - 0.157ms 
T2B64 000:098.420 JLINK_ReadMem(0xE000EDF0, 0x4 Bytes, ...)
T2B64 000:099.328   ConfigTargetSettings() start
T2B64 000:099.349    J-Link Script File: Executing ConfigTargetSettings()
T2B64 000:099.361   Configuring FlashDLNoRMWThreshold=0x200 in order to make sure that option bytes programming is done via read-modify-write
T2B64 000:106.823   ConfigTargetSettings() end - Took 7.47ms
T2B64 000:106.842   InitTarget() start
T2B64 000:106.849    J-Link Script File: Executing InitTarget()
T2B64 000:106.854   Identifying target device...
T2B64 000:106.861   SWD selected. Executing JTAG -> SWD switching sequence...
T2B64 000:107.696   Initializing DAP...
T2B64 000:108.546   DAP initialized successfully.
T2B64 000:108.561   Determining TrustZone configuration...
T2B64 000:109.751     Secure Debug: Enabled (SSD)
T2B64 000:110.005   Determining currently configured transfer type by reading the AHB-AP CSW register.
T2B64 000:111.042     --> Correct transfer type configured. Done.
T2B64 000:112.124   Primary CPU:   CPU0 (CM85), OFS bit=0x00000001
T2B64 000:112.143   Secondary CPU: CPU1 (CM33)
T2B64 000:112.151   Note: Detected primary CPU is based on the 'Device Configuration Information Register for Debug' register. Verify register value if primary/secondary is unexpected (https://kb.segger.com/Renesas_RA8).
T2B64 000:112.161   InitTarget() end - Took 5.31ms
T2B64 000:112.732   Found SW-DP with ID 0x6BA02477
T2B64 000:114.822   DPIDR: 0x6BA02477
T2B64 000:114.842   CoreSight SoC-400 or earlier
T2B64 000:114.851   AP map detection skipped. Manually configured AP map found.
T2B64 000:114.861   AP[0]: AHB-AP (IDR: Not set, ADDR: 0x00000000)
T2B64 000:114.869   AP[1]: APB-AP (IDR: Not set, ADDR: 0x00000000)
T2B64 000:114.876   AP[2]: AHB-AP (IDR: Not set, ADDR: 0x00000000)
T2B64 000:115.636   AP[2]: Core found
T2B64 000:115.653   AP[2]: AHB-AP ROM base: 0xE00FE000
T2B64 000:116.034   CPUID register: 0x410FD214. Implementer code: 0x41 (ARM)
T2B64 000:116.046   Feature set: Mainline
T2B64 000:116.492   Cache: No cache
T2B64 000:116.507   Found Cortex-M33 r0p4, Little endian.
T2B64 000:116.873   -- Max. mem block: 0x0001D3E0
T2B64 000:117.813   CPU_ReadMem(4 bytes @ 0xE000EDF0)
T2B64 000:118.275   CPU_WriteMem(4 bytes @ 0xE000EDF0)
T2B64 000:118.617   CPU_ReadMem(4 bytes @ 0xE0002000)
T2B64 000:118.944   FPUnit: 8 code (BP) slots and 0 literal slots
T2B64 000:118.963   CPU_ReadMem(4 bytes @ 0xE000EDFC)
T2B64 000:119.291   CPU_WriteMem(4 bytes @ 0xE000EDFC)
T2B64 000:119.662   CPU_ReadMem(4 bytes @ 0xE0001000)
T2B64 000:119.995   CPU_ReadMem(4 bytes @ 0xE0001000)
T2B64 000:120.329   CPU_ReadMem(4 bytes @ 0xE0001028)
T2B64 000:120.676   CPU_ReadMem(4 bytes @ 0xE0001038)
T2B64 000:120.989   CPU_ReadMem(4 bytes @ 0xE0001048)
T2B64 000:121.307   CPU_ReadMem(4 bytes @ 0xE0001058)
T2B64 000:121.654   CPU_WriteMem(4 bytes @ 0xE0001000)
T2B64 000:121.995   CPU_ReadMem(4 bytes @ 0xE000ED88)
T2B64 000:122.326   CPU_WriteMem(4 bytes @ 0xE000ED88)
T2B64 000:122.668   CPU_ReadMem(4 bytes @ 0xE000ED88)
T2B64 000:123.010   CPU_WriteMem(4 bytes @ 0xE000ED88)
T2B64 000:123.419   CPU_ReadMem(4 bytes @ 0xE000EFB8)
T2B64 000:123.748   Security extension: implemented
T2B64 000:123.759   Secure debug: enabled
T2B64 000:123.767   CoreSight components:
T2B64 000:123.776   ROMTbl[0] @ E00FE000
T2B64 000:123.784   CPU_ReadMem(64 bytes @ 0xE00FE000)
T2B64 000:124.444   CPU_ReadMem(32 bytes @ 0xE00FFFE0)
T2B64 000:124.961   [0][0]: E00FF000 CID B105100D PID 000BB4C9 ROM Table
T2B64 000:124.979   ROMTbl[1] @ E00FF000
T2B64 000:124.987   CPU_ReadMem(64 bytes @ 0xE00FF000)
T2B64 000:125.756   CPU_ReadMem(32 bytes @ 0xE000EFE0)
T2B64 000:126.268   CPU_ReadMem(4 bytes @ 0xE000EFBC)
T2B64 000:126.620   CPU_ReadMem(4 bytes @ 0xE000EFCC)
T2B64 000:126.996   [1][0]: E000E000 CID B105900D PID 000BBD21 DEVARCH 47702A04 DEVTYPE 00 Cortex-M33
T2B64 000:127.014   CPU_ReadMem(32 bytes @ 0xE0001FE0)
T2B64 000:127.514   CPU_ReadMem(4 bytes @ 0xE0001FBC)
T2B64 000:127.867   CPU_ReadMem(4 bytes @ 0xE0001FCC)
T2B64 000:128.258   [1][1]: E0001000 CID B105900D PID 000BBD21 DEVARCH 47701A02 DEVTYPE 00 DWT
T2B64 000:128.273   CPU_ReadMem(32 bytes @ 0xE0002FE0)
T2B64 000:128.761   CPU_ReadMem(4 bytes @ 0xE0002FBC)
T2B64 000:129.080   CPU_ReadMem(4 bytes @ 0xE0002FCC)
T2B64 000:129.408   [1][2]: E0002000 CID B105900D PID 000BBD21 DEVARCH 47701A03 DEVTYPE 00 FPB
T2B64 000:129.425   CPU_ReadMem(32 bytes @ 0xE0000FE0)
T2B64 000:129.993   CPU_ReadMem(4 bytes @ 0xE0000FBC)
T2B64 000:130.329   CPU_ReadMem(4 bytes @ 0xE0000FCC)
T2B64 000:130.662   [1][3]: E0000000 CID B105900D PID 000BBD21 DEVARCH 47701A01 DEVTYPE 43 ITM
T2B64 000:130.683   CPU_ReadMem(32 bytes @ 0xE0041FE0)
T2B64 000:131.273   CPU_ReadMem(4 bytes @ 0xE0041FBC)
T2B64 000:131.671   CPU_ReadMem(4 bytes @ 0xE0041FCC)
T2B64 000:132.046   [1][5]: E0041000 CID B105900D PID 002BBD21 DEVARCH 47724A13 DEVTYPE 13 ETM
T2B64 000:132.065   CPU_ReadMem(32 bytes @ 0xE0042FE0)
T2B64 000:132.599   CPU_ReadMem(4 bytes @ 0xE0042FBC)
T2B64 000:132.970   CPU_ReadMem(4 bytes @ 0xE0042FCC)
T2B64 000:133.439   [1][6]: E0042000 CID B105900D PID 000BBD21 DEVARCH 47701A14 DEVTYPE 14 CSS600-CTI
T2B64 000:133.459   CPU_ReadMem(32 bytes @ 0xE0040FE0)
T2B64 000:134.004   CPU_ReadMem(4 bytes @ 0xE0040FBC)
T2B64 000:134.415   CPU_ReadMem(4 bytes @ 0xE0040FCC)
T2B64 000:134.788   [0][1]: E0040000 CID B105900D PID 000BBD21 DEVARCH 00000000 DEVTYPE 11 TPIU
T2B64 000:134.835   CPU_ReadMem(4 bytes @ 0xE000EDF0)
T2B64 000:135.254   Data:  01 00 10 00
T2B64 000:135.269   Debug reg: DHCSR
T2B64 000:135.276 - 36.856ms returns 0
T2B64 000:135.339 JLINK_ReadMem(0x40204038, 0x4 Bytes, ...)
T2B64 000:135.350   CPU_ReadMem(4 bytes @ 0x40204038)
T2B64 000:136.040   Data:  04 00 00 00
T2B64 000:136.055 - 0.716ms returns 0
T2B64 000:136.118 JLINK_ReadMem(0xE000EDF0, 0x4 Bytes, ...)
T2B64 000:136.129   CPU_ReadMem(4 bytes @ 0xE000EDF0)
T2B64 000:136.483   Data:  01 00 10 00
T2B64 000:136.491   Debug reg: DHCSR
T2B64 000:136.498 - 0.380ms returns 0
T2B64 000:136.540 JLINK_ReadMem(0xE000EDF0, 0x4 Bytes, ...)
T2B64 000:136.548   CPU_ReadMem(4 bytes @ 0xE000EDF0)
T2B64 000:136.894   Data:  01 00 10 00
T2B64 000:136.905   Debug reg: DHCSR
T2B64 000:136.911 - 0.371ms returns 0
T2B64 000:136.951 JLINK_ReadMem(0xE000EDF0, 0x4 Bytes, ...)
T2B64 000:136.959   CPU_ReadMem(4 bytes @ 0xE000EDF0)
T2B64 000:137.317   Data:  01 00 10 00
T2B64 000:137.332   Debug reg: DHCSR
T2B64 000:137.339 - 0.387ms returns 0
T2B64 000:137.388 JLINK_ReadMem(0xE000EDF0, 0x4 Bytes, ...)
T2B64 000:137.397   CPU_ReadMem(4 bytes @ 0xE000EDF0)
T2B64 000:137.727   Data:  01 00 10 00
T2B64 000:137.737   Debug reg: DHCSR
T2B64 000:137.743 - 0.354ms returns 0
T2B64 000:137.779 JLINK_ReadMem(0xE000EDF0, 0x4 Bytes, ...)
T2B64 000:137.786   CPU_ReadMem(4 bytes @ 0xE000EDF0)
T2B64 000:138.125   Data:  01 00 10 00
T2B64 000:138.143   Debug reg: DHCSR
T2B64 000:138.151 - 0.372ms returns 0
T2B64 000:138.212 JLINK_ReadMem(0x40204038, 0x4 Bytes, ...)
T2B64 000:138.222   CPU_ReadMem(4 bytes @ 0x40204038)
T2B64 000:138.592   Data:  04 00 00 00
T2B64 000:138.611 - 0.399ms returns 0
T2B64 000:138.659 JLINK_ReadMem(0xE000EDF0, 0x4 Bytes, ...)
T2B64 000:138.668   CPU_ReadMem(4 bytes @ 0xE000EDF0)
T2B64 000:139.011   Data:  01 00 10 00
T2B64 000:139.026   Debug reg: DHCSR
T2B64 000:139.033 - 0.373ms returns 0
T2B64 000:139.085 JLINK_ReadMem(0xE000EDF0, 0x4 Bytes, ...)
T2B64 000:139.094   CPU_ReadMem(4 bytes @ 0xE000EDF0)
T2B64 000:139.438   Data:  01 00 10 00
T2B64 000:139.453   Debug reg: DHCSR
T2B64 000:139.459 - 0.373ms returns 0
T2B64 000:139.509 JLINK_ReadMem(0x40204030, 0x4 Bytes, ...)
T2B64 000:139.518   CPU_ReadMem(4 bytes @ 0x40204030)
T2B64 000:139.861   Data:  00 80 FF 00
T2B64 000:139.875 - 0.366ms returns 0
T2B64 000:140.146 JLINK_SetEndian(ARM_ENDIAN_LITTLE)
T2B64 000:140.159 - 0.013ms returns 0
T2B64 000:140.165 JLINK_SetInitRegsOnReset(OFF)
T2B64 000:140.169 - 0.004ms returns 1
T2B64 000:140.175 JLINK_SetResetType(JLINKARM_CM3_RESET_TYPE_NORMAL)
T2B64 000:140.180 - 0.004ms returns JLINKARM_CM3_RESET_TYPE_NORMAL
T2B64 000:140.197 JLINK_ExecCommand("EnableFlashBPs", ...). 
T2B64 000:140.202 - 0.005ms returns 0x00
T2B64 000:140.210 JLINK_ExecCommand("SetAllowFlashCache = 1", ...). 
T2B64 000:140.219 - 0.008ms returns 0x01
T2B64 000:140.225 JLINK_ExecCommand("SetRestartOnClose = 0", ...). 
T2B64 000:140.230 - 0.005ms returns 0x01
T2B64 000:140.236 JLINK_ExecCommand("SetAllowSimulation = 0", ...). 
T2B64 000:140.242 - 0.005ms returns 0x00
T2B64 000:140.249 JLINK_EnableSoftBPs(ON)
T2B64 000:140.253 - 0.005ms 
T2B64 000:140.259 JLINK_Connect()
T2B64 000:140.525   ConfigTargetSettings() start
T2B64 000:140.540    J-Link Script File: Executing ConfigTargetSettings()
T2B64 000:140.546   Configuring FlashDLNoRMWThreshold=0x200 in order to make sure that option bytes programming is done via read-modify-write
T2B64 000:172.712   ConfigTargetSettings() end - Took 32.1ms
T2B64 000:172.733   InitTarget() start
T2B64 000:172.740    J-Link Script File: Executing InitTarget()
T2B64 000:172.746   Identifying target device...
T2B64 000:172.753   SWD selected. Executing JTAG -> SWD switching sequence...
T2B64 000:173.686   Initializing DAP...
T2B64 000:174.616   DAP initialized successfully.
T2B64 000:174.636   Determining TrustZone configuration...
T2B64 000:175.636     Secure Debug: Enabled (SSD)
T2B64 000:175.901   Determining currently configured transfer type by reading the AHB-AP CSW register.
T2B64 000:177.080     --> Correct transfer type configured. Done.
T2B64 000:178.123   Primary CPU:   CPU0 (CM85), OFS bit=0x00000001
T2B64 000:178.139   Secondary CPU: CPU1 (CM33)
T2B64 000:178.146   Note: Detected primary CPU is based on the 'Device Configuration Information Register for Debug' register. Verify register value if primary/secondary is unexpected (https://kb.segger.com/Renesas_RA8).
T2B64 000:178.154   InitTarget() end - Took 5.41ms
T2B64 000:178.730   Found SW-DP with ID 0x6BA02477
T2B64 000:180.674   DPIDR: 0x6BA02477
T2B64 000:180.692   CoreSight SoC-400 or earlier
T2B64 000:180.699   AP map detection skipped. Manually configured AP map found.
T2B64 000:180.705   AP[0]: AHB-AP (IDR: Not set, ADDR: 0x00000000)
T2B64 000:180.711   AP[1]: APB-AP (IDR: Not set, ADDR: 0x00000000)
T2B64 000:180.717   AP[2]: AHB-AP (IDR: Not set, ADDR: 0x00000000)
T2B64 000:181.523   AP[2]: Core found
T2B64 000:181.540   AP[2]: AHB-AP ROM base: 0xE00FE000
T2B64 000:181.928   CPUID register: 0x410FD214. Implementer code: 0x41 (ARM)
T2B64 000:181.945   Feature set: Mainline
T2B64 000:182.404   Cache: No cache
T2B64 000:182.420   Found Cortex-M33 r0p4, Little endian.
T2B64 000:182.598   -- Max. mem block: 0x0001D0E8
T2B64 000:182.617   CPU_ReadMem(4 bytes @ 0xE000EDF0)
T2B64 000:182.943   CPU_ReadMem(4 bytes @ 0xE0002000)
T2B64 000:183.286   FPUnit: 8 code (BP) slots and 0 literal slots
T2B64 000:183.301   CPU_ReadMem(4 bytes @ 0xE000EDFC)
T2B64 000:183.656   CPU_ReadMem(4 bytes @ 0xE0001000)
T2B64 000:183.983   CPU_ReadMem(4 bytes @ 0xE0001000)
T2B64 000:184.320   CPU_ReadMem(4 bytes @ 0xE0001028)
T2B64 000:184.693   CPU_ReadMem(4 bytes @ 0xE0001038)
T2B64 000:185.030   CPU_ReadMem(4 bytes @ 0xE0001048)
T2B64 000:185.406   CPU_ReadMem(4 bytes @ 0xE0001058)
T2B64 000:185.765   CPU_WriteMem(4 bytes @ 0xE0001000)
T2B64 000:186.133   CPU_ReadMem(4 bytes @ 0xE000ED88)
T2B64 000:186.556   CPU_WriteMem(4 bytes @ 0xE000ED88)
T2B64 000:186.921   CPU_ReadMem(4 bytes @ 0xE000ED88)
T2B64 000:187.273   CPU_WriteMem(4 bytes @ 0xE000ED88)
T2B64 000:187.632   CPU_ReadMem(4 bytes @ 0xE000EFB8)
T2B64 000:187.956   Security extension: implemented
T2B64 000:187.967   Secure debug: enabled
T2B64 000:187.973   CoreSight components:
T2B64 000:187.980   ROMTbl[0] @ E00FE000
T2B64 000:187.986   CPU_ReadMem(64 bytes @ 0xE00FE000)
T2B64 000:188.678   CPU_ReadMem(32 bytes @ 0xE00FFFE0)
T2B64 000:189.286   [0][0]: E00FF000 CID B105100D PID 000BB4C9 ROM Table
T2B64 000:189.300   ROMTbl[1] @ E00FF000
T2B64 000:189.307   CPU_ReadMem(64 bytes @ 0xE00FF000)
T2B64 000:190.018   CPU_ReadMem(32 bytes @ 0xE000EFE0)
T2B64 000:190.599   CPU_ReadMem(4 bytes @ 0xE000EFBC)
T2B64 000:190.975   CPU_ReadMem(4 bytes @ 0xE000EFCC)
T2B64 000:191.326   [1][0]: E000E000 CID B105900D PID 000BBD21 DEVARCH 47702A04 DEVTYPE 00 Cortex-M33
T2B64 000:191.347   CPU_ReadMem(32 bytes @ 0xE0001FE0)
T2B64 000:191.872   CPU_ReadMem(4 bytes @ 0xE0001FBC)
T2B64 000:192.236   CPU_ReadMem(4 bytes @ 0xE0001FCC)
T2B64 000:192.572   [1][1]: E0001000 CID B105900D PID 000BBD21 DEVARCH 47701A02 DEVTYPE 00 DWT
T2B64 000:192.591   CPU_ReadMem(32 bytes @ 0xE0002FE0)
T2B64 000:193.126   CPU_ReadMem(4 bytes @ 0xE0002FBC)
T2B64 000:193.467   CPU_ReadMem(4 bytes @ 0xE0002FCC)
T2B64 000:193.800   [1][2]: E0002000 CID B105900D PID 000BBD21 DEVARCH 47701A03 DEVTYPE 00 FPB
T2B64 000:193.815   CPU_ReadMem(32 bytes @ 0xE0000FE0)
T2B64 000:194.332   CPU_ReadMem(4 bytes @ 0xE0000FBC)
T2B64 000:194.660   CPU_ReadMem(4 bytes @ 0xE0000FCC)
T2B64 000:194.980   [1][3]: E0000000 CID B105900D PID 000BBD21 DEVARCH 47701A01 DEVTYPE 43 ITM
T2B64 000:194.990   CPU_ReadMem(32 bytes @ 0xE0041FE0)
T2B64 000:195.502   CPU_ReadMem(4 bytes @ 0xE0041FBC)
T2B64 000:195.870   CPU_ReadMem(4 bytes @ 0xE0041FCC)
T2B64 000:196.254   [1][5]: E0041000 CID B105900D PID 002BBD21 DEVARCH 47724A13 DEVTYPE 13 ETM
T2B64 000:196.271   CPU_ReadMem(32 bytes @ 0xE0042FE0)
T2B64 000:196.767   CPU_ReadMem(4 bytes @ 0xE0042FBC)
T2B64 000:197.119   CPU_ReadMem(4 bytes @ 0xE0042FCC)
T2B64 000:197.436   [1][6]: E0042000 CID B105900D PID 000BBD21 DEVARCH 47701A14 DEVTYPE 14 CSS600-CTI
T2B64 000:197.453   CPU_ReadMem(32 bytes @ 0xE0040FE0)
T2B64 000:197.962   CPU_ReadMem(4 bytes @ 0xE0040FBC)
T2B64 000:198.320   CPU_ReadMem(4 bytes @ 0xE0040FCC)
T2B64 000:198.678   [0][1]: E0040000 CID B105900D PID 000BBD21 DEVARCH 00000000 DEVTYPE 11 TPIU
T2B64 000:198.697 - 58.437ms returns 0x00
T2B64 000:198.854 JLINK_ReadMem(0xE000EDF0, 0x4 Bytes, ...)
T2B64 000:198.869   CPU_ReadMem(4 bytes @ 0xE000EDF0)
T2B64 000:199.444   Data:  01 00 10 00
T2B64 000:199.460   Debug reg: DHCSR
T2B64 000:199.467 - 0.613ms returns 0
T2B64 000:199.519 JLINK_IsHalted()
T2B64 000:199.867 - 0.348ms returns FALSE
T2B64 000:199.952 JLINK_ReadMem(0x4000F054, 0x1 Bytes, ...)
T2B64 000:199.964   CPU_ReadMem(1 bytes @ 0x4000F054)
T2B64 000:200.307   Data:  01
T2B64 000:200.317 - 0.365ms returns 0
T2B64 000:200.352 JLINK_Halt()
T2B64 000:203.661   
  ***** Warning: 
T2B64 000:203.699   CPU could not be halted
T2B64 000:203.708 - 3.356ms returns 0x01
T2B64 000:204.385 JLINK_ReadReg(XPSR)
T2B64 000:204.811   CPU is running
T2B64 000:204.829   
  ***** Error: 
T2B64 000:204.836   Cannot read register 16 (XPSR) while CPU is running
T2B64 000:204.843 - 0.458ms returns 0x00000000
T30E0 002:274.758 JLINK_ReadMem(0x221413DC, 0x4 Bytes, ...)
T30E0 002:274.808   CPU_ReadMem(4 bytes @ 0x221413DC)
T30E0 002:275.266   Data:  03 00 00 00
T30E0 002:275.284 - 0.526ms returns 0
T30E0 002:275.336 JLINK_ReadMem(0x221413B8, 0x4 Bytes, ...)
T30E0 002:275.345   CPU_ReadMem(4 bytes @ 0x221413B8)
T30E0 002:275.766   Data:  24 0E 14 22
T30E0 002:275.797 - 0.460ms returns 0
T30E0 002:275.862 JLINK_ReadMem(0x020D3FA8, 0x4 Bytes, ...)
T30E0 002:275.876   CPU_ReadMem(4 bytes @ 0x020D3FA8)
T30E0 002:276.262   Data:  04 00 00 00
T30E0 002:276.280 - 0.418ms returns 0
T30E0 002:276.340 JLINK_ReadMem(0x221413C0, 0x4 Bytes, ...)
T30E0 002:276.356   CPU_ReadMem(4 bytes @ 0x221413C0)
T30E0 002:276.726   Data:  01 00 00 00
T30E0 002:276.743 - 0.403ms returns 0
T30E0 002:276.809 JLINK_ReadMem(0x221413DC, 0x4 Bytes, ...)
T30E0 002:276.820   CPU_ReadMem(4 bytes @ 0x221413DC)
T30E0 002:277.235   Data:  03 00 00 00
T30E0 002:277.250 - 0.441ms returns 0
T30E0 002:277.303 JLINK_ReadMem(0x221413B8, 0x4 Bytes, ...)
T30E0 002:277.312   CPU_ReadMem(4 bytes @ 0x221413B8)
T30E0 002:277.664   Data:  24 0E 14 22
T30E0 002:277.685 - 0.381ms returns 0
T30E0 002:277.742 JLINK_ReadMem(0x020D3FA8, 0x4 Bytes, ...)
T30E0 002:277.753   CPU_ReadMem(4 bytes @ 0x020D3FA8)
T30E0 002:278.169   Data:  04 00 00 00
T30E0 002:278.186 - 0.443ms returns 0
T30E0 002:278.240 JLINK_ReadMem(0x221413C0, 0x4 Bytes, ...)
T30E0 002:278.256   CPU_ReadMem(4 bytes @ 0x221413C0)
T30E0 002:278.615   Data:  01 00 00 00
T30E0 002:278.633 - 0.392ms returns 0
T30E0 002:308.897 JLINK_ReadMem(0x221413DC, 0x4 Bytes, ...)
T30E0 002:308.942   CPU_ReadMem(4 bytes @ 0x221413DC)
T30E0 002:309.426   Data:  03 00 00 00
T30E0 002:309.445 - 0.547ms returns 0
T30E0 002:309.507 JLINK_ReadMem(0x221413B8, 0x4 Bytes, ...)
T30E0 002:309.519   CPU_ReadMem(4 bytes @ 0x221413B8)
T30E0 002:309.884   Data:  24 0E 14 22
T30E0 002:309.900 - 0.392ms returns 0
T30E0 002:309.956 JLINK_ReadMem(0x020D3FA8, 0x4 Bytes, ...)
T30E0 002:309.965   CPU_ReadMem(4 bytes @ 0x020D3FA8)
T30E0 002:310.326   Data:  04 00 00 00
T30E0 002:310.342 - 0.385ms returns 0
T30E0 002:310.398 JLINK_ReadMem(0x221413C0, 0x4 Bytes, ...)
T30E0 002:310.408   CPU_ReadMem(4 bytes @ 0x221413C0)
T30E0 002:310.734   Data:  01 00 00 00
T30E0 002:310.748 - 0.349ms returns 0
T30E0 002:310.801 JLINK_ReadMem(0x221413DC, 0x4 Bytes, ...)
T30E0 002:310.810   CPU_ReadMem(4 bytes @ 0x221413DC)
T30E0 002:311.254   Data:  03 00 00 00
T30E0 002:311.270 - 0.469ms returns 0
T30E0 002:311.328 JLINK_ReadMem(0x221413B8, 0x4 Bytes, ...)
T30E0 002:311.338   CPU_ReadMem(4 bytes @ 0x221413B8)
T30E0 002:311.689   Data:  24 0E 14 22
T30E0 002:311.700 - 0.372ms returns 0
T30E0 002:311.742 JLINK_ReadMem(0x020D3FA8, 0x4 Bytes, ...)
T30E0 002:311.750   CPU_ReadMem(4 bytes @ 0x020D3FA8)
T30E0 002:312.207   Data:  04 00 00 00
T30E0 002:312.221 - 0.479ms returns 0
T30E0 002:312.268 JLINK_ReadMem(0x221413C0, 0x4 Bytes, ...)
T30E0 002:312.278   CPU_ReadMem(4 bytes @ 0x221413C0)
T30E0 002:312.649   Data:  01 00 00 00
T30E0 002:312.663 - 0.395ms returns 0
T30E0 006:868.736 JLINK_ReadMem(0x221413DC, 0x4 Bytes, ...)
T30E0 006:868.872   CPU_ReadMem(4 bytes @ 0x221413DC)
T30E0 006:869.539   Data:  03 00 00 00
T30E0 006:869.566 - 0.831ms returns 0
T30E0 006:869.635 JLINK_ReadMem(0x221413B8, 0x4 Bytes, ...)
T30E0 006:869.651   CPU_ReadMem(4 bytes @ 0x221413B8)
T30E0 006:870.033   Data:  24 0E 14 22
T30E0 006:870.050 - 0.415ms returns 0
T30E0 006:870.105 JLINK_ReadMem(0x020D3FA8, 0x4 Bytes, ...)
T30E0 006:870.119   CPU_ReadMem(4 bytes @ 0x020D3FA8)
T30E0 006:870.496   Data:  04 00 00 00
T30E0 006:870.511 - 0.405ms returns 0
T30E0 006:870.550 JLINK_ReadMem(0x221413C0, 0x4 Bytes, ...)
T30E0 006:870.560   CPU_ReadMem(4 bytes @ 0x221413C0)
T30E0 006:870.904   Data:  01 00 00 00
T30E0 006:870.925 - 0.374ms returns 0
T30E0 006:871.008 JLINK_ReadMem(0x221413DC, 0x4 Bytes, ...)
T30E0 006:871.024   CPU_ReadMem(4 bytes @ 0x221413DC)
T30E0 006:871.436   Data:  03 00 00 00
T30E0 006:871.456 - 0.448ms returns 0
T30E0 006:871.510 JLINK_ReadMem(0x221413B8, 0x4 Bytes, ...)
T30E0 006:871.524   CPU_ReadMem(4 bytes @ 0x221413B8)
T30E0 006:871.901   Data:  24 0E 14 22
T30E0 006:871.918 - 0.408ms returns 0
T30E0 006:871.980 JLINK_ReadMem(0x020D3FA8, 0x4 Bytes, ...)
T30E0 006:871.993   CPU_ReadMem(4 bytes @ 0x020D3FA8)
T30E0 006:872.354   Data:  04 00 00 00
T30E0 006:872.385 - 0.406ms returns 0
T30E0 006:872.462 JLINK_ReadMem(0x221413C0, 0x4 Bytes, ...)
T30E0 006:872.477   CPU_ReadMem(4 bytes @ 0x221413C0)
T30E0 006:872.867   Data:  01 00 00 00
T30E0 006:872.888 - 0.426ms returns 0
T6384 007:140.577 JLINK_GetNumBPUnits(Type = 0xFFFFFF00)
T6384 007:140.606 - 0.030ms returns 0x08
T6384 007:140.615 JLINK_GetNumWPUnits()
T6384 007:140.622 - 0.006ms returns 4
T6384 007:140.857 JLINK_GetNumBPUnits(Type = 0xFFFFFF00)
T6384 007:140.876 - 0.019ms returns 0x08
T6384 007:140.885 JLINK_GetNumWPUnits()
T6384 007:140.893 - 0.008ms returns 4
T6384 007:141.270 JLINK_GetNumBPUnits(Type = 0xFFFFFF00)
T6384 007:141.289 - 0.019ms returns 0x08
T6384 007:141.299 JLINK_GetNumWPUnits()
T6384 007:141.307 - 0.007ms returns 4
T6384 007:141.837 JLINK_ReadMem(0xE000EDF0, 0x4 Bytes, ...)
T6384 007:141.861   CPU_ReadMem(4 bytes @ 0xE000EDF0)
T6384 007:142.297   Data:  03 00 10 00
T6384 007:142.317   Debug reg: DHCSR
T6384 007:142.327 - 0.490ms returns 0
T6384 007:142.386 JLINK_ReadMem(0x40204038, 0x4 Bytes, ...)
T6384 007:142.398   CPU_ReadMem(4 bytes @ 0x40204038)
T6384 007:142.757   Data:  04 00 00 00
T6384 007:142.771 - 0.384ms returns 0
T6384 007:142.820 JLINK_ReadMem(0xE000EDF0, 0x4 Bytes, ...)
T6384 007:142.830   CPU_ReadMem(4 bytes @ 0xE000EDF0)
T6384 007:143.243   Data:  03 00 10 00
T6384 007:143.259   Debug reg: DHCSR
T6384 007:143.268 - 0.448ms returns 0
T6384 007:143.521 JLINK_GetNumBPUnits(Type = 0xFFFFFF00)
T6384 007:143.536 - 0.015ms returns 0x08
T6384 007:143.542 JLINK_GetNumWPUnits()
T6384 007:143.548 - 0.005ms returns 4
T6384 007:144.214 JLINK_GetNumBPUnits(Type = 0xFFFFFF00)
T6384 007:144.233 - 0.019ms returns 0x08
T6384 007:144.242 JLINK_GetNumWPUnits()
T6384 007:144.250 - 0.008ms returns 4
T6384 007:144.459 JLINK_GetNumBPUnits(Type = 0xFFFFFF00)
T6384 007:144.474 - 0.015ms returns 0x08
T6384 007:144.480 JLINK_GetNumWPUnits()
T6384 007:144.485 - 0.004ms returns 4
T6384 007:144.669 JLINK_GetNumBPUnits(Type = 0xFFFFFF00)
T6384 007:144.681 - 0.011ms returns 0x08
T6384 007:144.685 JLINK_GetNumWPUnits()
T6384 007:144.689 - 0.004ms returns 4
T6384 007:144.846 JLINK_GetNumBPUnits(Type = 0xFFFFFF00)
T6384 007:144.860 - 0.013ms returns 0x08
T6384 007:144.867 JLINK_GetNumWPUnits()
T6384 007:144.873 - 0.005ms returns 4
T30E0 007:155.921 JLINK_IsHalted()
T30E0 007:156.459 - 0.537ms returns FALSE
T30E0 007:156.525 JLINK_IsHalted()
T30E0 007:156.925 - 0.399ms returns FALSE
T30E0 007:222.052 JLINK_ReadMem(0x221413DC, 0x4 Bytes, ...)
T30E0 007:222.091   CPU_ReadMem(4 bytes @ 0x221413DC)
T30E0 007:222.505   Data:  03 00 00 00
T30E0 007:222.525 - 0.474ms returns 0
T30E0 007:222.565 JLINK_ReadMem(0x221413B8, 0x4 Bytes, ...)
T30E0 007:222.576   CPU_ReadMem(4 bytes @ 0x221413B8)
T30E0 007:222.935   Data:  24 0E 14 22
T30E0 007:222.957 - 0.391ms returns 0
T30E0 007:223.015 JLINK_ReadMem(0x020D3FA8, 0x4 Bytes, ...)
T30E0 007:223.029   CPU_ReadMem(4 bytes @ 0x020D3FA8)
T30E0 007:223.427   Data:  04 00 00 00
T30E0 007:223.444 - 0.429ms returns 0
T30E0 007:223.504 JLINK_ReadMem(0x221413C0, 0x4 Bytes, ...)
T30E0 007:223.514   CPU_ReadMem(4 bytes @ 0x221413C0)
T30E0 007:223.861   Data:  01 00 00 00
T30E0 007:223.872 - 0.368ms returns 0
T30E0 007:223.917 JLINK_ReadMem(0x221413DC, 0x4 Bytes, ...)
T30E0 007:223.926   CPU_ReadMem(4 bytes @ 0x221413DC)
T30E0 007:224.273   Data:  03 00 00 00
T30E0 007:224.285 - 0.368ms returns 0
T30E0 007:224.327 JLINK_ReadMem(0x221413B8, 0x4 Bytes, ...)
T30E0 007:224.337   CPU_ReadMem(4 bytes @ 0x221413B8)
T30E0 007:224.677   Data:  24 0E 14 22
T30E0 007:224.692 - 0.365ms returns 0
T30E0 007:224.755 JLINK_ReadMem(0x020D3FA8, 0x4 Bytes, ...)
T30E0 007:224.764   CPU_ReadMem(4 bytes @ 0x020D3FA8)
T30E0 007:225.114   Data:  04 00 00 00
T30E0 007:225.127 - 0.372ms returns 0
T30E0 007:225.173 JLINK_ReadMem(0x221413C0, 0x4 Bytes, ...)
T30E0 007:225.182   CPU_ReadMem(4 bytes @ 0x221413C0)
T30E0 007:225.515   Data:  01 00 00 00
T30E0 007:225.528 - 0.355ms returns 0
T30E0 007:265.639 JLINK_IsHalted()
T30E0 007:266.195 - 0.555ms returns FALSE
T30E0 007:266.262 JLINK_IsHalted()
T30E0 007:266.671 - 0.408ms returns FALSE
T30E0 007:375.023 JLINK_IsHalted()
T30E0 007:375.557 - 0.533ms returns FALSE
T30E0 007:375.627 JLINK_IsHalted()
T30E0 007:376.021 - 0.393ms returns FALSE
T30E0 007:484.174 JLINK_IsHalted()
T30E0 007:484.724 - 0.548ms returns FALSE
T30E0 007:484.785 JLINK_IsHalted()
T30E0 007:485.269 - 0.483ms returns FALSE
T30E0 007:592.925 JLINK_IsHalted()
T30E0 007:593.504 - 0.578ms returns FALSE
T30E0 007:593.605 JLINK_IsHalted()
T30E0 007:594.001 - 0.396ms returns FALSE
T30E0 007:702.725 JLINK_IsHalted()
T30E0 007:703.515 - 0.790ms returns FALSE
T30E0 007:703.583 JLINK_IsHalted()
T30E0 007:703.986 - 0.402ms returns FALSE
T30E0 007:811.936 JLINK_IsHalted()
T30E0 007:812.487 - 0.551ms returns FALSE
T30E0 007:812.550 JLINK_IsHalted()
T30E0 007:812.893 - 0.341ms returns FALSE
T30E0 007:921.620 JLINK_IsHalted()
T30E0 007:922.133 - 0.512ms returns FALSE
T30E0 007:922.219 JLINK_IsHalted()
T30E0 007:922.602 - 0.383ms returns FALSE
T30E0 008:030.801 JLINK_IsHalted()
T30E0 008:031.343 - 0.541ms returns FALSE
T30E0 008:031.432 JLINK_IsHalted()
T30E0 008:031.790 - 0.357ms returns FALSE
T30E0 008:140.422 JLINK_IsHalted()
T30E0 008:140.983 - 0.560ms returns FALSE
T30E0 008:141.053 JLINK_IsHalted()
T30E0 008:141.469 - 0.415ms returns FALSE
T30E0 008:249.604 JLINK_IsHalted()
T30E0 008:250.191 - 0.586ms returns FALSE
T30E0 008:250.249 JLINK_IsHalted()
T30E0 008:250.618 - 0.368ms returns FALSE
T30E0 008:359.246 JLINK_IsHalted()
T30E0 008:360.097 - 0.851ms returns FALSE
T30E0 008:360.206 JLINK_IsHalted()
T30E0 008:360.615 - 0.408ms returns FALSE
T30E0 008:468.094 JLINK_IsHalted()
T30E0 008:468.711 - 0.617ms returns FALSE
T30E0 008:468.789 JLINK_IsHalted()
T30E0 008:469.129 - 0.339ms returns FALSE
T30E0 008:578.080 JLINK_IsHalted()
T30E0 008:578.585 - 0.504ms returns FALSE
T30E0 008:578.650 JLINK_IsHalted()
T30E0 008:579.044 - 0.392ms returns FALSE
T30E0 008:687.370 JLINK_IsHalted()
T30E0 008:687.924 - 0.554ms returns FALSE
T30E0 008:688.005 JLINK_IsHalted()
T30E0 008:688.438 - 0.432ms returns FALSE
T30E0 008:796.354 JLINK_IsHalted()
T30E0 008:796.882 - 0.526ms returns FALSE
T30E0 008:796.950 JLINK_IsHalted()
T30E0 008:797.339 - 0.388ms returns FALSE
T30E0 008:905.482 JLINK_IsHalted()
T30E0 008:906.062 - 0.579ms returns FALSE
T30E0 008:906.126 JLINK_IsHalted()
T30E0 008:906.520 - 0.392ms returns FALSE
T30E0 009:014.824 JLINK_IsHalted()
T30E0 009:015.493 - 0.668ms returns FALSE
T30E0 009:015.580 JLINK_IsHalted()
T30E0 009:015.970 - 0.389ms returns FALSE
T30E0 009:125.045 JLINK_IsHalted()
T30E0 009:125.565 - 0.520ms returns FALSE
T30E0 009:125.614 JLINK_IsHalted()
T30E0 009:126.003 - 0.388ms returns FALSE
T30E0 009:233.646 JLINK_IsHalted()
T30E0 009:234.250 - 0.603ms returns FALSE
T30E0 009:234.322 JLINK_IsHalted()
T30E0 009:234.734 - 0.412ms returns FALSE
T30E0 009:343.650 JLINK_IsHalted()
T30E0 009:344.200 - 0.550ms returns FALSE
T30E0 009:344.266 JLINK_IsHalted()
T30E0 009:344.710 - 0.442ms returns FALSE
T30E0 009:452.471 JLINK_IsHalted()
T30E0 009:452.973 - 0.501ms returns FALSE
T30E0 009:453.035 JLINK_IsHalted()
T30E0 009:453.392 - 0.357ms returns FALSE
T30E0 009:562.322 JLINK_IsHalted()
T30E0 009:562.819 - 0.497ms returns FALSE
T30E0 009:562.859 JLINK_IsHalted()
T30E0 009:563.236 - 0.376ms returns FALSE
T30E0 009:671.971 JLINK_IsHalted()
T30E0 009:672.471 - 0.500ms returns FALSE
T30E0 009:672.520 JLINK_IsHalted()
T30E0 009:672.844 - 0.323ms returns FALSE
T30E0 009:780.543 JLINK_IsHalted()
T30E0 009:781.086 - 0.542ms returns FALSE
T30E0 009:781.150 JLINK_IsHalted()
T30E0 009:781.574 - 0.422ms returns FALSE
T30E0 009:890.058 JLINK_IsHalted()
T30E0 009:890.634 - 0.575ms returns FALSE
T30E0 009:890.707 JLINK_IsHalted()
T30E0 009:891.137 - 0.429ms returns FALSE
T30E0 009:999.448 JLINK_IsHalted()
T30E0 009:999.960 - 0.511ms returns FALSE
T30E0 010:000.030 JLINK_IsHalted()
T30E0 010:000.417 - 0.386ms returns FALSE
T30E0 010:108.833 JLINK_IsHalted()
T30E0 010:109.405 - 0.571ms returns FALSE
T30E0 010:109.460 JLINK_IsHalted()
T30E0 010:109.779 - 0.318ms returns FALSE
T30E0 010:218.142 JLINK_IsHalted()
T30E0 010:218.688 - 0.546ms returns FALSE
T30E0 010:218.760 JLINK_IsHalted()
T30E0 010:219.122 - 0.362ms returns FALSE
T30E0 010:327.870 JLINK_IsHalted()
T30E0 010:328.458 - 0.586ms returns FALSE
T30E0 010:328.526 JLINK_IsHalted()
T30E0 010:328.905 - 0.377ms returns FALSE
T30E0 010:437.002 JLINK_IsHalted()
T30E0 010:437.834 - 0.830ms returns FALSE
T30E0 010:437.905 JLINK_IsHalted()
T30E0 010:438.397 - 0.491ms returns FALSE
T30E0 010:546.100 JLINK_IsHalted()
T30E0 010:546.638 - 0.537ms returns FALSE
T30E0 010:546.705 JLINK_IsHalted()
T30E0 010:547.114 - 0.408ms returns FALSE
T30E0 010:656.305 JLINK_IsHalted()
T30E0 010:656.886 - 0.580ms returns FALSE
T30E0 010:656.956 JLINK_IsHalted()
T30E0 010:657.328 - 0.371ms returns FALSE
T30E0 010:765.106 JLINK_IsHalted()
T30E0 010:765.606 - 0.498ms returns FALSE
T30E0 010:765.692 JLINK_IsHalted()
T30E0 010:766.369 - 0.676ms returns FALSE
T30E0 010:874.171 JLINK_IsHalted()
T30E0 010:874.746 - 0.574ms returns FALSE
T30E0 010:874.830 JLINK_IsHalted()
T30E0 010:875.248 - 0.416ms returns FALSE
T30E0 010:984.148 JLINK_IsHalted()
T30E0 010:984.670 - 0.521ms returns FALSE
T30E0 010:984.745 JLINK_IsHalted()
T30E0 010:985.133 - 0.387ms returns FALSE
T30E0 011:093.306 JLINK_IsHalted()
T30E0 011:094.259 - 0.952ms returns FALSE
T30E0 011:094.328 JLINK_IsHalted()
T30E0 011:094.686 - 0.357ms returns FALSE
T30E0 011:203.018 JLINK_IsHalted()
T30E0 011:203.510 - 0.491ms returns FALSE
T30E0 011:203.574 JLINK_IsHalted()
T30E0 011:203.974 - 0.398ms returns FALSE
T30E0 011:312.126 JLINK_IsHalted()
T30E0 011:312.652 - 0.525ms returns FALSE
T30E0 011:312.715 JLINK_IsHalted()
T30E0 011:313.078 - 0.361ms returns FALSE
T30E0 011:421.698 JLINK_IsHalted()
T30E0 011:422.286 - 0.586ms returns FALSE
T30E0 011:422.358 JLINK_IsHalted()
T30E0 011:422.731 - 0.373ms returns FALSE
T30E0 011:530.512 JLINK_IsHalted()
T30E0 011:531.022 - 0.508ms returns FALSE
T30E0 011:531.100 JLINK_IsHalted()
T30E0 011:531.562 - 0.460ms returns FALSE
T30E0 011:639.862 JLINK_IsHalted()
T30E0 011:640.374 - 0.511ms returns FALSE
T30E0 011:640.442 JLINK_IsHalted()
T30E0 011:640.818 - 0.374ms returns FALSE
T30E0 011:749.539 JLINK_IsHalted()
T30E0 011:750.023 - 0.483ms returns FALSE
T30E0 011:750.093 JLINK_IsHalted()
T30E0 011:750.457 - 0.363ms returns FALSE
T30E0 011:859.223 JLINK_IsHalted()
T30E0 011:859.763 - 0.539ms returns FALSE
T30E0 011:859.829 JLINK_IsHalted()
T30E0 011:860.262 - 0.432ms returns FALSE
T30E0 011:968.733 JLINK_IsHalted()
T30E0 011:969.301 - 0.566ms returns FALSE
T30E0 011:969.387 JLINK_IsHalted()
T30E0 011:969.774 - 0.386ms returns FALSE
T30E0 012:077.433 JLINK_IsHalted()
T30E0 012:077.976 - 0.543ms returns FALSE
T30E0 012:078.049 JLINK_IsHalted()
T30E0 012:078.418 - 0.368ms returns FALSE
T30E0 012:186.632 JLINK_IsHalted()
T30E0 012:187.146 - 0.514ms returns FALSE
T30E0 012:187.210 JLINK_IsHalted()
T30E0 012:187.597 - 0.386ms returns FALSE
T30E0 012:296.903 JLINK_IsHalted()
T30E0 012:297.472 - 0.567ms returns FALSE
T30E0 012:297.538 JLINK_IsHalted()
T30E0 012:297.935 - 0.397ms returns FALSE
T30E0 012:406.105 JLINK_IsHalted()
T30E0 012:406.667 - 0.562ms returns FALSE
T30E0 012:406.738 JLINK_IsHalted()
T30E0 012:407.123 - 0.384ms returns FALSE
T30E0 012:515.423 JLINK_IsHalted()
T30E0 012:515.977 - 0.553ms returns FALSE
T30E0 012:516.049 JLINK_IsHalted()
T30E0 012:516.440 - 0.390ms returns FALSE
T30E0 012:624.861 JLINK_IsHalted()
T30E0 012:625.368 - 0.506ms returns FALSE
T30E0 012:625.437 JLINK_IsHalted()
T30E0 012:625.917 - 0.479ms returns FALSE
T30E0 012:734.450 JLINK_IsHalted()
T30E0 012:734.978 - 0.527ms returns FALSE
T30E0 012:735.048 JLINK_IsHalted()
T30E0 012:735.400 - 0.351ms returns FALSE
T30E0 012:843.174 JLINK_IsHalted()
T30E0 012:843.701 - 0.526ms returns FALSE
T30E0 012:843.759 JLINK_IsHalted()
T30E0 012:844.145 - 0.385ms returns FALSE
T30E0 012:952.592 JLINK_IsHalted()
T30E0 012:953.118 - 0.526ms returns FALSE
T30E0 012:953.184 JLINK_IsHalted()
T30E0 012:953.623 - 0.438ms returns FALSE
T30E0 013:061.910 JLINK_IsHalted()
T30E0 013:062.466 - 0.555ms returns FALSE
T30E0 013:062.515 JLINK_IsHalted()
T30E0 013:062.881 - 0.364ms returns FALSE
T30E0 013:171.433 JLINK_IsHalted()
T30E0 013:172.030 - 0.596ms returns FALSE
T30E0 013:172.083 JLINK_IsHalted()
T30E0 013:172.518 - 0.434ms returns FALSE
T30E0 013:280.576 JLINK_IsHalted()
T30E0 013:281.103 - 0.526ms returns FALSE
T30E0 013:281.172 JLINK_IsHalted()
T30E0 013:281.585 - 0.412ms returns FALSE
T30E0 013:389.912 JLINK_IsHalted()
T30E0 013:390.460 - 0.547ms returns FALSE
T30E0 013:390.542 JLINK_IsHalted()
T30E0 013:390.902 - 0.358ms returns FALSE
T30E0 013:499.626 JLINK_IsHalted()
T30E0 013:500.258 - 0.632ms returns FALSE
T30E0 013:500.355 JLINK_IsHalted()
T30E0 013:500.784 - 0.427ms returns FALSE
T30E0 013:609.133 JLINK_IsHalted()
T30E0 013:609.728 - 0.595ms returns FALSE
T30E0 013:609.802 JLINK_IsHalted()
T30E0 013:610.253 - 0.452ms returns FALSE
T30E0 013:718.022 JLINK_IsHalted()
T30E0 013:718.494 - 0.472ms returns FALSE
T30E0 013:718.581 JLINK_IsHalted()
T30E0 013:718.974 - 0.394ms returns FALSE
T30E0 013:827.462 JLINK_IsHalted()
T30E0 013:828.053 - 0.589ms returns FALSE
T30E0 013:828.112 JLINK_IsHalted()
T30E0 013:828.466 - 0.353ms returns FALSE
T30E0 013:937.334 JLINK_IsHalted()
T30E0 013:937.859 - 0.524ms returns FALSE
T30E0 013:937.914 JLINK_IsHalted()
T30E0 013:938.278 - 0.364ms returns FALSE
T30E0 014:046.566 JLINK_IsHalted()
T30E0 014:047.136 - 0.568ms returns FALSE
T30E0 014:047.213 JLINK_IsHalted()
T30E0 014:047.602 - 0.388ms returns FALSE
T30E0 014:156.022 JLINK_IsHalted()
T30E0 014:156.554 - 0.530ms returns FALSE
T30E0 014:156.613 JLINK_IsHalted()
T30E0 014:157.027 - 0.414ms returns FALSE
T30E0 014:265.400 JLINK_IsHalted()
T30E0 014:265.978 - 0.578ms returns FALSE
T30E0 014:266.043 JLINK_IsHalted()
T30E0 014:266.453 - 0.408ms returns FALSE
T30E0 014:374.576 JLINK_IsHalted()
T30E0 014:375.149 - 0.571ms returns FALSE
T30E0 014:375.227 JLINK_IsHalted()
T30E0 014:375.595 - 0.368ms returns FALSE
T30E0 014:483.816 JLINK_IsHalted()
T30E0 014:484.416 - 0.598ms returns FALSE
T30E0 014:484.478 JLINK_IsHalted()
T30E0 014:484.899 - 0.421ms returns FALSE
T30E0 014:593.280 JLINK_IsHalted()
T30E0 014:593.846 - 0.565ms returns FALSE
T30E0 014:593.912 JLINK_IsHalted()
T30E0 014:594.355 - 0.443ms returns FALSE
T30E0 014:702.962 JLINK_IsHalted()
T30E0 014:703.530 - 0.567ms returns FALSE
T30E0 014:703.594 JLINK_IsHalted()
T30E0 014:703.998 - 0.404ms returns FALSE
T30E0 014:812.312 JLINK_IsHalted()
T30E0 014:812.859 - 0.545ms returns FALSE
T30E0 014:812.939 JLINK_IsHalted()
T30E0 014:813.557 - 0.617ms returns FALSE
T30E0 014:921.174 JLINK_IsHalted()
T30E0 014:921.779 - 0.604ms returns FALSE
T30E0 014:921.851 JLINK_IsHalted()
T30E0 014:922.258 - 0.406ms returns FALSE
T30E0 015:031.242 JLINK_IsHalted()
T30E0 015:031.904 - 0.661ms returns FALSE
T30E0 015:031.970 JLINK_IsHalted()
T30E0 015:032.330 - 0.359ms returns FALSE
T30E0 015:140.526 JLINK_IsHalted()
T30E0 015:141.107 - 0.581ms returns FALSE
T30E0 015:141.173 JLINK_IsHalted()
T30E0 015:141.566 - 0.393ms returns FALSE
T30E0 015:250.048 JLINK_IsHalted()
T30E0 015:250.595 - 0.546ms returns FALSE
T30E0 015:250.670 JLINK_IsHalted()
T30E0 015:251.078 - 0.407ms returns FALSE
T30E0 015:358.846 JLINK_IsHalted()
T30E0 015:359.410 - 0.562ms returns FALSE
T30E0 015:359.461 JLINK_IsHalted()
T30E0 015:359.821 - 0.359ms returns FALSE
T30E0 015:468.501 JLINK_IsHalted()
T30E0 015:469.030 - 0.528ms returns FALSE
T30E0 015:469.112 JLINK_IsHalted()
T30E0 015:469.491 - 0.379ms returns FALSE
T30E0 015:578.083 JLINK_IsHalted()
T30E0 015:578.619 - 0.534ms returns FALSE
T30E0 015:578.683 JLINK_IsHalted()
T30E0 015:579.042 - 0.357ms returns FALSE
T30E0 015:687.390 JLINK_IsHalted()
T30E0 015:687.894 - 0.502ms returns FALSE
T30E0 015:687.968 JLINK_IsHalted()
T30E0 015:688.445 - 0.476ms returns FALSE
T30E0 015:796.507 JLINK_IsHalted()
T30E0 015:797.048 - 0.540ms returns FALSE
T30E0 015:797.112 JLINK_IsHalted()
T30E0 015:797.498 - 0.386ms returns FALSE
T30E0 015:905.646 JLINK_IsHalted()
T30E0 015:906.170 - 0.523ms returns FALSE
T30E0 015:906.238 JLINK_IsHalted()
T30E0 015:906.715 - 0.475ms returns FALSE
T30E0 016:015.741 JLINK_IsHalted()
T30E0 016:016.298 - 0.555ms returns FALSE
T30E0 016:016.386 JLINK_IsHalted()
T30E0 016:016.786 - 0.400ms returns FALSE
T30E0 016:124.250 JLINK_IsHalted()
T30E0 016:124.790 - 0.541ms returns FALSE
T30E0 016:124.870 JLINK_IsHalted()
T30E0 016:125.245 - 0.373ms returns FALSE
T30E0 016:233.859 JLINK_IsHalted()
T30E0 016:234.400 - 0.539ms returns FALSE
T30E0 016:234.443 JLINK_IsHalted()
T30E0 016:234.851 - 0.407ms returns FALSE
T30E0 016:343.253 JLINK_IsHalted()
T30E0 016:343.798 - 0.544ms returns FALSE
T30E0 016:343.862 JLINK_IsHalted()
T30E0 016:344.243 - 0.379ms returns FALSE
T30E0 016:452.688 JLINK_IsHalted()
T30E0 016:453.294 - 0.605ms returns FALSE
T30E0 016:453.354 JLINK_IsHalted()
T30E0 016:453.758 - 0.404ms returns FALSE
T30E0 016:562.043 JLINK_IsHalted()
T30E0 016:562.597 - 0.553ms returns FALSE
T30E0 016:562.659 JLINK_IsHalted()
T30E0 016:563.051 - 0.391ms returns FALSE
T30E0 016:671.376 JLINK_IsHalted()
T30E0 016:671.896 - 0.519ms returns FALSE
T30E0 016:671.982 JLINK_IsHalted()
T30E0 016:672.390 - 0.407ms returns FALSE
T30E0 016:780.700 JLINK_IsHalted()
T30E0 016:781.312 - 0.613ms returns FALSE
T30E0 016:781.378 JLINK_IsHalted()
T30E0 016:781.770 - 0.391ms returns FALSE
T30E0 016:889.970 JLINK_IsHalted()
T30E0 016:890.538 - 0.568ms returns FALSE
T30E0 016:890.610 JLINK_IsHalted()
T30E0 016:891.002 - 0.391ms returns FALSE
T30E0 016:999.742 JLINK_IsHalted()
T30E0 017:000.318 - 0.575ms returns FALSE
T30E0 017:000.392 JLINK_IsHalted()
T30E0 017:000.788 - 0.394ms returns FALSE
T30E0 017:108.612 JLINK_IsHalted()
T30E0 017:109.196 - 0.582ms returns FALSE
T30E0 017:109.260 JLINK_IsHalted()
T30E0 017:109.676 - 0.415ms returns FALSE
T30E0 017:218.570 JLINK_IsHalted()
T30E0 017:219.112 - 0.542ms returns FALSE
T30E0 017:219.184 JLINK_IsHalted()
T30E0 017:219.556 - 0.369ms returns FALSE
T30E0 017:328.054 JLINK_IsHalted()
T30E0 017:328.618 - 0.564ms returns FALSE
T30E0 017:328.702 JLINK_IsHalted()
T30E0 017:329.084 - 0.380ms returns FALSE
T30E0 017:436.754 JLINK_IsHalted()
T30E0 017:437.296 - 0.541ms returns FALSE
T30E0 017:437.368 JLINK_IsHalted()
T30E0 017:437.734 - 0.366ms returns FALSE
T30E0 017:546.820 JLINK_IsHalted()
T30E0 017:547.346 - 0.525ms returns FALSE
T30E0 017:547.412 JLINK_IsHalted()
T30E0 017:547.790 - 0.377ms returns FALSE
T30E0 017:656.104 JLINK_IsHalted()
T30E0 017:656.610 - 0.506ms returns FALSE
T30E0 017:656.676 JLINK_IsHalted()
T30E0 017:657.078 - 0.402ms returns FALSE
T30E0 017:765.590 JLINK_IsHalted()
T30E0 017:766.164 - 0.572ms returns FALSE
T30E0 017:766.244 JLINK_IsHalted()
T30E0 017:766.624 - 0.381ms returns FALSE
T30E0 017:874.798 JLINK_IsHalted()
T30E0 017:875.324 - 0.525ms returns FALSE
T30E0 017:875.366 JLINK_IsHalted()
T30E0 017:875.748 - 0.382ms returns FALSE
T30E0 017:984.142 JLINK_IsHalted()
T30E0 017:984.724 - 0.579ms returns FALSE
T30E0 017:984.788 JLINK_IsHalted()
T30E0 017:985.264 - 0.476ms returns FALSE
T30E0 018:093.738 JLINK_IsHalted()
T30E0 018:094.246 - 0.509ms returns FALSE
T30E0 018:094.326 JLINK_IsHalted()
T30E0 018:094.702 - 0.375ms returns FALSE
T30E0 018:202.258 JLINK_IsHalted()
T30E0 018:202.864 - 0.604ms returns FALSE
T30E0 018:202.924 JLINK_IsHalted()
T30E0 018:203.292 - 0.368ms returns FALSE
T30E0 018:312.320 JLINK_IsHalted()
T30E0 018:312.980 - 0.658ms returns FALSE
T30E0 018:313.052 JLINK_IsHalted()
T30E0 018:313.446 - 0.393ms returns FALSE
T30E0 018:421.900 JLINK_IsHalted()
T30E0 018:422.428 - 0.525ms returns FALSE
T30E0 018:422.508 JLINK_IsHalted()
T30E0 018:422.892 - 0.385ms returns FALSE
T30E0 018:530.714 JLINK_IsHalted()
T30E0 018:531.274 - 0.560ms returns FALSE
T30E0 018:531.350 JLINK_IsHalted()
T30E0 018:531.728 - 0.376ms returns FALSE
T30E0 018:640.374 JLINK_IsHalted()
T30E0 018:640.946 - 0.571ms returns FALSE
T30E0 018:641.012 JLINK_IsHalted()
T30E0 018:641.452 - 0.440ms returns FALSE
T30E0 018:749.252 JLINK_IsHalted()
T30E0 018:749.722 - 0.467ms returns FALSE
T30E0 018:749.780 JLINK_IsHalted()
T30E0 018:750.168 - 0.387ms returns FALSE
T30E0 018:858.560 JLINK_IsHalted()
T30E0 018:859.110 - 0.548ms returns FALSE
T30E0 018:859.176 JLINK_IsHalted()
T30E0 018:859.606 - 0.430ms returns FALSE
T30E0 018:968.402 JLINK_IsHalted()
T30E0 018:968.980 - 0.576ms returns FALSE
T30E0 018:969.064 JLINK_IsHalted()
T30E0 018:969.472 - 0.407ms returns FALSE
T30E0 019:078.010 JLINK_IsHalted()
T30E0 019:078.544 - 0.533ms returns FALSE
T30E0 019:078.610 JLINK_IsHalted()
T30E0 019:078.978 - 0.367ms returns FALSE
T30E0 019:186.718 JLINK_IsHalted()
T30E0 019:187.310 - 0.591ms returns FALSE
T30E0 019:187.376 JLINK_IsHalted()
T30E0 019:187.788 - 0.412ms returns FALSE
T30E0 019:296.876 JLINK_IsHalted()
T30E0 019:297.604 - 0.727ms returns FALSE
T30E0 019:297.670 JLINK_IsHalted()
T30E0 019:298.070 - 0.398ms returns FALSE
T30E0 019:405.492 JLINK_IsHalted()
T30E0 019:406.096 - 0.602ms returns FALSE
T30E0 019:406.166 JLINK_IsHalted()
T30E0 019:406.638 - 0.470ms returns FALSE
T30E0 019:514.790 JLINK_IsHalted()
T30E0 019:515.372 - 0.583ms returns FALSE
T30E0 019:515.424 JLINK_IsHalted()
T30E0 019:515.828 - 0.403ms returns FALSE
T30E0 019:624.824 JLINK_IsHalted()
T30E0 019:625.424 - 0.599ms returns FALSE
T30E0 019:625.508 JLINK_IsHalted()
T30E0 019:625.988 - 0.478ms returns FALSE
T30E0 019:734.350 JLINK_IsHalted()
T30E0 019:734.902 - 0.552ms returns FALSE
T30E0 019:734.968 JLINK_IsHalted()
T30E0 019:735.362 - 0.392ms returns FALSE
T30E0 019:843.868 JLINK_IsHalted()
T30E0 019:844.460 - 0.592ms returns FALSE
T30E0 019:844.534 JLINK_IsHalted()
T30E0 019:844.980 - 0.445ms returns FALSE
T30E0 019:953.242 JLINK_IsHalted()
T30E0 019:954.116 - 0.875ms returns FALSE
T30E0 019:954.188 JLINK_IsHalted()
T30E0 019:954.644 - 0.452ms returns FALSE
T30E0 020:061.936 JLINK_IsHalted()
T30E0 020:062.502 - 0.565ms returns FALSE
T30E0 020:062.564 JLINK_IsHalted()
T30E0 020:063.024 - 0.459ms returns FALSE
T30E0 020:171.754 JLINK_IsHalted()
T30E0 020:172.446 - 0.691ms returns FALSE
T30E0 020:172.512 JLINK_IsHalted()
T30E0 020:172.968 - 0.455ms returns FALSE
T30E0 020:281.344 JLINK_IsHalted()
T30E0 020:281.902 - 0.558ms returns FALSE
T30E0 020:281.968 JLINK_IsHalted()
T30E0 020:282.406 - 0.438ms returns FALSE
T30E0 020:390.356 JLINK_IsHalted()
T30E0 020:390.820 - 0.463ms returns FALSE
T30E0 020:390.892 JLINK_IsHalted()
T30E0 020:391.246 - 0.354ms returns FALSE
T30E0 020:500.026 JLINK_IsHalted()
T30E0 020:500.588 - 0.563ms returns FALSE
T30E0 020:500.664 JLINK_IsHalted()
T30E0 020:501.066 - 0.402ms returns FALSE
T30E0 020:609.216 JLINK_IsHalted()
T30E0 020:609.758 - 0.542ms returns FALSE
T30E0 020:609.824 JLINK_IsHalted()
T30E0 020:610.292 - 0.465ms returns FALSE
T30E0 020:717.948 JLINK_IsHalted()
T30E0 020:718.548 - 0.599ms returns FALSE
T30E0 020:718.612 JLINK_IsHalted()
T30E0 020:719.036 - 0.424ms returns FALSE
T30E0 020:827.510 JLINK_IsHalted()
T30E0 020:827.938 - 0.427ms returns FALSE
T30E0 020:827.996 JLINK_IsHalted()
T30E0 020:828.406 - 0.408ms returns FALSE
T30E0 020:936.628 JLINK_IsHalted()
T30E0 020:937.216 - 0.587ms returns FALSE
T30E0 020:937.282 JLINK_IsHalted()
T30E0 020:937.692 - 0.410ms returns FALSE
T30E0 021:046.392 JLINK_IsHalted()
T30E0 021:047.024 - 0.631ms returns FALSE
T30E0 021:047.098 JLINK_IsHalted()
T30E0 021:047.540 - 0.441ms returns FALSE
T30E0 021:155.892 JLINK_IsHalted()
T30E0 021:156.650 - 0.757ms returns FALSE
T30E0 021:156.716 JLINK_IsHalted()
T30E0 021:157.146 - 0.430ms returns FALSE
T30E0 021:265.508 JLINK_IsHalted()
T30E0 021:266.110 - 0.601ms returns FALSE
T30E0 021:266.178 JLINK_IsHalted()
T30E0 021:266.584 - 0.405ms returns FALSE
T30E0 021:374.614 JLINK_IsHalted()
T30E0 021:375.146 - 0.531ms returns FALSE
T30E0 021:375.212 JLINK_IsHalted()
T30E0 021:375.570 - 0.358ms returns FALSE
T30E0 021:484.556 JLINK_IsHalted()
T30E0 021:485.128 - 0.571ms returns FALSE
T30E0 021:485.188 JLINK_IsHalted()
T30E0 021:485.558 - 0.369ms returns FALSE
T30E0 021:593.352 JLINK_IsHalted()
T30E0 021:593.946 - 0.592ms returns FALSE
T30E0 021:594.024 JLINK_IsHalted()
T30E0 021:594.492 - 0.467ms returns FALSE
T30E0 021:702.788 JLINK_IsHalted()
T30E0 021:703.646 - 0.858ms returns FALSE
T30E0 021:703.714 JLINK_IsHalted()
T30E0 021:704.074 - 0.361ms returns FALSE
T30E0 021:812.338 JLINK_IsHalted()
T30E0 021:812.906 - 0.568ms returns FALSE
T30E0 021:812.998 JLINK_IsHalted()
T30E0 021:813.524 - 0.525ms returns FALSE
T30E0 021:921.546 JLINK_IsHalted()
T30E0 021:922.094 - 0.547ms returns FALSE
T30E0 021:922.156 JLINK_IsHalted()
T30E0 021:922.516 - 0.359ms returns FALSE
T30E0 022:031.072 JLINK_IsHalted()
T30E0 022:031.656 - 0.583ms returns FALSE
T30E0 022:031.750 JLINK_IsHalted()
T30E0 022:032.116 - 0.366ms returns FALSE
T30E0 022:140.574 JLINK_IsHalted()
T30E0 022:141.094 - 0.520ms returns FALSE
T30E0 022:141.152 JLINK_IsHalted()
T30E0 022:141.500 - 0.345ms returns FALSE
T30E0 022:250.112 JLINK_IsHalted()
T30E0 022:250.756 - 0.643ms returns FALSE
T30E0 022:250.842 JLINK_IsHalted()
T30E0 022:251.244 - 0.400ms returns FALSE
T30E0 022:358.732 JLINK_IsHalted()
T30E0 022:359.472 - 0.739ms returns FALSE
T30E0 022:359.536 JLINK_IsHalted()
T30E0 022:359.972 - 0.436ms returns FALSE
T30E0 022:467.896 JLINK_IsHalted()
T30E0 022:468.502 - 0.606ms returns FALSE
T30E0 022:468.568 JLINK_IsHalted()
T30E0 022:468.982 - 0.415ms returns FALSE
T30E0 022:578.084 JLINK_IsHalted()
T30E0 022:578.636 - 0.551ms returns FALSE
T30E0 022:578.692 JLINK_IsHalted()
T30E0 022:579.054 - 0.361ms returns FALSE
T30E0 022:686.992 JLINK_IsHalted()
T30E0 022:687.588 - 0.596ms returns FALSE
T30E0 022:687.654 JLINK_IsHalted()
T30E0 022:688.092 - 0.437ms returns FALSE
T30E0 022:797.004 JLINK_IsHalted()
T30E0 022:797.610 - 0.605ms returns FALSE
T30E0 022:797.674 JLINK_IsHalted()
T30E0 022:798.068 - 0.393ms returns FALSE
T30E0 022:905.630 JLINK_IsHalted()
T30E0 022:906.144 - 0.513ms returns FALSE
T30E0 022:906.206 JLINK_IsHalted()
T30E0 022:906.642 - 0.434ms returns FALSE
T30E0 023:014.876 JLINK_IsHalted()
T30E0 023:015.512 - 0.635ms returns FALSE
T30E0 023:015.570 JLINK_IsHalted()
T30E0 023:016.000 - 0.429ms returns FALSE
T30E0 023:124.278 JLINK_IsHalted()
T30E0 023:124.798 - 0.518ms returns FALSE
T30E0 023:124.890 JLINK_IsHalted()
T30E0 023:125.274 - 0.384ms returns FALSE
T30E0 023:233.576 JLINK_IsHalted()
T30E0 023:234.190 - 0.614ms returns FALSE
T30E0 023:234.256 JLINK_IsHalted()
T30E0 023:234.678 - 0.422ms returns FALSE
T30E0 023:343.370 JLINK_IsHalted()
T30E0 023:343.930 - 0.559ms returns FALSE
T30E0 023:343.996 JLINK_IsHalted()
T30E0 023:344.446 - 0.450ms returns FALSE
T30E0 023:453.060 JLINK_IsHalted()
T30E0 023:453.598 - 0.538ms returns FALSE
T30E0 023:453.680 JLINK_IsHalted()
T30E0 023:454.058 - 0.376ms returns FALSE
T30E0 023:562.452 JLINK_IsHalted()
T30E0 023:563.010 - 0.556ms returns FALSE
T30E0 023:563.076 JLINK_IsHalted()
T30E0 023:563.500 - 0.420ms returns FALSE
T30E0 023:671.084 JLINK_IsHalted()
T30E0 023:671.800 - 0.714ms returns FALSE
T30E0 023:671.868 JLINK_IsHalted()
T30E0 023:672.232 - 0.364ms returns FALSE
T30E0 023:780.620 JLINK_IsHalted()
T30E0 023:781.198 - 0.578ms returns FALSE
T30E0 023:781.264 JLINK_IsHalted()
T30E0 023:781.692 - 0.427ms returns FALSE
T30E0 023:889.790 JLINK_IsHalted()
T30E0 023:890.332 - 0.541ms returns FALSE
T30E0 023:890.380 JLINK_IsHalted()
T30E0 023:890.718 - 0.335ms returns FALSE
T30E0 023:999.188 JLINK_IsHalted()
T30E0 023:999.798 - 0.611ms returns FALSE
T30E0 023:999.864 JLINK_IsHalted()
T30E0 024:000.262 - 0.397ms returns FALSE
T30E0 024:109.468 JLINK_IsHalted()
T30E0 024:109.904 - 0.434ms returns FALSE
T30E0 024:109.960 JLINK_IsHalted()
T30E0 024:110.386 - 0.425ms returns FALSE
T30E0 024:218.272 JLINK_IsHalted()
T30E0 024:218.858 - 0.586ms returns FALSE
T30E0 024:218.924 JLINK_IsHalted()
T30E0 024:219.354 - 0.429ms returns FALSE
T30E0 024:327.554 JLINK_IsHalted()
T30E0 024:328.146 - 0.591ms returns FALSE
T30E0 024:328.212 JLINK_IsHalted()
T30E0 024:328.620 - 0.406ms returns FALSE
T30E0 024:437.058 JLINK_IsHalted()
T30E0 024:437.668 - 0.609ms returns FALSE
T30E0 024:437.742 JLINK_IsHalted()
T30E0 024:438.166 - 0.424ms returns FALSE
T30E0 024:546.526 JLINK_IsHalted()
T30E0 024:547.070 - 0.543ms returns FALSE
T30E0 024:547.150 JLINK_IsHalted()
T30E0 024:547.522 - 0.370ms returns FALSE
T30E0 024:656.052 JLINK_IsHalted()
T30E0 024:656.604 - 0.549ms returns FALSE
T30E0 024:656.672 JLINK_IsHalted()
T30E0 024:657.076 - 0.403ms returns FALSE
T30E0 024:765.568 JLINK_IsHalted()
T30E0 024:766.100 - 0.532ms returns FALSE
T30E0 024:766.146 JLINK_IsHalted()
T30E0 024:766.538 - 0.391ms returns FALSE
T30E0 024:874.482 JLINK_IsHalted()
T30E0 024:874.998 - 0.516ms returns FALSE
T30E0 024:875.060 JLINK_IsHalted()
T30E0 024:875.428 - 0.366ms returns FALSE
T30E0 024:983.994 JLINK_IsHalted()
T30E0 024:984.482 - 0.487ms returns FALSE
T30E0 024:984.534 JLINK_IsHalted()
T30E0 024:984.882 - 0.346ms returns FALSE
T30E0 025:093.670 JLINK_IsHalted()
T30E0 025:094.254 - 0.583ms returns FALSE
T30E0 025:094.316 JLINK_IsHalted()
T30E0 025:094.698 - 0.379ms returns FALSE
T30E0 025:202.272 JLINK_IsHalted()
T30E0 025:202.876 - 0.602ms returns FALSE
T30E0 025:202.948 JLINK_IsHalted()
T30E0 025:203.378 - 0.427ms returns FALSE
T30E0 025:312.192 JLINK_IsHalted()
T30E0 025:312.810 - 0.616ms returns FALSE
T30E0 025:312.874 JLINK_IsHalted()
T30E0 025:313.292 - 0.419ms returns FALSE
T30E0 025:421.766 JLINK_IsHalted()
T30E0 025:422.348 - 0.580ms returns FALSE
T30E0 025:422.412 JLINK_IsHalted()
T30E0 025:422.834 - 0.421ms returns FALSE
T30E0 025:530.590 JLINK_IsHalted()
T30E0 025:531.172 - 0.581ms returns FALSE
T30E0 025:531.244 JLINK_IsHalted()
T30E0 025:531.660 - 0.418ms returns FALSE
T30E0 025:640.134 JLINK_IsHalted()
T30E0 025:640.632 - 0.497ms returns FALSE
T30E0 025:640.694 JLINK_IsHalted()
T30E0 025:641.086 - 0.391ms returns FALSE
T30E0 025:749.556 JLINK_IsHalted()
T30E0 025:750.096 - 0.539ms returns FALSE
T30E0 025:750.152 JLINK_IsHalted()
T30E0 025:750.538 - 0.383ms returns FALSE
T30E0 025:859.264 JLINK_IsHalted()
T30E0 025:859.856 - 0.590ms returns FALSE
T30E0 025:859.936 JLINK_IsHalted()
T30E0 025:860.356 - 0.420ms returns FALSE
T30E0 025:968.170 JLINK_IsHalted()
T30E0 025:969.744 - 1.574ms returns FALSE
T30E0 025:969.822 JLINK_IsHalted()
T30E0 025:970.858 - 1.033ms returns FALSE
T30E0 026:078.202 JLINK_IsHalted()
T30E0 026:079.540 - 1.336ms returns FALSE
T30E0 026:079.620 JLINK_IsHalted()
T30E0 026:080.692 - 1.071ms returns FALSE
T30E0 026:186.774 JLINK_IsHalted()
T30E0 026:188.276 - 1.499ms returns FALSE
T30E0 026:188.380 JLINK_IsHalted()
T30E0 026:190.426 - 2.045ms returns FALSE
T30E0 026:296.252 JLINK_IsHalted()
T30E0 026:297.016 - 0.764ms returns FALSE
T30E0 026:297.092 JLINK_IsHalted()
T30E0 026:298.148 - 1.056ms returns FALSE
T30E0 026:405.630 JLINK_IsHalted()
T30E0 026:406.784 - 1.153ms returns FALSE
T30E0 026:406.864 JLINK_IsHalted()
T30E0 026:407.886 - 1.022ms returns FALSE
T30E0 026:515.008 JLINK_IsHalted()
T30E0 026:516.314 - 1.305ms returns FALSE
T30E0 026:516.382 JLINK_IsHalted()
T30E0 026:518.480 - 2.095ms returns FALSE
T30E0 026:624.576 JLINK_IsHalted()
T30E0 026:625.284 - 0.708ms returns FALSE
T30E0 026:625.368 JLINK_IsHalted()
T30E0 026:626.408 - 1.039ms returns FALSE
T30E0 026:734.336 JLINK_IsHalted()
T30E0 026:735.876 - 1.539ms returns FALSE
T30E0 026:735.940 JLINK_IsHalted()
T30E0 026:737.994 - 2.052ms returns FALSE
T30E0 026:843.188 JLINK_IsHalted()
T30E0 026:844.550 - 1.362ms returns FALSE
T30E0 026:844.624 JLINK_IsHalted()
T30E0 026:845.692 - 1.065ms returns FALSE
T30E0 026:952.348 JLINK_IsHalted()
T30E0 026:953.548 - 1.198ms returns FALSE
T30E0 026:953.606 JLINK_IsHalted()
T30E0 026:954.692 - 1.084ms returns FALSE
T30E0 027:062.220 JLINK_IsHalted()
T30E0 027:063.434 - 1.210ms returns FALSE
T30E0 027:063.492 JLINK_IsHalted()
T30E0 027:064.550 - 1.058ms returns FALSE
T30E0 027:171.268 JLINK_IsHalted()
T30E0 027:172.260 - 0.990ms returns FALSE
T30E0 027:172.336 JLINK_IsHalted()
T30E0 027:173.380 - 1.041ms returns FALSE
T30E0 027:280.410 JLINK_IsHalted()
T30E0 027:281.024 - 0.612ms returns FALSE
T30E0 027:281.088 JLINK_IsHalted()
T30E0 027:282.156 - 1.068ms returns FALSE
T30E0 027:390.644 JLINK_IsHalted()
T30E0 027:391.690 - 1.043ms returns FALSE
T30E0 027:391.754 JLINK_IsHalted()
T30E0 027:392.796 - 1.042ms returns FALSE
T30E0 027:499.546 JLINK_IsHalted()
T30E0 027:501.508 - 1.961ms returns FALSE
T30E0 027:501.580 JLINK_IsHalted()
T30E0 027:502.698 - 1.114ms returns FALSE
T30E0 027:608.694 JLINK_IsHalted()
T30E0 027:610.138 - 1.444ms returns FALSE
T30E0 027:610.204 JLINK_IsHalted()
T30E0 027:611.286 - 1.081ms returns FALSE
T30E0 027:718.080 JLINK_IsHalted()
T30E0 027:719.188 - 1.104ms returns FALSE
T30E0 027:719.258 JLINK_IsHalted()
T30E0 027:720.228 - 0.968ms returns FALSE
T30E0 027:827.274 JLINK_IsHalted()
T30E0 027:827.850 - 0.575ms returns FALSE
T30E0 027:827.914 JLINK_IsHalted()
T30E0 027:828.992 - 1.078ms returns FALSE
T30E0 027:937.402 JLINK_IsHalted()
T30E0 027:937.930 - 0.525ms returns FALSE
T30E0 027:937.996 JLINK_IsHalted()
T30E0 027:939.066 - 1.070ms returns FALSE
T30E0 028:046.068 JLINK_IsHalted()
T30E0 028:047.482 - 1.413ms returns FALSE
T30E0 028:047.574 JLINK_IsHalted()
T30E0 028:048.588 - 1.012ms returns FALSE
T30E0 028:156.102 JLINK_IsHalted()
T30E0 028:157.430 - 1.325ms returns FALSE
T30E0 028:157.530 JLINK_IsHalted()
T30E0 028:158.524 - 0.993ms returns FALSE
T30E0 028:265.222 JLINK_IsHalted()
T30E0 028:266.336 - 1.112ms returns FALSE
T30E0 028:266.416 JLINK_IsHalted()
T30E0 028:267.476 - 1.060ms returns FALSE
T30E0 028:374.436 JLINK_IsHalted()
T30E0 028:375.156 - 0.721ms returns FALSE
T30E0 028:375.222 JLINK_IsHalted()
T30E0 028:376.256 - 1.032ms returns FALSE
T30E0 028:484.444 JLINK_IsHalted()
T30E0 028:485.690 - 1.245ms returns FALSE
T30E0 028:485.740 JLINK_IsHalted()
T30E0 028:486.790 - 1.050ms returns FALSE
T30E0 028:593.708 JLINK_IsHalted()
T30E0 028:594.534 - 0.825ms returns FALSE
T30E0 028:594.598 JLINK_IsHalted()
T30E0 028:595.732 - 1.132ms returns FALSE
T30E0 028:703.014 JLINK_IsHalted()
T30E0 028:704.342 - 1.324ms returns FALSE
T30E0 028:704.428 JLINK_IsHalted()
T30E0 028:705.444 - 1.014ms returns FALSE
T30E0 028:812.452 JLINK_IsHalted()
T30E0 028:813.882 - 1.427ms returns FALSE
T30E0 028:813.940 JLINK_IsHalted()
T30E0 028:815.018 - 1.075ms returns FALSE
T30E0 028:921.866 JLINK_IsHalted()
T30E0 028:922.954 - 1.088ms returns FALSE
T30E0 028:923.014 JLINK_IsHalted()
T30E0 028:924.116 - 1.097ms returns FALSE
T30E0 029:030.812 JLINK_IsHalted()
T30E0 029:031.924 - 1.107ms returns FALSE
T30E0 029:031.996 JLINK_IsHalted()
T30E0 029:033.046 - 1.047ms returns FALSE
T30E0 029:139.846 JLINK_IsHalted()
T30E0 029:140.652 - 0.806ms returns FALSE
T30E0 029:140.742 JLINK_IsHalted()
T30E0 029:141.780 - 1.037ms returns FALSE
T30E0 029:249.808 JLINK_IsHalted()
T30E0 029:250.630 - 0.820ms returns FALSE
T30E0 029:250.694 JLINK_IsHalted()
T30E0 029:251.724 - 1.029ms returns FALSE
T30E0 029:358.928 JLINK_IsHalted()
T30E0 029:360.262 - 1.333ms returns FALSE
T30E0 029:360.336 JLINK_IsHalted()
T30E0 029:361.380 - 1.043ms returns FALSE
T30E0 029:468.548 JLINK_IsHalted()
T30E0 029:469.994 - 1.444ms returns FALSE
T30E0 029:470.064 JLINK_IsHalted()
T30E0 029:471.040 - 0.976ms returns FALSE
T30E0 029:577.764 JLINK_IsHalted()
T30E0 029:578.618 - 0.853ms returns FALSE
T30E0 029:578.688 JLINK_IsHalted()
T30E0 029:579.744 - 1.055ms returns FALSE
T30E0 029:687.548 JLINK_IsHalted()
T30E0 029:688.550 - 1.000ms returns FALSE
T30E0 029:688.640 JLINK_IsHalted()
T30E0 029:689.676 - 1.036ms returns FALSE
T30E0 029:796.060 JLINK_IsHalted()
T30E0 029:797.148 - 1.084ms returns FALSE
T30E0 029:797.210 JLINK_IsHalted()
T30E0 029:798.276 - 1.063ms returns FALSE
T30E0 029:906.036 JLINK_IsHalted()
T30E0 029:906.916 - 0.876ms returns FALSE
T30E0 029:906.980 JLINK_IsHalted()
T30E0 029:908.010 - 1.029ms returns FALSE
T30E0 030:015.366 JLINK_IsHalted()
T30E0 030:016.724 - 1.354ms returns FALSE
T30E0 030:016.796 JLINK_IsHalted()
T30E0 030:017.882 - 1.084ms returns FALSE
T30E0 030:125.050 JLINK_IsHalted()
T30E0 030:126.294 - 1.246ms returns FALSE
T30E0 030:126.380 JLINK_IsHalted()
T30E0 030:127.392 - 1.011ms returns FALSE
T30E0 030:233.676 JLINK_IsHalted()
T30E0 030:234.580 - 0.901ms returns FALSE
T30E0 030:234.660 JLINK_IsHalted()
T30E0 030:235.696 - 1.034ms returns FALSE
T30E0 030:342.960 JLINK_IsHalted()
T30E0 030:343.908 - 0.944ms returns FALSE
T30E0 030:343.980 JLINK_IsHalted()
T30E0 030:346.052 - 2.068ms returns FALSE
T30E0 030:452.436 JLINK_IsHalted()
T30E0 030:453.444 - 1.005ms returns FALSE
T30E0 030:453.514 JLINK_IsHalted()
T30E0 030:454.480 - 0.965ms returns FALSE
T30E0 030:561.684 JLINK_IsHalted()
T30E0 030:562.780 - 1.094ms returns FALSE
T30E0 030:562.858 JLINK_IsHalted()
T30E0 030:563.898 - 1.039ms returns FALSE
T30E0 030:671.478 JLINK_IsHalted()
T30E0 030:672.278 - 0.798ms returns FALSE
T30E0 030:672.356 JLINK_IsHalted()
T30E0 030:673.382 - 1.027ms returns FALSE
T30E0 030:780.870 JLINK_IsHalted()
T30E0 030:781.910 - 1.038ms returns FALSE
T30E0 030:781.962 JLINK_IsHalted()
T30E0 030:782.982 - 1.022ms returns FALSE
T30E0 030:889.898 JLINK_IsHalted()
T30E0 030:891.472 - 1.571ms returns FALSE
T30E0 030:891.562 JLINK_IsHalted()
T30E0 030:892.464 - 0.902ms returns FALSE
T30E0 030:999.740 JLINK_IsHalted()
T30E0 031:000.324 - 0.583ms returns FALSE
T30E0 031:000.364 JLINK_IsHalted()
T30E0 031:001.450 - 1.084ms returns FALSE
T30E0 031:109.072 JLINK_IsHalted()
T30E0 031:110.566 - 1.495ms returns FALSE
T30E0 031:110.614 JLINK_IsHalted()
T30E0 031:111.642 - 1.025ms returns FALSE
T30E0 031:218.388 JLINK_IsHalted()
T30E0 031:219.542 - 1.156ms returns FALSE
T30E0 031:219.606 JLINK_IsHalted()
T30E0 031:220.646 - 1.038ms returns FALSE
T30E0 031:327.862 JLINK_IsHalted()
T30E0 031:328.932 - 1.066ms returns FALSE
T30E0 031:329.012 JLINK_IsHalted()
T30E0 031:330.032 - 1.020ms returns FALSE
T30E0 031:437.098 JLINK_IsHalted()
T30E0 031:438.790 - 1.695ms returns FALSE
T30E0 031:438.860 JLINK_IsHalted()
T30E0 031:439.924 - 1.060ms returns FALSE
T30E0 031:546.566 JLINK_IsHalted()
T30E0 031:547.708 - 1.142ms returns FALSE
T30E0 031:547.776 JLINK_IsHalted()
T30E0 031:548.864 - 1.087ms returns FALSE
T30E0 031:656.260 JLINK_IsHalted()
T30E0 031:657.606 - 1.345ms returns FALSE
T30E0 031:657.654 JLINK_IsHalted()
T30E0 031:658.692 - 1.035ms returns FALSE
T30E0 031:765.716 JLINK_IsHalted()
T30E0 031:766.772 - 1.055ms returns FALSE
T30E0 031:766.828 JLINK_IsHalted()
T30E0 031:767.942 - 1.112ms returns FALSE
T30E0 031:874.902 JLINK_IsHalted()
T30E0 031:875.434 - 0.531ms returns FALSE
T30E0 031:875.472 JLINK_IsHalted()
T30E0 031:876.532 - 1.059ms returns FALSE
T30E0 031:984.096 JLINK_IsHalted()
T30E0 031:985.334 - 1.238ms returns FALSE
T30E0 031:985.392 JLINK_IsHalted()
T30E0 031:986.448 - 1.054ms returns FALSE
T30E0 032:093.780 JLINK_IsHalted()
T30E0 032:095.466 - 1.686ms returns FALSE
T30E0 032:095.542 JLINK_IsHalted()
T30E0 032:096.608 - 1.064ms returns FALSE
T30E0 032:203.050 JLINK_IsHalted()
T30E0 032:203.574 - 0.522ms returns FALSE
T30E0 032:203.660 JLINK_IsHalted()
T30E0 032:204.662 - 1.002ms returns FALSE
T30E0 032:311.852 JLINK_IsHalted()
T30E0 032:312.714 - 0.860ms returns FALSE
T30E0 032:312.762 JLINK_IsHalted()
T30E0 032:313.812 - 1.050ms returns FALSE
T30E0 032:421.094 JLINK_IsHalted()
T30E0 032:421.802 - 0.706ms returns FALSE
T30E0 032:421.846 JLINK_IsHalted()
T30E0 032:422.900 - 1.052ms returns FALSE
T30E0 032:531.116 JLINK_IsHalted()
T30E0 032:532.570 - 1.451ms returns FALSE
T30E0 032:532.614 JLINK_IsHalted()
T30E0 032:534.678 - 2.063ms returns FALSE
T30E0 032:640.084 JLINK_IsHalted()
T30E0 032:640.684 - 0.601ms returns FALSE
T30E0 032:640.730 JLINK_IsHalted()
T30E0 032:641.796 - 1.065ms returns FALSE
T30E0 032:749.194 JLINK_IsHalted()
T30E0 032:749.884 - 0.691ms returns FALSE
T30E0 032:749.930 JLINK_IsHalted()
T30E0 032:751.024 - 1.094ms returns FALSE
T30E0 032:858.822 JLINK_IsHalted()
T30E0 032:859.776 - 0.952ms returns FALSE
T30E0 032:859.830 JLINK_IsHalted()
T30E0 032:860.908 - 1.079ms returns FALSE
T30E0 032:968.820 JLINK_IsHalted()
T30E0 032:970.070 - 1.247ms returns FALSE
T30E0 032:970.148 JLINK_IsHalted()
T30E0 032:971.226 - 1.079ms returns FALSE
T30E0 033:077.898 JLINK_IsHalted()
T30E0 033:079.344 - 1.446ms returns FALSE
T30E0 033:079.408 JLINK_IsHalted()
T30E0 033:080.378 - 0.968ms returns FALSE
T30E0 033:186.928 JLINK_IsHalted()
T30E0 033:188.634 - 1.705ms returns FALSE
T30E0 033:188.676 JLINK_IsHalted()
T30E0 033:189.748 - 1.069ms returns FALSE
T30E0 033:296.268 JLINK_IsHalted()
T30E0 033:297.532 - 1.262ms returns FALSE
T30E0 033:297.572 JLINK_IsHalted()
T30E0 033:298.630 - 1.057ms returns FALSE
T30E0 033:405.820 JLINK_IsHalted()
T30E0 033:406.678 - 0.856ms returns FALSE
T30E0 033:406.730 JLINK_IsHalted()
T30E0 033:407.770 - 1.040ms returns FALSE
T30E0 033:515.668 JLINK_IsHalted()
T30E0 033:516.582 - 0.912ms returns FALSE
T30E0 033:516.630 JLINK_IsHalted()
T30E0 033:517.686 - 1.054ms returns FALSE
T30E0 033:624.120 JLINK_IsHalted()
T30E0 033:625.440 - 1.322ms returns FALSE
T30E0 033:625.516 JLINK_IsHalted()
T30E0 033:627.576 - 2.055ms returns FALSE
T30E0 033:734.260 JLINK_IsHalted()
T30E0 033:735.444 - 1.183ms returns FALSE
T30E0 033:735.516 JLINK_IsHalted()
T30E0 033:736.544 - 1.027ms returns FALSE
T30E0 033:843.092 JLINK_IsHalted()
T30E0 033:843.704 - 0.611ms returns FALSE
T30E0 033:843.776 JLINK_IsHalted()
T30E0 033:844.892 - 1.115ms returns FALSE
T30E0 033:952.376 JLINK_IsHalted()
T30E0 033:953.076 - 0.696ms returns FALSE
T30E0 033:953.120 JLINK_IsHalted()
T30E0 033:954.232 - 1.113ms returns FALSE
T30E0 034:062.544 JLINK_IsHalted()
T30E0 034:063.092 - 0.548ms returns FALSE
T30E0 034:063.128 JLINK_IsHalted()
T30E0 034:064.260 - 1.129ms returns FALSE
T30E0 034:171.924 JLINK_IsHalted()
T30E0 034:173.256 - 1.334ms returns FALSE
T30E0 034:173.336 JLINK_IsHalted()
T30E0 034:174.360 - 1.022ms returns FALSE
T30E0 034:280.396 JLINK_IsHalted()
T30E0 034:281.416 - 1.019ms returns FALSE
T30E0 034:281.460 JLINK_IsHalted()
T30E0 034:282.528 - 1.070ms returns FALSE
T30E0 034:390.396 JLINK_IsHalted()
T30E0 034:391.640 - 1.241ms returns FALSE
T30E0 034:391.716 JLINK_IsHalted()
T30E0 034:392.752 - 1.035ms returns FALSE
T30E0 034:499.820 JLINK_IsHalted()
T30E0 034:500.620 - 0.798ms returns FALSE
T30E0 034:500.704 JLINK_IsHalted()
T30E0 034:501.708 - 1.002ms returns FALSE
T30E0 034:609.284 JLINK_IsHalted()
T30E0 034:610.460 - 1.176ms returns FALSE
T30E0 034:610.524 JLINK_IsHalted()
T30E0 034:612.592 - 2.067ms returns FALSE
T30E0 034:718.040 JLINK_IsHalted()
T30E0 034:718.532 - 0.492ms returns FALSE
T30E0 034:718.592 JLINK_IsHalted()
T30E0 034:719.624 - 1.033ms returns FALSE
T30E0 034:827.756 JLINK_IsHalted()
T30E0 034:828.692 - 0.933ms returns FALSE
T30E0 034:828.752 JLINK_IsHalted()
T30E0 034:829.788 - 1.037ms returns FALSE
T30E0 034:937.240 JLINK_IsHalted()
T30E0 034:938.336 - 1.097ms returns FALSE
T30E0 034:938.392 JLINK_IsHalted()
T30E0 034:940.456 - 2.065ms returns FALSE
T30E0 035:046.756 JLINK_IsHalted()
T30E0 035:047.272 - 0.517ms returns FALSE
T30E0 035:047.320 JLINK_IsHalted()
T30E0 035:048.384 - 1.060ms returns FALSE
T30E0 035:156.376 JLINK_IsHalted()
T30E0 035:157.300 - 0.920ms returns FALSE
T30E0 035:157.368 JLINK_IsHalted()
T30E0 035:158.392 - 1.027ms returns FALSE
T30E0 035:264.876 JLINK_IsHalted()
T30E0 035:265.656 - 0.782ms returns FALSE
T30E0 035:265.692 JLINK_IsHalted()
T30E0 035:266.784 - 1.092ms returns FALSE
T30E0 035:374.248 JLINK_IsHalted()
T30E0 035:375.548 - 1.301ms returns FALSE
T30E0 035:375.596 JLINK_IsHalted()
T30E0 035:376.652 - 1.056ms returns FALSE
T30E0 035:484.024 JLINK_IsHalted()
T30E0 035:488.728 - 4.699ms returns TRUE
T30E0 035:488.792 JLINK_ReadReg(XPSR)
T30E0 035:488.804   CPU_ReadMem(4 bytes @ 0xE000EE08)
T30E0 035:489.736 - 0.946ms returns 0xF9000000
T30E0 035:489.788 JLINK_ReadReg(R15 (PC))
T30E0 035:489.800 - 0.017ms returns 0x020D152C
T30E0 035:489.832 JLINK_ReadReg(XPSR)
T30E0 035:489.840 - 0.006ms returns 0xF9000000
T30E0 035:489.848 JLINK_ReadReg(XPSR)
T30E0 035:489.852 - 0.005ms returns 0xF9000000
T30E0 035:489.860 JLINK_ReadReg(R15 (PC))
T30E0 035:489.864 - 0.005ms returns 0x020D152C
T30E0 035:489.876 JLINK_ReadReg(XPSR)
T30E0 035:489.880 - 0.005ms returns 0xF9000000
T30E0 035:489.888 JLINK_ReadMem(0x020D152C, 0x1 Bytes, ...)
T30E0 035:489.900   CPU_ReadMem(64 bytes @ 0x020D1500)
T30E0 035:491.288    -- Updating C cache (64 bytes @ 0x020D1500)
T30E0 035:491.304    -- Read from C cache (1 bytes @ 0x020D152C)
T30E0 035:491.316   Data:  00
T30E0 035:491.320 - 1.434ms returns 0
T30E0 035:491.368 JLINK_IsHalted()
T30E0 035:491.376 - 0.006ms returns TRUE
T30E0 035:491.392 JLINK_ReadReg(XPSR)
T30E0 035:491.400 - 0.006ms returns 0xF9000000
T30E0 035:491.404 JLINK_ReadReg(XPSR)
T30E0 035:491.408 - 0.005ms returns 0xF9000000
T30E0 035:491.416 JLINK_ReadReg(R15 (PC))
T30E0 035:491.420 - 0.005ms returns 0x020D152C
T30E0 035:491.432 JLINK_ReadReg(XPSR)
T30E0 035:491.436 - 0.005ms returns 0xF9000000
T30E0 035:491.444 JLINK_ReadMem(0x020D152C, 0x1 Bytes, ...)
T30E0 035:491.448    -- Read from C cache (1 bytes @ 0x020D152C)
T30E0 035:491.460   Data:  00
T30E0 035:491.464 - 0.022ms returns 0
T30E0 035:491.520 JLINK_IsHalted()
T30E0 035:491.524 - 0.005ms returns TRUE
T30E0 035:491.528 JLINK_ReadReg(XPSR)
T30E0 035:491.536 - 0.005ms returns 0xF9000000
T30E0 035:491.544 JLINK_ReadReg(R15 (PC))
T30E0 035:491.544 - 0.005ms returns 0x020D152C
T30E0 035:491.560 JLINK_ReadReg(XPSR)
T30E0 035:491.564 - 0.005ms returns 0xF9000000
T30E0 035:491.572 JLINK_ReadReg(XPSR)
T30E0 035:491.576 - 0.005ms returns 0xF9000000
T30E0 035:491.580 JLINK_ReadReg(R15 (PC))
T30E0 035:491.588 - 0.005ms returns 0x020D152C
T30E0 035:491.596 JLINK_ReadReg(XPSR)
T30E0 035:491.604 - 0.005ms returns 0xF9000000
T30E0 035:491.608 JLINK_ReadMem(0x020D152C, 0x1 Bytes, ...)
T30E0 035:491.616    -- Read from C cache (1 bytes @ 0x020D152C)
T30E0 035:491.624   Data:  00
T30E0 035:491.628 - 0.020ms returns 0
T30E0 035:491.636 JLINK_IsHalted()
T30E0 035:491.640 - 0.004ms returns TRUE
T30E0 035:491.652 JLINK_ReadReg(XPSR)
T30E0 035:491.656 - 0.005ms returns 0xF9000000
T30E0 035:491.664 JLINK_ReadReg(XPSR)
T30E0 035:491.668 - 0.005ms returns 0xF9000000
T30E0 035:491.672 JLINK_ReadReg(R15 (PC))
T30E0 035:491.680 - 0.005ms returns 0x020D152C
T30E0 035:491.688 JLINK_ReadReg(XPSR)
T30E0 035:491.696 - 0.005ms returns 0xF9000000
T30E0 035:491.704 JLINK_ReadMem(0x020D152C, 0x1 Bytes, ...)
T30E0 035:491.708    -- Read from C cache (1 bytes @ 0x020D152C)
T30E0 035:491.716   Data:  00
T30E0 035:491.720 - 0.019ms returns 0
T30E0 035:491.736 JLINK_ReadMem(0x221413DC, 0x4 Bytes, ...)
T30E0 035:491.740   CPU_ReadMem(4 bytes @ 0x221413DC)
T30E0 035:492.420   Data:  03 00 00 00
T30E0 035:492.440 - 0.707ms returns 0
T30E0 035:492.512 JLINK_ReadMem(0x221413B8, 0x4 Bytes, ...)
T30E0 035:492.524   CPU_ReadMem(4 bytes @ 0x221413B8)
T30E0 035:493.548   Data:  24 0E 14 22
T30E0 035:493.564 - 1.051ms returns 0
T30E0 035:493.612 JLINK_ReadMem(0x020D3FA8, 0x4 Bytes, ...)
T30E0 035:493.624   CPU_ReadMem(64 bytes @ 0x020D3F80)
T30E0 035:495.004    -- Updating C cache (64 bytes @ 0x020D3F80)
T30E0 035:495.016    -- Read from C cache (4 bytes @ 0x020D3FA8)
T30E0 035:495.028   Data:  04 00 00 00
T30E0 035:495.032 - 1.422ms returns 0
T30E0 035:495.080 JLINK_ReadMem(0x221413C0, 0x4 Bytes, ...)
T30E0 035:495.092   CPU_ReadMem(4 bytes @ 0x221413C0)
T30E0 035:496.124   Data:  01 00 00 00
T30E0 035:496.136 - 1.054ms returns 0
T30E0 035:496.864 JLINK_ReadMem(0x221413DC, 0x4 Bytes, ...)
T30E0 035:496.884   CPU_ReadMem(4 bytes @ 0x221413DC)
T30E0 035:498.348   Data:  03 00 00 00
T30E0 035:498.364 - 1.500ms returns 0
T30E0 035:498.408 JLINK_ReadMem(0x221413B8, 0x4 Bytes, ...)
T30E0 035:498.420   CPU_ReadMem(4 bytes @ 0x221413B8)
T30E0 035:499.464   Data:  24 0E 14 22
T30E0 035:499.480 - 1.073ms returns 0
T30E0 035:499.552 JLINK_ReadMem(0x020D3FA8, 0x4 Bytes, ...)
T30E0 035:499.564    -- Read from C cache (4 bytes @ 0x020D3FA8)
T30E0 035:499.576   Data:  04 00 00 00
T30E0 035:499.580 - 0.029ms returns 0
T30E0 035:499.592 JLINK_ReadMem(0x221413C0, 0x4 Bytes, ...)
T30E0 035:499.600   CPU_ReadMem(4 bytes @ 0x221413C0)
T30E0 035:500.584   Data:  01 00 00 00
T30E0 035:500.592 - 1.002ms returns 0
T30E0 035:500.648 JLINK_ReadRegs(NumRegs = 20)
T30E0 035:500.672   
  R0 (0)        = 0x00                 R1 (1)        = 0x00                 R2 (2)        = 0x00                 R3 (3)        = 0x00              
  R4 (4)        = 0x00                 R5 (5)        = 0x00                 R6 (6)        = 0x00                 R7 (7)        = 0x00              
  R8 (8)        = 0xA5A5A5A5           R9 (9)        = 0xA5A5A5A5           R10 (10)      = 0xA5A5A5A5           R11 (11)      = 0xA5A5A5A5        
  R12 (12)      = 0x2214147C           R13 (SP) (13) = 0x22140400           R14 (14)      = 0xFFFFFFFF           R15 (PC) (15) = 0x20D152C         
  XPSR (16)     = 0xF9000000           MSPLIM (86)   = 0x00                 PSPLIM (87)   = 0x00                 CFBP (20)     = 0x00              
T30E0 035:500.680 - 0.034ms returns 0x00
T30E0 035:503.888 JLINK_ReadMem(0x221413DC, 0x4 Bytes, ...)
T30E0 035:503.912   CPU_ReadMem(4 bytes @ 0x221413DC)
T30E0 035:504.484   Data:  03 00 00 00
T30E0 035:504.496 - 0.608ms returns 0
T30E0 035:504.536 JLINK_ReadMem(0x221413B8, 0x4 Bytes, ...)
T30E0 035:504.548   CPU_ReadMem(4 bytes @ 0x221413B8)
T30E0 035:505.600   Data:  24 0E 14 22
T30E0 035:505.620 - 1.082ms returns 0
T30E0 035:505.664 JLINK_ReadMem(0x020D3FA8, 0x4 Bytes, ...)
T30E0 035:505.672    -- Read from C cache (4 bytes @ 0x020D3FA8)
T30E0 035:505.684   Data:  04 00 00 00
T30E0 035:505.692 - 0.027ms returns 0
T30E0 035:505.700 JLINK_ReadMem(0x221413C0, 0x4 Bytes, ...)
T30E0 035:505.708   CPU_ReadMem(4 bytes @ 0x221413C0)
T30E0 035:506.716   Data:  01 00 00 00
T30E0 035:506.736 - 1.034ms returns 0
T30E0 035:506.776 JLINK_ReadMem(0x221413DC, 0x4 Bytes, ...)
T30E0 035:506.792   CPU_ReadMem(4 bytes @ 0x221413DC)
T30E0 035:507.864   Data:  03 00 00 00
T30E0 035:507.880 - 1.098ms returns 0
T30E0 035:507.916 JLINK_ReadMem(0x221413B8, 0x4 Bytes, ...)
T30E0 035:507.928   CPU_ReadMem(4 bytes @ 0x221413B8)
T30E0 035:508.956   Data:  24 0E 14 22
T30E0 035:508.968 - 1.049ms returns 0
T30E0 035:509.000 JLINK_ReadMem(0x020D3FA8, 0x4 Bytes, ...)
T30E0 035:509.008    -- Read from C cache (4 bytes @ 0x020D3FA8)
T30E0 035:509.016   Data:  04 00 00 00
T30E0 035:509.024 - 0.022ms returns 0
T30E0 035:509.032 JLINK_ReadMem(0x221413C0, 0x4 Bytes, ...)
T30E0 035:509.036   CPU_ReadMem(4 bytes @ 0x221413C0)
T30E0 035:511.088   Data:  01 00 00 00
T30E0 035:511.096 - 2.066ms returns 0
T30E0 035:511.656 JLINK_ReadMem(0xE000EDF0, 0x4 Bytes, ...)
T30E0 035:511.672   CPU_ReadMem(4 bytes @ 0xE000EDF0)
T30E0 035:512.240   Data:  03 00 13 00
T30E0 035:512.260   Debug reg: DHCSR
T30E0 035:512.268 - 0.609ms returns 0
T30E0 035:512.828 JLINK_ReadMem(0x020D152C, 0x4 Bytes, ...)
T30E0 035:512.848    -- Read from C cache (4 bytes @ 0x020D152C)
T30E0 035:512.856   Data:  00 F0 06 F8
T30E0 035:512.864 - 0.036ms returns 0
T6384 035:515.688 JLINK_ReadReg(XPSR)
T6384 035:515.728 - 0.040ms returns 0xF9000000
T6384 035:515.736 JLINK_ReadReg(R15 (PC))
T6384 035:515.748 - 0.009ms returns 0x020D152C
T6384 035:515.920 JLINK_IsHalted()
T6384 035:515.932 - 0.014ms returns TRUE
T6384 035:515.940 JLINK_ReadReg(XPSR)
T6384 035:515.944 - 0.006ms returns 0xF9000000
T6384 035:515.952 JLINK_ReadReg(R15 (PC))
T6384 035:515.956 - 0.004ms returns 0x020D152C
T6384 035:515.976 JLINK_ReadReg(XPSR)
T6384 035:515.980 - 0.004ms returns 0xF9000000
T6384 035:515.984 JLINK_ReadReg(XPSR)
T6384 035:515.988 - 0.004ms returns 0xF9000000
T6384 035:515.992 JLINK_ReadReg(R15 (PC))
T6384 035:515.996 - 0.004ms returns 0x020D152C
T6384 035:516.008 JLINK_ReadReg(XPSR)
T6384 035:516.008 - 0.004ms returns 0xF9000000
T6384 035:516.016 JLINK_ReadMem(0x020D152C, 0x1 Bytes, ...)
T6384 035:516.032    -- Read from C cache (1 bytes @ 0x020D152C)
T6384 035:516.040   Data:  00
T6384 035:516.044 - 0.029ms returns 0
T6384 035:516.048 JLINK_IsHalted()
T6384 035:516.056 - 0.003ms returns TRUE
T6384 035:516.060 JLINK_ReadReg(XPSR)
T6384 035:516.068 - 0.004ms returns 0xF9000000
T6384 035:516.072 JLINK_ReadReg(XPSR)
T6384 035:516.076 - 0.004ms returns 0xF9000000
T6384 035:516.080 JLINK_ReadReg(R15 (PC))
T6384 035:516.084 - 0.004ms returns 0x020D152C
T6384 035:516.092 JLINK_ReadReg(XPSR)
T6384 035:516.096 - 0.004ms returns 0xF9000000
T6384 035:516.104 JLINK_ReadMem(0x020D152C, 0x1 Bytes, ...)
T6384 035:516.108    -- Read from C cache (1 bytes @ 0x020D152C)
T6384 035:516.112   Data:  00
T6384 035:516.120 - 0.016ms returns 0
T6384 035:516.140 JLINK_ReadMem(0xE0001000, 0x4 Bytes, ...)
T6384 035:516.148   CPU_ReadMem(4 bytes @ 0xE0001000)
T6384 035:517.108   Data:  01 00 00 40
T6384 035:517.128   Debug reg: DWT_CTRL
T6384 035:517.136 - 0.995ms returns 0
T6384 035:517.208 JLINK_WriteMem(0xE0001FB0, 0x8 Bytes, ...)
T6384 035:517.220   Data:  00 00 00 00 55 CE AC C5
T6384 035:517.480   CPU_WriteMem(8 bytes @ 0xE0001FB0)
T6384 035:518.260 - 1.048ms returns 0x8
T6384 035:518.344 JLINK_ReadMem(0xE000EDFC, 0x4 Bytes, ...)
T6384 035:518.356   CPU_ReadMem(4 bytes @ 0xE000EDFC)
T6384 035:519.384   Data:  00 00 10 01
T6384 035:519.400   Debug reg: DEMCR
T6384 035:519.412 - 1.068ms returns 0
T6384 035:522.292 JLINK_ReadMem(0xE0001004, 0x4 Bytes, ...)
T6384 035:522.324   CPU_ReadMem(4 bytes @ 0xE0001004)
T6384 035:523.352   Data:  73 0C 83 5E
T6384 035:523.376   Debug reg: DWT_CYCCNT
T6384 035:523.384 - 1.095ms returns 0
T30E0 035:529.268 JLINK_ReadMem(0x221413DC, 0x4 Bytes, ...)
T30E0 035:529.312   CPU_ReadMem(4 bytes @ 0x221413DC)
T30E0 035:530.032   Data:  03 00 00 00
T30E0 035:530.056 - 0.785ms returns 0
T30E0 035:530.120 JLINK_ReadMem(0x221413B8, 0x4 Bytes, ...)
T30E0 035:530.132   CPU_ReadMem(4 bytes @ 0x221413B8)
T30E0 035:531.136   Data:  24 0E 14 22
T30E0 035:531.156 - 1.035ms returns 0
T30E0 035:531.208 JLINK_ReadMem(0x020D3FA8, 0x4 Bytes, ...)
T30E0 035:531.220    -- Read from C cache (4 bytes @ 0x020D3FA8)
T30E0 035:531.228   Data:  04 00 00 00
T30E0 035:531.240 - 0.027ms returns 0
T30E0 035:531.244 JLINK_ReadMem(0x221413C0, 0x4 Bytes, ...)
T30E0 035:531.256   CPU_ReadMem(4 bytes @ 0x221413C0)
T30E0 035:532.248   Data:  01 00 00 00
T30E0 035:532.260 - 1.014ms returns 0
T30E0 035:532.312 JLINK_ReadMem(0x221413DC, 0x4 Bytes, ...)
T30E0 035:532.328   CPU_ReadMem(4 bytes @ 0x221413DC)
T30E0 035:534.412   Data:  03 00 00 00
T30E0 035:534.424 - 2.113ms returns 0
T30E0 035:534.472 JLINK_ReadMem(0x221413B8, 0x4 Bytes, ...)
T30E0 035:534.480   CPU_ReadMem(4 bytes @ 0x221413B8)
T30E0 035:535.512   Data:  24 0E 14 22
T30E0 035:535.528 - 1.055ms returns 0
T30E0 035:535.576 JLINK_ReadMem(0x020D3FA8, 0x4 Bytes, ...)
T30E0 035:535.584    -- Read from C cache (4 bytes @ 0x020D3FA8)
T30E0 035:535.592   Data:  04 00 00 00
T30E0 035:535.604 - 0.026ms returns 0
T30E0 035:535.608 JLINK_ReadMem(0x221413C0, 0x4 Bytes, ...)
T30E0 035:535.620   CPU_ReadMem(4 bytes @ 0x221413C0)
T30E0 035:536.616   Data:  01 00 00 00
T30E0 035:536.624 - 1.015ms returns 0
T30E0 035:537.224 JLINK_ReadMem(0x020D152C, 0x4 Bytes, ...)
T30E0 035:537.240    -- Read from C cache (4 bytes @ 0x020D152C)
T30E0 035:537.248   Data:  00 F0 06 F8
T30E0 035:537.256 - 0.029ms returns 0
T30E0 035:653.724 JLINK_ReadMem(0x221413DC, 0x4 Bytes, ...)
T30E0 035:653.772   CPU_ReadMem(4 bytes @ 0x221413DC)
T30E0 035:654.744   Data:  03 00 00 00
T30E0 035:654.764 - 1.042ms returns 0
T30E0 035:654.824 JLINK_ReadMem(0x221413B8, 0x4 Bytes, ...)
T30E0 035:654.836   CPU_ReadMem(4 bytes @ 0x221413B8)
T30E0 035:655.852   Data:  24 0E 14 22
T30E0 035:655.872 - 1.047ms returns 0
T30E0 035:655.920 JLINK_ReadMem(0x020D3FA8, 0x4 Bytes, ...)
T30E0 035:655.928    -- Read from C cache (4 bytes @ 0x020D3FA8)
T30E0 035:655.940   Data:  04 00 00 00
T30E0 035:655.944 - 0.023ms returns 0
T30E0 035:655.956 JLINK_ReadMem(0x221413C0, 0x4 Bytes, ...)
T30E0 035:655.968   CPU_ReadMem(4 bytes @ 0x221413C0)
T30E0 035:657.000   Data:  01 00 00 00
T30E0 035:657.032 - 1.072ms returns 0
T30E0 035:657.120 JLINK_ReadMem(0x221413DC, 0x4 Bytes, ...)
T30E0 035:657.140   CPU_ReadMem(4 bytes @ 0x221413DC)
T30E0 035:658.148   Data:  03 00 00 00
T30E0 035:658.176 - 1.053ms returns 0
T30E0 035:658.244 JLINK_ReadMem(0x221413B8, 0x4 Bytes, ...)
T30E0 035:658.260   CPU_ReadMem(4 bytes @ 0x221413B8)
T30E0 035:659.288   Data:  24 0E 14 22
T30E0 035:659.312 - 1.069ms returns 0
T30E0 035:659.400 JLINK_ReadMem(0x020D3FA8, 0x4 Bytes, ...)
T30E0 035:659.416    -- Read from C cache (4 bytes @ 0x020D3FA8)
T30E0 035:659.424   Data:  04 00 00 00
T30E0 035:659.432 - 0.033ms returns 0
T30E0 035:659.444 JLINK_ReadMem(0x221413C0, 0x4 Bytes, ...)
T30E0 035:659.456   CPU_ReadMem(4 bytes @ 0x221413C0)
T30E0 035:661.524   Data:  01 00 00 00
T30E0 035:661.556 - 2.109ms returns 0
T30E0 037:547.656 JLINK_ReadMem(0x221413DC, 0x4 Bytes, ...)
T30E0 037:547.688   CPU_ReadMem(4 bytes @ 0x221413DC)
T30E0 037:549.224   Data:  03 00 00 00
T30E0 037:549.256 - 1.598ms returns 0
T30E0 037:549.332 JLINK_ReadMem(0x221413B8, 0x4 Bytes, ...)
T30E0 037:549.348   CPU_ReadMem(4 bytes @ 0x221413B8)
T30E0 037:551.384   Data:  24 0E 14 22
T30E0 037:551.400 - 2.068ms returns 0
T30E0 037:551.448 JLINK_ReadMem(0x020D3FA8, 0x4 Bytes, ...)
T30E0 037:551.456    -- Read from C cache (4 bytes @ 0x020D3FA8)
T30E0 037:551.464   Data:  04 00 00 00
T30E0 037:551.476 - 0.028ms returns 0
T30E0 037:551.480 JLINK_ReadMem(0x221413C0, 0x4 Bytes, ...)
T30E0 037:551.492   CPU_ReadMem(4 bytes @ 0x221413C0)
T30E0 037:552.516   Data:  01 00 00 00
T30E0 037:552.536 - 1.053ms returns 0
T30E0 037:554.104 JLINK_ReadMem(0xE0001004, 0x4 Bytes, ...)
T30E0 037:554.124   Data:  73 0C 83 5E
T30E0 037:554.132   Debug reg: DWT_CYCCNT
T30E0 037:554.136 - 0.034ms returns 0
T30E0 037:554.144 JLINK_IsHalted()
T30E0 037:554.536 - 0.390ms returns TRUE
T30E0 037:555.768 JLINK_ReadMem(0xE0001004, 0x4 Bytes, ...)
T30E0 037:555.780   Data:  73 0C 83 5E
T30E0 037:555.784   Debug reg: DWT_CYCCNT
T30E0 037:555.792 - 0.024ms returns 0
T30E0 037:555.796 JLINK_GoEx(MaxEmulInsts = 0, Flags = 0x01)
T30E0 037:555.804   CPU_ReadMem(4 bytes @ 0xE0001000)
T30E0 037:557.908   Memory map 'after startup completion point' is active
T30E0 037:557.924 - 2.127ms 
T30E0 037:656.204 JLINK_IsHalted()
T30E0 037:657.816 - 1.609ms returns FALSE
T30E0 037:657.888 JLINK_IsHalted()
T30E0 037:660.028 - 2.141ms returns FALSE
T30E0 037:765.020 JLINK_IsHalted()
T30E0 037:766.912 - 1.891ms returns FALSE
T30E0 037:766.980 JLINK_IsHalted()
T30E0 037:769.216 - 2.237ms returns FALSE
T30E0 037:875.096 JLINK_IsHalted()
T30E0 037:877.112 - 2.017ms returns FALSE
T30E0 037:877.192 JLINK_IsHalted()
T30E0 037:879.360 - 2.165ms returns FALSE
T30E0 037:983.812 JLINK_IsHalted()
T30E0 037:985.736 - 1.926ms returns FALSE
T30E0 037:985.816 JLINK_IsHalted()
T30E0 037:986.880 - 1.067ms returns FALSE
T30E0 038:092.900 JLINK_IsHalted()
T30E0 038:094.820 - 1.919ms returns FALSE
T30E0 038:094.868 JLINK_IsHalted()
T30E0 038:097.032 - 2.163ms returns FALSE
T30E0 038:202.364 JLINK_IsHalted()
T30E0 038:204.000 - 1.637ms returns FALSE
T30E0 038:204.056 JLINK_IsHalted()
T30E0 038:206.268 - 2.216ms returns FALSE
T30E0 038:312.444 JLINK_IsHalted()
T30E0 038:314.000 - 1.555ms returns FALSE
T30E0 038:314.040 JLINK_IsHalted()
T30E0 038:316.272 - 2.233ms returns FALSE
T30E0 038:421.568 JLINK_IsHalted()
T30E0 038:423.244 - 1.677ms returns FALSE
T30E0 038:423.284 JLINK_IsHalted()
T30E0 038:425.496 - 2.214ms returns FALSE
T30E0 038:530.368 JLINK_IsHalted()
T30E0 038:532.520 - 2.152ms returns FALSE
T30E0 038:532.568 JLINK_IsHalted()
T30E0 038:533.628 - 1.058ms returns FALSE
T6384 038:548.540 JLINK_IsHalted()
T6384 038:549.880 - 1.338ms returns FALSE
T6384 038:549.924 JLINK_IsHalted()
T6384 038:550.924 - 1.002ms returns FALSE
T30E0 038:640.336 JLINK_IsHalted()
T30E0 038:641.964 - 1.627ms returns FALSE
T30E0 038:642.008 JLINK_IsHalted()
T30E0 038:644.264 - 2.258ms returns FALSE
T30E0 038:749.416 JLINK_IsHalted()
T30E0 038:750.952 - 1.535ms returns FALSE
T30E0 038:751.016 JLINK_IsHalted()
T30E0 038:753.268 - 2.249ms returns FALSE
T30E0 038:858.688 JLINK_IsHalted()
T30E0 038:860.392 - 1.702ms returns FALSE
T30E0 038:860.476 JLINK_IsHalted()
T30E0 038:862.616 - 2.139ms returns FALSE
T30E0 038:968.808 JLINK_IsHalted()
T30E0 038:970.572 - 1.764ms returns FALSE
T30E0 038:970.628 JLINK_IsHalted()
T30E0 038:972.840 - 2.213ms returns FALSE
T30E0 039:077.304 JLINK_IsHalted()
T30E0 039:079.664 - 2.363ms returns FALSE
T30E0 039:079.704 JLINK_IsHalted()
T30E0 039:081.848 - 2.141ms returns FALSE
T30E0 039:187.524 JLINK_IsHalted()
T30E0 039:190.784 - 3.262ms returns FALSE
T30E0 039:190.840 JLINK_IsHalted()
T30E0 039:191.872 - 1.029ms returns FALSE
T30E0 039:296.564 JLINK_IsHalted()
T30E0 039:298.580 - 2.017ms returns FALSE
T30E0 039:298.632 JLINK_IsHalted()
T30E0 039:300.772 - 2.135ms returns FALSE
T30E0 039:405.456 JLINK_IsHalted()
T30E0 039:407.752 - 2.293ms returns FALSE
T30E0 039:407.808 JLINK_IsHalted()
T30E0 039:409.948 - 2.139ms returns FALSE
T30E0 039:514.980 JLINK_IsHalted()
T30E0 039:516.804 - 1.820ms returns FALSE
T30E0 039:516.856 JLINK_IsHalted()
T30E0 039:519.008 - 2.150ms returns FALSE
T6384 039:551.112 JLINK_IsHalted()
T6384 039:551.912 - 0.796ms returns FALSE
T6384 039:551.956 JLINK_IsHalted()
T6384 039:552.960 - 1.005ms returns FALSE
T30E0 039:624.644 JLINK_IsHalted()
T30E0 039:626.248 - 1.603ms returns FALSE
T30E0 039:626.284 JLINK_IsHalted()
T30E0 039:628.472 - 2.189ms returns FALSE
T30E0 039:733.952 JLINK_IsHalted()
T30E0 039:736.112 - 2.157ms returns FALSE
T30E0 039:736.180 JLINK_IsHalted()
T30E0 039:738.344 - 2.165ms returns FALSE
T30E0 039:843.640 JLINK_IsHalted()
T30E0 039:845.156 - 1.517ms returns FALSE
T30E0 039:845.236 JLINK_IsHalted()
T30E0 039:847.276 - 2.041ms returns FALSE
T30E0 039:952.456 JLINK_IsHalted()
T30E0 039:954.768 - 2.313ms returns FALSE
T30E0 039:954.844 JLINK_IsHalted()
T30E0 039:956.984 - 2.136ms returns FALSE
T30E0 040:062.472 JLINK_IsHalted()
T30E0 040:064.704 - 2.228ms returns FALSE
T30E0 040:064.744 JLINK_IsHalted()
T30E0 040:066.936 - 2.191ms returns FALSE
T30E0 040:171.368 JLINK_IsHalted()
T30E0 040:173.672 - 2.303ms returns FALSE
T30E0 040:173.712 JLINK_IsHalted()
T30E0 040:175.904 - 2.191ms returns FALSE
T30E0 040:280.476 JLINK_IsHalted()
T30E0 040:282.760 - 2.280ms returns FALSE
T30E0 040:282.796 JLINK_IsHalted()
T30E0 040:284.972 - 2.174ms returns FALSE
T30E0 040:390.604 JLINK_IsHalted()
T30E0 040:392.620 - 2.016ms returns FALSE
T30E0 040:392.672 JLINK_IsHalted()
T30E0 040:394.844 - 2.172ms returns FALSE
T30E0 040:499.636 JLINK_IsHalted()
T30E0 040:500.568 - 0.927ms returns FALSE
T30E0 040:500.612 JLINK_IsHalted()
T30E0 040:502.680 - 2.070ms returns FALSE
T6384 040:553.700 JLINK_IsHalted()
T6384 040:554.580 - 0.880ms returns FALSE
T6384 040:554.624 JLINK_IsHalted()
T6384 040:555.696 - 1.073ms returns FALSE
T30E0 040:608.980 JLINK_IsHalted()
T30E0 040:611.052 - 2.074ms returns FALSE
T30E0 040:611.136 JLINK_IsHalted()
T30E0 040:613.344 - 2.206ms returns FALSE
T30E0 040:718.500 JLINK_IsHalted()
T30E0 040:720.284 - 1.784ms returns FALSE
T30E0 040:720.328 JLINK_IsHalted()
T30E0 040:722.484 - 2.154ms returns FALSE
T30E0 040:828.028 JLINK_IsHalted()
T30E0 040:830.492 - 2.463ms returns FALSE
T30E0 040:830.536 JLINK_IsHalted()
T30E0 040:832.728 - 2.191ms returns FALSE
T30E0 040:937.048 JLINK_IsHalted()
T30E0 040:939.032 - 1.980ms returns FALSE
T30E0 040:939.096 JLINK_IsHalted()
T30E0 040:941.256 - 2.160ms returns FALSE
T30E0 041:046.228 JLINK_IsHalted()
T30E0 041:048.128 - 1.897ms returns FALSE
T30E0 041:048.216 JLINK_IsHalted()
T30E0 041:050.360 - 2.145ms returns FALSE
T30E0 041:155.736 JLINK_IsHalted()
T30E0 041:156.916 - 1.176ms returns FALSE
T30E0 041:156.976 JLINK_IsHalted()
T30E0 041:159.024 - 2.047ms returns FALSE
T30E0 041:265.224 JLINK_IsHalted()
T30E0 041:266.964 - 1.739ms returns FALSE
T30E0 041:267.048 JLINK_IsHalted()
T30E0 041:269.256 - 2.209ms returns FALSE
T30E0 041:374.732 JLINK_IsHalted()
T30E0 041:376.876 - 2.144ms returns FALSE
T30E0 041:376.920 JLINK_IsHalted()
T30E0 041:379.076 - 2.157ms returns FALSE
T30E0 041:483.852 JLINK_IsHalted()
T30E0 041:486.072 - 2.216ms returns FALSE
T30E0 041:486.140 JLINK_IsHalted()
T30E0 041:488.372 - 2.228ms returns FALSE
T6384 041:556.436 JLINK_IsHalted()
T6384 041:557.576 - 1.137ms returns FALSE
T6384 041:557.616 JLINK_IsHalted()
T6384 041:558.736 - 1.120ms returns FALSE
T30E0 041:593.524 JLINK_IsHalted()
T30E0 041:595.452 - 1.929ms returns FALSE
T30E0 041:595.488 JLINK_IsHalted()
T30E0 041:597.708 - 2.217ms returns FALSE
T30E0 041:702.612 JLINK_IsHalted()
T30E0 041:704.704 - 2.092ms returns FALSE
T30E0 041:704.764 JLINK_IsHalted()
T30E0 041:706.968 - 2.198ms returns FALSE
T30E0 041:811.688 JLINK_IsHalted()
T30E0 041:813.880 - 2.190ms returns FALSE
T30E0 041:813.960 JLINK_IsHalted()
T30E0 041:816.136 - 2.174ms returns FALSE
T30E0 041:921.824 JLINK_IsHalted()
T30E0 041:923.540 - 1.715ms returns FALSE
T30E0 041:923.608 JLINK_IsHalted()
T30E0 041:925.752 - 2.138ms returns FALSE
T30E0 042:030.760 JLINK_IsHalted()
T30E0 042:032.740 - 1.978ms returns FALSE
T30E0 042:032.776 JLINK_IsHalted()
T30E0 042:034.852 - 2.074ms returns FALSE
T30E0 042:139.772 JLINK_IsHalted()
T30E0 042:141.492 - 1.718ms returns FALSE
T30E0 042:141.528 JLINK_IsHalted()
T30E0 042:143.720 - 2.193ms returns FALSE
T30E0 042:249.660 JLINK_IsHalted()
T30E0 042:251.512 - 1.850ms returns FALSE
T30E0 042:251.552 JLINK_IsHalted()
T30E0 042:253.736 - 2.184ms returns FALSE
T30E0 042:359.336 JLINK_IsHalted()
T30E0 042:361.496 - 2.160ms returns FALSE
T30E0 042:361.568 JLINK_IsHalted()
T30E0 042:363.744 - 2.176ms returns FALSE
T30E0 042:468.668 JLINK_IsHalted()
T30E0 042:470.384 - 1.715ms returns FALSE
T30E0 042:470.448 JLINK_IsHalted()
T30E0 042:472.660 - 2.208ms returns FALSE
T6384 042:558.592 JLINK_IsHalted()
T6384 042:559.872 - 1.281ms returns FALSE
T6384 042:559.944 JLINK_IsHalted()
T6384 042:560.964 - 1.017ms returns FALSE
T30E0 042:577.288 JLINK_IsHalted()
T30E0 042:579.120 - 1.827ms returns FALSE
T30E0 042:579.204 JLINK_IsHalted()
T30E0 042:581.372 - 2.170ms returns FALSE
T30E0 042:686.984 JLINK_IsHalted()
T30E0 042:688.872 - 1.889ms returns FALSE
T30E0 042:688.960 JLINK_IsHalted()
T30E0 042:691.100 - 2.140ms returns FALSE
T30E0 042:796.944 JLINK_IsHalted()
T30E0 042:799.268 - 2.324ms returns FALSE
T30E0 042:799.312 JLINK_IsHalted()
T30E0 042:801.508 - 2.193ms returns FALSE
T30E0 042:905.592 JLINK_IsHalted()
T30E0 042:907.916 - 2.326ms returns FALSE
T30E0 042:907.976 JLINK_IsHalted()
T30E0 042:910.164 - 2.186ms returns FALSE
T30E0 043:015.064 JLINK_IsHalted()
T30E0 043:016.872 - 1.803ms returns FALSE
T30E0 043:016.908 JLINK_IsHalted()
T30E0 043:019.084 - 2.173ms returns FALSE
T30E0 043:124.632 JLINK_IsHalted()
T30E0 043:126.792 - 2.161ms returns FALSE
T30E0 043:126.872 JLINK_IsHalted()
T30E0 043:129.036 - 2.164ms returns FALSE
T30E0 043:234.440 JLINK_IsHalted()
T30E0 043:236.744 - 2.304ms returns FALSE
T30E0 043:236.824 JLINK_IsHalted()
T30E0 043:238.956 - 2.132ms returns FALSE
T30E0 043:343.240 JLINK_IsHalted()
T30E0 043:344.808 - 1.564ms returns FALSE
T30E0 043:344.852 JLINK_IsHalted()
T30E0 043:347.036 - 2.185ms returns FALSE
T30E0 043:452.308 JLINK_IsHalted()
T30E0 043:453.700 - 1.389ms returns FALSE
T30E0 043:453.784 JLINK_IsHalted()
T30E0 043:455.924 - 2.142ms returns FALSE
T6384 043:561.308 JLINK_IsHalted()
T6384 043:561.944 - 0.632ms returns FALSE
T6384 043:561.980 JLINK_IsHalted()
T6384 043:563.028 - 1.045ms returns FALSE
T30E0 043:563.144 JLINK_IsHalted()
T30E0 043:565.396 - 2.253ms returns FALSE
T30E0 043:565.480 JLINK_IsHalted()
T30E0 043:567.612 - 2.132ms returns FALSE
T30E0 043:671.156 JLINK_IsHalted()
T30E0 043:673.420 - 2.264ms returns FALSE
T30E0 043:673.508 JLINK_IsHalted()
T30E0 043:675.656 - 2.147ms returns FALSE
T30E0 043:780.372 JLINK_IsHalted()
T30E0 043:782.732 - 2.360ms returns FALSE
T30E0 043:782.840 JLINK_IsHalted()
T30E0 043:784.948 - 2.107ms returns FALSE
T30E0 043:890.540 JLINK_IsHalted()
T30E0 043:892.936 - 2.392ms returns FALSE
T30E0 043:893.008 JLINK_IsHalted()
T30E0 043:894.864 - 1.854ms returns FALSE
T30E0 043:999.752 JLINK_IsHalted()
T30E0 044:001.328 - 1.578ms returns FALSE
T30E0 044:001.368 JLINK_IsHalted()
T30E0 044:003.556 - 2.187ms returns FALSE
T30E0 044:108.792 JLINK_IsHalted()
T30E0 044:110.464 - 1.671ms returns FALSE
T30E0 044:110.504 JLINK_IsHalted()
T30E0 044:112.672 - 2.164ms returns FALSE
T30E0 044:218.520 JLINK_IsHalted()
T30E0 044:220.392 - 1.870ms returns FALSE
T30E0 044:220.464 JLINK_IsHalted()
T30E0 044:222.624 - 2.159ms returns FALSE
T30E0 044:328.096 JLINK_IsHalted()
T30E0 044:330.368 - 2.268ms returns FALSE
T30E0 044:330.440 JLINK_IsHalted()
T30E0 044:332.616 - 2.179ms returns FALSE
T30E0 044:437.460 JLINK_IsHalted()
T30E0 044:439.464 - 2.005ms returns FALSE
T30E0 044:439.524 JLINK_IsHalted()
T30E0 044:441.704 - 2.178ms returns FALSE
T30E0 044:546.204 JLINK_IsHalted()
T30E0 044:548.272 - 2.065ms returns FALSE
T30E0 044:548.312 JLINK_IsHalted()
T30E0 044:550.568 - 2.252ms returns FALSE
T6384 044:563.472 JLINK_IsHalted()
T6384 044:564.736 - 1.262ms returns FALSE
T6384 044:564.808 JLINK_IsHalted()
T6384 044:565.872 - 1.059ms returns FALSE
T30E0 044:656.324 JLINK_IsHalted()
T30E0 044:657.928 - 1.601ms returns FALSE
T30E0 044:657.976 JLINK_IsHalted()
T30E0 044:660.136 - 2.160ms returns FALSE
T30E0 044:765.464 JLINK_IsHalted()
T30E0 044:766.936 - 1.472ms returns FALSE
T30E0 044:767.000 JLINK_IsHalted()
T30E0 044:769.284 - 2.283ms returns FALSE
T30E0 044:875.108 JLINK_IsHalted()
T30E0 044:877.336 - 2.230ms returns FALSE
T30E0 044:877.432 JLINK_IsHalted()
T30E0 044:879.592 - 2.158ms returns FALSE
T30E0 044:984.468 JLINK_IsHalted()
T30E0 044:986.840 - 2.368ms returns FALSE
T30E0 044:986.928 JLINK_IsHalted()
T30E0 044:989.064 - 2.135ms returns FALSE
T30E0 045:093.796 JLINK_IsHalted()
T30E0 045:095.860 - 2.062ms returns FALSE
T30E0 045:095.936 JLINK_IsHalted()
T30E0 045:098.072 - 2.131ms returns FALSE
T30E0 045:202.896 JLINK_IsHalted()
T30E0 045:204.852 - 1.952ms returns FALSE
T30E0 045:204.940 JLINK_IsHalted()
T30E0 045:207.096 - 2.155ms returns FALSE
T30E0 045:312.472 JLINK_IsHalted()
T30E0 045:314.892 - 2.419ms returns FALSE
T30E0 045:314.960 JLINK_IsHalted()
T30E0 045:317.100 - 2.142ms returns FALSE
T30E0 045:421.752 JLINK_IsHalted()
T30E0 045:423.768 - 2.017ms returns FALSE
T30E0 045:423.848 JLINK_IsHalted()
T30E0 045:425.996 - 2.148ms returns FALSE
T30E0 045:530.728 JLINK_IsHalted()
T30E0 045:532.696 - 1.964ms returns FALSE
T30E0 045:532.760 JLINK_IsHalted()
T30E0 045:534.888 - 2.127ms returns FALSE
T6384 045:565.972 JLINK_IsHalted()
T6384 045:566.864 - 0.891ms returns FALSE
T6384 045:566.928 JLINK_IsHalted()
T6384 045:567.936 - 1.007ms returns FALSE
T30E0 045:640.448 JLINK_IsHalted()
T30E0 045:642.536 - 2.088ms returns FALSE
T30E0 045:642.600 JLINK_IsHalted()
T30E0 045:644.660 - 2.058ms returns FALSE
T30E0 045:749.764 JLINK_IsHalted()
T30E0 045:751.168 - 1.404ms returns FALSE
T30E0 045:751.236 JLINK_IsHalted()
T30E0 045:753.304 - 2.068ms returns FALSE
T30E0 045:859.288 JLINK_IsHalted()
T30E0 045:861.684 - 2.392ms returns FALSE
T30E0 045:861.772 JLINK_IsHalted()
T30E0 045:863.880 - 2.109ms returns FALSE
T30E0 045:968.680 JLINK_IsHalted()
T30E0 045:970.316 - 1.637ms returns FALSE
T30E0 045:970.388 JLINK_IsHalted()
T30E0 045:972.500 - 2.112ms returns FALSE
T30E0 046:077.968 JLINK_IsHalted()
T30E0 046:080.464 - 2.496ms returns FALSE
T30E0 046:080.576 JLINK_IsHalted()
T30E0 046:082.556 - 1.980ms returns FALSE
T30E0 046:186.752 JLINK_IsHalted()
T30E0 046:188.020 - 1.266ms returns FALSE
T30E0 046:188.104 JLINK_IsHalted()
T30E0 046:190.192 - 2.085ms returns FALSE
T30E0 046:297.188 JLINK_IsHalted()
T30E0 046:299.304 - 2.116ms returns FALSE
T30E0 046:299.384 JLINK_IsHalted()
T30E0 046:300.372 - 0.985ms returns FALSE
T30E0 046:405.548 JLINK_IsHalted()
T30E0 046:407.400 - 1.850ms returns FALSE
T30E0 046:407.476 JLINK_IsHalted()
T30E0 046:409.620 - 2.146ms returns FALSE
T30E0 046:515.016 JLINK_IsHalted()
T30E0 046:517.348 - 2.327ms returns FALSE
T30E0 046:517.440 JLINK_IsHalted()
T30E0 046:519.552 - 2.110ms returns FALSE
T6384 046:568.648 JLINK_IsHalted()
T6384 046:569.148 - 0.498ms returns FALSE
T6384 046:569.224 JLINK_IsHalted()
T6384 046:570.312 - 1.082ms returns FALSE
T30E0 046:624.700 JLINK_IsHalted()
T30E0 046:626.704 - 2.003ms returns FALSE
T30E0 046:626.776 JLINK_IsHalted()
T30E0 046:627.796 - 1.017ms returns FALSE
T30E0 046:733.544 JLINK_IsHalted()
T30E0 046:735.984 - 2.438ms returns FALSE
T30E0 046:736.060 JLINK_IsHalted()
T30E0 046:738.216 - 2.157ms returns FALSE
T30E0 046:842.960 JLINK_IsHalted()
T30E0 046:844.040 - 1.077ms returns FALSE
T30E0 046:844.108 JLINK_IsHalted()
T30E0 046:846.172 - 2.061ms returns FALSE
T30E0 046:952.868 JLINK_IsHalted()
T30E0 046:954.932 - 2.064ms returns FALSE
T30E0 046:954.984 JLINK_IsHalted()
T30E0 046:957.272 - 2.285ms returns FALSE
T30E0 047:062.416 JLINK_IsHalted()
T30E0 047:064.248 - 1.832ms returns FALSE
T30E0 047:064.320 JLINK_IsHalted()
T30E0 047:066.472 - 2.154ms returns FALSE
T30E0 047:171.780 JLINK_IsHalted()
T30E0 047:174.180 - 2.397ms returns FALSE
T30E0 047:174.248 JLINK_IsHalted()
T30E0 047:176.388 - 2.136ms returns FALSE
T30E0 047:280.528 JLINK_IsHalted()
T30E0 047:282.316 - 1.790ms returns FALSE
T30E0 047:282.380 JLINK_IsHalted()
T30E0 047:284.500 - 2.117ms returns FALSE
T30E0 047:390.680 JLINK_IsHalted()
T30E0 047:391.976 - 1.291ms returns FALSE
T30E0 047:392.024 JLINK_IsHalted()
T30E0 047:394.024 - 1.998ms returns FALSE
T30E0 047:499.792 JLINK_IsHalted()
T30E0 047:502.048 - 2.255ms returns FALSE
T30E0 047:502.108 JLINK_IsHalted()
T30E0 047:504.304 - 2.196ms returns FALSE
T6384 047:570.752 JLINK_IsHalted()
T6384 047:571.564 - 0.810ms returns FALSE
T6384 047:571.616 JLINK_IsHalted()
T6384 047:572.664 - 1.047ms returns FALSE
T30E0 047:609.124 JLINK_IsHalted()
T30E0 047:611.388 - 2.265ms returns FALSE
T30E0 047:611.460 JLINK_IsHalted()
T30E0 047:613.720 - 2.261ms returns FALSE
T30E0 047:718.288 JLINK_IsHalted()
T30E0 047:720.548 - 2.259ms returns FALSE
T30E0 047:720.628 JLINK_IsHalted()
T30E0 047:722.784 - 2.158ms returns FALSE
T30E0 047:828.052 JLINK_IsHalted()
T30E0 047:829.664 - 1.610ms returns FALSE
T30E0 047:829.728 JLINK_IsHalted()
T30E0 047:831.856 - 2.128ms returns FALSE
T30E0 047:937.136 JLINK_IsHalted()
T30E0 047:939.324 - 2.190ms returns FALSE
T30E0 047:939.388 JLINK_IsHalted()
T30E0 047:941.592 - 2.204ms returns FALSE
T30E0 048:046.368 JLINK_IsHalted()
T30E0 048:048.424 - 2.056ms returns FALSE
T30E0 048:048.516 JLINK_IsHalted()
T30E0 048:049.512 - 0.999ms returns FALSE
T30E0 048:156.356 JLINK_IsHalted()
T30E0 048:158.504 - 2.146ms returns FALSE
T30E0 048:158.556 JLINK_IsHalted()
T30E0 048:160.740 - 2.180ms returns FALSE
T30E0 048:265.268 JLINK_IsHalted()
T30E0 048:267.592 - 2.325ms returns FALSE
T30E0 048:267.656 JLINK_IsHalted()
T30E0 048:269.812 - 2.155ms returns FALSE
T30E0 048:374.296 JLINK_IsHalted()
T30E0 048:376.472 - 2.175ms returns FALSE
T30E0 048:376.544 JLINK_IsHalted()
T30E0 048:378.688 - 2.143ms returns FALSE
T30E0 048:484.100 JLINK_IsHalted()
T30E0 048:486.548 - 2.448ms returns FALSE
T30E0 048:486.616 JLINK_IsHalted()
T30E0 048:488.752 - 2.132ms returns FALSE
T6384 048:573.340 JLINK_IsHalted()
T6384 048:573.916 - 0.576ms returns FALSE
T6384 048:573.984 JLINK_IsHalted()
T6384 048:575.012 - 1.025ms returns FALSE
T30E0 048:593.696 JLINK_IsHalted()
T30E0 048:594.720 - 1.025ms returns FALSE
T30E0 048:594.800 JLINK_IsHalted()
T30E0 048:596.860 - 2.060ms returns FALSE
T30E0 048:703.188 JLINK_IsHalted()
T30E0 048:704.904 - 1.713ms returns FALSE
T30E0 048:704.956 JLINK_IsHalted()
T30E0 048:707.136 - 2.180ms returns FALSE
T30E0 048:812.416 JLINK_IsHalted()
T30E0 048:814.372 - 1.953ms returns FALSE
T30E0 048:814.432 JLINK_IsHalted()
T30E0 048:816.604 - 2.172ms returns FALSE
T30E0 048:921.052 JLINK_IsHalted()
T30E0 048:922.856 - 1.800ms returns FALSE
T30E0 048:922.896 JLINK_IsHalted()
T30E0 048:925.080 - 2.186ms returns FALSE
T30E0 049:031.144 JLINK_IsHalted()
T30E0 049:033.288 - 2.148ms returns FALSE
T30E0 049:033.352 JLINK_IsHalted()
T30E0 049:035.504 - 2.152ms returns FALSE
T30E0 049:140.708 JLINK_IsHalted()
T30E0 049:142.236 - 1.531ms returns FALSE
T30E0 049:142.296 JLINK_IsHalted()
T30E0 049:144.468 - 2.173ms returns FALSE
T30E0 049:249.996 JLINK_IsHalted()
T30E0 049:252.248 - 2.249ms returns FALSE
T30E0 049:252.312 JLINK_IsHalted()
T30E0 049:254.440 - 2.127ms returns FALSE
T30E0 049:359.280 JLINK_IsHalted()
T30E0 049:361.320 - 2.040ms returns FALSE
T30E0 049:361.364 JLINK_IsHalted()
T30E0 049:363.544 - 2.179ms returns FALSE
T30E0 049:468.232 JLINK_IsHalted()
T30E0 049:470.308 - 2.077ms returns FALSE
T30E0 049:470.384 JLINK_IsHalted()
T30E0 049:471.392 - 1.009ms returns FALSE
T6384 049:576.464 JLINK_IsHalted()
T6384 049:577.164 - 0.700ms returns FALSE
T6384 049:577.220 JLINK_IsHalted()
T6384 049:579.372 - 2.151ms returns FALSE
T30E0 049:579.476 JLINK_IsHalted()
T30E0 049:581.472 - 1.994ms returns FALSE
T30E0 049:581.512 JLINK_IsHalted()
T30E0 049:583.704 - 2.191ms returns FALSE
T30E0 049:686.648 JLINK_IsHalted()
T30E0 049:688.800 - 2.151ms returns FALSE
T30E0 049:688.888 JLINK_IsHalted()
T30E0 049:690.916 - 2.027ms returns FALSE
T30E0 049:796.760 JLINK_IsHalted()
T30E0 049:798.940 - 2.183ms returns FALSE
T30E0 049:799.016 JLINK_IsHalted()
T30E0 049:801.252 - 2.230ms returns FALSE
T30E0 049:905.912 JLINK_IsHalted()
T30E0 049:907.888 - 1.976ms returns FALSE
T30E0 049:907.924 JLINK_IsHalted()
T30E0 049:910.136 - 2.212ms returns FALSE
T30E0 050:015.176 JLINK_IsHalted()
T30E0 050:017.044 - 1.867ms returns FALSE
T30E0 050:017.112 JLINK_IsHalted()
T30E0 050:019.268 - 2.154ms returns FALSE
T30E0 050:124.344 JLINK_IsHalted()
T30E0 050:126.052 - 1.710ms returns FALSE
T30E0 050:126.104 JLINK_IsHalted()
T30E0 050:128.360 - 2.254ms returns FALSE
T30E0 050:234.388 JLINK_IsHalted()
T30E0 050:236.160 - 1.773ms returns FALSE
T30E0 050:236.240 JLINK_IsHalted()
T30E0 050:238.264 - 2.023ms returns FALSE
T30E0 050:343.204 JLINK_IsHalted()
T30E0 050:345.000 - 1.797ms returns FALSE
T30E0 050:345.072 JLINK_IsHalted()
T30E0 050:347.276 - 2.204ms returns FALSE
T30E0 050:452.992 JLINK_IsHalted()
T30E0 050:455.012 - 2.018ms returns FALSE
T30E0 050:455.080 JLINK_IsHalted()
T30E0 050:457.272 - 2.188ms returns FALSE
T30E0 050:562.096 JLINK_IsHalted()
T30E0 050:563.788 - 1.689ms returns FALSE
T30E0 050:563.896 JLINK_IsHalted()
T30E0 050:566.096 - 2.198ms returns FALSE
T6384 050:579.720 JLINK_IsHalted()
T6384 050:580.460 - 0.743ms returns FALSE
T6384 050:580.560 JLINK_IsHalted()
T6384 050:581.520 - 0.961ms returns FALSE
T30E0 050:671.560 JLINK_IsHalted()
T30E0 050:673.384 - 1.828ms returns FALSE
T30E0 050:673.468 JLINK_IsHalted()
T30E0 050:675.632 - 2.162ms returns FALSE
T30E0 050:780.780 JLINK_IsHalted()
T30E0 050:782.568 - 1.786ms returns FALSE
T30E0 050:782.664 JLINK_IsHalted()
T30E0 050:784.812 - 2.149ms returns FALSE
T30E0 050:890.280 JLINK_IsHalted()
T30E0 050:892.800 - 2.518ms returns FALSE
T30E0 050:892.872 JLINK_IsHalted()
T30E0 050:894.916 - 2.045ms returns FALSE
T30E0 050:999.352 JLINK_IsHalted()
T30E0 051:001.084 - 1.734ms returns FALSE
T30E0 051:001.176 JLINK_IsHalted()
T30E0 051:003.404 - 2.228ms returns FALSE
T30E0 051:108.616 JLINK_IsHalted()
T30E0 051:110.600 - 1.986ms returns FALSE
T30E0 051:110.664 JLINK_IsHalted()
T30E0 051:112.844 - 2.176ms returns FALSE
T30E0 051:218.604 JLINK_IsHalted()
T30E0 051:220.744 - 2.138ms returns FALSE
T30E0 051:220.816 JLINK_IsHalted()
T30E0 051:222.920 - 2.101ms returns FALSE
T30E0 051:327.600 JLINK_IsHalted()
T30E0 051:329.760 - 2.160ms returns FALSE
T30E0 051:329.832 JLINK_IsHalted()
T30E0 051:331.968 - 2.134ms returns FALSE
T30E0 051:436.696 JLINK_IsHalted()
T30E0 051:437.444 - 0.748ms returns FALSE
T30E0 051:437.512 JLINK_IsHalted()
T30E0 051:439.572 - 2.061ms returns FALSE
T30E0 051:546.964 JLINK_IsHalted()
T30E0 051:548.584 - 1.616ms returns FALSE
T30E0 051:548.648 JLINK_IsHalted()
T30E0 051:550.780 - 2.133ms returns FALSE
T6384 051:582.188 JLINK_IsHalted()
T6384 051:582.704 - 0.512ms returns FALSE
T6384 051:582.772 JLINK_IsHalted()
T6384 051:583.832 - 1.063ms returns FALSE
T30E0 051:656.056 JLINK_IsHalted()
T30E0 051:658.048 - 1.989ms returns FALSE
T30E0 051:658.116 JLINK_IsHalted()
T30E0 051:659.172 - 1.054ms returns FALSE
T30E0 051:765.012 JLINK_IsHalted()
T30E0 051:766.872 - 1.864ms returns FALSE
T30E0 051:766.940 JLINK_IsHalted()
T30E0 051:769.104 - 2.164ms returns FALSE
T30E0 051:874.712 JLINK_IsHalted()
T30E0 051:876.892 - 2.179ms returns FALSE
T30E0 051:876.972 JLINK_IsHalted()
T30E0 051:879.124 - 2.153ms returns FALSE
T30E0 051:983.836 JLINK_IsHalted()
T30E0 051:986.328 - 2.489ms returns FALSE
T30E0 051:986.400 JLINK_IsHalted()
T30E0 051:988.516 - 2.114ms returns FALSE
T30E0 052:093.320 JLINK_IsHalted()
T30E0 052:095.412 - 2.090ms returns FALSE
T30E0 052:095.512 JLINK_IsHalted()
T30E0 052:097.644 - 2.133ms returns FALSE
T30E0 052:202.648 JLINK_IsHalted()
T30E0 052:204.632 - 1.981ms returns FALSE
T30E0 052:204.704 JLINK_IsHalted()
T30E0 052:206.860 - 2.156ms returns FALSE
T30E0 052:312.200 JLINK_IsHalted()
T30E0 052:314.620 - 2.419ms returns FALSE
T30E0 052:314.688 JLINK_IsHalted()
T30E0 052:316.808 - 2.120ms returns FALSE
T30E0 052:421.028 JLINK_IsHalted()
T30E0 052:422.680 - 1.652ms returns FALSE
T30E0 052:422.740 JLINK_IsHalted()
T30E0 052:424.904 - 2.166ms returns FALSE
T30E0 052:530.724 JLINK_IsHalted()
T30E0 052:532.520 - 1.797ms returns FALSE
T30E0 052:532.584 JLINK_IsHalted()
T30E0 052:534.680 - 2.096ms returns FALSE
T6384 052:585.068 JLINK_IsHalted()
T6384 052:586.312 - 1.239ms returns FALSE
T6384 052:586.392 JLINK_IsHalted()
T6384 052:587.420 - 1.027ms returns FALSE
T30E0 052:639.912 JLINK_IsHalted()
T30E0 052:641.916 - 2.001ms returns FALSE
T30E0 052:641.992 JLINK_IsHalted()
T30E0 052:644.156 - 2.162ms returns FALSE
T30E0 052:749.672 JLINK_IsHalted()
T30E0 052:750.512 - 0.840ms returns FALSE
T30E0 052:750.576 JLINK_IsHalted()
T30E0 052:752.632 - 2.059ms returns FALSE
T30E0 052:858.592 JLINK_IsHalted()
T30E0 052:860.888 - 2.294ms returns FALSE
T30E0 052:860.952 JLINK_IsHalted()
T30E0 052:863.080 - 2.130ms returns FALSE
T30E0 052:967.928 JLINK_IsHalted()
T30E0 052:969.676 - 1.748ms returns FALSE
T30E0 052:969.768 JLINK_IsHalted()
T30E0 052:971.904 - 2.136ms returns FALSE
T30E0 053:077.428 JLINK_IsHalted()
T30E0 053:079.060 - 1.629ms returns FALSE
T30E0 053:079.128 JLINK_IsHalted()
T30E0 053:081.360 - 2.229ms returns FALSE
T30E0 053:186.936 JLINK_IsHalted()
T30E0 053:189.480 - 2.545ms returns FALSE
T30E0 053:189.556 JLINK_IsHalted()
T30E0 053:191.680 - 2.122ms returns FALSE
T30E0 053:296.620 JLINK_IsHalted()
T30E0 053:299.340 - 2.720ms returns FALSE
T30E0 053:299.436 JLINK_IsHalted()
T30E0 053:301.552 - 2.114ms returns FALSE
T30E0 053:405.624 JLINK_IsHalted()
T30E0 053:407.320 - 1.695ms returns FALSE
T30E0 053:407.400 JLINK_IsHalted()
T30E0 053:409.636 - 2.236ms returns FALSE
T30E0 053:514.804 JLINK_IsHalted()
T30E0 053:517.280 - 2.477ms returns FALSE
T30E0 053:517.332 JLINK_IsHalted()
T30E0 053:519.492 - 2.159ms returns FALSE
T6384 053:587.324 JLINK_IsHalted()
T6384 053:588.700 - 1.375ms returns FALSE
T6384 053:588.764 JLINK_IsHalted()
T6384 053:589.804 - 1.039ms returns FALSE
T30E0 053:624.568 JLINK_IsHalted()
T30E0 053:626.560 - 1.988ms returns FALSE
T30E0 053:626.624 JLINK_IsHalted()
T30E0 053:628.792 - 2.168ms returns FALSE
T30E0 053:734.124 JLINK_IsHalted()
T30E0 053:736.556 - 2.433ms returns FALSE
T30E0 053:736.620 JLINK_IsHalted()
T30E0 053:738.760 - 2.135ms returns FALSE
T30E0 053:843.736 JLINK_IsHalted()
T30E0 053:845.720 - 1.980ms returns FALSE
T30E0 053:845.804 JLINK_IsHalted()
T30E0 053:847.944 - 2.137ms returns FALSE
T30E0 053:952.488 JLINK_IsHalted()
T30E0 053:954.188 - 1.706ms returns FALSE
T30E0 053:954.252 JLINK_IsHalted()
T30E0 053:956.396 - 2.142ms returns FALSE
T30E0 054:062.040 JLINK_IsHalted()
T30E0 054:064.248 - 2.208ms returns FALSE
T30E0 054:064.300 JLINK_IsHalted()
T30E0 054:066.496 - 2.195ms returns FALSE
T30E0 054:171.584 JLINK_IsHalted()
T30E0 054:173.760 - 2.171ms returns FALSE
T30E0 054:173.832 JLINK_IsHalted()
T30E0 054:175.988 - 2.157ms returns FALSE
T30E0 054:281.024 JLINK_IsHalted()
T30E0 054:282.952 - 1.930ms returns FALSE
T30E0 054:283.032 JLINK_IsHalted()
T30E0 054:284.076 - 1.042ms returns FALSE
T30E0 054:391.136 JLINK_IsHalted()
T30E0 054:392.948 - 1.812ms returns FALSE
T30E0 054:393.012 JLINK_IsHalted()
T30E0 054:395.148 - 2.135ms returns FALSE
T30E0 054:499.200 JLINK_IsHalted()
T30E0 054:501.036 - 1.832ms returns FALSE
T30E0 054:501.100 JLINK_IsHalted()
T30E0 054:503.304 - 2.198ms returns FALSE
T6384 054:590.048 JLINK_IsHalted()
T6384 054:591.284 - 1.233ms returns FALSE
T6384 054:591.352 JLINK_IsHalted()
T6384 054:592.372 - 1.014ms returns FALSE
T30E0 054:609.448 JLINK_IsHalted()
T30E0 054:611.488 - 2.045ms returns FALSE
T30E0 054:611.552 JLINK_IsHalted()
T30E0 054:613.632 - 2.078ms returns FALSE
T30E0 054:718.752 JLINK_IsHalted()
T30E0 054:720.408 - 1.652ms returns FALSE
T30E0 054:720.500 JLINK_IsHalted()
T30E0 054:722.632 - 2.135ms returns FALSE
T30E0 054:827.968 JLINK_IsHalted()
T30E0 054:829.292 - 1.320ms returns FALSE
T30E0 054:829.356 JLINK_IsHalted()
T30E0 054:831.372 - 2.015ms returns FALSE
T30E0 054:936.896 JLINK_IsHalted()
T30E0 054:940.008 - 3.111ms returns FALSE
T30E0 054:940.076 JLINK_IsHalted()
T30E0 054:941.128 - 1.051ms returns FALSE
T30E0 055:046.752 JLINK_IsHalted()
T30E0 055:049.100 - 2.350ms returns FALSE
T30E0 055:049.172 JLINK_IsHalted()
T30E0 055:051.360 - 2.188ms returns FALSE
T30E0 055:155.672 JLINK_IsHalted()
T30E0 055:157.408 - 1.733ms returns FALSE
T30E0 055:157.472 JLINK_IsHalted()
T30E0 055:159.592 - 2.115ms returns FALSE
T30E0 055:264.832 JLINK_IsHalted()
T30E0 055:266.936 - 2.104ms returns FALSE
T30E0 055:267.000 JLINK_IsHalted()
T30E0 055:269.032 - 2.031ms returns FALSE
T30E0 055:374.216 JLINK_IsHalted()
T30E0 055:375.540 - 1.323ms returns FALSE
T30E0 055:375.616 JLINK_IsHalted()
T30E0 055:377.784 - 2.171ms returns FALSE
T30E0 055:483.668 JLINK_IsHalted()
T30E0 055:485.536 - 1.865ms returns FALSE
T30E0 055:485.620 JLINK_IsHalted()
T30E0 055:487.808 - 2.186ms returns FALSE
T6384 055:592.696 JLINK_IsHalted()
T6384 055:593.448 - 0.746ms returns FALSE
T6384 055:593.512 JLINK_IsHalted()
T6384 055:595.672 - 2.159ms returns FALSE
T30E0 055:595.756 JLINK_IsHalted()
T30E0 055:597.932 - 2.174ms returns FALSE
T30E0 055:598.004 JLINK_IsHalted()
T30E0 055:599.052 - 1.045ms returns FALSE
T30E0 055:703.168 JLINK_IsHalted()
T30E0 055:704.876 - 1.707ms returns FALSE
T30E0 055:704.940 JLINK_IsHalted()
T30E0 055:707.124 - 2.180ms returns FALSE
T30E0 055:812.108 JLINK_IsHalted()
T30E0 055:814.056 - 1.942ms returns FALSE
T30E0 055:814.124 JLINK_IsHalted()
T30E0 055:816.264 - 2.139ms returns FALSE
T30E0 055:921.300 JLINK_IsHalted()
T30E0 055:923.008 - 1.710ms returns FALSE
T30E0 055:923.064 JLINK_IsHalted()
T30E0 055:925.300 - 2.229ms returns FALSE
T30E0 056:030.400 JLINK_IsHalted()
T30E0 056:032.064 - 1.667ms returns FALSE
T30E0 056:032.128 JLINK_IsHalted()
T30E0 056:034.252 - 2.130ms returns FALSE
T30E0 056:140.584 JLINK_IsHalted()
T30E0 056:142.124 - 1.544ms returns FALSE
T30E0 056:142.196 JLINK_IsHalted()
T30E0 056:144.352 - 2.154ms returns FALSE
T30E0 056:249.292 JLINK_IsHalted()
T30E0 056:251.052 - 1.757ms returns FALSE
T30E0 056:251.136 JLINK_IsHalted()
T30E0 056:253.364 - 2.228ms returns FALSE
T30E0 056:358.808 JLINK_IsHalted()
T30E0 056:360.168 - 1.355ms returns FALSE
T30E0 056:360.244 JLINK_IsHalted()
T30E0 056:362.400 - 2.158ms returns FALSE
T30E0 056:468.520 JLINK_IsHalted()
T30E0 056:470.272 - 1.754ms returns FALSE
T30E0 056:470.348 JLINK_IsHalted()
T30E0 056:472.372 - 2.020ms returns FALSE
T30E0 056:577.932 JLINK_IsHalted()
T30E0 056:580.172 - 2.240ms returns FALSE
T30E0 056:580.248 JLINK_IsHalted()
T30E0 056:582.380 - 2.131ms returns FALSE
T6384 056:595.764 JLINK_IsHalted()
T6384 056:596.664 - 0.902ms returns FALSE
T6384 056:596.728 JLINK_IsHalted()
T6384 056:597.784 - 1.055ms returns FALSE
T30E0 056:686.912 JLINK_IsHalted()
T30E0 056:688.588 - 1.677ms returns FALSE
T30E0 056:688.664 JLINK_IsHalted()
T30E0 056:690.816 - 2.149ms returns FALSE
T30E0 056:796.180 JLINK_IsHalted()
T30E0 056:797.704 - 1.527ms returns FALSE
T30E0 056:797.772 JLINK_IsHalted()
T30E0 056:798.848 - 1.069ms returns FALSE
T30E0 056:906.136 JLINK_IsHalted()
T30E0 056:908.596 - 2.455ms returns FALSE
T30E0 056:908.664 JLINK_IsHalted()
T30E0 056:910.772 - 2.103ms returns FALSE
T30E0 057:015.048 JLINK_IsHalted()
T30E0 057:017.108 - 2.062ms returns FALSE
T30E0 057:017.224 JLINK_IsHalted()
T30E0 057:019.368 - 2.144ms returns FALSE
T30E0 057:124.296 JLINK_IsHalted()
T30E0 057:126.580 - 2.281ms returns FALSE
T30E0 057:126.656 JLINK_IsHalted()
T30E0 057:128.756 - 2.098ms returns FALSE
T30E0 057:234.264 JLINK_IsHalted()
T30E0 057:236.640 - 2.377ms returns FALSE
T30E0 057:236.716 JLINK_IsHalted()
T30E0 057:238.828 - 2.107ms returns FALSE
T30E0 057:343.540 JLINK_IsHalted()
T30E0 057:345.716 - 2.174ms returns FALSE
T30E0 057:345.824 JLINK_IsHalted()
T30E0 057:347.948 - 2.127ms returns FALSE
T30E0 057:452.820 JLINK_IsHalted()
T30E0 057:454.552 - 1.735ms returns FALSE
T30E0 057:454.624 JLINK_IsHalted()
T30E0 057:456.788 - 2.158ms returns FALSE
T30E0 057:561.856 JLINK_IsHalted()
T30E0 057:563.404 - 1.546ms returns FALSE
T30E0 057:563.468 JLINK_IsHalted()
T30E0 057:565.624 - 2.159ms returns FALSE
T6384 057:598.668 JLINK_IsHalted()
T6384 057:599.672 - 1.006ms returns FALSE
T6384 057:599.768 JLINK_IsHalted()
T6384 057:600.920 - 1.149ms returns FALSE
T30E0 057:671.820 JLINK_IsHalted()
T30E0 057:673.836 - 2.017ms returns FALSE
T30E0 057:673.900 JLINK_IsHalted()
T30E0 057:676.072 - 2.174ms returns FALSE
T30E0 057:780.576 JLINK_IsHalted()
T30E0 057:782.440 - 1.861ms returns FALSE
T30E0 057:782.484 JLINK_IsHalted()
T30E0 057:784.652 - 2.171ms returns FALSE
T30E0 057:890.408 JLINK_IsHalted()
T30E0 057:892.340 - 1.934ms returns FALSE
T30E0 057:892.404 JLINK_IsHalted()
T30E0 057:894.432 - 2.028ms returns FALSE
T30E0 057:999.640 JLINK_IsHalted()
T30E0 058:001.784 - 2.140ms returns FALSE
T30E0 058:001.848 JLINK_IsHalted()
T30E0 058:003.924 - 2.078ms returns FALSE
T30E0 058:109.304 JLINK_IsHalted()
T30E0 058:111.028 - 1.722ms returns FALSE
T30E0 058:111.092 JLINK_IsHalted()
T30E0 058:113.132 - 2.040ms returns FALSE
T30E0 058:218.600 JLINK_IsHalted()
T30E0 058:219.988 - 1.384ms returns FALSE
T30E0 058:220.052 JLINK_IsHalted()
T30E0 058:221.996 - 1.946ms returns FALSE
T30E0 058:328.216 JLINK_IsHalted()
T30E0 058:330.304 - 2.085ms returns FALSE
T30E0 058:330.376 JLINK_IsHalted()
T30E0 058:332.416 - 2.036ms returns FALSE
T30E0 058:436.832 JLINK_IsHalted()
T30E0 058:438.464 - 1.631ms returns FALSE
T30E0 058:438.536 JLINK_IsHalted()
T30E0 058:440.716 - 2.179ms returns FALSE
T30E0 058:546.484 JLINK_IsHalted()
T30E0 058:548.424 - 1.941ms returns FALSE
T30E0 058:548.492 JLINK_IsHalted()
T30E0 058:550.624 - 2.131ms returns FALSE
T6384 058:601.612 JLINK_IsHalted()
T6384 058:602.200 - 0.589ms returns FALSE
T6384 058:602.264 JLINK_IsHalted()
T6384 058:603.316 - 1.048ms returns FALSE
T30E0 058:655.480 JLINK_IsHalted()
T30E0 058:657.844 - 2.362ms returns FALSE
T30E0 058:657.912 JLINK_IsHalted()
T30E0 058:660.052 - 2.139ms returns FALSE
T30E0 058:764.788 JLINK_IsHalted()
T30E0 058:766.924 - 2.137ms returns FALSE
T30E0 058:766.976 JLINK_IsHalted()
T30E0 058:769.280 - 2.300ms returns FALSE
T30E0 058:874.616 JLINK_IsHalted()
T30E0 058:876.876 - 2.256ms returns FALSE
T30E0 058:876.940 JLINK_IsHalted()
T30E0 058:879.116 - 2.180ms returns FALSE
T30E0 058:984.472 JLINK_IsHalted()
T30E0 058:986.252 - 1.780ms returns FALSE
T30E0 058:986.344 JLINK_IsHalted()
T30E0 058:987.380 - 1.032ms returns FALSE
T30E0 059:093.416 JLINK_IsHalted()
T30E0 059:095.468 - 2.052ms returns FALSE
T30E0 059:095.540 JLINK_IsHalted()
T30E0 059:097.652 - 2.109ms returns FALSE
T30E0 059:202.892 JLINK_IsHalted()
T30E0 059:204.680 - 1.784ms returns FALSE
T30E0 059:204.768 JLINK_IsHalted()
T30E0 059:206.900 - 2.128ms returns FALSE
T30E0 059:312.084 JLINK_IsHalted()
T30E0 059:313.768 - 1.684ms returns FALSE
T30E0 059:313.836 JLINK_IsHalted()
T30E0 059:315.936 - 2.100ms returns FALSE
T30E0 059:421.324 JLINK_IsHalted()
T30E0 059:423.064 - 1.742ms returns FALSE
T30E0 059:423.124 JLINK_IsHalted()
T30E0 059:425.344 - 2.216ms returns FALSE
T30E0 059:530.904 JLINK_IsHalted()
T30E0 059:533.088 - 2.181ms returns FALSE
T30E0 059:533.160 JLINK_IsHalted()
T30E0 059:535.304 - 2.144ms returns FALSE
T6384 059:604.020 JLINK_IsHalted()
T6384 059:605.416 - 1.394ms returns FALSE
T6384 059:605.480 JLINK_IsHalted()
T6384 059:606.504 - 1.025ms returns FALSE
T30E0 059:640.372 JLINK_IsHalted()
T30E0 059:642.312 - 1.940ms returns FALSE
T30E0 059:642.388 JLINK_IsHalted()
T30E0 059:644.520 - 2.126ms returns FALSE
T30E0 059:749.784 JLINK_IsHalted()
T30E0 059:751.384 - 1.597ms returns FALSE
T30E0 059:751.464 JLINK_IsHalted()
T30E0 059:753.600 - 2.141ms returns FALSE
T30E0 059:859.368 JLINK_IsHalted()
T30E0 059:861.452 - 2.089ms returns FALSE
T30E0 059:861.516 JLINK_IsHalted()
T30E0 059:863.656 - 2.132ms returns FALSE
T30E0 059:968.268 JLINK_IsHalted()
T30E0 059:969.908 - 1.637ms returns FALSE
T30E0 059:970.004 JLINK_IsHalted()
T30E0 059:972.140 - 2.140ms returns FALSE
T30E0 060:077.324 JLINK_IsHalted()
T30E0 060:078.824 - 1.493ms returns FALSE
T30E0 060:078.880 JLINK_IsHalted()
T30E0 060:081.048 - 2.164ms returns FALSE
T30E0 060:187.320 JLINK_IsHalted()
T30E0 060:189.012 - 1.687ms returns FALSE
T30E0 060:189.080 JLINK_IsHalted()
T30E0 060:191.252 - 2.170ms returns FALSE
T30E0 060:296.716 JLINK_IsHalted()
T30E0 060:298.348 - 1.626ms returns FALSE
T30E0 060:298.412 JLINK_IsHalted()
T30E0 060:300.480 - 2.069ms returns FALSE
T30E0 060:405.952 JLINK_IsHalted()
T30E0 060:408.300 - 2.348ms returns FALSE
T30E0 060:408.376 JLINK_IsHalted()
T30E0 060:410.516 - 2.135ms returns FALSE
T30E0 060:514.872 JLINK_IsHalted()
T30E0 060:516.608 - 1.733ms returns FALSE
T30E0 060:516.692 JLINK_IsHalted()
T30E0 060:518.804 - 2.112ms returns FALSE
T6384 060:606.836 JLINK_IsHalted()
T6384 060:607.656 - 0.818ms returns FALSE
T6384 060:607.756 JLINK_IsHalted()
T6384 060:608.776 - 1.018ms returns FALSE
T30E0 060:624.716 JLINK_IsHalted()
T30E0 060:625.684 - 0.968ms returns FALSE
T30E0 060:625.752 JLINK_IsHalted()
T30E0 060:627.892 - 2.134ms returns FALSE
T30E0 060:734.376 JLINK_IsHalted()
T30E0 060:736.744 - 2.366ms returns FALSE
T30E0 060:736.808 JLINK_IsHalted()
T30E0 060:738.988 - 2.178ms returns FALSE
T30E0 060:843.392 JLINK_IsHalted()
T30E0 060:845.160 - 1.765ms returns FALSE
T30E0 060:845.224 JLINK_IsHalted()
T30E0 060:847.424 - 2.203ms returns FALSE
T30E0 060:952.952 JLINK_IsHalted()
T30E0 060:955.404 - 2.453ms returns FALSE
T30E0 060:955.480 JLINK_IsHalted()
T30E0 060:957.600 - 2.118ms returns FALSE
T30E0 061:061.984 JLINK_IsHalted()
T30E0 061:063.520 - 1.532ms returns FALSE
T30E0 061:063.616 JLINK_IsHalted()
T30E0 061:065.736 - 2.120ms returns FALSE
T30E0 061:171.976 JLINK_IsHalted()
T30E0 061:174.264 - 2.296ms returns FALSE
T30E0 061:174.376 JLINK_IsHalted()
T30E0 061:175.368 - 0.994ms returns FALSE
T30E0 061:280.792 JLINK_IsHalted()
T30E0 061:282.056 - 1.262ms returns FALSE
T30E0 061:282.144 JLINK_IsHalted()
T30E0 061:284.268 - 2.123ms returns FALSE
T30E0 061:389.856 JLINK_IsHalted()
T30E0 061:391.992 - 2.139ms returns FALSE
T30E0 061:392.096 JLINK_IsHalted()
T30E0 061:394.264 - 2.167ms returns FALSE
T30E0 061:500.104 JLINK_IsHalted()
T30E0 061:502.264 - 2.159ms returns FALSE
T30E0 061:502.328 JLINK_IsHalted()
T30E0 061:504.456 - 2.125ms returns FALSE
T30E0 061:608.512 JLINK_IsHalted()
T30E0 061:610.028 - 1.510ms returns FALSE
T30E0 061:610.104 JLINK_IsHalted()
T30E0 061:612.280 - 2.178ms returns FALSE
T6384 061:612.416 JLINK_IsHalted()
T6384 061:614.464 - 2.043ms returns FALSE
T6384 061:614.548 JLINK_IsHalted()
T6384 061:615.544 - 1.003ms returns FALSE
T30E0 061:718.292 JLINK_IsHalted()
T30E0 061:720.360 - 2.066ms returns FALSE
T30E0 061:720.416 JLINK_IsHalted()
T30E0 061:722.568 - 2.147ms returns FALSE
T30E0 061:827.328 JLINK_IsHalted()
T30E0 061:829.396 - 2.065ms returns FALSE
T30E0 061:829.484 JLINK_IsHalted()
T30E0 061:831.560 - 2.074ms returns FALSE
T30E0 061:936.884 JLINK_IsHalted()
T30E0 061:938.984 - 2.094ms returns FALSE
T30E0 061:939.052 JLINK_IsHalted()
T30E0 061:941.292 - 2.238ms returns FALSE
T30E0 062:046.196 JLINK_IsHalted()
T30E0 062:048.556 - 2.356ms returns FALSE
T30E0 062:048.680 JLINK_IsHalted()
T30E0 062:050.592 - 1.912ms returns FALSE
T30E0 062:155.948 JLINK_IsHalted()
T30E0 062:158.272 - 2.326ms returns FALSE
T30E0 062:158.356 JLINK_IsHalted()
T30E0 062:160.488 - 2.127ms returns FALSE
T30E0 062:265.320 JLINK_IsHalted()
T30E0 062:267.148 - 1.835ms returns FALSE
T30E0 062:267.220 JLINK_IsHalted()
T30E0 062:269.432 - 2.209ms returns FALSE
T30E0 062:374.376 JLINK_IsHalted()
T30E0 062:375.988 - 1.608ms returns FALSE
T30E0 062:376.044 JLINK_IsHalted()
T30E0 062:378.264 - 2.218ms returns FALSE
T30E0 062:484.108 JLINK_IsHalted()
T30E0 062:485.760 - 1.650ms returns FALSE
T30E0 062:485.844 JLINK_IsHalted()
T30E0 062:487.960 - 2.113ms returns FALSE
T30E0 062:593.384 JLINK_IsHalted()
T30E0 062:595.656 - 2.268ms returns FALSE
T30E0 062:595.712 JLINK_IsHalted()
T30E0 062:597.824 - 2.107ms returns FALSE
T6384 062:616.180 JLINK_IsHalted()
T6384 062:617.312 - 1.128ms returns FALSE
T6384 062:617.368 JLINK_IsHalted()
T6384 062:618.388 - 1.013ms returns FALSE
T30E0 062:703.052 JLINK_IsHalted()
T30E0 062:704.908 - 1.858ms returns FALSE
T30E0 062:704.992 JLINK_IsHalted()
T30E0 062:707.096 - 2.104ms returns FALSE
T30E0 062:812.264 JLINK_IsHalted()
T30E0 062:813.928 - 1.664ms returns FALSE
T30E0 062:814.016 JLINK_IsHalted()
T30E0 062:816.136 - 2.118ms returns FALSE
T30E0 062:921.288 JLINK_IsHalted()
T30E0 062:923.560 - 2.276ms returns FALSE
T30E0 062:923.660 JLINK_IsHalted()
T30E0 062:925.748 - 2.091ms returns FALSE
T30E0 063:030.924 JLINK_IsHalted()
T30E0 063:032.788 - 1.861ms returns FALSE
T30E0 063:032.876 JLINK_IsHalted()
T30E0 063:034.912 - 2.034ms returns FALSE
T30E0 063:140.012 JLINK_IsHalted()
T30E0 063:141.620 - 1.607ms returns FALSE
T30E0 063:141.684 JLINK_IsHalted()
T30E0 063:143.692 - 2.006ms returns FALSE
T30E0 063:250.068 JLINK_IsHalted()
T30E0 063:252.440 - 2.376ms returns FALSE
T30E0 063:252.504 JLINK_IsHalted()
T30E0 063:254.584 - 2.080ms returns FALSE
T30E0 063:358.584 JLINK_IsHalted()
T30E0 063:360.376 - 1.793ms returns FALSE
T30E0 063:360.460 JLINK_IsHalted()
T30E0 063:362.552 - 2.093ms returns FALSE
T30E0 063:468.616 JLINK_IsHalted()
T30E0 063:469.780 - 1.164ms returns FALSE
T30E0 063:469.832 JLINK_IsHalted()
T30E0 063:471.852 - 2.025ms returns FALSE
T30E0 063:577.748 JLINK_IsHalted()
T30E0 063:579.928 - 2.177ms returns FALSE
T30E0 063:580.000 JLINK_IsHalted()
T30E0 063:582.120 - 2.118ms returns FALSE
T6384 063:619.104 JLINK_IsHalted()
T6384 063:619.944 - 0.839ms returns FALSE
T6384 063:620.008 JLINK_IsHalted()
T6384 063:621.000 - 0.991ms returns FALSE
T30E0 063:687.224 JLINK_IsHalted()
T30E0 063:689.080 - 1.854ms returns FALSE
T30E0 063:689.160 JLINK_IsHalted()
T30E0 063:691.256 - 2.100ms returns FALSE
T30E0 063:796.616 JLINK_IsHalted()
T30E0 063:798.952 - 2.338ms returns FALSE
T30E0 063:799.008 JLINK_IsHalted()
T30E0 063:801.152 - 2.141ms returns FALSE
T30E0 063:905.568 JLINK_IsHalted()
T30E0 063:907.756 - 2.187ms returns FALSE
T30E0 063:907.820 JLINK_IsHalted()
T30E0 063:909.900 - 2.081ms returns FALSE
T30E0 064:015.496 JLINK_IsHalted()
T30E0 064:017.780 - 2.282ms returns FALSE
T30E0 064:017.844 JLINK_IsHalted()
T30E0 064:019.956 - 2.110ms returns FALSE
T30E0 064:124.340 JLINK_IsHalted()
T30E0 064:126.580 - 2.242ms returns FALSE
T30E0 064:126.644 JLINK_IsHalted()
T30E0 064:128.824 - 2.186ms returns FALSE
T30E0 064:233.856 JLINK_IsHalted()
T30E0 064:235.680 - 1.823ms returns FALSE
T30E0 064:235.744 JLINK_IsHalted()
T30E0 064:237.736 - 1.993ms returns FALSE
T30E0 064:343.596 JLINK_IsHalted()
T30E0 064:345.384 - 1.783ms returns FALSE
T30E0 064:345.452 JLINK_IsHalted()
T30E0 064:347.616 - 2.162ms returns FALSE
T30E0 064:452.416 JLINK_IsHalted()
T30E0 064:454.156 - 1.739ms returns FALSE
T30E0 064:454.228 JLINK_IsHalted()
T30E0 064:456.344 - 2.124ms returns FALSE
T30E0 064:561.624 JLINK_IsHalted()
T30E0 064:563.928 - 2.306ms returns FALSE
T30E0 064:564.000 JLINK_IsHalted()
T30E0 064:566.156 - 2.155ms returns FALSE
T6384 064:622.072 JLINK_IsHalted()
T6384 064:623.256 - 1.185ms returns FALSE
T6384 064:623.320 JLINK_IsHalted()
T6384 064:624.352 - 1.032ms returns FALSE
T30E0 064:671.956 JLINK_IsHalted()
T30E0 064:674.152 - 2.194ms returns FALSE
T30E0 064:674.232 JLINK_IsHalted()
T30E0 064:676.344 - 2.112ms returns FALSE
T30E0 064:780.404 JLINK_IsHalted()
T30E0 064:782.380 - 1.982ms returns FALSE
T30E0 064:782.440 JLINK_IsHalted()
T30E0 064:784.660 - 2.218ms returns FALSE
T30E0 064:890.216 JLINK_IsHalted()
T30E0 064:892.008 - 1.791ms returns FALSE
T30E0 064:892.088 JLINK_IsHalted()
T30E0 064:894.312 - 2.221ms returns FALSE
T30E0 064:999.892 JLINK_IsHalted()
T30E0 065:002.264 - 2.375ms returns FALSE
T30E0 065:002.336 JLINK_IsHalted()
T30E0 065:004.456 - 2.118ms returns FALSE
T30E0 065:108.556 JLINK_IsHalted()
T30E0 065:110.272 - 1.720ms returns FALSE
T30E0 065:110.344 JLINK_IsHalted()
T30E0 065:112.480 - 2.134ms returns FALSE
T30E0 065:218.304 JLINK_IsHalted()
T30E0 065:219.668 - 1.363ms returns FALSE
T30E0 065:219.720 JLINK_IsHalted()
T30E0 065:221.772 - 2.057ms returns FALSE
T30E0 065:327.448 JLINK_IsHalted()
T30E0 065:329.832 - 2.382ms returns FALSE
T30E0 065:329.932 JLINK_IsHalted()
T30E0 065:332.116 - 2.180ms returns FALSE
T30E0 065:437.544 JLINK_IsHalted()
T30E0 065:439.508 - 1.968ms returns FALSE
T30E0 065:439.576 JLINK_IsHalted()
T30E0 065:441.684 - 2.107ms returns FALSE
T30E0 065:546.528 JLINK_IsHalted()
T30E0 065:548.436 - 1.904ms returns FALSE
T30E0 065:548.500 JLINK_IsHalted()
T30E0 065:550.568 - 2.064ms returns FALSE
T6384 065:625.164 JLINK_IsHalted()
T6384 065:625.864 - 0.697ms returns FALSE
T6384 065:625.940 JLINK_IsHalted()
T6384 065:626.976 - 1.034ms returns FALSE
T30E0 065:655.424 JLINK_IsHalted()
T30E0 065:657.592 - 2.166ms returns FALSE
T30E0 065:657.656 JLINK_IsHalted()
T30E0 065:659.808 - 2.146ms returns FALSE
T30E0 065:764.972 JLINK_IsHalted()
T30E0 065:767.392 - 2.418ms returns FALSE
T30E0 065:767.464 JLINK_IsHalted()
T30E0 065:769.580 - 2.122ms returns FALSE
T30E0 065:874.508 JLINK_IsHalted()
T30E0 065:876.052 - 1.537ms returns FALSE
T30E0 065:876.108 JLINK_IsHalted()
T30E0 065:878.264 - 2.150ms returns FALSE
T30E0 065:983.540 JLINK_IsHalted()
T30E0 065:985.312 - 1.776ms returns FALSE
T30E0 065:985.396 JLINK_IsHalted()
T30E0 065:987.512 - 2.113ms returns FALSE
T30E0 066:093.464 JLINK_IsHalted()
T30E0 066:095.784 - 2.319ms returns FALSE
T30E0 066:095.872 JLINK_IsHalted()
T30E0 066:098.008 - 2.138ms returns FALSE
T30E0 066:202.708 JLINK_IsHalted()
T30E0 066:204.364 - 1.654ms returns FALSE
T30E0 066:204.440 JLINK_IsHalted()
T30E0 066:206.572 - 2.128ms returns FALSE
T30E0 066:312.424 JLINK_IsHalted()
T30E0 066:314.644 - 2.223ms returns FALSE
T30E0 066:314.720 JLINK_IsHalted()
T30E0 066:316.824 - 2.105ms returns FALSE
T30E0 066:421.900 JLINK_IsHalted()
T30E0 066:423.348 - 1.441ms returns FALSE
T30E0 066:423.448 JLINK_IsHalted()
T30E0 066:425.452 - 2.002ms returns FALSE
T30E0 066:530.636 JLINK_IsHalted()
T30E0 066:532.184 - 1.543ms returns FALSE
T30E0 066:532.256 JLINK_IsHalted()
T30E0 066:534.360 - 2.101ms returns FALSE
T6384 066:627.880 JLINK_IsHalted()
T6384 066:629.784 - 1.908ms returns FALSE
T6384 066:629.864 JLINK_IsHalted()
T6384 066:630.880 - 1.019ms returns FALSE
T30E0 066:640.488 JLINK_IsHalted()
T30E0 066:642.144 - 1.661ms returns FALSE
T30E0 066:642.220 JLINK_IsHalted()
T30E0 066:644.288 - 2.066ms returns FALSE
T30E0 066:749.608 JLINK_IsHalted()
T30E0 066:751.144 - 1.532ms returns FALSE
T30E0 066:751.192 JLINK_IsHalted()
T30E0 066:753.344 - 2.154ms returns FALSE
T30E0 066:859.276 JLINK_IsHalted()
T30E0 066:861.112 - 1.839ms returns FALSE
T30E0 066:861.204 JLINK_IsHalted()
T30E0 066:863.336 - 2.132ms returns FALSE
T30E0 066:968.440 JLINK_IsHalted()
T30E0 066:970.356 - 1.911ms returns FALSE
T30E0 066:970.424 JLINK_IsHalted()
T30E0 066:972.556 - 2.127ms returns FALSE
T30E0 067:077.920 JLINK_IsHalted()
T30E0 067:080.108 - 2.189ms returns FALSE
T30E0 067:080.152 JLINK_IsHalted()
T30E0 067:082.380 - 2.223ms returns FALSE
T30E0 067:187.888 JLINK_IsHalted()
T30E0 067:190.264 - 2.373ms returns FALSE
T30E0 067:190.360 JLINK_IsHalted()
T30E0 067:192.120 - 1.758ms returns FALSE
T30E0 067:296.216 JLINK_IsHalted()
T30E0 067:298.264 - 2.048ms returns FALSE
T30E0 067:298.336 JLINK_IsHalted()
T30E0 067:300.368 - 2.028ms returns FALSE
T30E0 067:406.512 JLINK_IsHalted()
T30E0 067:408.144 - 1.629ms returns FALSE
T30E0 067:408.232 JLINK_IsHalted()
T30E0 067:410.384 - 2.152ms returns FALSE
T30E0 067:514.864 JLINK_IsHalted()
T30E0 067:517.112 - 2.249ms returns FALSE
T30E0 067:517.184 JLINK_IsHalted()
T30E0 067:519.320 - 2.139ms returns FALSE
T30E0 067:624.808 JLINK_IsHalted()
T30E0 067:626.864 - 2.052ms returns FALSE
T30E0 067:626.928 JLINK_IsHalted()
T30E0 067:629.088 - 2.165ms returns FALSE
T6384 067:630.976 JLINK_IsHalted()
T6384 067:632.216 - 1.240ms returns FALSE
T6384 067:632.280 JLINK_IsHalted()
T6384 067:633.072 - 0.791ms returns FALSE
T30E0 067:733.952 JLINK_IsHalted()
T30E0 067:735.912 - 1.960ms returns FALSE
T30E0 067:735.984 JLINK_IsHalted()
T30E0 067:738.088 - 2.095ms returns FALSE
T30E0 067:842.928 JLINK_IsHalted()
T30E0 067:845.184 - 2.260ms returns FALSE
T30E0 067:845.248 JLINK_IsHalted()
T30E0 067:847.424 - 2.177ms returns FALSE
T30E0 067:952.928 JLINK_IsHalted()
T30E0 067:955.000 - 2.075ms returns FALSE
T30E0 067:955.072 JLINK_IsHalted()
T30E0 067:957.128 - 2.054ms returns FALSE
T30E0 068:062.560 JLINK_IsHalted()
T30E0 068:064.216 - 1.654ms returns FALSE
T30E0 068:064.280 JLINK_IsHalted()
T30E0 068:066.328 - 2.050ms returns FALSE
T30E0 068:171.128 JLINK_IsHalted()
T30E0 068:172.872 - 1.740ms returns FALSE
T30E0 068:172.944 JLINK_IsHalted()
T30E0 068:175.064 - 2.118ms returns FALSE
T30E0 068:280.584 JLINK_IsHalted()
T30E0 068:282.544 - 1.959ms returns FALSE
T30E0 068:282.608 JLINK_IsHalted()
T30E0 068:284.776 - 2.170ms returns FALSE
T30E0 068:390.664 JLINK_IsHalted()
T30E0 068:392.472 - 1.807ms returns FALSE
T30E0 068:392.536 JLINK_IsHalted()
T30E0 068:394.640 - 2.102ms returns FALSE
T30E0 068:500.256 JLINK_IsHalted()
T30E0 068:502.296 - 2.042ms returns FALSE
T30E0 068:502.360 JLINK_IsHalted()
T30E0 068:504.464 - 2.099ms returns FALSE
T30E0 068:608.976 JLINK_IsHalted()
T30E0 068:611.040 - 2.061ms returns FALSE
T30E0 068:611.096 JLINK_IsHalted()
T30E0 068:613.232 - 2.137ms returns FALSE
T6384 068:633.216 JLINK_IsHalted()
T6384 068:634.520 - 1.306ms returns FALSE
T6384 068:634.576 JLINK_IsHalted()
T6384 068:635.624 - 1.046ms returns FALSE
T30E0 068:718.608 JLINK_IsHalted()
T30E0 068:720.272 - 1.659ms returns FALSE
T30E0 068:720.336 JLINK_IsHalted()
T30E0 068:722.480 - 2.142ms returns FALSE
T30E0 068:827.744 JLINK_IsHalted()
T30E0 068:829.424 - 1.680ms returns FALSE
T30E0 068:829.496 JLINK_IsHalted()
T30E0 068:831.600 - 2.108ms returns FALSE
T30E0 068:937.472 JLINK_IsHalted()
T30E0 068:939.112 - 1.634ms returns FALSE
T30E0 068:939.200 JLINK_IsHalted()
T30E0 068:941.336 - 2.135ms returns FALSE
T30E0 069:046.056 JLINK_IsHalted()
T30E0 069:048.432 - 2.375ms returns FALSE
T30E0 069:048.504 JLINK_IsHalted()
T30E0 069:050.648 - 2.142ms returns FALSE
T30E0 069:155.888 JLINK_IsHalted()
T30E0 069:158.120 - 2.225ms returns FALSE
T30E0 069:158.192 JLINK_IsHalted()
T30E0 069:160.368 - 2.174ms returns FALSE
T30E0 069:265.040 JLINK_IsHalted()
T30E0 069:266.992 - 1.954ms returns FALSE
T30E0 069:267.072 JLINK_IsHalted()
T30E0 069:269.256 - 2.178ms returns FALSE
T30E0 069:374.488 JLINK_IsHalted()
T30E0 069:376.432 - 1.937ms returns FALSE
T30E0 069:376.544 JLINK_IsHalted()
T30E0 069:378.448 - 1.905ms returns FALSE
T30E0 069:484.384 JLINK_IsHalted()
T30E0 069:486.000 - 1.621ms returns FALSE
T30E0 069:486.080 JLINK_IsHalted()
T30E0 069:488.136 - 2.054ms returns FALSE
T30E0 069:593.680 JLINK_IsHalted()
T30E0 069:595.696 - 2.014ms returns FALSE
T30E0 069:595.776 JLINK_IsHalted()
T30E0 069:597.824 - 2.051ms returns FALSE
T6384 069:635.504 JLINK_IsHalted()
T6384 069:636.560 - 1.049ms returns FALSE
T6384 069:636.624 JLINK_IsHalted()
T6384 069:637.616 - 0.999ms returns FALSE
T30E0 069:702.432 JLINK_IsHalted()
T30E0 069:704.008 - 1.576ms returns FALSE
T30E0 069:704.080 JLINK_IsHalted()
T30E0 069:706.224 - 2.138ms returns FALSE
T30E0 069:812.520 JLINK_IsHalted()
T30E0 069:813.976 - 1.453ms returns FALSE
T30E0 069:814.040 JLINK_IsHalted()
T30E0 069:816.240 - 2.202ms returns FALSE
T30E0 069:921.416 JLINK_IsHalted()
T30E0 069:923.056 - 1.635ms returns FALSE
T30E0 069:923.120 JLINK_IsHalted()
T30E0 069:925.352 - 2.229ms returns FALSE
T30E0 070:030.608 JLINK_IsHalted()
T30E0 070:032.248 - 1.634ms returns FALSE
T30E0 070:032.304 JLINK_IsHalted()
T30E0 070:034.456 - 2.154ms returns FALSE
T30E0 070:139.856 JLINK_IsHalted()
T30E0 070:141.968 - 2.103ms returns FALSE
T30E0 070:142.032 JLINK_IsHalted()
T30E0 070:144.232 - 2.196ms returns FALSE
T30E0 070:249.256 JLINK_IsHalted()
T30E0 070:250.776 - 1.521ms returns FALSE
T30E0 070:250.848 JLINK_IsHalted()
T30E0 070:252.976 - 2.122ms returns FALSE
T30E0 070:359.416 JLINK_IsHalted()
T30E0 070:361.696 - 2.278ms returns FALSE
T30E0 070:361.760 JLINK_IsHalted()
T30E0 070:363.888 - 2.126ms returns FALSE
T30E0 070:468.400 JLINK_IsHalted()
T30E0 070:470.584 - 2.191ms returns FALSE
T30E0 070:470.664 JLINK_IsHalted()
T30E0 070:472.728 - 2.063ms returns FALSE
T30E0 070:577.512 JLINK_IsHalted()
T30E0 070:579.480 - 1.969ms returns FALSE
T30E0 070:579.544 JLINK_IsHalted()
T30E0 070:581.616 - 2.073ms returns FALSE
T6384 070:638.320 JLINK_IsHalted()
T6384 070:640.144 - 1.815ms returns FALSE
T6384 070:640.240 JLINK_IsHalted()
T6384 070:642.960 - 2.721ms returns FALSE
T30E0 070:687.016 JLINK_IsHalted()
T30E0 070:688.656 - 1.632ms returns FALSE
T30E0 070:688.720 JLINK_IsHalted()
T30E0 070:690.816 - 2.095ms returns FALSE
T30E0 070:796.192 JLINK_IsHalted()
T30E0 070:798.576 - 2.384ms returns FALSE
T30E0 070:798.640 JLINK_IsHalted()
T30E0 070:800.784 - 2.143ms returns FALSE
T30E0 070:905.968 JLINK_IsHalted()
T30E0 070:907.576 - 1.612ms returns FALSE
T30E0 070:907.640 JLINK_IsHalted()
T30E0 070:909.792 - 2.147ms returns FALSE
T30E0 071:015.440 JLINK_IsHalted()
T30E0 071:017.680 - 2.232ms returns FALSE
T30E0 071:017.744 JLINK_IsHalted()
T30E0 071:019.816 - 2.068ms returns FALSE
T30E0 071:124.672 JLINK_IsHalted()
T30E0 071:126.480 - 1.802ms returns FALSE
T30E0 071:126.552 JLINK_IsHalted()
T30E0 071:128.648 - 2.091ms returns FALSE
T30E0 071:233.744 JLINK_IsHalted()
T30E0 071:235.344 - 1.601ms returns FALSE
T30E0 071:235.424 JLINK_IsHalted()
T30E0 071:237.576 - 2.151ms returns FALSE
T30E0 071:342.960 JLINK_IsHalted()
T30E0 071:345.008 - 2.045ms returns FALSE
T30E0 071:345.072 JLINK_IsHalted()
T30E0 071:347.248 - 2.180ms returns FALSE
T30E0 071:452.840 JLINK_IsHalted()
T30E0 071:455.048 - 2.205ms returns FALSE
T30E0 071:455.120 JLINK_IsHalted()
T30E0 071:457.256 - 2.139ms returns FALSE
T30E0 071:561.664 JLINK_IsHalted()
T30E0 071:563.872 - 2.209ms returns FALSE
T30E0 071:563.960 JLINK_IsHalted()
T30E0 071:566.064 - 2.105ms returns FALSE
T6384 071:643.472 JLINK_IsHalted()
T6384 071:644.976 - 1.501ms returns FALSE
T6384 071:645.040 JLINK_IsHalted()
T6384 071:646.128 - 1.095ms returns FALSE
T30E0 071:671.560 JLINK_IsHalted()
T30E0 071:673.928 - 2.371ms returns FALSE
T30E0 071:674.032 JLINK_IsHalted()
T30E0 071:676.176 - 2.148ms returns FALSE
T30E0 071:780.552 JLINK_IsHalted()
T30E0 071:782.952 - 2.403ms returns FALSE
T30E0 071:783.040 JLINK_IsHalted()
T30E0 071:785.120 - 2.080ms returns FALSE
T30E0 071:890.696 JLINK_IsHalted()
T30E0 071:892.544 - 1.850ms returns FALSE
T30E0 071:892.624 JLINK_IsHalted()
T30E0 071:894.752 - 2.129ms returns FALSE
T30E0 072:000.080 JLINK_IsHalted()
T30E0 072:002.080 - 1.993ms returns FALSE
T30E0 072:002.136 JLINK_IsHalted()
T30E0 072:004.320 - 2.180ms returns FALSE
T30E0 072:109.040 JLINK_IsHalted()
T30E0 072:111.096 - 2.054ms returns FALSE
T30E0 072:111.168 JLINK_IsHalted()
T30E0 072:113.328 - 2.156ms returns FALSE
T30E0 072:218.656 JLINK_IsHalted()
T30E0 072:221.112 - 2.454ms returns FALSE
T30E0 072:221.168 JLINK_IsHalted()
T30E0 072:223.304 - 2.130ms returns FALSE
T30E0 072:328.072 JLINK_IsHalted()
T30E0 072:329.904 - 1.833ms returns FALSE
T30E0 072:330.008 JLINK_IsHalted()
T30E0 072:332.112 - 2.107ms returns FALSE
T30E0 072:437.616 JLINK_IsHalted()
T30E0 072:439.920 - 2.298ms returns FALSE
T30E0 072:439.984 JLINK_IsHalted()
T30E0 072:442.096 - 2.101ms returns FALSE
T30E0 072:546.736 JLINK_IsHalted()
T30E0 072:548.688 - 1.950ms returns FALSE
T30E0 072:548.752 JLINK_IsHalted()
T30E0 072:550.880 - 2.131ms returns FALSE
T6384 072:646.440 JLINK_IsHalted()
T6384 072:647.264 - 0.821ms returns FALSE
T6384 072:647.344 JLINK_IsHalted()
T6384 072:648.344 - 1.000ms returns FALSE
T30E0 072:656.168 JLINK_IsHalted()
T30E0 072:657.792 - 1.624ms returns FALSE
T30E0 072:657.856 JLINK_IsHalted()
T30E0 072:659.904 - 2.045ms returns FALSE
T30E0 072:765.504 JLINK_IsHalted()
T30E0 072:767.784 - 2.275ms returns FALSE
T30E0 072:767.856 JLINK_IsHalted()
T30E0 072:770.000 - 2.148ms returns FALSE
T30E0 072:874.544 JLINK_IsHalted()
T30E0 072:876.672 - 2.124ms returns FALSE
T30E0 072:876.744 JLINK_IsHalted()
T30E0 072:878.800 - 2.055ms returns FALSE
T30E0 072:983.816 JLINK_IsHalted()
T30E0 072:986.032 - 2.215ms returns FALSE
T30E0 072:986.096 JLINK_IsHalted()
T30E0 072:988.216 - 2.116ms returns FALSE
T30E0 073:093.840 JLINK_IsHalted()
T30E0 073:095.784 - 1.937ms returns FALSE
T30E0 073:095.848 JLINK_IsHalted()
T30E0 073:097.936 - 2.087ms returns FALSE
T30E0 073:203.088 JLINK_IsHalted()
T30E0 073:205.392 - 2.294ms returns FALSE
T30E0 073:205.456 JLINK_IsHalted()
T30E0 073:207.600 - 2.134ms returns FALSE
T30E0 073:311.672 JLINK_IsHalted()
T30E0 073:313.472 - 1.795ms returns FALSE
T30E0 073:313.544 JLINK_IsHalted()
T30E0 073:315.632 - 2.085ms returns FALSE
T30E0 073:421.480 JLINK_IsHalted()
T30E0 073:423.512 - 2.031ms returns FALSE
T30E0 073:423.576 JLINK_IsHalted()
T30E0 073:425.712 - 2.130ms returns FALSE
T30E0 073:530.800 JLINK_IsHalted()
T30E0 073:532.360 - 1.552ms returns FALSE
T30E0 073:532.448 JLINK_IsHalted()
T30E0 073:534.584 - 2.137ms returns FALSE
T30E0 073:640.376 JLINK_IsHalted()
T30E0 073:641.936 - 1.558ms returns FALSE
T30E0 073:641.984 JLINK_IsHalted()
T30E0 073:644.144 - 2.165ms returns FALSE
T6384 073:648.632 JLINK_IsHalted()
T6384 073:649.872 - 1.237ms returns FALSE
T6384 073:649.920 JLINK_IsHalted()
T6384 073:650.968 - 1.045ms returns FALSE
T30E0 073:749.728 JLINK_IsHalted()
T30E0 073:752.096 - 2.365ms returns FALSE
T30E0 073:752.160 JLINK_IsHalted()
T30E0 073:754.352 - 2.194ms returns FALSE
T30E0 073:859.360 JLINK_IsHalted()
T30E0 073:861.096 - 1.734ms returns FALSE
T30E0 073:861.160 JLINK_IsHalted()
T30E0 073:863.344 - 2.182ms returns FALSE
T30E0 073:968.536 JLINK_IsHalted()
T30E0 073:970.864 - 2.329ms returns FALSE
T30E0 073:971.080 JLINK_IsHalted()
T30E0 073:973.040 - 1.962ms returns FALSE
T30E0 074:078.152 JLINK_IsHalted()
T30E0 074:080.496 - 2.347ms returns FALSE
T30E0 074:080.560 JLINK_IsHalted()
T30E0 074:082.648 - 2.089ms returns FALSE
T30E0 074:187.440 JLINK_IsHalted()
T30E0 074:189.344 - 1.905ms returns FALSE
T30E0 074:189.408 JLINK_IsHalted()
T30E0 074:191.536 - 2.122ms returns FALSE
T30E0 074:296.888 JLINK_IsHalted()
T30E0 074:299.264 - 2.375ms returns FALSE
T30E0 074:299.320 JLINK_IsHalted()
T30E0 074:301.456 - 2.137ms returns FALSE
T30E0 074:406.096 JLINK_IsHalted()
T30E0 074:407.912 - 1.811ms returns FALSE
T30E0 074:408.048 JLINK_IsHalted()
T30E0 074:410.120 - 2.076ms returns FALSE
T30E0 074:515.048 JLINK_IsHalted()
T30E0 074:516.984 - 1.942ms returns FALSE
T30E0 074:517.072 JLINK_IsHalted()
T30E0 074:519.136 - 2.066ms returns FALSE
T30E0 074:624.752 JLINK_IsHalted()
T30E0 074:626.816 - 2.063ms returns FALSE
T30E0 074:626.880 JLINK_IsHalted()
T30E0 074:628.888 - 2.008ms returns FALSE
T6384 074:651.216 JLINK_IsHalted()
T6384 074:652.944 - 1.731ms returns FALSE
T6384 074:653.008 JLINK_IsHalted()
T6384 074:654.056 - 1.038ms returns FALSE
T30E0 074:734.488 JLINK_IsHalted()
T30E0 074:736.896 - 2.405ms returns FALSE
T30E0 074:736.960 JLINK_IsHalted()
T30E0 074:739.008 - 2.049ms returns FALSE
T30E0 074:842.888 JLINK_IsHalted()
T30E0 074:844.928 - 2.039ms returns FALSE
T30E0 074:844.984 JLINK_IsHalted()
T30E0 074:847.120 - 2.133ms returns FALSE
T30E0 074:953.088 JLINK_IsHalted()
T30E0 074:954.680 - 1.593ms returns FALSE
T30E0 074:954.760 JLINK_IsHalted()
T30E0 074:956.880 - 2.118ms returns FALSE
T30E0 075:062.256 JLINK_IsHalted()
T30E0 075:064.280 - 2.024ms returns FALSE
T30E0 075:064.352 JLINK_IsHalted()
T30E0 075:066.480 - 2.134ms returns FALSE
T30E0 075:171.904 JLINK_IsHalted()
T30E0 075:173.880 - 1.982ms returns FALSE
T30E0 075:173.968 JLINK_IsHalted()
T30E0 075:176.112 - 2.139ms returns FALSE
T30E0 075:281.240 JLINK_IsHalted()
T30E0 075:282.568 - 1.318ms returns FALSE
T30E0 075:282.640 JLINK_IsHalted()
T30E0 075:284.608 - 1.970ms returns FALSE
T30E0 075:390.480 JLINK_IsHalted()
T30E0 075:392.432 - 1.953ms returns FALSE
T30E0 075:392.496 JLINK_IsHalted()
T30E0 075:394.648 - 2.154ms returns FALSE
T30E0 075:499.888 JLINK_IsHalted()
T30E0 075:501.456 - 1.565ms returns FALSE
T30E0 075:501.544 JLINK_IsHalted()
T30E0 075:503.688 - 2.145ms returns FALSE
T30E0 075:609.344 JLINK_IsHalted()
T30E0 075:610.896 - 1.551ms returns FALSE
T30E0 075:610.984 JLINK_IsHalted()
T30E0 075:612.976 - 1.990ms returns FALSE
T6384 075:654.376 JLINK_IsHalted()
T6384 075:655.648 - 1.275ms returns FALSE
T6384 075:655.728 JLINK_IsHalted()
T6384 075:656.736 - 1.006ms returns FALSE
T30E0 075:718.600 JLINK_IsHalted()
T30E0 075:720.368 - 1.771ms returns FALSE
T30E0 075:720.448 JLINK_IsHalted()
T30E0 075:722.568 - 2.115ms returns FALSE
T30E0 075:827.680 JLINK_IsHalted()
T30E0 075:829.472 - 1.792ms returns FALSE
T30E0 075:829.520 JLINK_IsHalted()
T30E0 075:831.656 - 2.131ms returns FALSE
T30E0 075:936.784 JLINK_IsHalted()
T30E0 075:937.976 - 1.186ms returns FALSE
T30E0 075:938.048 JLINK_IsHalted()
T30E0 075:940.064 - 2.012ms returns FALSE
T30E0 076:046.632 JLINK_IsHalted()
T30E0 076:048.368 - 1.734ms returns FALSE
T30E0 076:048.440 JLINK_IsHalted()
T30E0 076:050.552 - 2.113ms returns FALSE
T30E0 076:156.176 JLINK_IsHalted()
T30E0 076:158.448 - 2.269ms returns FALSE
T30E0 076:158.512 JLINK_IsHalted()
T30E0 076:160.536 - 2.026ms returns FALSE
T30E0 076:265.464 JLINK_IsHalted()
T30E0 076:267.248 - 1.780ms returns FALSE
T30E0 076:267.312 JLINK_IsHalted()
T30E0 076:269.440 - 2.127ms returns FALSE
T30E0 076:374.776 JLINK_IsHalted()
T30E0 076:377.008 - 2.224ms returns FALSE
T30E0 076:377.080 JLINK_IsHalted()
T30E0 076:379.216 - 2.135ms returns FALSE
T30E0 076:484.400 JLINK_IsHalted()
T30E0 076:485.840 - 1.445ms returns FALSE
T30E0 076:485.896 JLINK_IsHalted()
T30E0 076:488.048 - 2.159ms returns FALSE
T30E0 076:593.728 JLINK_IsHalted()
T30E0 076:595.768 - 2.045ms returns FALSE
T30E0 076:595.880 JLINK_IsHalted()
T30E0 076:597.896 - 2.013ms returns FALSE
T6384 076:656.584 JLINK_IsHalted()
T6384 076:657.584 - 1.008ms returns FALSE
T6384 076:657.672 JLINK_IsHalted()
T6384 076:658.688 - 1.022ms returns FALSE
T30E0 076:702.712 JLINK_IsHalted()
T30E0 076:704.832 - 2.114ms returns FALSE
T30E0 076:704.880 JLINK_IsHalted()
T30E0 076:707.048 - 2.158ms returns FALSE
T30E0 076:812.608 JLINK_IsHalted()
T30E0 076:814.856 - 2.249ms returns FALSE
T30E0 076:814.944 JLINK_IsHalted()
T30E0 076:817.016 - 2.070ms returns FALSE
T30E0 076:921.152 JLINK_IsHalted()
T30E0 076:922.728 - 1.575ms returns FALSE
T30E0 076:922.792 JLINK_IsHalted()
T30E0 076:924.912 - 2.115ms returns FALSE
T30E0 077:030.896 JLINK_IsHalted()
T30E0 077:032.912 - 2.015ms returns FALSE
T30E0 077:032.984 JLINK_IsHalted()
T30E0 077:035.000 - 2.015ms returns FALSE
T30E0 077:140.360 JLINK_IsHalted()
T30E0 077:142.624 - 2.265ms returns FALSE
T30E0 077:142.696 JLINK_IsHalted()
T30E0 077:144.776 - 2.081ms returns FALSE
T30E0 077:249.552 JLINK_IsHalted()
T30E0 077:251.600 - 2.046ms returns FALSE
T30E0 077:251.688 JLINK_IsHalted()
T30E0 077:253.784 - 2.098ms returns FALSE
T30E0 077:359.032 JLINK_IsHalted()
T30E0 077:361.360 - 2.320ms returns FALSE
T30E0 077:361.424 JLINK_IsHalted()
T30E0 077:363.560 - 2.130ms returns FALSE
T30E0 077:468.432 JLINK_IsHalted()
T30E0 077:470.000 - 1.563ms returns FALSE
T30E0 077:470.064 JLINK_IsHalted()
T30E0 077:471.992 - 1.932ms returns FALSE
T30E0 077:577.264 JLINK_IsHalted()
T30E0 077:579.248 - 1.985ms returns FALSE
T30E0 077:579.312 JLINK_IsHalted()
T30E0 077:581.424 - 2.114ms returns FALSE
T6384 077:659.232 JLINK_IsHalted()
T6384 077:660.576 - 1.343ms returns FALSE
T6384 077:660.640 JLINK_IsHalted()
T6384 077:661.672 - 1.026ms returns FALSE
T30E0 077:687.064 JLINK_IsHalted()
T30E0 077:688.272 - 1.214ms returns FALSE
T30E0 077:688.352 JLINK_IsHalted()
T30E0 077:690.344 - 1.990ms returns FALSE
T30E0 077:796.144 JLINK_IsHalted()
T30E0 077:798.408 - 2.252ms returns FALSE
T30E0 077:798.456 JLINK_IsHalted()
T30E0 077:800.584 - 2.123ms returns FALSE
T30E0 077:905.904 JLINK_IsHalted()
T30E0 077:908.144 - 2.242ms returns FALSE
T30E0 077:908.224 JLINK_IsHalted()
T30E0 077:910.328 - 2.105ms returns FALSE
T30E0 078:014.920 JLINK_IsHalted()
T30E0 078:016.144 - 1.218ms returns FALSE
T30E0 078:016.208 JLINK_IsHalted()
T30E0 078:018.224 - 2.016ms returns FALSE
T30E0 078:124.184 JLINK_IsHalted()
T30E0 078:126.168 - 1.980ms returns FALSE
T30E0 078:126.232 JLINK_IsHalted()
T30E0 078:128.272 - 2.035ms returns FALSE
T30E0 078:234.392 JLINK_IsHalted()
T30E0 078:236.088 - 1.693ms returns FALSE
T30E0 078:236.168 JLINK_IsHalted()
T30E0 078:238.328 - 2.163ms returns FALSE
T30E0 078:343.760 JLINK_IsHalted()
T30E0 078:345.984 - 2.217ms returns FALSE
T30E0 078:346.056 JLINK_IsHalted()
T30E0 078:348.240 - 2.186ms returns FALSE
T30E0 078:453.144 JLINK_IsHalted()
T30E0 078:455.008 - 1.858ms returns FALSE
T30E0 078:455.072 JLINK_IsHalted()
T30E0 078:457.144 - 2.073ms returns FALSE
T30E0 078:561.744 JLINK_IsHalted()
T30E0 078:564.008 - 2.260ms returns FALSE
T30E0 078:564.072 JLINK_IsHalted()
T30E0 078:566.288 - 2.222ms returns FALSE
T6384 078:661.664 JLINK_IsHalted()
T6384 078:662.616 - 0.954ms returns FALSE
T6384 078:662.680 JLINK_IsHalted()
T6384 078:663.656 - 0.973ms returns FALSE
T30E0 078:671.472 JLINK_IsHalted()
T30E0 078:673.096 - 1.621ms returns FALSE
T30E0 078:673.144 JLINK_IsHalted()
T30E0 078:675.328 - 2.181ms returns FALSE
T30E0 078:781.232 JLINK_IsHalted()
T30E0 078:783.104 - 1.873ms returns FALSE
T30E0 078:783.168 JLINK_IsHalted()
T30E0 078:785.232 - 2.057ms returns FALSE
T30E0 078:889.872 JLINK_IsHalted()
T30E0 078:892.144 - 2.271ms returns FALSE
T30E0 078:892.216 JLINK_IsHalted()
T30E0 078:894.272 - 2.056ms returns FALSE
T30E0 078:999.456 JLINK_IsHalted()
T30E0 079:001.384 - 1.922ms returns FALSE
T30E0 079:001.456 JLINK_IsHalted()
T30E0 079:003.536 - 2.073ms returns FALSE
T30E0 079:109.008 JLINK_IsHalted()
T30E0 079:110.984 - 1.972ms returns FALSE
T30E0 079:111.056 JLINK_IsHalted()
T30E0 079:113.136 - 2.082ms returns FALSE
T30E0 079:218.560 JLINK_IsHalted()
T30E0 079:220.824 - 2.263ms returns FALSE
T30E0 079:220.888 JLINK_IsHalted()
T30E0 079:222.928 - 2.041ms returns FALSE
T30E0 079:327.824 JLINK_IsHalted()
T30E0 079:329.888 - 2.058ms returns FALSE
T30E0 079:329.992 JLINK_IsHalted()
T30E0 079:332.048 - 2.064ms returns FALSE
T30E0 079:436.784 JLINK_IsHalted()
T30E0 079:438.704 - 1.920ms returns FALSE
T30E0 079:438.784 JLINK_IsHalted()
T30E0 079:440.872 - 2.088ms returns FALSE
T30E0 079:546.376 JLINK_IsHalted()
T30E0 079:548.632 - 2.262ms returns FALSE
T30E0 079:548.712 JLINK_IsHalted()
T30E0 079:550.824 - 2.112ms returns FALSE
T30E0 079:656.096 JLINK_IsHalted()
T30E0 079:658.272 - 2.181ms returns FALSE
T30E0 079:658.344 JLINK_IsHalted()
T30E0 079:660.432 - 2.084ms returns FALSE
T6384 079:664.240 JLINK_IsHalted()
T6384 079:665.312 - 1.068ms returns FALSE
T6384 079:665.392 JLINK_IsHalted()
T6384 079:666.376 - 0.975ms returns FALSE
T30E0 079:765.440 JLINK_IsHalted()
T30E0 079:767.648 - 2.207ms returns FALSE
T30E0 079:767.728 JLINK_IsHalted()
T30E0 079:769.840 - 2.104ms returns FALSE
T30E0 079:874.968 JLINK_IsHalted()
T30E0 079:877.376 - 2.406ms returns FALSE
T30E0 079:877.448 JLINK_IsHalted()
T30E0 079:879.528 - 2.076ms returns FALSE
T30E0 079:984.304 JLINK_IsHalted()
T30E0 079:986.072 - 1.764ms returns FALSE
T30E0 079:986.128 JLINK_IsHalted()
T30E0 079:988.344 - 2.216ms returns FALSE
T30E0 080:093.560 JLINK_IsHalted()
T30E0 080:095.360 - 1.798ms returns FALSE
T30E0 080:095.432 JLINK_IsHalted()
T30E0 080:097.552 - 2.120ms returns FALSE
T30E0 080:202.288 JLINK_IsHalted()
T30E0 080:204.368 - 2.079ms returns FALSE
T30E0 080:204.440 JLINK_IsHalted()
T30E0 080:206.544 - 2.103ms returns FALSE
T30E0 080:311.888 JLINK_IsHalted()
T30E0 080:313.120 - 1.228ms returns FALSE
T30E0 080:313.184 JLINK_IsHalted()
T30E0 080:315.376 - 2.193ms returns FALSE
T30E0 080:421.288 JLINK_IsHalted()
T30E0 080:423.128 - 1.841ms returns FALSE
T30E0 080:423.192 JLINK_IsHalted()
T30E0 080:425.232 - 2.041ms returns FALSE
T30E0 080:531.344 JLINK_IsHalted()
T30E0 080:533.080 - 1.733ms returns FALSE
T30E0 080:533.152 JLINK_IsHalted()
T30E0 080:535.336 - 2.186ms returns FALSE
T30E0 080:640.680 JLINK_IsHalted()
T30E0 080:642.880 - 2.201ms returns FALSE
T30E0 080:642.960 JLINK_IsHalted()
T30E0 080:645.072 - 2.122ms returns FALSE
T6384 080:666.760 JLINK_IsHalted()
T6384 080:667.256 - 0.499ms returns FALSE
T6384 080:667.328 JLINK_IsHalted()
T6384 080:668.360 - 1.031ms returns FALSE
T30E0 080:749.904 JLINK_IsHalted()
T30E0 080:752.096 - 2.193ms returns FALSE
T30E0 080:752.160 JLINK_IsHalted()
T30E0 080:754.336 - 2.181ms returns FALSE
T30E0 080:858.688 JLINK_IsHalted()
T30E0 080:861.128 - 2.435ms returns FALSE
T30E0 080:861.184 JLINK_IsHalted()
T30E0 080:863.328 - 2.144ms returns FALSE
T30E0 080:968.336 JLINK_IsHalted()
T30E0 080:970.136 - 1.804ms returns FALSE
T30E0 080:970.224 JLINK_IsHalted()
T30E0 080:972.360 - 2.130ms returns FALSE
T30E0 081:078.032 JLINK_IsHalted()
T30E0 081:080.256 - 2.223ms returns FALSE
T30E0 081:080.336 JLINK_IsHalted()
T30E0 081:082.448 - 2.106ms returns FALSE
T30E0 081:187.120 JLINK_IsHalted()
T30E0 081:190.376 - 3.256ms returns FALSE
T30E0 081:190.448 JLINK_IsHalted()
T30E0 081:191.432 - 0.984ms returns FALSE
T30E0 081:296.880 JLINK_IsHalted()
T30E0 081:299.256 - 2.385ms returns FALSE
T30E0 081:299.328 JLINK_IsHalted()
T30E0 081:301.424 - 2.092ms returns FALSE
T30E0 081:405.704 JLINK_IsHalted()
T30E0 081:407.456 - 1.752ms returns FALSE
T30E0 081:407.536 JLINK_IsHalted()
T30E0 081:409.608 - 2.068ms returns FALSE
T30E0 081:515.264 JLINK_IsHalted()
T30E0 081:517.120 - 1.859ms returns FALSE
T30E0 081:517.200 JLINK_IsHalted()
T30E0 081:519.280 - 2.082ms returns FALSE
T30E0 081:624.808 JLINK_IsHalted()
T30E0 081:627.024 - 2.212ms returns FALSE
T30E0 081:627.088 JLINK_IsHalted()
T30E0 081:629.096 - 2.005ms returns FALSE
T6384 081:668.024 JLINK_IsHalted()
T6384 081:668.848 - 0.819ms returns FALSE
T6384 081:668.904 JLINK_IsHalted()
T6384 081:669.952 - 1.045ms returns FALSE
T30E0 081:733.936 JLINK_IsHalted()
T30E0 081:736.088 - 2.157ms returns FALSE
T30E0 081:736.152 JLINK_IsHalted()
T30E0 081:738.344 - 2.188ms returns FALSE
T30E0 081:842.960 JLINK_IsHalted()
T30E0 081:845.136 - 2.182ms returns FALSE
T30E0 081:845.208 JLINK_IsHalted()
T30E0 081:847.344 - 2.138ms returns FALSE
T30E0 081:952.944 JLINK_IsHalted()
T30E0 081:955.904 - 2.954ms returns FALSE
T30E0 081:955.976 JLINK_IsHalted()
T30E0 081:956.984 - 1.010ms returns FALSE
T30E0 082:062.040 JLINK_IsHalted()
T30E0 082:064.016 - 1.983ms returns FALSE
T30E0 082:064.088 JLINK_IsHalted()
T30E0 082:066.216 - 2.129ms returns FALSE
T30E0 082:171.464 JLINK_IsHalted()
T30E0 082:173.768 - 2.304ms returns FALSE
T30E0 082:173.848 JLINK_IsHalted()
T30E0 082:175.960 - 2.107ms returns FALSE
T30E0 082:280.632 JLINK_IsHalted()
T30E0 082:282.600 - 1.963ms returns FALSE
T30E0 082:282.672 JLINK_IsHalted()
T30E0 082:284.752 - 2.082ms returns FALSE
T30E0 082:390.128 JLINK_IsHalted()
T30E0 082:391.552 - 1.431ms returns FALSE
T30E0 082:391.624 JLINK_IsHalted()
T30E0 082:393.744 - 2.114ms returns FALSE
T30E0 082:499.264 JLINK_IsHalted()
T30E0 082:501.504 - 2.237ms returns FALSE
T30E0 082:501.576 JLINK_IsHalted()
T30E0 082:503.632 - 2.060ms returns FALSE
T30E0 082:609.000 JLINK_IsHalted()
T30E0 082:610.480 - 1.483ms returns FALSE
T30E0 082:610.528 JLINK_IsHalted()
T30E0 082:612.664 - 2.133ms returns FALSE
T6384 082:670.016 JLINK_IsHalted()
T6384 082:670.584 - 0.568ms returns FALSE
T6384 082:670.640 JLINK_IsHalted()
T6384 082:671.688 - 1.047ms returns FALSE
T30E0 082:717.888 JLINK_IsHalted()
T30E0 082:719.664 - 1.782ms returns FALSE
T30E0 082:719.728 JLINK_IsHalted()
T30E0 082:721.856 - 2.132ms returns FALSE
T30E0 082:827.376 JLINK_IsHalted()
T30E0 082:829.664 - 2.288ms returns FALSE
T30E0 082:829.736 JLINK_IsHalted()
T30E0 082:831.840 - 2.104ms returns FALSE
T30E0 082:937.080 JLINK_IsHalted()
T30E0 082:939.376 - 2.289ms returns FALSE
T30E0 082:939.440 JLINK_IsHalted()
T30E0 082:941.608 - 2.165ms returns FALSE
T30E0 083:046.792 JLINK_IsHalted()
T30E0 083:048.720 - 1.926ms returns FALSE
T30E0 083:048.816 JLINK_IsHalted()
T30E0 083:050.760 - 1.948ms returns FALSE
T30E0 083:156.240 JLINK_IsHalted()
T30E0 083:158.416 - 2.171ms returns FALSE
T30E0 083:158.480 JLINK_IsHalted()
T30E0 083:160.560 - 2.077ms returns FALSE
T30E0 083:265.304 JLINK_IsHalted()
T30E0 083:268.208 - 2.902ms returns FALSE
T30E0 083:268.272 JLINK_IsHalted()
T30E0 083:269.304 - 1.034ms returns FALSE
T30E0 083:374.136 JLINK_IsHalted()
T30E0 083:375.912 - 1.775ms returns FALSE
T30E0 083:375.992 JLINK_IsHalted()
T30E0 083:378.048 - 2.054ms returns FALSE
T30E0 083:483.992 JLINK_IsHalted()
T30E0 083:485.800 - 1.801ms returns FALSE
T30E0 083:485.848 JLINK_IsHalted()
T30E0 083:488.056 - 2.205ms returns FALSE
T30E0 083:593.320 JLINK_IsHalted()
T30E0 083:594.904 - 1.590ms returns FALSE
T30E0 083:594.968 JLINK_IsHalted()
T30E0 083:597.088 - 2.118ms returns FALSE
T6384 083:672.832 JLINK_IsHalted()
T6384 083:673.520 - 0.686ms returns FALSE
T6384 083:673.584 JLINK_IsHalted()
T6384 083:674.608 - 1.017ms returns FALSE
T30E0 083:702.712 JLINK_IsHalted()
T30E0 083:705.120 - 2.402ms returns FALSE
T30E0 083:705.176 JLINK_IsHalted()
T30E0 083:707.336 - 2.152ms returns FALSE
T30E0 083:812.272 JLINK_IsHalted()
T30E0 083:814.392 - 2.116ms returns FALSE
T30E0 083:814.472 JLINK_IsHalted()
T30E0 083:816.576 - 2.109ms returns FALSE
T30E0 083:921.328 JLINK_IsHalted()
T30E0 083:923.112 - 1.787ms returns FALSE
T30E0 083:923.184 JLINK_IsHalted()
T30E0 083:925.344 - 2.159ms returns FALSE
T30E0 084:030.776 JLINK_IsHalted()
T30E0 084:032.376 - 1.598ms returns FALSE
T30E0 084:032.448 JLINK_IsHalted()
T30E0 084:034.536 - 2.082ms returns FALSE
T30E0 084:140.560 JLINK_IsHalted()
T30E0 084:141.800 - 1.242ms returns FALSE
T30E0 084:141.864 JLINK_IsHalted()
T30E0 084:145.008 - 3.151ms returns FALSE
T30E0 084:249.696 JLINK_IsHalted()
T30E0 084:251.728 - 2.034ms returns FALSE
T30E0 084:251.816 JLINK_IsHalted()
T30E0 084:253.912 - 2.099ms returns FALSE
T30E0 084:359.408 JLINK_IsHalted()
T30E0 084:361.568 - 2.151ms returns FALSE
T30E0 084:361.624 JLINK_IsHalted()
T30E0 084:363.752 - 2.122ms returns FALSE
T30E0 084:468.600 JLINK_IsHalted()
T30E0 084:470.648 - 2.044ms returns FALSE
T30E0 084:470.720 JLINK_IsHalted()
T30E0 084:472.792 - 2.067ms returns FALSE
T30E0 084:577.424 JLINK_IsHalted()
T30E0 084:579.456 - 2.036ms returns FALSE
T30E0 084:579.528 JLINK_IsHalted()
T30E0 084:581.600 - 2.074ms returns FALSE
T6384 084:675.688 JLINK_IsHalted()
T6384 084:678.200 - 2.510ms returns FALSE
T6384 084:678.256 JLINK_IsHalted()
T6384 084:679.288 - 1.025ms returns FALSE
T30E0 084:687.464 JLINK_IsHalted()
T30E0 084:689.672 - 2.205ms returns FALSE
T30E0 084:689.712 JLINK_IsHalted()
T30E0 084:691.856 - 2.137ms returns FALSE
T30E0 084:796.976 JLINK_IsHalted()
T30E0 084:798.344 - 1.367ms returns FALSE
T30E0 084:798.424 JLINK_IsHalted()
T30E0 084:800.424 - 1.995ms returns FALSE
T30E0 084:906.312 JLINK_IsHalted()
T30E0 084:908.248 - 1.936ms returns FALSE
T30E0 084:908.320 JLINK_IsHalted()
T30E0 084:910.488 - 2.168ms returns FALSE
T30E0 085:014.864 JLINK_IsHalted()
T30E0 085:016.248 - 1.390ms returns FALSE
T30E0 085:016.312 JLINK_IsHalted()
T30E0 085:018.384 - 2.065ms returns FALSE
T30E0 085:124.784 JLINK_IsHalted()
T30E0 085:127.160 - 2.376ms returns FALSE
T30E0 085:127.248 JLINK_IsHalted()
T30E0 085:129.272 - 2.030ms returns FALSE
T30E0 085:234.384 JLINK_IsHalted()
T30E0 085:236.712 - 2.324ms returns FALSE
T30E0 085:236.784 JLINK_IsHalted()
T30E0 085:238.928 - 2.146ms returns FALSE
T30E0 085:343.312 JLINK_IsHalted()
T30E0 085:344.512 - 1.198ms returns FALSE
T30E0 085:344.576 JLINK_IsHalted()
T30E0 085:346.576 - 1.994ms returns FALSE
T30E0 085:452.472 JLINK_IsHalted()
T30E0 085:454.560 - 2.090ms returns FALSE
T30E0 085:454.632 JLINK_IsHalted()
T30E0 085:456.720 - 2.091ms returns FALSE
T30E0 085:562.128 JLINK_IsHalted()
T30E0 085:564.480 - 2.348ms returns FALSE
T30E0 085:564.568 JLINK_IsHalted()
T30E0 085:566.648 - 2.077ms returns FALSE
T30E0 085:671.088 JLINK_IsHalted()
T30E0 085:673.456 - 2.369ms returns FALSE
T30E0 085:673.536 JLINK_IsHalted()
T30E0 085:675.640 - 2.109ms returns FALSE
T6384 085:679.440 JLINK_IsHalted()
T6384 085:681.432 - 1.986ms returns FALSE
T6384 085:681.520 JLINK_IsHalted()
T6384 085:682.496 - 0.977ms returns FALSE
T30E0 085:781.104 JLINK_IsHalted()
T30E0 085:782.728 - 1.619ms returns FALSE
T30E0 085:782.776 JLINK_IsHalted()
T30E0 085:784.912 - 2.133ms returns FALSE
T30E0 085:890.616 JLINK_IsHalted()
T30E0 085:892.464 - 1.847ms returns FALSE
T30E0 085:892.528 JLINK_IsHalted()
T30E0 085:894.672 - 2.150ms returns FALSE
T30E0 085:999.656 JLINK_IsHalted()
T30E0 086:001.232 - 1.579ms returns FALSE
T30E0 086:001.296 JLINK_IsHalted()
T30E0 086:003.472 - 2.181ms returns FALSE
T30E0 086:108.648 JLINK_IsHalted()
T30E0 086:110.520 - 1.875ms returns FALSE
T30E0 086:110.664 JLINK_IsHalted()
T30E0 086:112.656 - 1.984ms returns FALSE
T30E0 086:218.576 JLINK_IsHalted()
T30E0 086:220.400 - 1.830ms returns FALSE
T30E0 086:220.488 JLINK_IsHalted()
T30E0 086:222.552 - 2.062ms returns FALSE
T30E0 086:327.992 JLINK_IsHalted()
T30E0 086:329.952 - 1.954ms returns FALSE
T30E0 086:330.016 JLINK_IsHalted()
T30E0 086:332.168 - 2.148ms returns FALSE
T30E0 086:437.472 JLINK_IsHalted()
T30E0 086:439.664 - 2.192ms returns FALSE
T30E0 086:439.736 JLINK_IsHalted()
T30E0 086:441.864 - 2.122ms returns FALSE
T30E0 086:546.032 JLINK_IsHalted()
T30E0 086:547.784 - 1.748ms returns FALSE
T30E0 086:547.872 JLINK_IsHalted()
T30E0 086:549.992 - 2.116ms returns FALSE
T30E0 086:655.864 JLINK_IsHalted()
T30E0 086:657.688 - 1.823ms returns FALSE
T30E0 086:657.760 JLINK_IsHalted()
T30E0 086:659.856 - 2.091ms returns FALSE
T6384 086:683.560 JLINK_IsHalted()
T6384 086:684.896 - 1.332ms returns FALSE
T6384 086:684.968 JLINK_IsHalted()
T6384 086:685.840 - 0.875ms returns FALSE
T30E0 086:765.424 JLINK_IsHalted()
T30E0 086:767.792 - 2.376ms returns FALSE
T30E0 086:767.856 JLINK_IsHalted()
T30E0 086:769.968 - 2.111ms returns FALSE
T30E0 086:874.704 JLINK_IsHalted()
T30E0 086:876.744 - 2.033ms returns FALSE
T30E0 086:876.824 JLINK_IsHalted()
T30E0 086:878.928 - 2.108ms returns FALSE
T30E0 086:984.016 JLINK_IsHalted()
T30E0 086:985.560 - 1.545ms returns FALSE
T30E0 086:985.624 JLINK_IsHalted()
T30E0 086:987.688 - 2.060ms returns FALSE
T30E0 087:092.944 JLINK_IsHalted()
T30E0 087:094.632 - 1.683ms returns FALSE
T30E0 087:094.728 JLINK_IsHalted()
T30E0 087:096.800 - 2.076ms returns FALSE
T30E0 087:202.752 JLINK_IsHalted()
T30E0 087:204.440 - 1.686ms returns FALSE
T30E0 087:204.512 JLINK_IsHalted()
T30E0 087:206.648 - 2.139ms returns FALSE
T30E0 087:311.848 JLINK_IsHalted()
T30E0 087:313.344 - 1.497ms returns FALSE
T30E0 087:313.424 JLINK_IsHalted()
T30E0 087:315.584 - 2.156ms returns FALSE
T30E0 087:421.280 JLINK_IsHalted()
T30E0 087:423.024 - 1.741ms returns FALSE
T30E0 087:423.096 JLINK_IsHalted()
T30E0 087:425.232 - 2.133ms returns FALSE
T30E0 087:530.896 JLINK_IsHalted()
T30E0 087:532.824 - 1.932ms returns FALSE
T30E0 087:532.888 JLINK_IsHalted()
T30E0 087:535.024 - 2.132ms returns FALSE
T30E0 087:640.688 JLINK_IsHalted()
T30E0 087:641.608 - 0.913ms returns FALSE
T30E0 087:641.672 JLINK_IsHalted()
T30E0 087:643.696 - 2.023ms returns FALSE
T6384 087:686.312 JLINK_IsHalted()
T6384 087:687.480 - 1.173ms returns FALSE
T6384 087:687.544 JLINK_IsHalted()
T6384 087:688.576 - 1.029ms returns FALSE
T30E0 087:750.176 JLINK_IsHalted()
T30E0 087:752.232 - 2.051ms returns FALSE
T30E0 087:752.296 JLINK_IsHalted()
T30E0 087:754.352 - 2.053ms returns FALSE
T30E0 087:858.544 JLINK_IsHalted()
T30E0 087:860.168 - 1.623ms returns FALSE
T30E0 087:860.240 JLINK_IsHalted()
T30E0 087:862.360 - 2.121ms returns FALSE
T30E0 087:968.160 JLINK_IsHalted()
T30E0 087:970.040 - 1.882ms returns FALSE
T30E0 087:970.144 JLINK_IsHalted()
T30E0 087:972.368 - 2.221ms returns FALSE
T30E0 088:077.520 JLINK_IsHalted()
T30E0 088:079.312 - 1.791ms returns FALSE
T30E0 088:079.376 JLINK_IsHalted()
T30E0 088:081.464 - 2.087ms returns FALSE
T30E0 088:186.896 JLINK_IsHalted()
T30E0 088:189.040 - 2.144ms returns FALSE
T30E0 088:189.136 JLINK_IsHalted()
T30E0 088:191.280 - 2.145ms returns FALSE
T30E0 088:296.304 JLINK_IsHalted()
T30E0 088:298.672 - 2.362ms returns FALSE
T30E0 088:298.752 JLINK_IsHalted()
T30E0 088:300.880 - 2.127ms returns FALSE
T30E0 088:405.856 JLINK_IsHalted()
T30E0 088:407.688 - 1.829ms returns FALSE
T30E0 088:407.760 JLINK_IsHalted()
T30E0 088:409.840 - 2.073ms returns FALSE
T30E0 088:515.416 JLINK_IsHalted()
T30E0 088:517.368 - 1.952ms returns FALSE
T30E0 088:517.424 JLINK_IsHalted()
T30E0 088:519.552 - 2.125ms returns FALSE
T30E0 088:624.224 JLINK_IsHalted()
T30E0 088:626.504 - 2.280ms returns FALSE
T30E0 088:626.584 JLINK_IsHalted()
T30E0 088:628.624 - 2.038ms returns FALSE
T6384 088:689.592 JLINK_IsHalted()
T6384 088:690.448 - 0.851ms returns FALSE
T6384 088:690.528 JLINK_IsHalted()
T6384 088:691.448 - 0.917ms returns FALSE
T30E0 088:734.272 JLINK_IsHalted()
T30E0 088:735.824 - 1.550ms returns FALSE
T30E0 088:735.896 JLINK_IsHalted()
T30E0 088:738.016 - 2.123ms returns FALSE
T30E0 088:843.560 JLINK_IsHalted()
T30E0 088:845.672 - 2.114ms returns FALSE
T30E0 088:845.776 JLINK_IsHalted()
T30E0 088:847.856 - 2.080ms returns FALSE
T30E0 088:952.536 JLINK_IsHalted()
T30E0 088:954.360 - 1.828ms returns FALSE
T30E0 088:954.424 JLINK_IsHalted()
T30E0 088:956.464 - 2.029ms returns FALSE
T30E0 089:062.512 JLINK_IsHalted()
T30E0 089:064.560 - 2.041ms returns FALSE
T30E0 089:064.648 JLINK_IsHalted()
T30E0 089:066.760 - 2.108ms returns FALSE
T30E0 089:171.352 JLINK_IsHalted()
T30E0 089:173.392 - 2.035ms returns FALSE
T30E0 089:173.456 JLINK_IsHalted()
T30E0 089:175.536 - 2.084ms returns FALSE
T30E0 089:281.776 JLINK_IsHalted()
T30E0 089:284.136 - 2.357ms returns FALSE
T30E0 089:284.208 JLINK_IsHalted()
T30E0 089:286.336 - 2.124ms returns FALSE
T30E0 089:390.368 JLINK_IsHalted()
T30E0 089:392.336 - 1.974ms returns FALSE
T30E0 089:392.416 JLINK_IsHalted()
T30E0 089:394.544 - 2.126ms returns FALSE
T30E0 089:499.616 JLINK_IsHalted()
T30E0 089:501.264 - 1.652ms returns FALSE
T30E0 089:501.328 JLINK_IsHalted()
T30E0 089:503.432 - 2.098ms returns FALSE
T30E0 089:609.096 JLINK_IsHalted()
T30E0 089:610.824 - 1.725ms returns FALSE
T30E0 089:610.896 JLINK_IsHalted()
T30E0 089:613.056 - 2.166ms returns FALSE
T6384 089:690.976 JLINK_IsHalted()
T6384 089:691.600 - 0.625ms returns FALSE
T6384 089:691.664 JLINK_IsHalted()
T6384 089:692.672 - 1.004ms returns FALSE
T30E0 089:718.248 JLINK_IsHalted()
T30E0 089:720.560 - 2.310ms returns FALSE
T30E0 089:720.664 JLINK_IsHalted()
T30E0 089:722.704 - 2.042ms returns FALSE
T30E0 089:828.048 JLINK_IsHalted()
T30E0 089:830.416 - 2.363ms returns FALSE
T30E0 089:830.480 JLINK_IsHalted()
T30E0 089:832.576 - 2.094ms returns FALSE
T30E0 089:937.104 JLINK_IsHalted()
T30E0 089:939.128 - 2.020ms returns FALSE
T30E0 089:939.208 JLINK_IsHalted()
T30E0 089:941.328 - 2.124ms returns FALSE
T30E0 090:046.040 JLINK_IsHalted()
T30E0 090:048.376 - 2.336ms returns FALSE
T30E0 090:048.440 JLINK_IsHalted()
T30E0 090:050.616 - 2.178ms returns FALSE
T30E0 090:155.960 JLINK_IsHalted()
T30E0 090:158.160 - 2.190ms returns FALSE
T30E0 090:158.224 JLINK_IsHalted()
T30E0 090:160.336 - 2.105ms returns FALSE
T30E0 090:265.736 JLINK_IsHalted()
T30E0 090:267.832 - 2.097ms returns FALSE
T30E0 090:267.888 JLINK_IsHalted()
T30E0 090:270.032 - 2.141ms returns FALSE
T30E0 090:374.456 JLINK_IsHalted()
T30E0 090:376.776 - 2.315ms returns FALSE
T30E0 090:376.848 JLINK_IsHalted()
T30E0 090:378.928 - 2.080ms returns FALSE
T30E0 090:484.272 JLINK_IsHalted()
T30E0 090:486.472 - 2.196ms returns FALSE
T30E0 090:486.536 JLINK_IsHalted()
T30E0 090:488.664 - 2.133ms returns FALSE
T30E0 090:592.992 JLINK_IsHalted()
T30E0 090:595.168 - 2.180ms returns FALSE
T30E0 090:595.264 JLINK_IsHalted()
T30E0 090:597.384 - 2.116ms returns FALSE
T6384 090:693.584 JLINK_IsHalted()
T6384 090:694.656 - 1.068ms returns FALSE
T6384 090:694.712 JLINK_IsHalted()
T6384 090:695.752 - 1.036ms returns FALSE
T30E0 090:702.976 JLINK_IsHalted()
T30E0 090:704.648 - 1.671ms returns FALSE
T30E0 090:704.696 JLINK_IsHalted()
T30E0 090:706.856 - 2.159ms returns FALSE
T30E0 090:811.968 JLINK_IsHalted()
T30E0 090:813.800 - 1.827ms returns FALSE
T30E0 090:813.848 JLINK_IsHalted()
T30E0 090:816.016 - 2.163ms returns FALSE
T30E0 090:921.904 JLINK_IsHalted()
T30E0 090:923.512 - 1.607ms returns FALSE
T30E0 090:923.584 JLINK_IsHalted()
T30E0 090:925.728 - 2.145ms returns FALSE
T30E0 091:030.752 JLINK_IsHalted()
T30E0 091:032.824 - 2.072ms returns FALSE
T30E0 091:032.880 JLINK_IsHalted()
T30E0 091:035.032 - 2.157ms returns FALSE
T30E0 091:140.704 JLINK_IsHalted()
T30E0 091:143.632 - 2.926ms returns FALSE
T30E0 091:143.704 JLINK_IsHalted()
T30E0 091:144.688 - 0.990ms returns FALSE
T30E0 091:249.680 JLINK_IsHalted()
T30E0 091:251.400 - 1.723ms returns FALSE
T30E0 091:251.472 JLINK_IsHalted()
T30E0 091:253.536 - 2.061ms returns FALSE
T30E0 091:358.768 JLINK_IsHalted()
T30E0 091:360.400 - 1.627ms returns FALSE
T30E0 091:360.456 JLINK_IsHalted()
T30E0 091:362.600 - 2.142ms returns FALSE
T30E0 091:468.072 JLINK_IsHalted()
T30E0 091:470.168 - 2.098ms returns FALSE
T30E0 091:470.240 JLINK_IsHalted()
T30E0 091:472.368 - 2.131ms returns FALSE
T30E0 091:577.664 JLINK_IsHalted()
T30E0 091:579.888 - 2.220ms returns FALSE
T30E0 091:579.984 JLINK_IsHalted()
T30E0 091:582.096 - 2.111ms returns FALSE
T30E0 091:687.224 JLINK_IsHalted()
T30E0 091:689.552 - 2.331ms returns FALSE
T30E0 091:689.632 JLINK_IsHalted()
T30E0 091:691.736 - 2.106ms returns FALSE
T6384 091:696.432 JLINK_IsHalted()
T6384 091:697.456 - 1.031ms returns FALSE
T6384 091:697.520 JLINK_IsHalted()
T6384 091:698.552 - 1.032ms returns FALSE
T30E0 091:796.824 JLINK_IsHalted()
T30E0 091:798.352 - 1.524ms returns FALSE
T30E0 091:798.440 JLINK_IsHalted()
T30E0 091:800.568 - 2.131ms returns FALSE
T30E0 091:905.600 JLINK_IsHalted()
T30E0 091:907.272 - 1.665ms returns FALSE
T30E0 091:907.344 JLINK_IsHalted()
T30E0 091:909.456 - 2.107ms returns FALSE
T30E0 092:015.520 JLINK_IsHalted()
T30E0 092:017.904 - 2.381ms returns FALSE
T30E0 092:017.976 JLINK_IsHalted()
T30E0 092:020.072 - 2.093ms returns FALSE
T30E0 092:124.400 JLINK_IsHalted()
T30E0 092:126.152 - 1.749ms returns FALSE
T30E0 092:126.232 JLINK_IsHalted()
T30E0 092:128.408 - 2.177ms returns FALSE
T30E0 092:233.920 JLINK_IsHalted()
T30E0 092:235.880 - 1.957ms returns FALSE
T30E0 092:235.952 JLINK_IsHalted()
T30E0 092:238.016 - 2.063ms returns FALSE
T30E0 092:343.760 JLINK_IsHalted()
T30E0 092:346.672 - 2.911ms returns FALSE
T30E0 092:346.760 JLINK_IsHalted()
T30E0 092:347.744 - 0.986ms returns FALSE
T30E0 092:452.288 JLINK_IsHalted()
T30E0 092:454.336 - 2.050ms returns FALSE
T30E0 092:454.400 JLINK_IsHalted()
T30E0 092:456.536 - 2.139ms returns FALSE
T30E0 092:562.064 JLINK_IsHalted()
T30E0 092:564.272 - 2.210ms returns FALSE
T30E0 092:564.344 JLINK_IsHalted()
T30E0 092:566.464 - 2.114ms returns FALSE
T30E0 092:671.064 JLINK_IsHalted()
T30E0 092:672.984 - 1.914ms returns FALSE
T30E0 092:673.048 JLINK_IsHalted()
T30E0 092:675.248 - 2.193ms returns FALSE
T6384 092:699.328 JLINK_IsHalted()
T6384 092:700.288 - 0.956ms returns FALSE
T6384 092:700.352 JLINK_IsHalted()
T6384 092:702.352 - 2.002ms returns FALSE
T30E0 092:780.528 JLINK_IsHalted()
T30E0 092:782.736 - 2.210ms returns FALSE
T30E0 092:782.816 JLINK_IsHalted()
T30E0 092:784.880 - 2.069ms returns FALSE
T30E0 092:890.352 JLINK_IsHalted()
T30E0 092:892.632 - 2.276ms returns FALSE
T30E0 092:892.712 JLINK_IsHalted()
T30E0 092:894.808 - 2.102ms returns FALSE
T30E0 092:999.544 JLINK_IsHalted()
T30E0 093:001.360 - 1.818ms returns FALSE
T30E0 093:001.416 JLINK_IsHalted()
T30E0 093:003.536 - 2.128ms returns FALSE
T30E0 093:108.744 JLINK_IsHalted()
T30E0 093:110.624 - 1.879ms returns FALSE
T30E0 093:110.696 JLINK_IsHalted()
T30E0 093:112.760 - 2.064ms returns FALSE
T30E0 093:218.768 JLINK_IsHalted()
T30E0 093:220.336 - 1.577ms returns FALSE
T30E0 093:220.416 JLINK_IsHalted()
T30E0 093:222.536 - 2.119ms returns FALSE
T30E0 093:327.936 JLINK_IsHalted()
T30E0 093:329.472 - 1.536ms returns FALSE
T30E0 093:329.536 JLINK_IsHalted()
T30E0 093:331.656 - 2.115ms returns FALSE
T30E0 093:436.864 JLINK_IsHalted()
T30E0 093:439.184 - 2.319ms returns FALSE
T30E0 093:439.256 JLINK_IsHalted()
T30E0 093:441.384 - 2.126ms returns FALSE
T30E0 093:546.384 JLINK_IsHalted()
T30E0 093:547.944 - 1.558ms returns FALSE
T30E0 093:548.008 JLINK_IsHalted()
T30E0 093:550.136 - 2.132ms returns FALSE
T30E0 093:655.744 JLINK_IsHalted()
T30E0 093:657.688 - 1.946ms returns FALSE
T30E0 093:657.752 JLINK_IsHalted()
T30E0 093:659.904 - 2.147ms returns FALSE
T6384 093:702.984 JLINK_IsHalted()
T6384 093:704.048 - 1.058ms returns FALSE
T6384 093:704.112 JLINK_IsHalted()
T6384 093:705.128 - 1.017ms returns FALSE
T30E0 093:765.368 JLINK_IsHalted()
T30E0 093:767.464 - 2.089ms returns FALSE
T30E0 093:767.552 JLINK_IsHalted()
T30E0 093:769.744 - 2.198ms returns FALSE
T30E0 093:874.680 JLINK_IsHalted()
T30E0 093:876.408 - 1.726ms returns FALSE
T30E0 093:876.480 JLINK_IsHalted()
T30E0 093:878.568 - 2.090ms returns FALSE
T30E0 093:984.272 JLINK_IsHalted()
T30E0 093:987.240 - 2.964ms returns FALSE
T30E0 093:987.304 JLINK_IsHalted()
T30E0 093:988.328 - 1.019ms returns FALSE
T30E0 094:092.880 JLINK_IsHalted()
T30E0 094:095.504 - 2.627ms returns FALSE
T30E0 094:095.576 JLINK_IsHalted()
T30E0 094:097.712 - 2.135ms returns FALSE
T30E0 094:203.152 JLINK_IsHalted()
T30E0 094:205.272 - 2.117ms returns FALSE
T30E0 094:205.360 JLINK_IsHalted()
T30E0 094:207.456 - 2.100ms returns FALSE
T30E0 094:312.632 JLINK_IsHalted()
T30E0 094:315.000 - 2.372ms returns FALSE
T30E0 094:315.080 JLINK_IsHalted()
T30E0 094:317.136 - 2.057ms returns FALSE
T30E0 094:421.336 JLINK_IsHalted()
T30E0 094:422.984 - 1.643ms returns FALSE
T30E0 094:423.040 JLINK_IsHalted()
T30E0 094:425.208 - 2.170ms returns FALSE
T30E0 094:531.376 JLINK_IsHalted()
T30E0 094:533.648 - 2.271ms returns FALSE
T30E0 094:533.744 JLINK_IsHalted()
T30E0 094:535.840 - 2.088ms returns FALSE
T30E0 094:640.208 JLINK_IsHalted()
T30E0 094:642.496 - 2.288ms returns FALSE
T30E0 094:642.584 JLINK_IsHalted()
T30E0 094:644.664 - 2.079ms returns FALSE
T6384 094:705.024 JLINK_IsHalted()
T6384 094:706.160 - 1.130ms returns FALSE
T6384 094:706.232 JLINK_IsHalted()
T6384 094:707.304 - 1.063ms returns FALSE
T30E0 094:749.368 JLINK_IsHalted()
T30E0 094:751.568 - 2.198ms returns FALSE
T30E0 094:751.664 JLINK_IsHalted()
T30E0 094:753.760 - 2.095ms returns FALSE
T30E0 094:858.904 JLINK_IsHalted()
T30E0 094:860.680 - 1.772ms returns FALSE
T30E0 094:860.752 JLINK_IsHalted()
T30E0 094:862.888 - 2.130ms returns FALSE
T30E0 094:968.784 JLINK_IsHalted()
T30E0 094:970.640 - 1.853ms returns FALSE
T30E0 094:970.712 JLINK_IsHalted()
T30E0 094:972.800 - 2.089ms returns FALSE
T30E0 095:077.304 JLINK_IsHalted()
T30E0 095:078.984 - 1.680ms returns FALSE
T30E0 095:079.056 JLINK_IsHalted()
T30E0 095:081.280 - 2.222ms returns FALSE
T30E0 095:187.392 JLINK_IsHalted()
T30E0 095:189.056 - 1.667ms returns FALSE
T30E0 095:189.136 JLINK_IsHalted()
T30E0 095:191.224 - 2.095ms returns FALSE
T30E0 095:296.232 JLINK_IsHalted()
T30E0 095:297.984 - 1.753ms returns FALSE
T30E0 095:298.048 JLINK_IsHalted()
T30E0 095:300.208 - 2.168ms returns FALSE
T30E0 095:405.984 JLINK_IsHalted()
T30E0 095:407.664 - 1.683ms returns FALSE
T30E0 095:407.728 JLINK_IsHalted()
T30E0 095:409.872 - 2.138ms returns FALSE
T30E0 095:515.072 JLINK_IsHalted()
T30E0 095:517.432 - 2.362ms returns FALSE
T30E0 095:517.520 JLINK_IsHalted()
T30E0 095:519.560 - 2.042ms returns FALSE
T30E0 095:624.968 JLINK_IsHalted()
T30E0 095:628.304 - 3.342ms returns FALSE
T30E0 095:628.384 JLINK_IsHalted()
T30E0 095:629.392 - 1.011ms returns FALSE
T6384 095:707.744 JLINK_IsHalted()
T6384 095:708.304 - 0.560ms returns FALSE
T6384 095:708.368 JLINK_IsHalted()
T6384 095:709.488 - 1.114ms returns FALSE
T30E0 095:734.288 JLINK_IsHalted()
T30E0 095:736.304 - 2.023ms returns FALSE
T30E0 095:736.384 JLINK_IsHalted()
T30E0 095:738.416 - 2.040ms returns FALSE
T30E0 095:843.296 JLINK_IsHalted()
T30E0 095:845.472 - 2.175ms returns FALSE
T30E0 095:845.520 JLINK_IsHalted()
T30E0 095:847.688 - 2.171ms returns FALSE
T30E0 095:952.248 JLINK_IsHalted()
T30E0 095:954.352 - 2.101ms returns FALSE
T30E0 095:954.448 JLINK_IsHalted()
T30E0 095:956.568 - 2.121ms returns FALSE
T30E0 096:062.080 JLINK_IsHalted()
T30E0 096:063.632 - 1.556ms returns FALSE
T30E0 096:063.704 JLINK_IsHalted()
T30E0 096:065.800 - 2.091ms returns FALSE
T30E0 096:171.808 JLINK_IsHalted()
T30E0 096:173.384 - 1.576ms returns FALSE
T30E0 096:173.448 JLINK_IsHalted()
T30E0 096:175.560 - 2.109ms returns FALSE
T30E0 096:280.664 JLINK_IsHalted()
T30E0 096:283.128 - 2.461ms returns FALSE
T30E0 096:283.192 JLINK_IsHalted()
T30E0 096:285.424 - 2.231ms returns FALSE
T30E0 096:390.160 JLINK_IsHalted()
T30E0 096:391.760 - 1.596ms returns FALSE
T30E0 096:391.824 JLINK_IsHalted()
T30E0 096:393.960 - 2.130ms returns FALSE
T30E0 096:499.744 JLINK_IsHalted()
T30E0 096:501.664 - 1.916ms returns FALSE
T30E0 096:501.744 JLINK_IsHalted()
T30E0 096:502.776 - 1.028ms returns FALSE
T30E0 096:608.520 JLINK_IsHalted()
T30E0 096:610.480 - 1.957ms returns FALSE
T30E0 096:610.544 JLINK_IsHalted()
T30E0 096:612.696 - 2.149ms returns FALSE
T6384 096:709.840 JLINK_IsHalted()
T6384 096:710.848 - 1.008ms returns FALSE
T6384 096:710.960 JLINK_IsHalted()
T6384 096:711.920 - 0.967ms returns FALSE
T30E0 096:718.664 JLINK_IsHalted()
T30E0 096:720.560 - 1.895ms returns FALSE
T30E0 096:720.632 JLINK_IsHalted()
T30E0 096:722.784 - 2.151ms returns FALSE
T30E0 096:827.552 JLINK_IsHalted()
T30E0 096:828.656 - 1.100ms returns FALSE
T30E0 096:828.728 JLINK_IsHalted()
T30E0 096:830.768 - 2.033ms returns FALSE
T30E0 096:937.224 JLINK_IsHalted()
T30E0 096:939.488 - 2.263ms returns FALSE
T30E0 096:939.536 JLINK_IsHalted()
T30E0 096:941.648 - 2.108ms returns FALSE
T30E0 097:046.752 JLINK_IsHalted()
T30E0 097:048.984 - 2.236ms returns FALSE
T30E0 097:049.048 JLINK_IsHalted()
T30E0 097:051.256 - 2.210ms returns FALSE
T30E0 097:156.176 JLINK_IsHalted()
T30E0 097:157.744 - 1.571ms returns FALSE
T30E0 097:157.824 JLINK_IsHalted()
T30E0 097:159.952 - 2.133ms returns FALSE
T30E0 097:264.952 JLINK_IsHalted()
T30E0 097:266.544 - 1.589ms returns FALSE
T30E0 097:266.608 JLINK_IsHalted()
T30E0 097:268.744 - 2.137ms returns FALSE
T30E0 097:374.744 JLINK_IsHalted()
T30E0 097:376.400 - 1.645ms returns FALSE
T30E0 097:376.464 JLINK_IsHalted()
T30E0 097:378.528 - 2.063ms returns FALSE
T30E0 097:484.144 JLINK_IsHalted()
T30E0 097:486.128 - 1.984ms returns FALSE
T30E0 097:486.192 JLINK_IsHalted()
T30E0 097:488.392 - 2.197ms returns FALSE
T30E0 097:593.312 JLINK_IsHalted()
T30E0 097:595.152 - 1.838ms returns FALSE
T30E0 097:595.224 JLINK_IsHalted()
T30E0 097:597.456 - 2.222ms returns FALSE
T30E0 097:703.248 JLINK_IsHalted()
T30E0 097:705.024 - 1.777ms returns FALSE
T30E0 097:705.096 JLINK_IsHalted()
T30E0 097:707.056 - 1.963ms returns FALSE
T6384 097:711.952 JLINK_IsHalted()
T6384 097:712.696 - 0.744ms returns FALSE
T6384 097:712.752 JLINK_IsHalted()
T6384 097:714.792 - 2.035ms returns FALSE
T30E0 097:811.856 JLINK_IsHalted()
T30E0 097:814.192 - 2.338ms returns FALSE
T30E0 097:814.264 JLINK_IsHalted()
T30E0 097:816.368 - 2.107ms returns FALSE
T30E0 097:921.904 JLINK_IsHalted()
T30E0 097:924.040 - 2.127ms returns FALSE
T30E0 097:924.104 JLINK_IsHalted()
T30E0 097:926.232 - 2.135ms returns FALSE
T30E0 098:030.928 JLINK_IsHalted()
T30E0 098:033.072 - 2.142ms returns FALSE
T30E0 098:033.144 JLINK_IsHalted()
T30E0 098:035.256 - 2.114ms returns FALSE
T30E0 098:140.096 JLINK_IsHalted()
T30E0 098:142.272 - 2.174ms returns FALSE
T30E0 098:142.344 JLINK_IsHalted()
T30E0 098:144.416 - 2.073ms returns FALSE
T30E0 098:250.080 JLINK_IsHalted()
T30E0 098:251.992 - 1.912ms returns FALSE
T30E0 098:252.056 JLINK_IsHalted()
T30E0 098:254.240 - 2.183ms returns FALSE
T30E0 098:358.936 JLINK_IsHalted()
T30E0 098:360.848 - 1.915ms returns FALSE
T30E0 098:360.928 JLINK_IsHalted()
T30E0 098:363.024 - 2.094ms returns FALSE
T30E0 098:467.920 JLINK_IsHalted()
T30E0 098:469.696 - 1.772ms returns FALSE
T30E0 098:469.768 JLINK_IsHalted()
T30E0 098:471.832 - 2.067ms returns FALSE
T30E0 098:577.464 JLINK_IsHalted()
T30E0 098:579.416 - 1.952ms returns FALSE
T30E0 098:579.480 JLINK_IsHalted()
T30E0 098:581.568 - 2.086ms returns FALSE
T30E0 098:686.872 JLINK_IsHalted()
T30E0 098:689.080 - 2.211ms returns FALSE
T30E0 098:689.184 JLINK_IsHalted()
T30E0 098:691.240 - 2.054ms returns FALSE
T6384 098:715.504 JLINK_IsHalted()
T6384 098:717.192 - 1.678ms returns FALSE
T6384 098:717.280 JLINK_IsHalted()
T6384 098:718.264 - 0.986ms returns FALSE
T30E0 098:796.040 JLINK_IsHalted()
T30E0 098:797.456 - 1.419ms returns FALSE
T30E0 098:797.520 JLINK_IsHalted()
T30E0 098:799.600 - 2.081ms returns FALSE
T30E0 098:905.520 JLINK_IsHalted()
T30E0 098:907.632 - 2.105ms returns FALSE
T30E0 098:907.696 JLINK_IsHalted()
T30E0 098:909.608 - 1.915ms returns FALSE
T30E0 099:015.248 JLINK_IsHalted()
T30E0 099:016.912 - 1.665ms returns FALSE
T30E0 099:016.976 JLINK_IsHalted()
T30E0 099:018.960 - 1.984ms returns FALSE
T30E0 099:124.344 JLINK_IsHalted()
T30E0 099:126.512 - 2.170ms returns FALSE
T30E0 099:126.600 JLINK_IsHalted()
T30E0 099:128.720 - 2.123ms returns FALSE
T30E0 099:234.096 JLINK_IsHalted()
T30E0 099:236.344 - 2.247ms returns FALSE
T30E0 099:236.408 JLINK_IsHalted()
T30E0 099:238.504 - 2.090ms returns FALSE
T30E0 099:343.456 JLINK_IsHalted()
T30E0 099:345.864 - 2.403ms returns FALSE
T30E0 099:345.936 JLINK_IsHalted()
T30E0 099:348.024 - 2.089ms returns FALSE
T30E0 099:452.288 JLINK_IsHalted()
T30E0 099:453.904 - 1.610ms returns FALSE
T30E0 099:453.976 JLINK_IsHalted()
T30E0 099:456.048 - 2.068ms returns FALSE
T30E0 099:561.856 JLINK_IsHalted()
T30E0 099:563.792 - 1.943ms returns FALSE
T30E0 099:563.872 JLINK_IsHalted()
T30E0 099:565.872 - 1.997ms returns FALSE
T30E0 099:671.176 JLINK_IsHalted()
T30E0 099:672.304 - 1.119ms returns FALSE
T30E0 099:672.368 JLINK_IsHalted()
T30E0 099:674.480 - 2.122ms returns FALSE
T6384 099:719.104 JLINK_IsHalted()
T6384 099:719.824 - 0.719ms returns FALSE
T6384 099:719.888 JLINK_IsHalted()
T6384 099:721.000 - 1.110ms returns FALSE
T30E0 099:780.504 JLINK_IsHalted()
T30E0 099:782.800 - 2.297ms returns FALSE
T30E0 099:782.880 JLINK_IsHalted()
T30E0 099:784.968 - 2.088ms returns FALSE
T30E0 099:890.120 JLINK_IsHalted()
T30E0 099:891.792 - 1.678ms returns FALSE
T30E0 099:891.864 JLINK_IsHalted()
T30E0 099:893.968 - 2.099ms returns FALSE
T30E0 099:999.664 JLINK_IsHalted()
T30E0 100:001.464 - 1.799ms returns FALSE
T30E0 100:001.528 JLINK_IsHalted()
T30E0 100:003.672 - 2.141ms returns FALSE
T30E0 100:108.912 JLINK_IsHalted()
T30E0 100:111.024 - 2.118ms returns FALSE
T30E0 100:111.096 JLINK_IsHalted()
T30E0 100:113.048 - 1.948ms returns FALSE
T30E0 100:218.064 JLINK_IsHalted()
T30E0 100:219.592 - 1.527ms returns FALSE
T30E0 100:219.672 JLINK_IsHalted()
T30E0 100:221.808 - 2.138ms returns FALSE
T30E0 100:327.288 JLINK_IsHalted()
T30E0 100:329.368 - 2.080ms returns FALSE
T30E0 100:329.456 JLINK_IsHalted()
T30E0 100:331.552 - 2.087ms returns FALSE
T30E0 100:436.776 JLINK_IsHalted()
T30E0 100:438.304 - 1.524ms returns FALSE
T30E0 100:438.360 JLINK_IsHalted()
T30E0 100:440.432 - 2.064ms returns FALSE
T30E0 100:546.256 JLINK_IsHalted()
T30E0 100:548.016 - 1.767ms returns FALSE
T30E0 100:548.064 JLINK_IsHalted()
T30E0 100:550.256 - 2.187ms returns FALSE
T30E0 100:655.656 JLINK_IsHalted()
T30E0 100:657.848 - 2.192ms returns FALSE
T30E0 100:657.920 JLINK_IsHalted()
T30E0 100:660.024 - 2.101ms returns FALSE
T6384 100:721.272 JLINK_IsHalted()
T6384 100:722.512 - 1.244ms returns FALSE
T6384 100:722.576 JLINK_IsHalted()
T6384 100:723.576 - 1.000ms returns FALSE
T30E0 100:764.936 JLINK_IsHalted()
T30E0 100:766.672 - 1.736ms returns FALSE
T30E0 100:766.736 JLINK_IsHalted()
T30E0 100:768.840 - 2.096ms returns FALSE
T30E0 100:875.032 JLINK_IsHalted()
T30E0 100:876.736 - 1.701ms returns FALSE
T30E0 100:876.800 JLINK_IsHalted()
T30E0 100:878.784 - 1.981ms returns FALSE
T30E0 100:983.656 JLINK_IsHalted()
T30E0 100:985.424 - 1.770ms returns FALSE
T30E0 100:985.488 JLINK_IsHalted()
T30E0 100:987.568 - 2.080ms returns FALSE
T30E0 101:093.408 JLINK_IsHalted()
T30E0 101:095.472 - 2.062ms returns FALSE
T30E0 101:095.536 JLINK_IsHalted()
T30E0 101:097.776 - 2.233ms returns FALSE
T30E0 101:203.152 JLINK_IsHalted()
T30E0 101:205.424 - 2.275ms returns FALSE
T30E0 101:205.488 JLINK_IsHalted()
T30E0 101:207.568 - 2.068ms returns FALSE
T30E0 101:312.440 JLINK_IsHalted()
T30E0 101:314.112 - 1.670ms returns FALSE
T30E0 101:314.184 JLINK_IsHalted()
T30E0 101:316.344 - 2.165ms returns FALSE
T30E0 101:421.816 JLINK_IsHalted()
T30E0 101:423.960 - 2.141ms returns FALSE
T30E0 101:424.048 JLINK_IsHalted()
T30E0 101:426.136 - 2.090ms returns FALSE
T30E0 101:530.816 JLINK_IsHalted()
T30E0 101:532.744 - 1.925ms returns FALSE
T30E0 101:532.848 JLINK_IsHalted()
T30E0 101:534.984 - 2.134ms returns FALSE
T30E0 101:640.408 JLINK_IsHalted()
T30E0 101:642.464 - 2.054ms returns FALSE
T30E0 101:642.544 JLINK_IsHalted()
T30E0 101:644.544 - 1.995ms returns FALSE
T6384 101:723.728 JLINK_IsHalted()
T6384 101:724.528 - 0.809ms returns FALSE
T6384 101:724.640 JLINK_IsHalted()
T6384 101:725.576 - 0.932ms returns FALSE
T30E0 101:750.064 JLINK_IsHalted()
T30E0 101:751.592 - 1.518ms returns FALSE
T30E0 101:751.664 JLINK_IsHalted()
T30E0 101:753.808 - 2.144ms returns FALSE
T30E0 101:858.832 JLINK_IsHalted()
T30E0 101:860.576 - 1.739ms returns FALSE
T30E0 101:860.656 JLINK_IsHalted()
T30E0 101:862.768 - 2.119ms returns FALSE
T30E0 101:968.848 JLINK_IsHalted()
T30E0 101:970.504 - 1.655ms returns FALSE
T30E0 101:970.576 JLINK_IsHalted()
T30E0 101:972.656 - 2.078ms returns FALSE
T30E0 102:077.928 JLINK_IsHalted()
T30E0 102:079.632 - 1.704ms returns FALSE
T30E0 102:079.696 JLINK_IsHalted()
T30E0 102:081.784 - 2.084ms returns FALSE
T30E0 102:187.312 JLINK_IsHalted()
T30E0 102:189.688 - 2.376ms returns FALSE
T30E0 102:189.760 JLINK_IsHalted()
T30E0 102:191.784 - 2.021ms returns FALSE
T30E0 102:296.824 JLINK_IsHalted()
T30E0 102:298.440 - 1.607ms returns FALSE
T30E0 102:298.504 JLINK_IsHalted()
T30E0 102:300.552 - 2.051ms returns FALSE
T30E0 102:405.472 JLINK_IsHalted()
T30E0 102:407.312 - 1.833ms returns FALSE
T30E0 102:407.384 JLINK_IsHalted()
T30E0 102:409.512 - 2.120ms returns FALSE
T30E0 102:515.312 JLINK_IsHalted()
T30E0 102:517.008 - 1.696ms returns FALSE
T30E0 102:517.104 JLINK_IsHalted()
T30E0 102:519.248 - 2.139ms returns FALSE
T30E0 102:624.272 JLINK_IsHalted()
T30E0 102:625.832 - 1.564ms returns FALSE
T30E0 102:625.904 JLINK_IsHalted()
T30E0 102:628.024 - 2.115ms returns FALSE
T6384 102:726.424 JLINK_IsHalted()
T6384 102:727.104 - 0.676ms returns FALSE
T6384 102:727.176 JLINK_IsHalted()
T6384 102:728.256 - 1.078ms returns FALSE
T30E0 102:734.016 JLINK_IsHalted()
T30E0 102:736.016 - 2.001ms returns FALSE
T30E0 102:736.088 JLINK_IsHalted()
T30E0 102:738.248 - 2.153ms returns FALSE
T30E0 102:843.216 JLINK_IsHalted()
T30E0 102:845.008 - 1.791ms returns FALSE
T30E0 102:845.080 JLINK_IsHalted()
T30E0 102:847.152 - 2.070ms returns FALSE
T30E0 102:952.296 JLINK_IsHalted()
T30E0 102:954.120 - 1.819ms returns FALSE
T30E0 102:954.192 JLINK_IsHalted()
T30E0 102:956.240 - 2.049ms returns FALSE
T30E0 103:062.616 JLINK_IsHalted()
T30E0 103:065.008 - 2.384ms returns FALSE
T30E0 103:065.072 JLINK_IsHalted()
T30E0 103:067.272 - 2.196ms returns FALSE
T30E0 103:171.320 JLINK_IsHalted()
T30E0 103:172.960 - 1.641ms returns FALSE
T30E0 103:173.040 JLINK_IsHalted()
T30E0 103:175.152 - 2.115ms returns FALSE
T30E0 103:280.712 JLINK_IsHalted()
T30E0 103:282.944 - 2.232ms returns FALSE
T30E0 103:283.000 JLINK_IsHalted()
T30E0 103:285.016 - 2.012ms returns FALSE
T30E0 103:389.824 JLINK_IsHalted()
T30E0 103:391.768 - 1.945ms returns FALSE
T30E0 103:391.856 JLINK_IsHalted()
T30E0 103:394.000 - 2.136ms returns FALSE
T30E0 103:499.288 JLINK_IsHalted()
T30E0 103:501.432 - 2.143ms returns FALSE
T30E0 103:501.504 JLINK_IsHalted()
T30E0 103:503.664 - 2.157ms returns FALSE
T30E0 103:609.640 JLINK_IsHalted()
T30E0 103:611.400 - 1.760ms returns FALSE
T30E0 103:611.448 JLINK_IsHalted()
T30E0 103:613.600 - 2.144ms returns FALSE
T30E0 103:718.544 JLINK_IsHalted()
T30E0 103:719.976 - 1.428ms returns FALSE
T30E0 103:720.072 JLINK_IsHalted()
T30E0 103:722.272 - 2.202ms returns FALSE
T6384 103:728.728 JLINK_IsHalted()
T6384 103:729.920 - 1.189ms returns FALSE
T6384 103:730.000 JLINK_IsHalted()
T6384 103:732.016 - 2.017ms returns FALSE
T30E0 103:827.944 JLINK_IsHalted()
T30E0 103:829.752 - 1.806ms returns FALSE
T30E0 103:829.816 JLINK_IsHalted()
T30E0 103:831.960 - 2.148ms returns FALSE
T30E0 103:936.976 JLINK_IsHalted()
T30E0 103:938.544 - 1.566ms returns FALSE
T30E0 103:938.608 JLINK_IsHalted()
T30E0 103:940.720 - 2.116ms returns FALSE
T30E0 104:046.320 JLINK_IsHalted()
T30E0 104:048.520 - 2.196ms returns FALSE
T30E0 104:048.592 JLINK_IsHalted()
T30E0 104:050.736 - 2.137ms returns FALSE
T30E0 104:155.792 JLINK_IsHalted()
T30E0 104:157.712 - 1.915ms returns FALSE
T30E0 104:157.776 JLINK_IsHalted()
T30E0 104:159.888 - 2.108ms returns FALSE
T30E0 104:265.416 JLINK_IsHalted()
T30E0 104:267.568 - 2.156ms returns FALSE
T30E0 104:267.632 JLINK_IsHalted()
T30E0 104:269.720 - 2.093ms returns FALSE
T30E0 104:374.176 JLINK_IsHalted()
T30E0 104:376.416 - 2.236ms returns FALSE
T30E0 104:376.488 JLINK_IsHalted()
T30E0 104:378.592 - 2.104ms returns FALSE
T30E0 104:484.016 JLINK_IsHalted()
T30E0 104:486.128 - 2.114ms returns FALSE
T30E0 104:486.192 JLINK_IsHalted()
T30E0 104:488.400 - 2.199ms returns FALSE
T30E0 104:593.024 JLINK_IsHalted()
T30E0 104:594.848 - 1.823ms returns FALSE
T30E0 104:594.928 JLINK_IsHalted()
T30E0 104:597.024 - 2.094ms returns FALSE
T30E0 104:702.800 JLINK_IsHalted()
T30E0 104:704.560 - 1.762ms returns FALSE
T30E0 104:704.624 JLINK_IsHalted()
T30E0 104:706.728 - 2.096ms returns FALSE
T6384 104:732.080 JLINK_IsHalted()
T6384 104:732.680 - 0.590ms returns FALSE
T6384 104:732.744 JLINK_IsHalted()
T6384 104:733.776 - 1.036ms returns FALSE
T30E0 104:812.544 JLINK_IsHalted()
T30E0 104:814.192 - 1.650ms returns FALSE
T30E0 104:814.264 JLINK_IsHalted()
T30E0 104:816.280 - 2.015ms returns FALSE
T30E0 104:921.112 JLINK_IsHalted()
T30E0 104:923.336 - 2.216ms returns FALSE
T30E0 104:923.400 JLINK_IsHalted()
T30E0 104:925.336 - 1.933ms returns FALSE
T30E0 105:030.816 JLINK_IsHalted()
T30E0 105:032.888 - 2.077ms returns FALSE
T30E0 105:032.960 JLINK_IsHalted()
T30E0 105:035.088 - 2.133ms returns FALSE
T30E0 105:140.192 JLINK_IsHalted()
T30E0 105:141.936 - 1.741ms returns FALSE
T30E0 105:142.008 JLINK_IsHalted()
T30E0 105:144.088 - 2.078ms returns FALSE
T30E0 105:250.072 JLINK_IsHalted()
T30E0 105:251.664 - 1.581ms returns FALSE
T30E0 105:251.736 JLINK_IsHalted()
T30E0 105:253.808 - 2.069ms returns FALSE
T30E0 105:361.592 JLINK_IsHalted()
T30E0 105:363.648 - 2.057ms returns FALSE
T30E0 105:363.704 JLINK_IsHalted()
T30E0 105:364.744 - 1.041ms returns FALSE
T30E0 105:468.880 JLINK_IsHalted()
T30E0 105:470.456 - 1.583ms returns FALSE
T30E0 105:470.528 JLINK_IsHalted()
T30E0 105:472.632 - 2.103ms returns FALSE
T30E0 105:577.680 JLINK_IsHalted()
T30E0 105:580.072 - 2.386ms returns FALSE
T30E0 105:580.136 JLINK_IsHalted()
T30E0 105:582.376 - 2.238ms returns FALSE
T30E0 105:686.672 JLINK_IsHalted()
T30E0 105:688.992 - 2.320ms returns FALSE
T30E0 105:689.064 JLINK_IsHalted()
T30E0 105:691.400 - 2.330ms returns FALSE
T6384 105:734.288 JLINK_IsHalted()
T6384 105:735.384 - 1.091ms returns FALSE
T6384 105:735.448 JLINK_IsHalted()
T6384 105:736.504 - 1.050ms returns FALSE
T30E0 105:797.160 JLINK_IsHalted()
T30E0 105:798.288 - 1.130ms returns FALSE
T30E0 105:798.376 JLINK_IsHalted()
T30E0 105:800.408 - 2.038ms returns FALSE
T30E0 105:906.224 JLINK_IsHalted()
T30E0 105:908.136 - 1.913ms returns FALSE
T30E0 105:908.256 JLINK_IsHalted()
T30E0 105:910.360 - 2.107ms returns FALSE
T30E0 106:015.328 JLINK_IsHalted()
T30E0 106:017.360 - 2.029ms returns FALSE
T30E0 106:017.424 JLINK_IsHalted()
T30E0 106:019.584 - 2.159ms returns FALSE
T30E0 106:124.368 JLINK_IsHalted()
T30E0 106:126.688 - 2.316ms returns FALSE
T30E0 106:126.768 JLINK_IsHalted()
T30E0 106:128.848 - 2.076ms returns FALSE
T30E0 106:233.632 JLINK_IsHalted()
T30E0 106:235.408 - 1.770ms returns FALSE
T30E0 106:235.456 JLINK_IsHalted()
T30E0 106:237.616 - 2.161ms returns FALSE
T30E0 106:343.368 JLINK_IsHalted()
T30E0 106:345.424 - 2.056ms returns FALSE
T30E0 106:345.488 JLINK_IsHalted()
T30E0 106:347.528 - 2.038ms returns FALSE
T30E0 106:452.784 JLINK_IsHalted()
T30E0 106:454.424 - 1.644ms returns FALSE
T30E0 106:454.504 JLINK_IsHalted()
T30E0 106:456.640 - 2.134ms returns FALSE
T30E0 106:562.256 JLINK_IsHalted()
T30E0 106:563.992 - 1.732ms returns FALSE
T30E0 106:564.072 JLINK_IsHalted()
T30E0 106:566.352 - 2.282ms returns FALSE
T30E0 106:671.200 JLINK_IsHalted()
T30E0 106:672.936 - 1.729ms returns FALSE
T30E0 106:673.008 JLINK_IsHalted()
T30E0 106:675.136 - 2.128ms returns FALSE
T6384 106:736.936 JLINK_IsHalted()
T6384 106:737.600 - 0.669ms returns FALSE
T6384 106:737.672 JLINK_IsHalted()
T6384 106:738.688 - 1.018ms returns FALSE
T30E0 106:780.880 JLINK_IsHalted()
T30E0 106:783.376 - 2.503ms returns FALSE
T30E0 106:783.472 JLINK_IsHalted()
T30E0 106:785.520 - 2.040ms returns FALSE
T30E0 106:890.448 JLINK_IsHalted()
T30E0 106:892.288 - 1.839ms returns FALSE
T30E0 106:892.376 JLINK_IsHalted()
T30E0 106:894.464 - 2.089ms returns FALSE
T30E0 106:999.568 JLINK_IsHalted()
T30E0 107:001.264 - 1.701ms returns FALSE
T30E0 107:001.328 JLINK_IsHalted()
T30E0 107:003.440 - 2.104ms returns FALSE
T30E0 107:109.496 JLINK_IsHalted()
T30E0 107:111.408 - 1.911ms returns FALSE
T30E0 107:111.480 JLINK_IsHalted()
T30E0 107:113.552 - 2.073ms returns FALSE
T30E0 107:218.008 JLINK_IsHalted()
T30E0 107:220.600 - 2.591ms returns FALSE
T30E0 107:220.688 JLINK_IsHalted()
T30E0 107:222.504 - 1.817ms returns FALSE
T30E0 107:328.368 JLINK_IsHalted()
T30E0 107:330.248 - 1.872ms returns FALSE
T30E0 107:330.336 JLINK_IsHalted()
T30E0 107:332.368 - 2.037ms returns FALSE
T30E0 107:437.232 JLINK_IsHalted()
T30E0 107:439.088 - 1.865ms returns FALSE
T30E0 107:439.168 JLINK_IsHalted()
T30E0 107:441.264 - 2.104ms returns FALSE
T30E0 107:546.896 JLINK_IsHalted()
T30E0 107:548.760 - 1.875ms returns FALSE
T30E0 107:548.840 JLINK_IsHalted()
T30E0 107:550.936 - 2.095ms returns FALSE
T30E0 107:656.208 JLINK_IsHalted()
T30E0 107:658.432 - 2.221ms returns FALSE
T30E0 107:658.512 JLINK_IsHalted()
T30E0 107:660.648 - 2.130ms returns FALSE
T6384 107:739.344 JLINK_IsHalted()
T6384 107:740.496 - 1.163ms returns FALSE
T6384 107:740.568 JLINK_IsHalted()
T6384 107:741.584 - 1.009ms returns FALSE
T30E0 107:765.080 JLINK_IsHalted()
T30E0 107:767.696 - 2.601ms returns FALSE
T30E0 107:767.744 JLINK_IsHalted()
T30E0 107:769.920 - 2.176ms returns FALSE
T30E0 107:874.664 JLINK_IsHalted()
T30E0 107:876.720 - 2.062ms returns FALSE
T30E0 107:876.800 JLINK_IsHalted()
T30E0 107:879.040 - 2.242ms returns FALSE
T30E0 107:983.952 JLINK_IsHalted()
T30E0 107:985.368 - 1.416ms returns FALSE
T30E0 107:985.456 JLINK_IsHalted()
T30E0 107:987.504 - 2.044ms returns FALSE
T30E0 108:093.056 JLINK_IsHalted()
T30E0 108:094.784 - 1.733ms returns FALSE
T30E0 108:094.872 JLINK_IsHalted()
T30E0 108:097.000 - 2.121ms returns FALSE
T30E0 108:202.224 JLINK_IsHalted()
T30E0 108:203.280 - 1.044ms returns FALSE
T30E0 108:203.328 JLINK_IsHalted()
T30E0 108:205.376 - 2.045ms returns FALSE
T30E0 108:312.064 JLINK_IsHalted()
T30E0 108:314.192 - 2.128ms returns FALSE
T30E0 108:314.264 JLINK_IsHalted()
T30E0 108:316.352 - 2.095ms returns FALSE
T30E0 108:421.568 JLINK_IsHalted()
T30E0 108:423.120 - 1.552ms returns FALSE
T30E0 108:423.192 JLINK_IsHalted()
T30E0 108:425.328 - 2.134ms returns FALSE
T30E0 108:531.344 JLINK_IsHalted()
T30E0 108:533.056 - 1.710ms returns FALSE
T30E0 108:533.120 JLINK_IsHalted()
T30E0 108:535.256 - 2.137ms returns FALSE
T30E0 108:640.744 JLINK_IsHalted()
T30E0 108:642.960 - 2.206ms returns FALSE
T30E0 108:643.024 JLINK_IsHalted()
T30E0 108:645.120 - 2.094ms returns FALSE
T6384 108:741.872 JLINK_IsHalted()
T6384 108:742.424 - 0.550ms returns FALSE
T6384 108:742.488 JLINK_IsHalted()
T6384 108:743.536 - 1.049ms returns FALSE
T30E0 108:749.672 JLINK_IsHalted()
T30E0 108:751.336 - 1.665ms returns FALSE
T30E0 108:751.408 JLINK_IsHalted()
T30E0 108:753.560 - 2.141ms returns FALSE
T30E0 108:859.184 JLINK_IsHalted()
T30E0 108:861.352 - 2.164ms returns FALSE
T30E0 108:861.416 JLINK_IsHalted()
T30E0 108:863.552 - 2.138ms returns FALSE
T30E0 108:968.656 JLINK_IsHalted()
T30E0 108:970.304 - 1.654ms returns FALSE
T30E0 108:970.384 JLINK_IsHalted()
T30E0 108:972.480 - 2.102ms returns FALSE
T30E0 109:077.584 JLINK_IsHalted()
T30E0 109:079.640 - 2.068ms returns FALSE
T30E0 109:079.704 JLINK_IsHalted()
T30E0 109:081.872 - 2.167ms returns FALSE
T30E0 109:187.200 JLINK_IsHalted()
T30E0 109:189.352 - 2.152ms returns FALSE
T30E0 109:189.416 JLINK_IsHalted()
T30E0 109:191.552 - 2.137ms returns FALSE
T30E0 109:296.752 JLINK_IsHalted()
T30E0 109:299.096 - 2.340ms returns FALSE
T30E0 109:299.160 JLINK_IsHalted()
T30E0 109:301.336 - 2.176ms returns FALSE
T30E0 109:405.800 JLINK_IsHalted()
T30E0 109:408.016 - 2.222ms returns FALSE
T30E0 109:408.088 JLINK_IsHalted()
T30E0 109:410.256 - 2.154ms returns FALSE
T30E0 109:515.472 JLINK_IsHalted()
T30E0 109:517.272 - 1.797ms returns FALSE
T30E0 109:517.352 JLINK_IsHalted()
T30E0 109:519.448 - 2.097ms returns FALSE
T30E0 109:624.728 JLINK_IsHalted()
T30E0 109:626.984 - 2.249ms returns FALSE
T30E0 109:627.032 JLINK_IsHalted()
T30E0 109:629.232 - 2.210ms returns FALSE
T30E0 109:734.032 JLINK_IsHalted()
T30E0 109:735.856 - 1.830ms returns FALSE
T30E0 109:735.936 JLINK_IsHalted()
T30E0 109:738.064 - 2.122ms returns FALSE
T6384 109:744.304 JLINK_IsHalted()
T6384 109:745.600 - 1.288ms returns FALSE
T6384 109:745.664 JLINK_IsHalted()
T6384 109:746.672 - 0.998ms returns FALSE
T30E0 109:843.408 JLINK_IsHalted()
T30E0 109:845.392 - 1.982ms returns FALSE
T30E0 109:845.456 JLINK_IsHalted()
T30E0 109:847.576 - 2.123ms returns FALSE
T30E0 109:952.496 JLINK_IsHalted()
T30E0 109:954.288 - 1.787ms returns FALSE
T30E0 109:954.344 JLINK_IsHalted()
T30E0 109:956.480 - 2.142ms returns FALSE
T30E0 110:061.744 JLINK_IsHalted()
T30E0 110:063.272 - 1.522ms returns FALSE
T30E0 110:063.312 JLINK_IsHalted()
T30E0 110:065.432 - 2.122ms returns FALSE
T30E0 110:171.968 JLINK_IsHalted()
T30E0 110:174.296 - 2.317ms returns FALSE
T30E0 110:174.384 JLINK_IsHalted()
T30E0 110:176.496 - 2.112ms returns FALSE
T30E0 110:280.600 JLINK_IsHalted()
T30E0 110:282.224 - 1.625ms returns FALSE
T30E0 110:282.304 JLINK_IsHalted()
T30E0 110:284.432 - 2.131ms returns FALSE
T30E0 110:390.096 JLINK_IsHalted()
T30E0 110:392.064 - 1.963ms returns FALSE
T30E0 110:392.104 JLINK_IsHalted()
T30E0 110:394.320 - 2.212ms returns FALSE
T30E0 110:499.584 JLINK_IsHalted()
T30E0 110:501.888 - 2.307ms returns FALSE
T30E0 110:501.928 JLINK_IsHalted()
T30E0 110:504.064 - 2.132ms returns FALSE
T30E0 110:609.360 JLINK_IsHalted()
T30E0 110:611.624 - 2.265ms returns FALSE
T30E0 110:611.688 JLINK_IsHalted()
T30E0 110:613.840 - 2.154ms returns FALSE
T30E0 110:717.976 JLINK_IsHalted()
T30E0 110:719.528 - 1.552ms returns FALSE
T30E0 110:719.592 JLINK_IsHalted()
T30E0 110:721.728 - 2.128ms returns FALSE
T6384 110:747.216 JLINK_IsHalted()
T6384 110:748.416 - 1.211ms returns FALSE
T6384 110:748.464 JLINK_IsHalted()
T6384 110:749.504 - 1.035ms returns FALSE
T30E0 110:827.816 JLINK_IsHalted()
T30E0 110:829.888 - 2.076ms returns FALSE
T30E0 110:829.936 JLINK_IsHalted()
T30E0 110:832.064 - 2.121ms returns FALSE
T30E0 110:937.304 JLINK_IsHalted()
T30E0 110:938.352 - 1.052ms returns FALSE
T30E0 110:938.408 JLINK_IsHalted()
T30E0 110:940.456 - 2.054ms returns FALSE
T30E0 111:046.448 JLINK_IsHalted()
T30E0 111:048.432 - 1.981ms returns FALSE
T30E0 111:048.512 JLINK_IsHalted()
T30E0 111:050.624 - 2.110ms returns FALSE
T30E0 111:155.472 JLINK_IsHalted()
T30E0 111:157.712 - 2.245ms returns FALSE
T30E0 111:157.784 JLINK_IsHalted()
T30E0 111:159.888 - 2.092ms returns FALSE
T30E0 111:264.944 JLINK_IsHalted()
T30E0 111:266.240 - 1.285ms returns FALSE
T30E0 111:266.304 JLINK_IsHalted()
T30E0 111:268.376 - 2.078ms returns FALSE
T30E0 111:374.512 JLINK_IsHalted()
T30E0 111:376.280 - 1.766ms returns FALSE
T30E0 111:376.336 JLINK_IsHalted()
T30E0 111:378.432 - 2.093ms returns FALSE
T30E0 111:483.560 JLINK_IsHalted()
T30E0 111:485.272 - 1.712ms returns FALSE
T30E0 111:485.312 JLINK_IsHalted()
T30E0 111:487.424 - 2.118ms returns FALSE
T30E0 111:593.768 JLINK_IsHalted()
T30E0 111:596.096 - 2.326ms returns FALSE
T30E0 111:596.144 JLINK_IsHalted()
T30E0 111:598.320 - 2.180ms returns FALSE
T30E0 111:702.504 JLINK_IsHalted()
T30E0 111:703.920 - 1.422ms returns FALSE
T30E0 111:704.000 JLINK_IsHalted()
T30E0 111:706.136 - 2.131ms returns FALSE
T6384 111:749.488 JLINK_IsHalted()
T6384 111:750.480 - 0.986ms returns FALSE
T6384 111:750.528 JLINK_IsHalted()
T6384 111:751.576 - 1.044ms returns FALSE
T30E0 111:811.736 JLINK_IsHalted()
T30E0 111:812.480 - 0.737ms returns FALSE
T30E0 111:812.560 JLINK_IsHalted()
T30E0 111:814.568 - 2.005ms returns FALSE
T30E0 111:921.264 JLINK_IsHalted()
T30E0 111:923.312 - 2.038ms returns FALSE
T30E0 111:923.352 JLINK_IsHalted()
T30E0 111:925.504 - 2.155ms returns FALSE
T30E0 112:030.608 JLINK_IsHalted()
T30E0 112:032.304 - 1.697ms returns FALSE
T30E0 112:032.384 JLINK_IsHalted()
T30E0 112:034.472 - 2.091ms returns FALSE
T30E0 112:140.264 JLINK_IsHalted()
T30E0 112:142.376 - 2.115ms returns FALSE
T30E0 112:142.448 JLINK_IsHalted()
T30E0 112:144.536 - 2.089ms returns FALSE
T30E0 112:249.216 JLINK_IsHalted()
T30E0 112:251.248 - 2.031ms returns FALSE
T30E0 112:251.328 JLINK_IsHalted()
T30E0 112:253.456 - 2.123ms returns FALSE
T30E0 112:358.976 JLINK_IsHalted()
T30E0 112:359.824 - 0.849ms returns FALSE
T30E0 112:359.896 JLINK_IsHalted()
T30E0 112:362.000 - 2.094ms returns FALSE
T30E0 112:467.984 JLINK_IsHalted()
T30E0 112:469.976 - 1.997ms returns FALSE
T30E0 112:470.040 JLINK_IsHalted()
T30E0 112:472.240 - 2.204ms returns FALSE
T30E0 112:577.944 JLINK_IsHalted()
T30E0 112:579.648 - 1.698ms returns FALSE
T30E0 112:579.728 JLINK_IsHalted()
T30E0 112:581.848 - 2.120ms returns FALSE
T30E0 112:687.440 JLINK_IsHalted()
T30E0 112:689.664 - 2.236ms returns FALSE
T30E0 112:689.728 JLINK_IsHalted()
T30E0 112:691.856 - 2.119ms returns FALSE
T6384 112:752.152 JLINK_IsHalted()
T6384 112:753.392 - 1.246ms returns FALSE
T6384 112:753.456 JLINK_IsHalted()
T6384 112:754.512 - 1.048ms returns FALSE
T30E0 112:796.944 JLINK_IsHalted()
T30E0 112:799.056 - 2.116ms returns FALSE
T30E0 112:799.128 JLINK_IsHalted()
T30E0 112:801.256 - 2.124ms returns FALSE
T30E0 112:905.488 JLINK_IsHalted()
T30E0 112:907.880 - 2.393ms returns FALSE
T30E0 112:907.928 JLINK_IsHalted()
T30E0 112:910.056 - 2.127ms returns FALSE
T30E0 113:015.000 JLINK_IsHalted()
T30E0 113:016.600 - 1.608ms returns FALSE
T30E0 113:016.656 JLINK_IsHalted()
T30E0 113:018.776 - 2.125ms returns FALSE
T30E0 113:124.416 JLINK_IsHalted()
T30E0 113:126.064 - 1.650ms returns FALSE
T30E0 113:126.160 JLINK_IsHalted()
T30E0 113:128.256 - 2.104ms returns FALSE
T30E0 113:233.536 JLINK_IsHalted()
T30E0 113:235.816 - 2.271ms returns FALSE
T30E0 113:235.864 JLINK_IsHalted()
T30E0 113:237.976 - 2.116ms returns FALSE
T30E0 113:343.664 JLINK_IsHalted()
T30E0 113:345.552 - 1.872ms returns FALSE
T30E0 113:345.584 JLINK_IsHalted()
T30E0 113:347.752 - 2.160ms returns FALSE
T30E0 113:452.312 JLINK_IsHalted()
T30E0 113:454.376 - 2.055ms returns FALSE
T30E0 113:454.448 JLINK_IsHalted()
T30E0 113:456.536 - 2.082ms returns FALSE
T30E0 113:561.960 JLINK_IsHalted()
T30E0 113:564.032 - 2.065ms returns FALSE
T30E0 113:564.080 JLINK_IsHalted()
T30E0 113:566.248 - 2.164ms returns FALSE
T30E0 113:671.976 JLINK_IsHalted()
T30E0 113:674.032 - 2.060ms returns FALSE
T30E0 113:674.072 JLINK_IsHalted()
T30E0 113:676.336 - 2.258ms returns FALSE
T6384 113:754.472 JLINK_IsHalted()
T6384 113:755.304 - 0.838ms returns FALSE
T6384 113:755.376 JLINK_IsHalted()
T6384 113:756.432 - 1.051ms returns FALSE
T30E0 113:780.464 JLINK_IsHalted()
T30E0 113:782.656 - 2.186ms returns FALSE
T30E0 113:782.736 JLINK_IsHalted()
T30E0 113:784.816 - 2.091ms returns FALSE
T30E0 113:890.320 JLINK_IsHalted()
T30E0 113:892.376 - 2.062ms returns FALSE
T30E0 113:892.464 JLINK_IsHalted()
T30E0 113:894.592 - 2.131ms returns FALSE
T30E0 113:999.808 JLINK_IsHalted()
T30E0 114:002.176 - 2.363ms returns FALSE
T30E0 114:002.264 JLINK_IsHalted()
T30E0 114:004.392 - 2.129ms returns FALSE
T30E0 114:109.168 JLINK_IsHalted()
T30E0 114:111.576 - 2.397ms returns FALSE
T30E0 114:111.632 JLINK_IsHalted()
T30E0 114:113.768 - 2.143ms returns FALSE
T30E0 114:218.768 JLINK_IsHalted()
T30E0 114:220.336 - 1.579ms returns FALSE
T30E0 114:220.376 JLINK_IsHalted()
T30E0 114:222.528 - 2.148ms returns FALSE
T30E0 114:327.232 JLINK_IsHalted()
T30E0 114:329.240 - 2.010ms returns FALSE
T30E0 114:329.280 JLINK_IsHalted()
T30E0 114:331.328 - 2.053ms returns FALSE
T30E0 114:436.752 JLINK_IsHalted()
T30E0 114:439.080 - 2.327ms returns FALSE
T30E0 114:439.144 JLINK_IsHalted()
T30E0 114:441.256 - 2.112ms returns FALSE
T30E0 114:546.880 JLINK_IsHalted()
T30E0 114:548.752 - 1.860ms returns FALSE
T30E0 114:548.784 JLINK_IsHalted()
T30E0 114:550.928 - 2.144ms returns FALSE
T30E0 114:655.408 JLINK_IsHalted()
T30E0 114:657.616 - 2.200ms returns FALSE
T30E0 114:657.648 JLINK_IsHalted()
T30E0 114:659.816 - 2.166ms returns FALSE
T6384 114:756.968 JLINK_IsHalted()
T6384 114:759.272 - 2.313ms returns FALSE
T6384 114:759.360 JLINK_IsHalted()
T6384 114:760.424 - 1.063ms returns FALSE
T30E0 114:764.784 JLINK_IsHalted()
T30E0 114:766.384 - 1.594ms returns FALSE
T30E0 114:766.440 JLINK_IsHalted()
T30E0 114:768.600 - 2.166ms returns FALSE
T30E0 114:874.512 JLINK_IsHalted()
T30E0 114:876.288 - 1.773ms returns FALSE
T30E0 114:876.328 JLINK_IsHalted()
T30E0 114:878.448 - 2.127ms returns FALSE
T30E0 114:984.040 JLINK_IsHalted()
T30E0 114:986.024 - 1.984ms returns FALSE
T30E0 114:986.088 JLINK_IsHalted()
T30E0 114:988.248 - 2.166ms returns FALSE
T30E0 115:092.992 JLINK_IsHalted()
T30E0 115:094.488 - 1.495ms returns FALSE
T30E0 115:094.568 JLINK_IsHalted()
T30E0 115:096.576 - 2.009ms returns FALSE
T30E0 115:203.112 JLINK_IsHalted()
T30E0 115:205.328 - 2.221ms returns FALSE
T30E0 115:205.360 JLINK_IsHalted()
T30E0 115:207.464 - 2.091ms returns FALSE
T30E0 115:312.104 JLINK_IsHalted()
T30E0 115:314.152 - 2.050ms returns FALSE
T30E0 115:314.192 JLINK_IsHalted()
T30E0 115:316.264 - 2.075ms returns FALSE
T30E0 115:421.784 JLINK_IsHalted()
T30E0 115:423.936 - 2.151ms returns FALSE
T30E0 115:423.984 JLINK_IsHalted()
T30E0 115:426.152 - 2.175ms returns FALSE
T30E0 115:530.904 JLINK_IsHalted()
T30E0 115:532.760 - 1.853ms returns FALSE
T30E0 115:532.840 JLINK_IsHalted()
T30E0 115:535.088 - 2.246ms returns FALSE
T30E0 115:640.528 JLINK_IsHalted()
T30E0 115:642.392 - 1.859ms returns FALSE
T30E0 115:642.432 JLINK_IsHalted()
T30E0 115:644.608 - 2.167ms returns FALSE
T30E0 115:749.744 JLINK_IsHalted()
T30E0 115:751.440 - 1.685ms returns FALSE
T30E0 115:751.512 JLINK_IsHalted()
T30E0 115:753.448 - 1.938ms returns FALSE
T6384 115:761.040 JLINK_IsHalted()
T6384 115:762.352 - 1.315ms returns FALSE
T6384 115:762.392 JLINK_IsHalted()
T6384 115:763.440 - 1.045ms returns FALSE
T30E0 115:859.416 JLINK_IsHalted()
T30E0 115:861.840 - 2.425ms returns FALSE
T30E0 115:861.912 JLINK_IsHalted()
T30E0 115:863.952 - 2.035ms returns FALSE
T30E0 115:967.936 JLINK_IsHalted()
T30E0 115:969.328 - 1.396ms returns FALSE
T30E0 115:969.408 JLINK_IsHalted()
T30E0 115:971.408 - 1.996ms returns FALSE
T30E0 116:077.888 JLINK_IsHalted()
T30E0 116:080.064 - 2.173ms returns FALSE
T30E0 116:080.128 JLINK_IsHalted()
T30E0 116:082.344 - 2.220ms returns FALSE
T30E0 116:187.408 JLINK_IsHalted()
T30E0 116:189.584 - 2.172ms returns FALSE
T30E0 116:189.648 JLINK_IsHalted()
T30E0 116:191.768 - 2.128ms returns FALSE
T30E0 116:296.832 JLINK_IsHalted()
T30E0 116:299.280 - 2.440ms returns FALSE
T30E0 116:299.312 JLINK_IsHalted()
T30E0 116:301.464 - 2.146ms returns FALSE
T30E0 116:405.936 JLINK_IsHalted()
T30E0 116:408.168 - 2.232ms returns FALSE
T30E0 116:408.216 JLINK_IsHalted()
T30E0 116:410.344 - 2.127ms returns FALSE
T30E0 116:515.032 JLINK_IsHalted()
T30E0 116:516.952 - 1.918ms returns FALSE
T30E0 116:517.008 JLINK_IsHalted()
T30E0 116:519.128 - 2.123ms returns FALSE
T30E0 116:625.008 JLINK_IsHalted()
T30E0 116:626.640 - 1.634ms returns FALSE
T30E0 116:626.704 JLINK_IsHalted()
T30E0 116:628.816 - 2.112ms returns FALSE
T30E0 116:733.552 JLINK_IsHalted()
T30E0 116:735.408 - 1.859ms returns FALSE
T30E0 116:735.464 JLINK_IsHalted()
T30E0 116:737.616 - 2.146ms returns FALSE
T6384 116:763.904 JLINK_IsHalted()
T6384 116:764.456 - 0.546ms returns FALSE
T6384 116:764.496 JLINK_IsHalted()
T6384 116:767.528 - 3.034ms returns FALSE
T30E0 116:843.216 JLINK_IsHalted()
T30E0 116:845.016 - 1.803ms returns FALSE
T30E0 116:845.056 JLINK_IsHalted()
T30E0 116:847.248 - 2.181ms returns FALSE
T30E0 116:952.384 JLINK_IsHalted()
T30E0 116:953.896 - 1.508ms returns FALSE
T30E0 116:953.960 JLINK_IsHalted()
T30E0 116:956.056 - 2.094ms returns FALSE
T30E0 117:062.248 JLINK_IsHalted()
T30E0 117:064.496 - 2.249ms returns FALSE
T30E0 117:064.576 JLINK_IsHalted()
T30E0 117:066.704 - 2.114ms returns FALSE
T30E0 117:171.112 JLINK_IsHalted()
T30E0 117:172.888 - 1.778ms returns FALSE
T30E0 117:172.952 JLINK_IsHalted()
T30E0 117:175.128 - 2.168ms returns FALSE
T30E0 117:281.152 JLINK_IsHalted()
T30E0 117:282.672 - 1.525ms returns FALSE
T30E0 117:282.728 JLINK_IsHalted()
T30E0 117:284.912 - 2.179ms returns FALSE
T30E0 117:389.936 JLINK_IsHalted()
T30E0 117:391.616 - 1.669ms returns FALSE
T30E0 117:391.656 JLINK_IsHalted()
T30E0 117:393.680 - 2.015ms returns FALSE
T30E0 117:499.392 JLINK_IsHalted()
T30E0 117:501.360 - 1.971ms returns FALSE
T30E0 117:501.424 JLINK_IsHalted()
T30E0 117:503.536 - 2.118ms returns FALSE
T30E0 117:608.880 JLINK_IsHalted()
T30E0 117:611.096 - 2.211ms returns FALSE
T30E0 117:611.184 JLINK_IsHalted()
T30E0 117:613.264 - 2.073ms returns FALSE
T30E0 117:718.104 JLINK_IsHalted()
T30E0 117:719.920 - 1.818ms returns FALSE
T30E0 117:719.984 JLINK_IsHalted()
T30E0 117:722.112 - 2.124ms returns FALSE
T6384 117:767.320 JLINK_IsHalted()
T6384 117:768.272 - 0.955ms returns FALSE
T6384 117:768.320 JLINK_IsHalted()
T6384 117:769.384 - 1.066ms returns FALSE
T30E0 117:828.136 JLINK_IsHalted()
T30E0 117:830.232 - 2.091ms returns FALSE
T30E0 117:830.272 JLINK_IsHalted()
T30E0 117:832.408 - 2.141ms returns FALSE
T30E0 117:937.240 JLINK_IsHalted()
T30E0 117:939.472 - 2.234ms returns FALSE
T30E0 117:939.568 JLINK_IsHalted()
T30E0 117:941.648 - 2.075ms returns FALSE
T30E0 118:046.384 JLINK_IsHalted()
T30E0 118:048.296 - 1.910ms returns FALSE
T30E0 118:048.336 JLINK_IsHalted()
T30E0 118:050.448 - 2.108ms returns FALSE
T30E0 118:155.456 JLINK_IsHalted()
T30E0 118:157.632 - 2.178ms returns FALSE
T30E0 118:157.680 JLINK_IsHalted()
T30E0 118:159.832 - 2.143ms returns FALSE
T30E0 118:265.560 JLINK_IsHalted()
T30E0 118:267.376 - 1.822ms returns FALSE
T30E0 118:267.416 JLINK_IsHalted()
T30E0 118:269.544 - 2.126ms returns FALSE
T30E0 118:374.232 JLINK_IsHalted()
T30E0 118:376.336 - 2.104ms returns FALSE
T30E0 118:376.408 JLINK_IsHalted()
T30E0 118:378.520 - 2.123ms returns FALSE
T30E0 118:483.560 JLINK_IsHalted()
T30E0 118:485.160 - 1.597ms returns FALSE
T30E0 118:485.208 JLINK_IsHalted()
T30E0 118:487.336 - 2.132ms returns FALSE
T30E0 118:593.192 JLINK_IsHalted()
T30E0 118:594.640 - 1.438ms returns FALSE
T30E0 118:594.672 JLINK_IsHalted()
T30E0 118:596.848 - 2.172ms returns FALSE
T30E0 118:703.208 JLINK_IsHalted()
T30E0 118:704.240 - 1.039ms returns FALSE
T30E0 118:704.320 JLINK_IsHalted()
T30E0 118:706.368 - 2.049ms returns FALSE
T6384 118:769.944 JLINK_IsHalted()
T6384 118:771.136 - 1.189ms returns FALSE
T6384 118:771.200 JLINK_IsHalted()
T6384 118:772.240 - 1.028ms returns FALSE
T30E0 118:811.736 JLINK_IsHalted()
T30E0 118:813.848 - 2.108ms returns FALSE
T30E0 118:813.912 JLINK_IsHalted()
T30E0 118:816.040 - 2.121ms returns FALSE
T30E0 118:921.296 JLINK_IsHalted()
T30E0 118:922.560 - 1.266ms returns FALSE
T30E0 118:922.608 JLINK_IsHalted()
T30E0 118:924.688 - 2.070ms returns FALSE
T30E0 119:030.960 JLINK_IsHalted()
T30E0 119:032.496 - 1.537ms returns FALSE
T30E0 119:032.536 JLINK_IsHalted()
T30E0 119:034.752 - 2.204ms returns FALSE
T30E0 119:140.464 JLINK_IsHalted()
T30E0 119:142.760 - 2.295ms returns FALSE
T30E0 119:142.832 JLINK_IsHalted()
T30E0 119:144.976 - 2.144ms returns FALSE
T30E0 119:249.392 JLINK_IsHalted()
T30E0 119:251.584 - 2.185ms returns FALSE
T30E0 119:251.648 JLINK_IsHalted()
T30E0 119:253.776 - 2.121ms returns FALSE
T30E0 119:358.544 JLINK_IsHalted()
T30E0 119:360.368 - 1.830ms returns FALSE
T30E0 119:360.432 JLINK_IsHalted()
T30E0 119:362.544 - 2.119ms returns FALSE
T30E0 119:468.352 JLINK_IsHalted()
T30E0 119:470.096 - 1.732ms returns FALSE
T30E0 119:470.168 JLINK_IsHalted()
T30E0 119:472.336 - 2.162ms returns FALSE
T30E0 119:577.368 JLINK_IsHalted()
T30E0 119:586.328 - 8.949ms returns FALSE
T30E0 119:586.432 JLINK_IsHalted()
T30E0 119:588.464 - 2.040ms returns FALSE
T30E0 119:687.464 JLINK_IsHalted()
T30E0 119:689.584 - 2.129ms returns FALSE
T30E0 119:689.664 JLINK_IsHalted()
T30E0 119:691.792 - 2.125ms returns FALSE
T6384 119:772.224 JLINK_IsHalted()
T6384 119:772.720 - 0.505ms returns FALSE
T6384 119:772.800 JLINK_IsHalted()
T6384 119:773.824 - 1.024ms returns FALSE
T30E0 119:796.056 JLINK_IsHalted()
T30E0 119:796.912 - 0.856ms returns FALSE
T30E0 119:796.976 JLINK_IsHalted()
T30E0 119:799.040 - 2.056ms returns FALSE
T30E0 119:905.904 JLINK_IsHalted()
T30E0 119:907.776 - 1.863ms returns FALSE
T30E0 119:907.856 JLINK_IsHalted()
T30E0 119:909.992 - 2.146ms returns FALSE
T30E0 120:015.256 JLINK_IsHalted()
T30E0 120:017.680 - 2.422ms returns FALSE
T30E0 120:017.768 JLINK_IsHalted()
T30E0 120:019.888 - 2.133ms returns FALSE
T30E0 120:124.736 JLINK_IsHalted()
T30E0 120:126.888 - 2.140ms returns FALSE
T30E0 120:126.952 JLINK_IsHalted()
T30E0 120:129.104 - 2.146ms returns FALSE
T30E0 120:233.496 JLINK_IsHalted()
T30E0 120:235.824 - 2.321ms returns FALSE
T30E0 120:235.920 JLINK_IsHalted()
T30E0 120:238.000 - 2.086ms returns FALSE
T30E0 120:343.376 JLINK_IsHalted()
T30E0 120:345.552 - 2.182ms returns FALSE
T30E0 120:345.640 JLINK_IsHalted()
T30E0 120:347.672 - 2.034ms returns FALSE
T30E0 120:452.904 JLINK_IsHalted()
T30E0 120:455.360 - 2.456ms returns FALSE
T30E0 120:455.424 JLINK_IsHalted()
T30E0 120:457.560 - 2.129ms returns FALSE
T30E0 120:562.024 JLINK_IsHalted()
T30E0 120:564.072 - 2.042ms returns FALSE
T30E0 120:564.136 JLINK_IsHalted()
T30E0 120:566.360 - 2.234ms returns FALSE
T30E0 120:671.440 JLINK_IsHalted()
T30E0 120:673.856 - 2.425ms returns FALSE
T30E0 120:673.944 JLINK_IsHalted()
T30E0 120:676.032 - 2.077ms returns FALSE
T6384 120:773.456 JLINK_IsHalted()
T6384 120:774.512 - 1.061ms returns FALSE
T6384 120:774.656 JLINK_IsHalted()
T6384 120:775.472 - 0.817ms returns FALSE
T30E0 120:780.928 JLINK_IsHalted()
T30E0 120:783.168 - 2.236ms returns FALSE
T30E0 120:783.248 JLINK_IsHalted()
T30E0 120:785.384 - 2.142ms returns FALSE
T30E0 120:890.344 JLINK_IsHalted()
T30E0 120:891.792 - 1.447ms returns FALSE
T30E0 120:891.888 JLINK_IsHalted()
T30E0 120:893.992 - 2.110ms returns FALSE
T30E0 120:999.296 JLINK_IsHalted()
T30E0 121:000.936 - 1.634ms returns FALSE
T30E0 121:000.984 JLINK_IsHalted()
T30E0 121:003.160 - 2.178ms returns FALSE
T30E0 121:109.288 JLINK_IsHalted()
T30E0 121:111.000 - 1.710ms returns FALSE
T30E0 121:111.064 JLINK_IsHalted()
T30E0 121:113.216 - 2.142ms returns FALSE
T30E0 121:218.560 JLINK_IsHalted()
T30E0 121:220.824 - 2.274ms returns FALSE
T30E0 121:220.880 JLINK_IsHalted()
T30E0 121:223.056 - 2.171ms returns FALSE
T30E0 121:327.360 JLINK_IsHalted()
T30E0 121:329.680 - 2.314ms returns FALSE
T30E0 121:329.768 JLINK_IsHalted()
T30E0 121:331.880 - 2.105ms returns FALSE
T30E0 121:437.200 JLINK_IsHalted()
T30E0 121:439.552 - 2.347ms returns FALSE
T30E0 121:439.632 JLINK_IsHalted()
T30E0 121:441.712 - 2.093ms returns FALSE
T30E0 121:546.408 JLINK_IsHalted()
T30E0 121:548.376 - 1.971ms returns FALSE
T30E0 121:548.456 JLINK_IsHalted()
T30E0 121:550.568 - 2.102ms returns FALSE
T30E0 121:656.176 JLINK_IsHalted()
T30E0 121:658.112 - 1.927ms returns FALSE
T30E0 121:658.192 JLINK_IsHalted()
T30E0 121:660.336 - 2.151ms returns FALSE
T30E0 121:765.336 JLINK_IsHalted()
T30E0 121:767.680 - 2.337ms returns FALSE
T30E0 121:767.760 JLINK_IsHalted()
T30E0 121:769.872 - 2.112ms returns FALSE
T6384 121:775.664 JLINK_IsHalted()
T6384 121:776.384 - 0.709ms returns FALSE
T6384 121:776.424 JLINK_IsHalted()
T6384 121:778.520 - 2.092ms returns FALSE
T30E0 121:874.600 JLINK_IsHalted()
T30E0 121:876.784 - 2.193ms returns FALSE
T30E0 121:876.880 JLINK_IsHalted()
T30E0 121:878.976 - 2.103ms returns FALSE
T30E0 121:984.432 JLINK_IsHalted()
T30E0 121:986.368 - 1.932ms returns FALSE
T30E0 121:986.432 JLINK_IsHalted()
T30E0 121:988.568 - 2.136ms returns FALSE
T30E0 122:093.080 JLINK_IsHalted()
T30E0 122:095.408 - 2.319ms returns FALSE
T30E0 122:095.472 JLINK_IsHalted()
T30E0 122:097.680 - 2.206ms returns FALSE
T30E0 122:202.512 JLINK_IsHalted()
T30E0 122:204.928 - 2.416ms returns FALSE
T30E0 122:204.992 JLINK_IsHalted()
T30E0 122:206.976 - 1.976ms returns FALSE
T30E0 122:312.552 JLINK_IsHalted()
T30E0 122:314.544 - 1.992ms returns FALSE
T30E0 122:314.608 JLINK_IsHalted()
T30E0 122:316.760 - 2.146ms returns FALSE
T30E0 122:421.400 JLINK_IsHalted()
T30E0 122:423.424 - 2.015ms returns FALSE
T30E0 122:423.488 JLINK_IsHalted()
T30E0 122:425.536 - 2.045ms returns FALSE
T30E0 122:530.480 JLINK_IsHalted()
T30E0 122:532.136 - 1.646ms returns FALSE
T30E0 122:532.208 JLINK_IsHalted()
T30E0 122:534.376 - 2.156ms returns FALSE
T30E0 122:639.744 JLINK_IsHalted()
T30E0 122:641.816 - 2.077ms returns FALSE
T30E0 122:641.872 JLINK_IsHalted()
T30E0 122:644.032 - 2.167ms returns FALSE
T30E0 122:749.168 JLINK_IsHalted()
T30E0 122:751.512 - 2.354ms returns FALSE
T30E0 122:751.576 JLINK_IsHalted()
T30E0 122:753.744 - 2.171ms returns FALSE
T6384 122:779.880 JLINK_IsHalted()
T6384 122:780.648 - 0.766ms returns FALSE
T6384 122:780.736 JLINK_IsHalted()
T6384 122:781.864 - 1.128ms returns FALSE
T30E0 122:859.248 JLINK_IsHalted()
T30E0 122:860.904 - 1.643ms returns FALSE
T30E0 122:860.992 JLINK_IsHalted()
T30E0 122:863.040 - 2.051ms returns FALSE
T30E0 122:968.320 JLINK_IsHalted()
T30E0 122:970.536 - 2.206ms returns FALSE
T30E0 122:970.608 JLINK_IsHalted()
T30E0 122:972.736 - 2.120ms returns FALSE
T30E0 123:077.400 JLINK_IsHalted()
T30E0 123:078.312 - 0.910ms returns FALSE
T30E0 123:078.384 JLINK_IsHalted()
T30E0 123:080.424 - 2.034ms returns FALSE
T30E0 123:187.280 JLINK_IsHalted()
T30E0 123:188.800 - 1.514ms returns FALSE
T30E0 123:188.864 JLINK_IsHalted()
T30E0 123:191.056 - 2.178ms returns FALSE
T30E0 123:296.664 JLINK_IsHalted()
T30E0 123:298.664 - 1.997ms returns FALSE
T30E0 123:298.752 JLINK_IsHalted()
T30E0 123:300.816 - 2.060ms returns FALSE
T30E0 123:406.192 JLINK_IsHalted()
T30E0 123:408.368 - 2.177ms returns FALSE
T30E0 123:408.432 JLINK_IsHalted()
T30E0 123:410.576 - 2.133ms returns FALSE
T30E0 123:515.088 JLINK_IsHalted()
T30E0 123:517.504 - 2.418ms returns FALSE
T30E0 123:517.584 JLINK_IsHalted()
T30E0 123:519.680 - 2.091ms returns FALSE
T30E0 123:624.336 JLINK_IsHalted()
T30E0 123:626.280 - 1.943ms returns FALSE
T30E0 123:626.328 JLINK_IsHalted()
T30E0 123:628.480 - 2.150ms returns FALSE
T30E0 123:734.056 JLINK_IsHalted()
T30E0 123:736.176 - 2.119ms returns FALSE
T30E0 123:736.256 JLINK_IsHalted()
T30E0 123:738.304 - 2.056ms returns FALSE
T6384 123:782.384 JLINK_IsHalted()
T6384 123:783.568 - 1.178ms returns FALSE
T6384 123:783.632 JLINK_IsHalted()
T6384 123:784.664 - 1.036ms returns FALSE
T30E0 123:843.568 JLINK_IsHalted()
T30E0 123:845.488 - 1.929ms returns FALSE
T30E0 123:845.552 JLINK_IsHalted()
T30E0 123:847.696 - 2.131ms returns FALSE
T30E0 123:952.432 JLINK_IsHalted()
T30E0 123:954.240 - 1.811ms returns FALSE
T30E0 123:954.304 JLINK_IsHalted()
T30E0 123:956.440 - 2.134ms returns FALSE
T30E0 124:062.384 JLINK_IsHalted()
T30E0 124:063.952 - 1.558ms returns FALSE
T30E0 124:064.024 JLINK_IsHalted()
T30E0 124:066.240 - 2.208ms returns FALSE
T30E0 124:171.688 JLINK_IsHalted()
T30E0 124:173.488 - 1.809ms returns FALSE
T30E0 124:173.568 JLINK_IsHalted()
T30E0 124:175.680 - 2.111ms returns FALSE
T30E0 124:280.432 JLINK_IsHalted()
T30E0 124:282.584 - 2.153ms returns FALSE
T30E0 124:282.664 JLINK_IsHalted()
T30E0 124:284.784 - 2.129ms returns FALSE
T30E0 124:390.544 JLINK_IsHalted()
T30E0 124:392.496 - 1.952ms returns FALSE
T30E0 124:392.576 JLINK_IsHalted()
T30E0 124:394.712 - 2.140ms returns FALSE
T30E0 124:499.304 JLINK_IsHalted()
T30E0 124:501.232 - 1.933ms returns FALSE
T30E0 124:501.288 JLINK_IsHalted()
T30E0 124:503.504 - 2.211ms returns FALSE
T30E0 124:609.432 JLINK_IsHalted()
T30E0 124:611.032 - 1.601ms returns FALSE
T30E0 124:611.136 JLINK_IsHalted()
T30E0 124:613.336 - 2.200ms returns FALSE
T30E0 124:718.184 JLINK_IsHalted()
T30E0 124:719.808 - 1.626ms returns FALSE
T30E0 124:719.888 JLINK_IsHalted()
T30E0 124:721.984 - 2.092ms returns FALSE
T6384 124:785.176 JLINK_IsHalted()
T6384 124:786.448 - 1.270ms returns FALSE
T6384 124:786.536 JLINK_IsHalted()
T6384 124:787.536 - 0.999ms returns FALSE
T30E0 124:828.032 JLINK_IsHalted()
T30E0 124:830.056 - 2.030ms returns FALSE
T30E0 124:830.192 JLINK_IsHalted()
T30E0 124:832.304 - 2.102ms returns FALSE
T30E0 124:936.960 JLINK_IsHalted()
T30E0 124:938.624 - 1.664ms returns FALSE
T30E0 124:938.688 JLINK_IsHalted()
T30E0 124:940.824 - 2.136ms returns FALSE
T30E0 125:046.640 JLINK_IsHalted()
T30E0 125:048.576 - 1.937ms returns FALSE
T30E0 125:048.680 JLINK_IsHalted()
T30E0 125:050.752 - 2.076ms returns FALSE
T30E0 125:156.144 JLINK_IsHalted()
T30E0 125:157.968 - 1.811ms returns FALSE
T30E0 125:158.032 JLINK_IsHalted()
T30E0 125:160.280 - 2.255ms returns FALSE
T30E0 125:265.104 JLINK_IsHalted()
T30E0 125:267.008 - 1.916ms returns FALSE
T30E0 125:267.088 JLINK_IsHalted()
T30E0 125:269.272 - 2.197ms returns FALSE
T30E0 125:374.296 JLINK_IsHalted()
T30E0 125:375.824 - 1.523ms returns FALSE
T30E0 125:375.920 JLINK_IsHalted()
T30E0 125:378.000 - 2.070ms returns FALSE
T30E0 125:484.304 JLINK_IsHalted()
T30E0 125:486.480 - 2.181ms returns FALSE
T30E0 125:486.552 JLINK_IsHalted()
T30E0 125:488.680 - 2.122ms returns FALSE
T30E0 125:593.000 JLINK_IsHalted()
T30E0 125:595.240 - 2.244ms returns FALSE
T30E0 125:595.328 JLINK_IsHalted()
T30E0 125:597.480 - 2.143ms returns FALSE
T30E0 125:702.960 JLINK_IsHalted()
T30E0 125:705.008 - 2.051ms returns FALSE
T30E0 125:705.104 JLINK_IsHalted()
T30E0 125:707.224 - 2.122ms returns FALSE
T6384 125:787.520 JLINK_IsHalted()
T6384 125:788.144 - 0.621ms returns FALSE
T6384 125:788.224 JLINK_IsHalted()
T6384 125:789.288 - 1.064ms returns FALSE
T30E0 125:811.736 JLINK_IsHalted()
T30E0 125:813.440 - 1.690ms returns FALSE
T30E0 125:813.520 JLINK_IsHalted()
T30E0 125:815.632 - 2.113ms returns FALSE
T30E0 125:921.936 JLINK_IsHalted()
T30E0 125:924.120 - 2.191ms returns FALSE
T30E0 125:924.200 JLINK_IsHalted()
T30E0 125:926.360 - 2.160ms returns FALSE
T30E0 126:030.784 JLINK_IsHalted()
T30E0 126:032.872 - 2.082ms returns FALSE
T30E0 126:032.960 JLINK_IsHalted()
T30E0 126:035.200 - 2.230ms returns FALSE
T30E0 126:140.120 JLINK_IsHalted()
T30E0 126:142.448 - 2.326ms returns FALSE
T30E0 126:142.512 JLINK_IsHalted()
T30E0 126:144.640 - 2.125ms returns FALSE
T30E0 126:249.240 JLINK_IsHalted()
T30E0 126:250.328 - 1.090ms returns FALSE
T30E0 126:250.408 JLINK_IsHalted()
T30E0 126:252.456 - 2.039ms returns FALSE
T30E0 126:358.528 JLINK_IsHalted()
T30E0 126:360.432 - 1.902ms returns FALSE
T30E0 126:360.512 JLINK_IsHalted()
T30E0 126:362.640 - 2.131ms returns FALSE
T30E0 126:468.328 JLINK_IsHalted()
T30E0 126:470.376 - 2.045ms returns FALSE
T30E0 126:470.448 JLINK_IsHalted()
T30E0 126:472.600 - 2.155ms returns FALSE
T30E0 126:577.424 JLINK_IsHalted()
T30E0 126:578.992 - 1.571ms returns FALSE
T30E0 126:579.088 JLINK_IsHalted()
T30E0 126:581.224 - 2.137ms returns FALSE
T30E0 126:687.616 JLINK_IsHalted()
T30E0 126:689.792 - 2.181ms returns FALSE
T30E0 126:689.896 JLINK_IsHalted()
T30E0 126:691.984 - 2.087ms returns FALSE
T6384 126:789.800 JLINK_IsHalted()
T6384 126:790.312 - 0.508ms returns FALSE
T6384 126:790.360 JLINK_IsHalted()
T6384 126:791.384 - 1.032ms returns FALSE
T30E0 126:796.608 JLINK_IsHalted()
T30E0 126:798.248 - 1.636ms returns FALSE
T30E0 126:798.296 JLINK_IsHalted()
T30E0 126:800.472 - 2.180ms returns FALSE
T30E0 126:906.136 JLINK_IsHalted()
T30E0 126:907.984 - 1.848ms returns FALSE
T30E0 126:908.048 JLINK_IsHalted()
T30E0 126:910.128 - 2.080ms returns FALSE
T30E0 127:014.952 JLINK_IsHalted()
T30E0 127:016.752 - 1.802ms returns FALSE
T30E0 127:016.816 JLINK_IsHalted()
T30E0 127:018.968 - 2.149ms returns FALSE
T30E0 127:125.144 JLINK_IsHalted()
T30E0 127:126.912 - 1.767ms returns FALSE
T30E0 127:126.976 JLINK_IsHalted()
T30E0 127:129.088 - 2.114ms returns FALSE
T30E0 127:233.520 JLINK_IsHalted()
T30E0 127:235.624 - 2.100ms returns FALSE
T30E0 127:235.688 JLINK_IsHalted()
T30E0 127:237.680 - 1.986ms returns FALSE
T30E0 127:343.768 JLINK_IsHalted()
T30E0 127:345.872 - 2.105ms returns FALSE
T30E0 127:345.960 JLINK_IsHalted()
T30E0 127:348.080 - 2.123ms returns FALSE
T30E0 127:452.632 JLINK_IsHalted()
T30E0 127:454.832 - 2.196ms returns FALSE
T30E0 127:454.912 JLINK_IsHalted()
T30E0 127:457.008 - 2.101ms returns FALSE
T30E0 127:561.712 JLINK_IsHalted()
T30E0 127:563.568 - 1.855ms returns FALSE
T30E0 127:563.648 JLINK_IsHalted()
T30E0 127:565.824 - 2.183ms returns FALSE
T30E0 127:671.152 JLINK_IsHalted()
T30E0 127:673.304 - 2.145ms returns FALSE
T30E0 127:673.368 JLINK_IsHalted()
T30E0 127:675.472 - 2.100ms returns FALSE
T30E0 127:781.136 JLINK_IsHalted()
T30E0 127:782.064 - 0.922ms returns FALSE
T30E0 127:782.128 JLINK_IsHalted()
T30E0 127:784.240 - 2.113ms returns FALSE
T6384 127:791.400 JLINK_IsHalted()
T6384 127:791.976 - 0.573ms returns FALSE
T6384 127:792.024 JLINK_IsHalted()
T6384 127:793.088 - 1.068ms returns FALSE
T30E0 127:890.304 JLINK_IsHalted()
T30E0 127:892.336 - 2.041ms returns FALSE
T30E0 127:892.400 JLINK_IsHalted()
T30E0 127:894.552 - 2.160ms returns FALSE
T30E0 127:999.256 JLINK_IsHalted()
T30E0 128:001.256 - 1.998ms returns FALSE
T30E0 128:001.328 JLINK_IsHalted()
T30E0 128:003.472 - 2.145ms returns FALSE
T30E0 128:109.440 JLINK_IsHalted()
T30E0 128:111.088 - 1.653ms returns FALSE
T30E0 128:111.168 JLINK_IsHalted()
T30E0 128:113.320 - 2.144ms returns FALSE
T30E0 128:218.064 JLINK_IsHalted()
T30E0 128:220.376 - 2.322ms returns FALSE
T30E0 128:220.456 JLINK_IsHalted()
T30E0 128:222.696 - 2.240ms returns FALSE
T30E0 128:327.248 JLINK_IsHalted()
T30E0 128:328.720 - 1.466ms returns FALSE
T30E0 128:328.784 JLINK_IsHalted()
T30E0 128:330.992 - 2.223ms returns FALSE
T30E0 128:436.824 JLINK_IsHalted()
T30E0 128:438.400 - 1.573ms returns FALSE
T30E0 128:438.480 JLINK_IsHalted()
T30E0 128:440.656 - 2.176ms returns FALSE
T30E0 128:546.160 JLINK_IsHalted()
T30E0 128:548.336 - 2.174ms returns FALSE
T30E0 128:548.432 JLINK_IsHalted()
T30E0 128:550.448 - 2.026ms returns FALSE
T30E0 128:655.568 JLINK_IsHalted()
T30E0 128:656.808 - 1.237ms returns FALSE
T30E0 128:656.880 JLINK_IsHalted()
T30E0 128:658.944 - 2.064ms returns FALSE
T30E0 128:765.656 JLINK_IsHalted()
T30E0 128:767.808 - 2.144ms returns FALSE
T30E0 128:767.856 JLINK_IsHalted()
T30E0 128:770.064 - 2.198ms returns FALSE
T6384 128:793.896 JLINK_IsHalted()
T6384 128:794.984 - 1.085ms returns FALSE
T6384 128:795.048 JLINK_IsHalted()
T6384 128:796.080 - 1.035ms returns FALSE
T30E0 128:874.600 JLINK_IsHalted()
T30E0 128:875.800 - 1.197ms returns FALSE
T30E0 128:875.888 JLINK_IsHalted()
T30E0 128:877.912 - 2.022ms returns FALSE
T30E0 128:983.952 JLINK_IsHalted()
T30E0 128:985.624 - 1.678ms returns FALSE
T30E0 128:985.712 JLINK_IsHalted()
T30E0 128:987.800 - 2.094ms returns FALSE
T30E0 129:093.032 JLINK_IsHalted()
T30E0 129:094.632 - 1.599ms returns FALSE
T30E0 129:094.704 JLINK_IsHalted()
T30E0 129:096.792 - 2.084ms returns FALSE
T30E0 129:202.688 JLINK_IsHalted()
T30E0 129:204.776 - 2.095ms returns FALSE
T30E0 129:204.840 JLINK_IsHalted()
T30E0 129:207.000 - 2.162ms returns FALSE
T30E0 129:312.464 JLINK_IsHalted()
T30E0 129:315.280 - 2.806ms returns FALSE
T30E0 129:315.376 JLINK_IsHalted()
T30E0 129:317.544 - 2.162ms returns FALSE
T30E0 129:421.136 JLINK_IsHalted()
T30E0 129:422.824 - 1.693ms returns FALSE
T30E0 129:422.888 JLINK_IsHalted()
T30E0 129:425.024 - 2.132ms returns FALSE
T30E0 129:530.856 JLINK_IsHalted()
T30E0 129:533.808 - 2.959ms returns FALSE
T30E0 129:533.904 JLINK_IsHalted()
T30E0 129:534.872 - 0.975ms returns FALSE
T30E0 129:640.088 JLINK_IsHalted()
T30E0 129:642.368 - 2.279ms returns FALSE
T30E0 129:642.448 JLINK_IsHalted()
T30E0 129:644.568 - 2.117ms returns FALSE
T30E0 129:749.784 JLINK_IsHalted()
T30E0 129:752.272 - 2.487ms returns FALSE
T30E0 129:752.344 JLINK_IsHalted()
T30E0 129:754.352 - 2.004ms returns FALSE
T6384 129:796.824 JLINK_IsHalted()
T6384 129:797.776 - 0.946ms returns FALSE
T6384 129:797.840 JLINK_IsHalted()
T6384 129:798.888 - 1.043ms returns FALSE
T30E0 129:858.672 JLINK_IsHalted()
T30E0 129:860.584 - 1.905ms returns FALSE
T30E0 129:860.672 JLINK_IsHalted()
T30E0 129:862.744 - 2.080ms returns FALSE
T30E0 129:968.808 JLINK_IsHalted()
T30E0 129:971.176 - 2.371ms returns FALSE
T30E0 129:971.264 JLINK_IsHalted()
T30E0 129:973.352 - 2.092ms returns FALSE
T30E0 130:078.168 JLINK_IsHalted()
T30E0 130:080.064 - 1.896ms returns FALSE
T30E0 130:080.112 JLINK_IsHalted()
T30E0 130:082.344 - 2.220ms returns FALSE
T30E0 130:186.624 JLINK_IsHalted()
T30E0 130:188.080 - 1.457ms returns FALSE
T30E0 130:188.136 JLINK_IsHalted()
T30E0 130:190.376 - 2.240ms returns FALSE
T30E0 130:296.128 JLINK_IsHalted()
T30E0 130:298.096 - 1.973ms returns FALSE
T30E0 130:298.176 JLINK_IsHalted()
T30E0 130:300.264 - 2.086ms returns FALSE
T30E0 130:405.872 JLINK_IsHalted()
T30E0 130:407.472 - 1.597ms returns FALSE
T30E0 130:407.552 JLINK_IsHalted()
T30E0 130:409.648 - 2.098ms returns FALSE
T30E0 130:515.304 JLINK_IsHalted()
T30E0 130:517.528 - 2.222ms returns FALSE
T30E0 130:517.656 JLINK_IsHalted()
T30E0 130:519.680 - 2.027ms returns FALSE
T30E0 130:624.704 JLINK_IsHalted()
T30E0 130:627.176 - 2.463ms returns FALSE
T30E0 130:627.280 JLINK_IsHalted()
T30E0 130:629.336 - 2.066ms returns FALSE
T30E0 130:733.888 JLINK_IsHalted()
T30E0 130:736.128 - 2.237ms returns FALSE
T30E0 130:736.280 JLINK_IsHalted()
T30E0 130:738.344 - 2.052ms returns FALSE
T6384 130:799.144 JLINK_IsHalted()
T6384 130:800.152 - 1.016ms returns FALSE
T6384 130:800.232 JLINK_IsHalted()
T6384 130:801.232 - 1.002ms returns FALSE
T30E0 130:843.864 JLINK_IsHalted()
T30E0 130:845.616 - 1.754ms returns FALSE
T30E0 130:845.696 JLINK_IsHalted()
T30E0 130:847.760 - 2.070ms returns FALSE
T30E0 130:953.240 JLINK_IsHalted()
T30E0 130:955.432 - 2.187ms returns FALSE
T30E0 130:955.520 JLINK_IsHalted()
T30E0 130:957.776 - 2.257ms returns FALSE
T30E0 131:062.080 JLINK_IsHalted()
T30E0 131:064.152 - 2.068ms returns FALSE
T30E0 131:064.216 JLINK_IsHalted()
T30E0 131:066.344 - 2.116ms returns FALSE
T30E0 131:171.032 JLINK_IsHalted()
T30E0 131:173.376 - 2.338ms returns FALSE
T30E0 131:173.480 JLINK_IsHalted()
T30E0 131:175.568 - 2.093ms returns FALSE
T30E0 131:281.368 JLINK_IsHalted()
T30E0 131:283.376 - 2.020ms returns FALSE
T30E0 131:283.472 JLINK_IsHalted()
T30E0 131:285.544 - 2.071ms returns FALSE
T30E0 131:390.528 JLINK_IsHalted()
T30E0 131:392.424 - 1.889ms returns FALSE
T30E0 131:392.488 JLINK_IsHalted()
T30E0 131:394.560 - 2.071ms returns FALSE
T30E0 131:499.544 JLINK_IsHalted()
T30E0 131:501.360 - 1.814ms returns FALSE
T30E0 131:501.440 JLINK_IsHalted()
T30E0 131:503.568 - 2.128ms returns FALSE
T30E0 131:609.240 JLINK_IsHalted()
T30E0 131:611.264 - 2.014ms returns FALSE
T30E0 131:611.328 JLINK_IsHalted()
T30E0 131:613.440 - 2.122ms returns FALSE
T30E0 131:717.952 JLINK_IsHalted()
T30E0 131:720.256 - 2.302ms returns FALSE
T30E0 131:720.344 JLINK_IsHalted()
T30E0 131:722.432 - 2.083ms returns FALSE
T6384 131:801.216 JLINK_IsHalted()
T6384 131:802.456 - 1.232ms returns FALSE
T6384 131:802.544 JLINK_IsHalted()
T6384 131:803.664 - 1.120ms returns FALSE
T30E0 131:828.112 JLINK_IsHalted()
T30E0 131:829.360 - 1.244ms returns FALSE
T30E0 131:829.456 JLINK_IsHalted()
T30E0 131:831.448 - 1.992ms returns FALSE
T30E0 131:937.192 JLINK_IsHalted()
T30E0 131:939.440 - 2.260ms returns FALSE
T30E0 131:939.520 JLINK_IsHalted()
T30E0 131:941.648 - 2.116ms returns FALSE
T30E0 132:046.400 JLINK_IsHalted()
T30E0 132:048.368 - 1.981ms returns FALSE
T30E0 132:048.448 JLINK_IsHalted()
T30E0 132:050.560 - 2.104ms returns FALSE
T30E0 132:155.416 JLINK_IsHalted()
T30E0 132:157.520 - 2.097ms returns FALSE
T30E0 132:157.552 JLINK_IsHalted()
T30E0 132:159.760 - 2.196ms returns FALSE
T30E0 132:265.008 JLINK_IsHalted()
T30E0 132:266.496 - 1.490ms returns FALSE
T30E0 132:266.576 JLINK_IsHalted()
T30E0 132:268.672 - 2.096ms returns FALSE
T30E0 132:374.672 JLINK_IsHalted()
T30E0 132:376.400 - 1.724ms returns FALSE
T30E0 132:376.464 JLINK_IsHalted()
T30E0 132:378.600 - 2.136ms returns FALSE
T30E0 132:484.328 JLINK_IsHalted()
T30E0 132:486.680 - 2.348ms returns FALSE
T30E0 132:486.760 JLINK_IsHalted()
T30E0 132:488.848 - 2.084ms returns FALSE
T30E0 132:593.496 JLINK_IsHalted()
T30E0 132:595.440 - 1.948ms returns FALSE
T30E0 132:595.496 JLINK_IsHalted()
T30E0 132:597.648 - 2.146ms returns FALSE
T30E0 132:703.040 JLINK_IsHalted()
T30E0 132:705.240 - 2.197ms returns FALSE
T30E0 132:705.328 JLINK_IsHalted()
T30E0 132:707.472 - 2.140ms returns FALSE
T6384 132:803.584 JLINK_IsHalted()
T6384 132:804.864 - 1.268ms returns FALSE
T6384 132:804.944 JLINK_IsHalted()
T6384 132:806.056 - 1.116ms returns FALSE
T30E0 132:812.400 JLINK_IsHalted()
T30E0 132:813.400 - 1.000ms returns FALSE
T30E0 132:813.488 JLINK_IsHalted()
T30E0 132:815.528 - 2.038ms returns FALSE
T30E0 132:921.960 JLINK_IsHalted()
T30E0 132:923.096 - 1.140ms returns FALSE
T30E0 132:923.160 JLINK_IsHalted()
T30E0 132:925.224 - 2.071ms returns FALSE
T30E0 133:031.280 JLINK_IsHalted()
T30E0 133:033.128 - 1.849ms returns FALSE
T30E0 133:033.200 JLINK_IsHalted()
T30E0 133:035.344 - 2.140ms returns FALSE
T30E0 133:139.904 JLINK_IsHalted()
T30E0 133:142.384 - 2.478ms returns FALSE
T30E0 133:142.448 JLINK_IsHalted()
T30E0 133:144.528 - 2.078ms returns FALSE
T30E0 133:249.296 JLINK_IsHalted()
T30E0 133:251.032 - 1.738ms returns FALSE
T30E0 133:251.096 JLINK_IsHalted()
T30E0 133:253.264 - 2.158ms returns FALSE
T30E0 133:358.912 JLINK_IsHalted()
T30E0 133:360.784 - 1.863ms returns FALSE
T30E0 133:360.848 JLINK_IsHalted()
T30E0 133:362.968 - 2.121ms returns FALSE
T30E0 133:468.392 JLINK_IsHalted()
T30E0 133:470.824 - 2.430ms returns FALSE
T30E0 133:470.896 JLINK_IsHalted()
T30E0 133:472.912 - 2.014ms returns FALSE
T30E0 133:577.280 JLINK_IsHalted()
T30E0 133:578.792 - 1.513ms returns FALSE
T30E0 133:578.840 JLINK_IsHalted()
T30E0 133:581.016 - 2.178ms returns FALSE
T30E0 133:687.336 JLINK_IsHalted()
T30E0 133:689.424 - 2.083ms returns FALSE
T30E0 133:689.496 JLINK_IsHalted()
T30E0 133:691.600 - 2.110ms returns FALSE
T30E0 133:796.416 JLINK_IsHalted()
T30E0 133:798.360 - 1.947ms returns FALSE
T30E0 133:798.424 JLINK_IsHalted()
T30E0 133:800.560 - 2.140ms returns FALSE
T6384 133:806.016 JLINK_IsHalted()
T6384 133:807.248 - 1.232ms returns FALSE
T6384 133:807.312 JLINK_IsHalted()
T6384 133:808.336 - 1.027ms returns FALSE
T30E0 133:906.368 JLINK_IsHalted()
T30E0 133:908.480 - 2.116ms returns FALSE
T30E0 133:908.528 JLINK_IsHalted()
T30E0 133:910.672 - 2.136ms returns FALSE
T30E0 134:014.824 JLINK_IsHalted()
T30E0 134:016.448 - 1.623ms returns FALSE
T30E0 134:016.528 JLINK_IsHalted()
T30E0 134:018.640 - 2.107ms returns FALSE
T30E0 134:124.736 JLINK_IsHalted()
T30E0 134:126.336 - 1.599ms returns FALSE
T30E0 134:126.416 JLINK_IsHalted()
T30E0 134:128.552 - 2.135ms returns FALSE
T30E0 134:234.464 JLINK_IsHalted()
T30E0 134:236.496 - 2.022ms returns FALSE
T30E0 134:236.576 JLINK_IsHalted()
T30E0 134:238.656 - 2.092ms returns FALSE
T30E0 134:343.088 JLINK_IsHalted()
T30E0 134:345.312 - 2.225ms returns FALSE
T30E0 134:345.376 JLINK_IsHalted()
T30E0 134:347.440 - 2.062ms returns FALSE
T30E0 134:452.336 JLINK_IsHalted()
T30E0 134:454.096 - 1.750ms returns FALSE
T30E0 134:454.176 JLINK_IsHalted()
T30E0 134:456.352 - 2.181ms returns FALSE
T30E0 134:562.144 JLINK_IsHalted()
T30E0 134:564.448 - 2.315ms returns FALSE
T30E0 134:564.512 JLINK_IsHalted()
T30E0 134:566.464 - 1.956ms returns FALSE
T30E0 134:671.264 JLINK_IsHalted()
T30E0 134:673.216 - 1.937ms returns FALSE
T30E0 134:673.280 JLINK_IsHalted()
T30E0 134:675.360 - 2.084ms returns FALSE
T30E0 134:781.216 JLINK_IsHalted()
T30E0 134:782.960 - 1.739ms returns FALSE
T30E0 134:783.024 JLINK_IsHalted()
T30E0 134:785.248 - 2.221ms returns FALSE
T6384 134:808.432 JLINK_IsHalted()
T6384 134:809.360 - 0.915ms returns FALSE
T6384 134:809.440 JLINK_IsHalted()
T6384 134:811.360 - 1.907ms returns FALSE
T30E0 134:889.872 JLINK_IsHalted()
T30E0 134:891.264 - 1.386ms returns FALSE
T30E0 134:891.328 JLINK_IsHalted()
T30E0 134:893.536 - 2.215ms returns FALSE
T30E0 134:999.968 JLINK_IsHalted()
T30E0 135:000.864 - 0.885ms returns FALSE
T30E0 135:000.928 JLINK_IsHalted()
T30E0 135:002.976 - 2.032ms returns FALSE
T30E0 135:108.960 JLINK_IsHalted()
T30E0 135:110.832 - 1.866ms returns FALSE
T30E0 135:110.896 JLINK_IsHalted()
T30E0 135:113.056 - 2.162ms returns FALSE
T30E0 135:218.240 JLINK_IsHalted()
T30E0 135:220.320 - 2.063ms returns FALSE
T30E0 135:220.416 JLINK_IsHalted()
T30E0 135:222.432 - 2.021ms returns FALSE
T30E0 135:327.904 JLINK_IsHalted()
T30E0 135:330.096 - 2.193ms returns FALSE
T30E0 135:330.208 JLINK_IsHalted()
T30E0 135:332.256 - 2.055ms returns FALSE
T30E0 135:437.200 JLINK_IsHalted()
T30E0 135:439.328 - 2.128ms returns FALSE
T30E0 135:439.392 JLINK_IsHalted()
T30E0 135:441.536 - 2.142ms returns FALSE
T30E0 135:546.896 JLINK_IsHalted()
T30E0 135:549.296 - 2.401ms returns FALSE
T30E0 135:549.376 JLINK_IsHalted()
T30E0 135:551.472 - 2.103ms returns FALSE
T30E0 135:655.600 JLINK_IsHalted()
T30E0 135:657.536 - 1.929ms returns FALSE
T30E0 135:657.632 JLINK_IsHalted()
T30E0 135:659.616 - 1.984ms returns FALSE
T30E0 135:765.648 JLINK_IsHalted()
T30E0 135:767.392 - 1.753ms returns FALSE
T30E0 135:767.456 JLINK_IsHalted()
T30E0 135:769.584 - 2.116ms returns FALSE
T6384 135:811.552 JLINK_IsHalted()
T6384 135:821.184 - 9.643ms returns FALSE
T6384 135:821.280 JLINK_IsHalted()
T6384 135:823.440 - 2.148ms returns FALSE
T30E0 135:874.928 JLINK_IsHalted()
T30E0 135:919.072 - 44.147ms returns FALSE
T30E0 135:919.184 JLINK_IsHalted()
T30E0 135:919.584 - 0.403ms returns FALSE
T30E0 136:015.424 JLINK_IsHalted()
T30E0 136:017.248 - 1.831ms returns FALSE
T30E0 136:017.360 JLINK_IsHalted()
T30E0 136:019.520 - 2.160ms returns FALSE
T30E0 136:125.008 JLINK_IsHalted()
T30E0 136:127.296 - 2.289ms returns FALSE
T30E0 136:127.360 JLINK_IsHalted()
T30E0 136:129.520 - 2.160ms returns FALSE
T30E0 136:233.632 JLINK_IsHalted()
T30E0 136:236.064 - 2.423ms returns FALSE
T30E0 136:236.128 JLINK_IsHalted()
T30E0 136:238.240 - 2.117ms returns FALSE
T30E0 136:343.408 JLINK_IsHalted()
T30E0 136:344.864 - 1.434ms returns FALSE
T30E0 136:344.928 JLINK_IsHalted()
T30E0 136:347.104 - 2.181ms returns FALSE
T30E0 136:452.352 JLINK_IsHalted()
T30E0 136:454.400 - 2.047ms returns FALSE
T30E0 136:454.464 JLINK_IsHalted()
T30E0 136:456.624 - 2.167ms returns FALSE
T30E0 136:562.032 JLINK_IsHalted()
T30E0 136:564.256 - 2.234ms returns FALSE
T30E0 136:564.336 JLINK_IsHalted()
T30E0 136:566.464 - 2.123ms returns FALSE
T30E0 136:671.200 JLINK_IsHalted()
T30E0 136:673.520 - 2.327ms returns FALSE
T30E0 136:673.600 JLINK_IsHalted()
T30E0 136:675.792 - 2.184ms returns FALSE
T30E0 136:781.152 JLINK_IsHalted()
T30E0 136:782.560 - 1.406ms returns FALSE
T30E0 136:782.640 JLINK_IsHalted()
T30E0 136:784.864 - 2.205ms returns FALSE
T6384 136:823.968 JLINK_IsHalted()
T6384 136:825.264 - 1.289ms returns FALSE
T6384 136:825.344 JLINK_IsHalted()
T6384 136:826.384 - 1.034ms returns FALSE
T30E0 136:890.176 JLINK_IsHalted()
T30E0 136:892.368 - 2.192ms returns FALSE
T30E0 136:892.448 JLINK_IsHalted()
T30E0 136:894.640 - 2.209ms returns FALSE
T30E0 136:999.264 JLINK_IsHalted()
T30E0 137:001.504 - 2.227ms returns FALSE
T30E0 137:001.568 JLINK_IsHalted()
T30E0 137:003.632 - 2.064ms returns FALSE
T30E0 137:108.560 JLINK_IsHalted()
T30E0 137:110.304 - 1.748ms returns FALSE
T30E0 137:110.368 JLINK_IsHalted()
T30E0 137:112.496 - 2.128ms returns FALSE
T30E0 137:218.256 JLINK_IsHalted()
T30E0 137:220.176 - 1.919ms returns FALSE
T30E0 137:220.256 JLINK_IsHalted()
T30E0 137:222.272 - 2.029ms returns FALSE
T30E0 137:328.096 JLINK_IsHalted()
T30E0 137:330.000 - 1.909ms returns FALSE
T30E0 137:330.080 JLINK_IsHalted()
T30E0 137:332.304 - 2.213ms returns FALSE
T30E0 137:436.896 JLINK_IsHalted()
T30E0 137:439.264 - 2.360ms returns FALSE
T30E0 137:439.328 JLINK_IsHalted()
T30E0 137:441.504 - 2.165ms returns FALSE
T30E0 137:546.144 JLINK_IsHalted()
T30E0 137:547.264 - 1.119ms returns FALSE
T30E0 137:547.344 JLINK_IsHalted()
T30E0 137:549.376 - 2.028ms returns FALSE
T30E0 137:656.000 JLINK_IsHalted()
T30E0 137:658.400 - 2.393ms returns FALSE
T30E0 137:658.464 JLINK_IsHalted()
T30E0 137:660.592 - 2.134ms returns FALSE
T30E0 137:765.552 JLINK_IsHalted()
T30E0 137:767.680 - 2.132ms returns FALSE
T30E0 137:767.760 JLINK_IsHalted()
T30E0 137:769.888 - 2.137ms returns FALSE
T6384 137:826.384 JLINK_IsHalted()
T6384 137:827.296 - 0.891ms returns FALSE
T6384 137:827.376 JLINK_IsHalted()
T6384 137:828.416 - 1.033ms returns FALSE
T30E0 137:875.168 JLINK_IsHalted()
T30E0 137:877.568 - 2.395ms returns FALSE
T30E0 137:877.632 JLINK_IsHalted()
T30E0 137:879.792 - 2.163ms returns FALSE
T30E0 137:983.568 JLINK_IsHalted()
T30E0 137:985.696 - 2.131ms returns FALSE
T30E0 137:985.744 JLINK_IsHalted()
T30E0 137:987.936 - 2.192ms returns FALSE
T30E0 138:093.504 JLINK_IsHalted()
T30E0 138:095.600 - 2.101ms returns FALSE
T30E0 138:095.680 JLINK_IsHalted()
T30E0 138:097.840 - 2.163ms returns FALSE
T30E0 138:203.184 JLINK_IsHalted()
T30E0 138:205.120 - 1.932ms returns FALSE
T30E0 138:205.200 JLINK_IsHalted()
T30E0 138:207.376 - 2.173ms returns FALSE
T30E0 138:312.016 JLINK_IsHalted()
T30E0 138:312.944 - 0.940ms returns FALSE
T30E0 138:313.024 JLINK_IsHalted()
T30E0 138:315.088 - 2.055ms returns FALSE
T30E0 138:421.184 JLINK_IsHalted()
T30E0 138:423.136 - 1.944ms returns FALSE
T30E0 138:423.200 JLINK_IsHalted()
T30E0 138:425.376 - 2.175ms returns FALSE
T30E0 138:530.752 JLINK_IsHalted()
T30E0 138:532.640 - 1.895ms returns FALSE
T30E0 138:532.720 JLINK_IsHalted()
T30E0 138:534.864 - 2.137ms returns FALSE
T30E0 138:640.592 JLINK_IsHalted()
T30E0 138:642.384 - 1.788ms returns FALSE
T30E0 138:642.448 JLINK_IsHalted()
T30E0 138:644.640 - 2.182ms returns FALSE
T30E0 138:749.408 JLINK_IsHalted()
T30E0 138:751.776 - 2.380ms returns FALSE
T30E0 138:751.856 JLINK_IsHalted()
T30E0 138:753.952 - 2.095ms returns FALSE
T6384 138:828.544 JLINK_IsHalted()
T6384 138:829.984 - 1.445ms returns FALSE
T6384 138:830.048 JLINK_IsHalted()
T6384 138:831.104 - 1.048ms returns FALSE
T30E0 138:858.800 JLINK_IsHalted()
T30E0 138:860.512 - 1.705ms returns FALSE
T30E0 138:860.576 JLINK_IsHalted()
T30E0 138:862.688 - 2.121ms returns FALSE
T30E0 138:968.160 JLINK_IsHalted()
T30E0 138:969.744 - 1.568ms returns FALSE
T30E0 138:969.824 JLINK_IsHalted()
T30E0 138:972.000 - 2.166ms returns FALSE
T30E0 139:077.872 JLINK_IsHalted()
T30E0 139:079.696 - 1.817ms returns FALSE
T30E0 139:079.760 JLINK_IsHalted()
T30E0 139:081.936 - 2.178ms returns FALSE
T30E0 139:187.392 JLINK_IsHalted()
T30E0 139:189.008 - 1.617ms returns FALSE
T30E0 139:189.056 JLINK_IsHalted()
T30E0 139:191.248 - 2.191ms returns FALSE
T30E0 139:296.096 JLINK_IsHalted()
T30E0 139:298.016 - 1.919ms returns FALSE
T30E0 139:298.080 JLINK_IsHalted()
T30E0 139:300.336 - 2.268ms returns FALSE
T30E0 139:405.968 JLINK_IsHalted()
T30E0 139:408.192 - 2.228ms returns FALSE
T30E0 139:408.256 JLINK_IsHalted()
T30E0 139:410.400 - 2.135ms returns FALSE
T30E0 139:515.472 JLINK_IsHalted()
T30E0 139:517.600 - 2.117ms returns FALSE
T30E0 139:517.664 JLINK_IsHalted()
T30E0 139:519.744 - 2.087ms returns FALSE
T30E0 139:625.424 JLINK_IsHalted()
T30E0 139:627.424 - 2.016ms returns FALSE
T30E0 139:627.504 JLINK_IsHalted()
T30E0 139:629.664 - 2.165ms returns FALSE
T30E0 139:734.240 JLINK_IsHalted()
T30E0 139:736.528 - 2.281ms returns FALSE
T30E0 139:736.608 JLINK_IsHalted()
T30E0 139:738.720 - 2.107ms returns FALSE
T6384 139:831.360 JLINK_IsHalted()
T6384 139:832.592 - 1.224ms returns FALSE
T6384 139:832.672 JLINK_IsHalted()
T6384 139:833.632 - 0.965ms returns FALSE
T30E0 139:843.296 JLINK_IsHalted()
T30E0 139:845.248 - 1.944ms returns FALSE
T30E0 139:845.328 JLINK_IsHalted()
T30E0 139:847.520 - 2.192ms returns FALSE
T30E0 139:952.432 JLINK_IsHalted()
T30E0 139:954.304 - 1.867ms returns FALSE
T30E0 139:954.368 JLINK_IsHalted()
T30E0 139:956.512 - 2.149ms returns FALSE
T30E0 140:061.920 JLINK_IsHalted()
T30E0 140:063.584 - 1.677ms returns FALSE
T30E0 140:063.648 JLINK_IsHalted()
T30E0 140:065.776 - 2.122ms returns FALSE
T30E0 140:171.024 JLINK_IsHalted()
T30E0 140:172.992 - 1.969ms returns FALSE
T30E0 140:173.088 JLINK_IsHalted()
T30E0 140:175.264 - 2.187ms returns FALSE
T30E0 140:281.136 JLINK_IsHalted()
T30E0 140:282.880 - 1.744ms returns FALSE
T30E0 140:282.944 JLINK_IsHalted()
T30E0 140:285.072 - 2.117ms returns FALSE
T30E0 140:389.760 JLINK_IsHalted()
T30E0 140:391.904 - 2.133ms returns FALSE
T30E0 140:391.968 JLINK_IsHalted()
T30E0 140:394.144 - 2.173ms returns FALSE
T30E0 140:499.360 JLINK_IsHalted()
T30E0 140:501.264 - 1.886ms returns FALSE
T30E0 140:501.312 JLINK_IsHalted()
T30E0 140:502.352 - 1.026ms returns FALSE
T30E0 140:609.440 JLINK_IsHalted()
T30E0 140:611.248 - 1.818ms returns FALSE
T30E0 140:611.360 JLINK_IsHalted()
T30E0 140:613.536 - 2.166ms returns FALSE
T30E0 140:717.920 JLINK_IsHalted()
T30E0 140:720.384 - 2.456ms returns FALSE
T30E0 140:720.480 JLINK_IsHalted()
T30E0 140:722.608 - 2.139ms returns FALSE
T30E0 140:827.920 JLINK_IsHalted()
T30E0 140:829.424 - 1.499ms returns FALSE
T30E0 140:829.472 JLINK_IsHalted()
T30E0 140:831.648 - 2.180ms returns FALSE
T6384 140:834.048 JLINK_IsHalted()
T6384 140:834.736 - 0.693ms returns FALSE
T6384 140:834.800 JLINK_IsHalted()
T6384 140:835.856 - 1.050ms returns FALSE
T30E0 140:937.056 JLINK_IsHalted()
T30E0 140:938.848 - 1.794ms returns FALSE
T30E0 140:938.912 JLINK_IsHalted()
T30E0 140:941.056 - 2.133ms returns FALSE
T30E0 141:046.400 JLINK_IsHalted()
T30E0 141:049.376 - 2.977ms returns FALSE
T30E0 141:049.456 JLINK_IsHalted()
T30E0 141:050.464 - 1.003ms returns FALSE
T30E0 141:155.616 JLINK_IsHalted()
T30E0 141:157.584 - 1.951ms returns FALSE
T30E0 141:157.664 JLINK_IsHalted()
T30E0 141:159.824 - 2.164ms returns FALSE
T30E0 141:265.184 JLINK_IsHalted()
T30E0 141:266.784 - 1.582ms returns FALSE
T30E0 141:266.848 JLINK_IsHalted()
T30E0 141:268.960 - 2.116ms returns FALSE
T30E0 141:374.272 JLINK_IsHalted()
T30E0 141:375.872 - 1.591ms returns FALSE
T30E0 141:375.968 JLINK_IsHalted()
T30E0 141:378.032 - 2.080ms returns FALSE
T30E0 141:483.488 JLINK_IsHalted()
T30E0 141:485.136 - 1.632ms returns FALSE
T30E0 141:485.184 JLINK_IsHalted()
T30E0 141:487.520 - 2.341ms returns FALSE
T30E0 141:593.408 JLINK_IsHalted()
T30E0 141:595.264 - 1.862ms returns FALSE
T30E0 141:595.344 JLINK_IsHalted()
T30E0 141:597.472 - 2.142ms returns FALSE
T30E0 141:702.912 JLINK_IsHalted()
T30E0 141:705.440 - 2.534ms returns FALSE
T30E0 141:705.520 JLINK_IsHalted()
T30E0 141:707.632 - 2.117ms returns FALSE
T30E0 141:812.320 JLINK_IsHalted()
T30E0 141:814.704 - 2.386ms returns FALSE
T30E0 141:814.768 JLINK_IsHalted()
T30E0 141:816.864 - 2.079ms returns FALSE
T6384 141:836.208 JLINK_IsHalted()
T6384 141:836.832 - 0.612ms returns FALSE
T6384 141:836.896 JLINK_IsHalted()
T6384 141:837.920 - 1.023ms returns FALSE
T30E0 141:921.872 JLINK_IsHalted()
T30E0 141:923.248 - 1.385ms returns FALSE
T30E0 141:923.328 JLINK_IsHalted()
T30E0 141:925.536 - 2.210ms returns FALSE
T30E0 142:031.216 JLINK_IsHalted()
T30E0 142:033.440 - 2.222ms returns FALSE
T30E0 142:033.504 JLINK_IsHalted()
T30E0 142:035.664 - 2.166ms returns FALSE
T30E0 142:140.192 JLINK_IsHalted()
T30E0 142:142.624 - 2.420ms returns FALSE
T30E0 142:142.672 JLINK_IsHalted()
T30E0 142:144.848 - 2.168ms returns FALSE
T30E0 142:249.376 JLINK_IsHalted()
T30E0 142:251.312 - 1.933ms returns FALSE
T30E0 142:251.392 JLINK_IsHalted()
T30E0 142:253.552 - 2.152ms returns FALSE
T30E0 142:358.896 JLINK_IsHalted()
T30E0 142:361.104 - 2.209ms returns FALSE
T30E0 142:361.168 JLINK_IsHalted()
T30E0 142:363.424 - 2.251ms returns FALSE
T30E0 142:467.872 JLINK_IsHalted()
T30E0 142:470.256 - 2.377ms returns FALSE
T30E0 142:470.304 JLINK_IsHalted()
T30E0 142:472.496 - 2.186ms returns FALSE
T30E0 142:577.856 JLINK_IsHalted()
T30E0 142:579.632 - 1.778ms returns FALSE
T30E0 142:579.728 JLINK_IsHalted()
T30E0 142:581.856 - 2.123ms returns FALSE
T30E0 142:686.704 JLINK_IsHalted()
T30E0 142:688.576 - 1.872ms returns FALSE
T30E0 142:688.672 JLINK_IsHalted()
T30E0 142:690.896 - 2.221ms returns FALSE
T30E0 142:796.176 JLINK_IsHalted()
T30E0 142:798.240 - 2.073ms returns FALSE
T30E0 142:798.352 JLINK_IsHalted()
T30E0 142:800.480 - 2.132ms returns FALSE
T6384 142:837.744 JLINK_IsHalted()
T6384 142:838.880 - 1.140ms returns FALSE
T6384 142:838.976 JLINK_IsHalted()
T6384 142:841.024 - 2.053ms returns FALSE
T30E0 142:906.160 JLINK_IsHalted()
T30E0 142:907.824 - 1.664ms returns FALSE
T30E0 142:907.888 JLINK_IsHalted()
T30E0 142:910.032 - 2.145ms returns FALSE
T30E0 143:015.472 JLINK_IsHalted()
T30E0 143:017.840 - 2.371ms returns FALSE
T30E0 143:017.952 JLINK_IsHalted()
T30E0 143:019.984 - 2.020ms returns FALSE
T30E0 143:124.400 JLINK_IsHalted()
T30E0 143:125.856 - 1.448ms returns FALSE
T30E0 143:125.920 JLINK_IsHalted()
T30E0 143:128.000 - 2.089ms returns FALSE
T30E0 143:233.872 JLINK_IsHalted()
T30E0 143:235.520 - 1.648ms returns FALSE
T30E0 143:235.584 JLINK_IsHalted()
T30E0 143:237.744 - 2.161ms returns FALSE
T30E0 143:343.520 JLINK_IsHalted()
T30E0 143:346.304 - 2.784ms returns FALSE
T30E0 143:346.368 JLINK_IsHalted()
T30E0 143:348.768 - 2.397ms returns FALSE
T30E0 143:453.056 JLINK_IsHalted()
T30E0 143:454.608 - 1.545ms returns FALSE
T30E0 143:454.688 JLINK_IsHalted()
T30E0 143:456.848 - 2.163ms returns FALSE
T30E0 143:561.824 JLINK_IsHalted()
T30E0 143:563.872 - 2.054ms returns FALSE
T30E0 143:563.936 JLINK_IsHalted()
T30E0 143:566.096 - 2.169ms returns FALSE
T30E0 143:671.008 JLINK_IsHalted()
T30E0 143:672.912 - 1.916ms returns FALSE
T30E0 143:672.992 JLINK_IsHalted()
T30E0 143:675.232 - 2.238ms returns FALSE
T30E0 143:780.976 JLINK_IsHalted()
T30E0 143:783.104 - 2.124ms returns FALSE
T30E0 143:783.168 JLINK_IsHalted()
T30E0 143:785.328 - 2.166ms returns FALSE
T6384 143:841.536 JLINK_IsHalted()
T6384 143:842.480 - 0.947ms returns FALSE
T6384 143:842.544 JLINK_IsHalted()
T6384 143:843.616 - 1.062ms returns FALSE
T30E0 143:889.952 JLINK_IsHalted()
T30E0 143:891.568 - 1.617ms returns FALSE
T30E0 143:891.680 JLINK_IsHalted()
T30E0 143:893.824 - 2.149ms returns FALSE
T30E0 143:999.232 JLINK_IsHalted()
T30E0 144:000.944 - 1.710ms returns FALSE
T30E0 144:001.008 JLINK_IsHalted()
T30E0 144:003.136 - 2.132ms returns FALSE
T30E0 144:108.720 JLINK_IsHalted()
T30E0 144:110.944 - 2.214ms returns FALSE
T30E0 144:111.008 JLINK_IsHalted()
T30E0 144:113.232 - 2.214ms returns FALSE
T30E0 144:218.864 JLINK_IsHalted()
T30E0 144:220.624 - 1.749ms returns FALSE
T30E0 144:220.672 JLINK_IsHalted()
T30E0 144:222.800 - 2.116ms returns FALSE
T30E0 144:327.376 JLINK_IsHalted()
T30E0 144:329.760 - 2.382ms returns FALSE
T30E0 144:329.808 JLINK_IsHalted()
T30E0 144:332.000 - 2.204ms returns FALSE
T30E0 144:437.600 JLINK_IsHalted()
T30E0 144:439.712 - 2.106ms returns FALSE
T30E0 144:439.776 JLINK_IsHalted()
T30E0 144:441.952 - 2.176ms returns FALSE
T30E0 144:546.240 JLINK_IsHalted()
T30E0 144:548.128 - 1.898ms returns FALSE
T30E0 144:548.224 JLINK_IsHalted()
T30E0 144:550.400 - 2.174ms returns FALSE
T30E0 144:655.744 JLINK_IsHalted()
T30E0 144:658.144 - 2.389ms returns FALSE
T30E0 144:658.208 JLINK_IsHalted()
T30E0 144:660.384 - 2.181ms returns FALSE
T30E0 144:764.768 JLINK_IsHalted()
T30E0 144:766.368 - 1.608ms returns FALSE
T30E0 144:766.480 JLINK_IsHalted()
T30E0 144:768.640 - 2.152ms returns FALSE
T6384 144:843.904 JLINK_IsHalted()
T6384 144:844.496 - 0.584ms returns FALSE
T6384 144:844.560 JLINK_IsHalted()
T6384 144:845.600 - 1.045ms returns FALSE
T30E0 144:875.040 JLINK_IsHalted()
T30E0 144:876.768 - 1.724ms returns FALSE
T30E0 144:876.832 JLINK_IsHalted()
T30E0 144:877.904 - 1.072ms returns FALSE
T30E0 144:983.632 JLINK_IsHalted()
T30E0 144:985.232 - 1.602ms returns FALSE
T30E0 144:985.296 JLINK_IsHalted()
T30E0 144:987.568 - 2.269ms returns FALSE
T30E0 145:093.728 JLINK_IsHalted()
T30E0 145:095.488 - 1.769ms returns FALSE
T30E0 145:095.584 JLINK_IsHalted()
T30E0 145:097.728 - 2.145ms returns FALSE
T30E0 145:203.232 JLINK_IsHalted()
T30E0 145:204.896 - 1.660ms returns FALSE
T30E0 145:204.944 JLINK_IsHalted()
T30E0 145:207.120 - 2.172ms returns FALSE
T30E0 145:311.728 JLINK_IsHalted()
T30E0 145:314.080 - 2.356ms returns FALSE
T30E0 145:314.160 JLINK_IsHalted()
T30E0 145:316.400 - 2.239ms returns FALSE
T30E0 145:421.232 JLINK_IsHalted()
T30E0 145:423.264 - 2.037ms returns FALSE
T30E0 145:423.328 JLINK_IsHalted()
T30E0 145:425.504 - 2.153ms returns FALSE
T30E0 145:530.416 JLINK_IsHalted()
T30E0 145:532.480 - 2.061ms returns FALSE
T30E0 145:532.576 JLINK_IsHalted()
T30E0 145:534.736 - 2.166ms returns FALSE
T30E0 145:640.464 JLINK_IsHalted()
T30E0 145:642.672 - 2.215ms returns FALSE
T30E0 145:642.736 JLINK_IsHalted()
T30E0 145:644.928 - 2.184ms returns FALSE
T30E0 145:749.984 JLINK_IsHalted()
T30E0 145:751.600 - 1.616ms returns FALSE
T30E0 145:751.696 JLINK_IsHalted()
T30E0 145:753.888 - 2.182ms returns FALSE
T6384 145:846.688 JLINK_IsHalted()
T6384 145:847.536 - 0.847ms returns FALSE
T6384 145:847.600 JLINK_IsHalted()
T6384 145:848.656 - 1.041ms returns FALSE
T30E0 145:858.528 JLINK_IsHalted()
T30E0 145:860.336 - 1.823ms returns FALSE
T30E0 145:860.432 JLINK_IsHalted()
T30E0 145:862.544 - 2.113ms returns FALSE
T30E0 145:968.544 JLINK_IsHalted()
T30E0 145:970.400 - 1.871ms returns FALSE
T30E0 145:970.496 JLINK_IsHalted()
T30E0 145:972.624 - 2.116ms returns FALSE
T30E0 146:078.048 JLINK_IsHalted()
T30E0 146:079.360 - 1.311ms returns FALSE
T30E0 146:079.440 JLINK_IsHalted()
T30E0 146:081.584 - 2.158ms returns FALSE
T30E0 146:187.088 JLINK_IsHalted()
T30E0 146:188.800 - 1.725ms returns FALSE
T30E0 146:188.880 JLINK_IsHalted()
T30E0 146:191.056 - 2.183ms returns FALSE
T30E0 146:296.624 JLINK_IsHalted()
T30E0 146:299.120 - 2.498ms returns FALSE
T30E0 146:299.232 JLINK_IsHalted()
T30E0 146:301.408 - 2.185ms returns FALSE
T30E0 146:406.112 JLINK_IsHalted()
T30E0 146:407.904 - 1.796ms returns FALSE
T30E0 146:407.968 JLINK_IsHalted()
T30E0 146:410.016 - 2.045ms returns FALSE
T30E0 146:515.760 JLINK_IsHalted()
T30E0 146:518.112 - 2.352ms returns FALSE
T30E0 146:518.176 JLINK_IsHalted()
T30E0 146:520.400 - 2.216ms returns FALSE
T30E0 146:624.288 JLINK_IsHalted()
T30E0 146:626.352 - 2.070ms returns FALSE
T30E0 146:626.448 JLINK_IsHalted()
T30E0 146:628.560 - 2.105ms returns FALSE
T30E0 146:733.760 JLINK_IsHalted()
T30E0 146:735.504 - 1.730ms returns FALSE
T30E0 146:735.584 JLINK_IsHalted()
T30E0 146:737.648 - 2.072ms returns FALSE
T30E0 146:843.296 JLINK_IsHalted()
T30E0 146:845.552 - 2.243ms returns FALSE
T30E0 146:845.648 JLINK_IsHalted()
T30E0 146:847.984 - 2.338ms returns FALSE
T6384 146:849.504 JLINK_IsHalted()
T6384 146:850.832 - 1.323ms returns FALSE
T6384 146:850.912 JLINK_IsHalted()
T6384 146:852.032 - 1.109ms returns FALSE
T30E0 146:952.704 JLINK_IsHalted()
T30E0 146:954.864 - 2.158ms returns FALSE
T30E0 146:954.976 JLINK_IsHalted()
T30E0 146:957.088 - 2.115ms returns FALSE
T30E0 147:062.224 JLINK_IsHalted()
T30E0 147:064.240 - 2.024ms returns FALSE
T30E0 147:064.304 JLINK_IsHalted()
T30E0 147:065.376 - 1.069ms returns FALSE
T30E0 147:171.856 JLINK_IsHalted()
T30E0 147:173.664 - 1.804ms returns FALSE
T30E0 147:173.744 JLINK_IsHalted()
T30E0 147:175.952 - 2.202ms returns FALSE
T30E0 147:280.400 JLINK_IsHalted()
T30E0 147:282.816 - 2.419ms returns FALSE
T30E0 147:282.912 JLINK_IsHalted()
T30E0 147:285.072 - 2.160ms returns FALSE
T30E0 147:389.856 JLINK_IsHalted()
T30E0 147:391.920 - 2.078ms returns FALSE
T30E0 147:392.000 JLINK_IsHalted()
T30E0 147:394.176 - 2.175ms returns FALSE
T30E0 147:499.616 JLINK_IsHalted()
T30E0 147:502.048 - 2.417ms returns FALSE
T30E0 147:502.112 JLINK_IsHalted()
T30E0 147:504.336 - 2.218ms returns FALSE
T30E0 147:608.800 JLINK_IsHalted()
T30E0 147:610.448 - 1.655ms returns FALSE
T30E0 147:610.528 JLINK_IsHalted()
T30E0 147:612.656 - 2.131ms returns FALSE
T30E0 147:718.944 JLINK_IsHalted()
T30E0 147:721.360 - 2.407ms returns FALSE
T30E0 147:721.456 JLINK_IsHalted()
T30E0 147:723.616 - 2.159ms returns FALSE
T30E0 147:827.584 JLINK_IsHalted()
T30E0 147:829.472 - 1.882ms returns FALSE
T30E0 147:829.552 JLINK_IsHalted()
T30E0 147:830.608 - 1.041ms returns FALSE
T6384 147:852.960 JLINK_IsHalted()
T6384 147:854.384 - 1.428ms returns FALSE
T6384 147:854.496 JLINK_IsHalted()
T6384 147:855.456 - 0.960ms returns FALSE
T30E0 147:937.552 JLINK_IsHalted()
T30E0 147:939.968 - 2.421ms returns FALSE
T30E0 147:940.064 JLINK_IsHalted()
T30E0 147:942.032 - 1.958ms returns FALSE
T30E0 148:046.160 JLINK_IsHalted()
T30E0 148:048.096 - 1.942ms returns FALSE
T30E0 148:048.208 JLINK_IsHalted()
T30E0 148:050.304 - 2.098ms returns FALSE
T30E0 148:156.208 JLINK_IsHalted()
T30E0 148:158.176 - 1.975ms returns FALSE
T30E0 148:158.288 JLINK_IsHalted()
T30E0 148:160.368 - 2.077ms returns FALSE
T30E0 148:264.960 JLINK_IsHalted()
T30E0 148:266.784 - 1.823ms returns FALSE
T30E0 148:266.896 JLINK_IsHalted()
T30E0 148:269.024 - 2.140ms returns FALSE
T30E0 148:374.368 JLINK_IsHalted()
T30E0 148:375.968 - 1.610ms returns FALSE
T30E0 148:376.064 JLINK_IsHalted()
T30E0 148:378.272 - 2.194ms returns FALSE
T30E0 148:484.192 JLINK_IsHalted()
T30E0 148:486.032 - 1.829ms returns FALSE
T30E0 148:486.128 JLINK_IsHalted()
T30E0 148:488.304 - 2.173ms returns FALSE
T30E0 148:593.216 JLINK_IsHalted()
T30E0 148:595.168 - 1.945ms returns FALSE
T30E0 148:595.264 JLINK_IsHalted()
T30E0 148:597.472 - 2.198ms returns FALSE
T30E0 148:702.720 JLINK_IsHalted()
T30E0 148:704.480 - 1.739ms returns FALSE
T30E0 148:704.592 JLINK_IsHalted()
T30E0 148:706.720 - 2.137ms returns FALSE
T30E0 148:811.632 JLINK_IsHalted()
T30E0 148:813.600 - 1.955ms returns FALSE
T30E0 148:813.696 JLINK_IsHalted()
T30E0 148:815.904 - 2.211ms returns FALSE
T6384 148:856.240 JLINK_IsHalted()
T6384 148:857.088 - 0.834ms returns FALSE
T6384 148:857.136 JLINK_IsHalted()
T6384 148:858.288 - 1.145ms returns FALSE
T30E0 148:921.568 JLINK_IsHalted()
T30E0 148:923.136 - 1.582ms returns FALSE
T30E0 148:923.232 JLINK_IsHalted()
T30E0 148:925.456 - 2.207ms returns FALSE
T30E0 149:030.816 JLINK_IsHalted()
T30E0 149:033.040 - 2.231ms returns FALSE
T30E0 149:033.120 JLINK_IsHalted()
T30E0 149:035.792 - 2.668ms returns FALSE
T30E0 149:139.872 JLINK_IsHalted()
T30E0 149:142.176 - 2.303ms returns FALSE
T30E0 149:142.304 JLINK_IsHalted()
T30E0 149:144.464 - 2.149ms returns FALSE
T30E0 149:249.840 JLINK_IsHalted()
T30E0 149:251.808 - 1.960ms returns FALSE
T30E0 149:251.904 JLINK_IsHalted()
T30E0 149:254.096 - 2.193ms returns FALSE
T30E0 149:359.600 JLINK_IsHalted()
T30E0 149:361.920 - 2.320ms returns FALSE
T30E0 149:362.048 JLINK_IsHalted()
T30E0 149:364.144 - 2.095ms returns FALSE
T30E0 149:468.080 JLINK_IsHalted()
T30E0 149:469.968 - 1.879ms returns FALSE
T30E0 149:470.048 JLINK_IsHalted()
T30E0 149:472.208 - 2.146ms returns FALSE
T30E0 149:578.016 JLINK_IsHalted()
T30E0 149:579.568 - 1.543ms returns FALSE
T30E0 149:579.664 JLINK_IsHalted()
T30E0 149:581.696 - 2.032ms returns FALSE
T30E0 149:686.992 JLINK_IsHalted()
T30E0 149:689.024 - 2.035ms returns FALSE
T30E0 149:689.088 JLINK_IsHalted()
T30E0 149:691.296 - 2.196ms returns FALSE
T30E0 149:796.880 JLINK_IsHalted()
T30E0 149:799.072 - 2.203ms returns FALSE
T30E0 149:799.152 JLINK_IsHalted()
T30E0 149:801.424 - 2.269ms returns FALSE
T6384 149:859.360 JLINK_IsHalted()
T6384 149:860.336 - 0.987ms returns FALSE
T6384 149:860.416 JLINK_IsHalted()
T6384 149:862.480 - 2.051ms returns FALSE
T30E0 149:905.888 JLINK_IsHalted()
T30E0 149:907.552 - 1.675ms returns FALSE
T30E0 149:907.680 JLINK_IsHalted()
T30E0 149:909.776 - 2.096ms returns FALSE
T30E0 150:015.520 JLINK_IsHalted()
T30E0 150:017.536 - 2.001ms returns FALSE
T30E0 150:017.600 JLINK_IsHalted()
T30E0 150:019.760 - 2.157ms returns FALSE
T30E0 150:124.832 JLINK_IsHalted()
T30E0 150:126.528 - 1.693ms returns FALSE
T30E0 150:126.624 JLINK_IsHalted()
T30E0 150:128.768 - 2.157ms returns FALSE
T30E0 150:233.936 JLINK_IsHalted()
T30E0 150:236.144 - 2.205ms returns FALSE
T30E0 150:236.256 JLINK_IsHalted()
T30E0 150:238.560 - 2.316ms returns FALSE
T30E0 150:343.216 JLINK_IsHalted()
T30E0 150:345.504 - 2.280ms returns FALSE
T30E0 150:345.632 JLINK_IsHalted()
T30E0 150:347.744 - 2.101ms returns FALSE
T30E0 150:453.024 JLINK_IsHalted()
T30E0 150:455.600 - 2.575ms returns FALSE
T30E0 150:455.744 JLINK_IsHalted()
T30E0 150:459.680 - 3.912ms returns FALSE
T30E0 150:562.080 JLINK_IsHalted()
T30E0 150:563.792 - 1.723ms returns FALSE
T30E0 150:563.904 JLINK_IsHalted()
T30E0 150:566.128 - 2.221ms returns FALSE
T30E0 150:671.584 JLINK_IsHalted()
T30E0 150:673.952 - 2.352ms returns FALSE
T30E0 150:674.064 JLINK_IsHalted()
T30E0 150:676.192 - 2.128ms returns FALSE
T30E0 150:780.896 JLINK_IsHalted()
T30E0 150:783.152 - 2.256ms returns FALSE
T30E0 150:783.248 JLINK_IsHalted()
T30E0 150:785.456 - 2.214ms returns FALSE
T6384 150:863.184 JLINK_IsHalted()
T6384 150:863.936 - 0.753ms returns FALSE
T6384 150:864.016 JLINK_IsHalted()
T6384 150:865.040 - 1.032ms returns FALSE
T30E0 150:889.872 JLINK_IsHalted()
T30E0 150:891.552 - 1.690ms returns FALSE
T30E0 150:891.680 JLINK_IsHalted()
T30E0 150:893.856 - 2.177ms returns FALSE
T30E0 150:999.856 JLINK_IsHalted()
T30E0 151:001.472 - 1.608ms returns FALSE
T30E0 151:001.568 JLINK_IsHalted()
T30E0 151:003.712 - 2.156ms returns FALSE
T30E0 151:109.904 JLINK_IsHalted()
T30E0 151:111.440 - 1.541ms returns FALSE
T30E0 151:111.536 JLINK_IsHalted()
T30E0 151:113.936 - 2.393ms returns FALSE
T30E0 151:218.848 JLINK_IsHalted()
T30E0 151:221.072 - 2.220ms returns FALSE
T30E0 151:221.152 JLINK_IsHalted()
T30E0 151:223.392 - 2.234ms returns FALSE
T30E0 151:327.504 JLINK_IsHalted()
T30E0 151:329.488 - 1.981ms returns FALSE
T30E0 151:329.632 JLINK_IsHalted()
T30E0 151:332.480 - 2.856ms returns FALSE
T30E0 151:436.928 JLINK_IsHalted()
T30E0 151:438.480 - 1.548ms returns FALSE
T30E0 151:438.560 JLINK_IsHalted()
T30E0 151:441.744 - 3.194ms returns FALSE
T30E0 151:547.280 JLINK_IsHalted()
T30E0 151:548.912 - 1.638ms returns FALSE
T30E0 151:548.992 JLINK_IsHalted()
T30E0 151:551.200 - 2.219ms returns FALSE
T30E0 151:656.352 JLINK_IsHalted()
T30E0 151:658.832 - 2.462ms returns FALSE
T30E0 151:658.944 JLINK_IsHalted()
T30E0 151:659.952 - 1.013ms returns FALSE
T30E0 151:765.712 JLINK_IsHalted()
T30E0 151:767.456 - 1.749ms returns FALSE
T30E0 151:767.584 JLINK_IsHalted()
T30E0 151:769.696 - 2.124ms returns FALSE
T6384 151:866.528 JLINK_IsHalted()
T6384 151:867.920 - 1.379ms returns FALSE
T6384 151:868.000 JLINK_IsHalted()
T6384 151:868.960 - 0.955ms returns FALSE
T30E0 151:874.432 JLINK_IsHalted()
T30E0 151:876.896 - 2.457ms returns FALSE
T30E0 151:877.056 JLINK_IsHalted()
T30E0 151:879.200 - 2.145ms returns FALSE
T30E0 151:983.984 JLINK_IsHalted()
T30E0 151:985.792 - 1.795ms returns FALSE
T30E0 151:985.856 JLINK_IsHalted()
T30E0 151:988.016 - 2.163ms returns FALSE
T30E0 152:093.312 JLINK_IsHalted()
T30E0 152:094.896 - 1.577ms returns FALSE
T30E0 152:094.944 JLINK_IsHalted()
T30E0 152:097.136 - 2.190ms returns FALSE
T30E0 152:203.024 JLINK_IsHalted()
T30E0 152:205.184 - 2.166ms returns FALSE
T30E0 152:205.248 JLINK_IsHalted()
T30E0 152:207.424 - 2.174ms returns FALSE
T30E0 152:312.624 JLINK_IsHalted()
T30E0 152:314.240 - 1.615ms returns FALSE
T30E0 152:314.288 JLINK_IsHalted()
T30E0 152:316.464 - 2.178ms returns FALSE
T30E0 152:421.728 JLINK_IsHalted()
T30E0 152:423.504 - 1.766ms returns FALSE
T30E0 152:423.568 JLINK_IsHalted()
T30E0 152:425.744 - 2.173ms returns FALSE
T30E0 152:530.464 JLINK_IsHalted()
T30E0 152:532.784 - 2.312ms returns FALSE
T30E0 152:532.896 JLINK_IsHalted()
T30E0 152:535.008 - 2.113ms returns FALSE
T30E0 152:640.656 JLINK_IsHalted()
T30E0 152:642.720 - 2.078ms returns FALSE
T30E0 152:642.864 JLINK_IsHalted()
T30E0 152:644.960 - 2.088ms returns FALSE
T30E0 152:749.296 JLINK_IsHalted()
T30E0 152:751.008 - 1.705ms returns FALSE
T30E0 152:751.120 JLINK_IsHalted()
T30E0 152:753.328 - 2.213ms returns FALSE
T30E0 152:858.608 JLINK_IsHalted()
T30E0 152:860.544 - 1.934ms returns FALSE
T30E0 152:860.656 JLINK_IsHalted()
T30E0 152:862.592 - 1.929ms returns FALSE
T6384 152:869.472 JLINK_IsHalted()
T6384 152:870.368 - 0.910ms returns FALSE
T6384 152:870.464 JLINK_IsHalted()
T6384 152:871.376 - 0.906ms returns FALSE
T30E0 152:967.904 JLINK_IsHalted()
T30E0 152:969.648 - 1.761ms returns FALSE
T30E0 152:969.744 JLINK_IsHalted()
T30E0 152:971.904 - 2.166ms returns FALSE
T30E0 153:077.776 JLINK_IsHalted()
T30E0 153:079.712 - 1.919ms returns FALSE
T30E0 153:079.808 JLINK_IsHalted()
T30E0 153:081.920 - 2.108ms returns FALSE
T30E0 153:187.136 JLINK_IsHalted()
T30E0 153:188.816 - 1.686ms returns FALSE
T30E0 153:188.864 JLINK_IsHalted()
T30E0 153:191.056 - 2.193ms returns FALSE
T30E0 153:296.800 JLINK_IsHalted()
T30E0 153:299.040 - 2.224ms returns FALSE
T30E0 153:299.104 JLINK_IsHalted()
T30E0 153:301.280 - 2.184ms returns FALSE
T30E0 153:405.520 JLINK_IsHalted()
T30E0 153:407.456 - 1.934ms returns FALSE
T30E0 153:407.520 JLINK_IsHalted()
T30E0 153:409.648 - 2.114ms returns FALSE
T30E0 153:516.192 JLINK_IsHalted()
T30E0 153:517.536 - 1.339ms returns FALSE
T30E0 153:517.648 JLINK_IsHalted()
T30E0 153:519.728 - 2.081ms returns FALSE
T30E0 153:624.544 JLINK_IsHalted()
T30E0 153:626.656 - 2.114ms returns FALSE
T30E0 153:626.752 JLINK_IsHalted()
T30E0 153:628.944 - 2.185ms returns FALSE
T2B64 153:677.328 JLINK_ExecCommand("SetRestartOnClose = 1", ...). 
T2B64 153:677.360 - 0.036ms returns 0x00
T2B64 153:677.376 JLINK_ClrBPEx(BPHandle = 0xFFFFFFFF)
T2B64 153:677.392 - 0.012ms returns 0x00
T2B64 153:677.392 JLINK_IsHalted()
T2B64 153:678.656 - 1.258ms returns FALSE
T2B64 153:680.736 JLINK_ReadMem(0xE0001004, 0x4 Bytes, ...)
T2B64 153:680.784   CPU_ReadMem(4 bytes @ 0xE0001004)
T2B64 153:681.584   Data:  F1 55 ED 20
T2B64 153:681.616   Debug reg: DWT_CYCCNT
T2B64 153:681.632 - 0.892ms returns 0
T2B64 153:681.696 JLINK_GoEx(MaxEmulInsts = 0, Flags = 0x01)
T2B64 153:682.720   
  ***** Error: 
T2B64 153:682.768   CPU is not halted
T2B64 153:682.768 - 1.062ms 
T2B64 153:682.848 JLINK_ReadReg(XPSR)
T2B64 153:683.872   CPU is running
T2B64 153:683.920   
  ***** Error: 
T2B64 153:683.936   Cannot read register 16 (XPSR) while CPU is running
T2B64 153:683.936 - 1.088ms returns 0x00000000
T2B64 153:686.064 JLINK_Close()
T2B64 153:709.104 - 23.048ms
T2B64 153:709.504   
T2B64 153:709.536   Closed
