T8B10 000:001.408   SEGGER J-Link V9.42 Log File
T8B10 000:001.540   DLL Compiled: May  6 2026 12:25:27
T8B10 000:001.547   Logging started @ 2026-08-13 12:49
T8B10 000:001.553   Process: C:\Users\LWX\.eclipse\com.renesas.platform_1013479593\DebugComp\RA\e2-server-gdb.exe
T8B10 000:001.564 - 1.559ms 
T8B10 000:001.593 JLINK_GetDLLVersion()
T8B10 000:001.622 - 0.029ms returns 94200
T8B10 000:008.064 JLINK_OpenEx(...)
T8B10 000:016.544   Firmware: J-Link OB-RA4M2 compiled May  6 2026 16:18:23
T8B10 000:017.388   Firmware: J-Link OB-RA4M2 compiled May  6 2026 16:18:23
T8B10 000:029.538   Hardware: V1.00
T8B10 000:029.578   S/N: 1080068464
T8B10 000:029.586   OEM: SEGGER
T8B10 000:029.809   Feature(s): None
T8B10 000:031.228   Bootloader: 2021 May 14
T8B10 000:031.577   USB speed mode: Full speed (12 MBit/s)
T8B10 000:032.071   TELNET listener socket opened on port 19021
T8B10 000:032.534   WEBSRV WEBSRV_Init(): Starting webserver thread(s)
T8B10 000:032.741   WEBSRV Webserver running on local port 19080
T8B10 000:032.933   Looking for J-Link GUI Server exe at: C:\Users\LWX\.eclipse\com.renesas.platform_1013479593\DebugComp\RA\ARM\Segger_v9.42.0\JLinkGUIServer.exe
T8B10 000:033.243   Looking for J-Link GUI Server exe at: E:\Renesas\segger\JLink_V912\\JLinkGUIServer.exe
T8B10 000:033.398   Forking J-Link GUI Server: E:\Renesas\segger\JLink_V912\\JLinkGUIServer.exe
T8B10 000:135.919   J-Link GUI Server info: "J-Link GUI server V9.12 "
T8B10 000:146.496 - 138.169ms returns "O.K."
T8B10 000:147.012 JLINK_ExecCommand("ProjectFile=E:\Renesas_Cup_Final_Game\RA8P1_DualCoreProject\RA8P1DualCoreProject_CPU0/RA8P1DualCoreProject_CPU0.elf.jlink", ...). 
T8B10 000:184.638 - 37.756ms returns 0x00
T8B10 000:185.906 JLINK_ExecCommand("device=R7KA8P1KF", ...). 
T8B10 000:188.208   Flash bank @ 0x02000000: SFL: Parsing sectorization info from ELF file
T8B10 000:188.238     FlashDevice.SectorInfo[0]: .SectorSize = 0x00000800, .SectorStartAddr = 0x00000000
T8B10 000:188.253   FlashBank @0x02000000: Sectorization info from SFL ELF file ignored because sectorization override from DLL / XML file is active.
T8B10 000:188.708   Flash bank @ 0x02E07400: SFL: Parsing sectorization info from ELF file
T8B10 000:188.725     FlashDevice.SectorInfo[0]: .SectorSize = 0x00000010, .SectorStartAddr = 0x00000000
T8B10 000:188.734   FlashBank @0x02C9F020: Sectorization info from SFL ELF file ignored because sectorization override from DLL / XML file is active.
T8B10 000:188.754   Flash bank @ 0x02E07400: SFL: Parsing sectorization info from ELF file
T8B10 000:188.763     FlashDevice.SectorInfo[0]: .SectorSize = 0x00000010, .SectorStartAddr = 0x00000000
T8B10 000:188.772   FlashBank @0x02E07400: Sectorization info from SFL ELF file ignored because sectorization override from DLL / XML file is active.
T8B10 000:188.793   Flash bank @ 0x12000000: SFL: Parsing sectorization info from ELF file
T8B10 000:188.802     FlashDevice.SectorInfo[0]: .SectorSize = 0x00000800, .SectorStartAddr = 0x00000000
T8B10 000:188.810   FlashBank @0x12000000: Sectorization info from SFL ELF file ignored because sectorization override from DLL / XML file is active.
T8B10 000:189.121   Flash bank @ 0x12E07400: SFL: Parsing sectorization info from ELF file
T8B10 000:189.133     FlashDevice.SectorInfo[0]: .SectorSize = 0x00000010, .SectorStartAddr = 0x00000000
T8B10 000:189.142   FlashBank @0x12C9F4C0: Sectorization info from SFL ELF file ignored because sectorization override from DLL / XML file is active.
T8B10 000:189.158   Flash bank @ 0x12E07400: SFL: Parsing sectorization info from ELF file
T8B10 000:189.167     FlashDevice.SectorInfo[0]: .SectorSize = 0x00000010, .SectorStartAddr = 0x00000000
T8B10 000:189.176   FlashBank @0x12E07780: Sectorization info from SFL ELF file ignored because sectorization override from DLL / XML file is active.
T8B10 000:189.520   Flash bank @ 0x70000000: SFL: Parsing sectorization info from ELF file
T8B10 000:189.534     FlashDevice.SectorInfo[0]: .SectorSize = 0x00010000, .SectorStartAddr = 0x00000000
T8B10 000:196.045   Flash bank @ 0x78000000: SFL: Parsing sectorization info from ELF file
T8B10 000:196.252     FlashDevice.SectorInfo[0]: .SectorSize = 0x00010000, .SectorStartAddr = 0x00000000
T8B10 000:205.969   Flash bank @ 0x80000000: SFL: Parsing sectorization info from ELF file
T8B10 000:206.007     FlashDevice.SectorInfo[0]: .SectorSize = 0x00010000, .SectorStartAddr = 0x00000000
T8B10 000:222.552   Flash bank @ 0x90000000: SFL: Parsing sectorization info from ELF file
T8B10 000:222.593     FlashDevice.SectorInfo[0]: .SectorSize = 0x00010000, .SectorStartAddr = 0x00000000
T8B10 000:240.547   Device "R7KA8P1KF_CPU0" selected.
T8B10 000:241.142 - 55.234ms returns 0x00
T8B10 000:241.178 JLINK_TIF_GetAvailable(...)
T8B10 000:241.360 - 0.182ms 
T8B10 000:241.388 JLINK_TIF_Select(JLINKARM_TIF_SWD)
T8B10 000:241.758 - 0.376ms returns 0x00
T8B10 000:241.940 JLINK_SetSpeed(4000)
T8B10 000:242.229 - 0.448ms 
T8B10 000:242.885 JLINK_ReadMem(0xE000EDF0, 0x4 Bytes, ...)
T8B10 000:243.207   ConfigTargetSettings() start
T8B10 000:243.349    J-Link Script File: Executing ConfigTargetSettings()
T8B10 000:243.626   Configuring FlashDLNoRMWThreshold=0x200 in order to make sure that option bytes programming is done via read-modify-write
T8B10 000:254.392   ConfigTargetSettings() end - Took 11.1ms
T8B10 000:254.416   InitTarget() start
T8B10 000:254.426    J-Link Script File: Executing InitTarget()
T8B10 000:254.434   Identifying target device...
T8B10 000:254.443   SWD selected. Executing JTAG -> SWD switching sequence...
T8B10 000:255.077   Initializing DAP...
T8B10 000:256.069   DAP initialized successfully.
T8B10 000:256.096   Determining TrustZone configuration...
T8B10 000:256.885     Secure Debug: Enabled (SSD)
T8B10 000:257.056   Determining currently configured transfer type by reading the AHB-AP CSW register.
T8B10 000:257.723     --> Correct transfer type configured. Done.
T8B10 000:258.500   Primary CPU:   CPU0 (CM85), OFS bit=0x00000001
T8B10 000:258.519   Secondary CPU: CPU1 (CM33)
T8B10 000:258.527   Note: Detected primary CPU is based on the 'Device Configuration Information Register for Debug' register. Verify register value if primary/secondary is unexpected (https://kb.segger.com/Renesas_RA8).
T8B10 000:258.538   InitTarget() end - Took 4.11ms
T8B10 000:259.003   Found SW-DP with ID 0x6BA02477
T8B10 000:261.182   DPIDR: 0x6BA02477
T8B10 000:261.200   CoreSight SoC-400 or earlier
T8B10 000:261.210   AP map detection skipped. Manually configured AP map found.
T8B10 000:261.221   AP[0]: AHB-AP (IDR: Not set, ADDR: 0x00000000)
T8B10 000:261.230   AP[1]: APB-AP (IDR: Not set, ADDR: 0x00000000)
T8B10 000:261.238   AP[2]: AHB-AP (IDR: Not set, ADDR: 0x00000000)
T8B10 000:261.833   AP[0]: Core found
T8B10 000:261.849   AP[0]: AHB-AP ROM base: 0xE00FE000
T8B10 000:262.385   CPUID register: 0x411FD231. Implementer code: 0x41 (ARM)
T8B10 000:262.411   Feature set: Mainline
T8B10 000:262.741   Cache: L1 I/D-cache present
T8B10 000:262.949   Found Cortex-M85 r1p1, Little endian.
T8B10 000:263.216   -- Max. mem block: 0x0001D8F8
T8B10 000:263.909   CPU_ReadMem(4 bytes @ 0xE000EDF0)
T8B10 000:264.291   CPU_WriteMem(4 bytes @ 0xE000EDF0)
T8B10 000:264.550   CPU_ReadMem(4 bytes @ 0xE0002000)
T8B10 000:264.789   FPUnit: 8 code (BP) slots and 0 literal slots
T8B10 000:264.800   CPU_ReadMem(4 bytes @ 0xE000EDFC)
T8B10 000:265.061   CPU_WriteMem(4 bytes @ 0xE000EDFC)
T8B10 000:265.311   CPU_ReadMem(4 bytes @ 0xE0001000)
T8B10 000:265.574   CPU_ReadMem(4 bytes @ 0xE0001000)
T8B10 000:265.842   CPU_ReadMem(4 bytes @ 0xE0001028)
T8B10 000:266.097   CPU_ReadMem(4 bytes @ 0xE0001038)
T8B10 000:266.344   CPU_ReadMem(4 bytes @ 0xE0001048)
T8B10 000:266.599   CPU_ReadMem(4 bytes @ 0xE0001058)
T8B10 000:266.860   CPU_ReadMem(4 bytes @ 0xE0001068)
T8B10 000:267.112   CPU_ReadMem(4 bytes @ 0xE0001078)
T8B10 000:267.358   CPU_ReadMem(4 bytes @ 0xE0001088)
T8B10 000:267.599   CPU_ReadMem(4 bytes @ 0xE0001098)
T8B10 000:267.841   CPU_WriteMem(4 bytes @ 0xE0001000)
T8B10 000:268.110   CPU_ReadMem(4 bytes @ 0xE000ED88)
T8B10 000:268.352   CPU_WriteMem(4 bytes @ 0xE000ED88)
T8B10 000:268.603   CPU_ReadMem(4 bytes @ 0xE000ED88)
T8B10 000:268.852   CPU_WriteMem(4 bytes @ 0xE000ED88)
T8B10 000:269.103   CPU_ReadMem(4 bytes @ 0xE000EFB8)
T8B10 000:269.348   Security extension: implemented
T8B10 000:269.365   Secure debug: enabled
T8B10 000:269.379   CPU_ReadMem(4 bytes @ 0xE000ED74)
T8B10 000:269.626   PACBTI extension: implemented
T8B10 000:269.642   CoreSight components:
T8B10 000:269.656   ROMTbl[0] @ E00FE000
T8B10 000:269.670   CPU_ReadMem(64 bytes @ 0xE00FE000)
T8B10 000:270.264   CPU_ReadMem(32 bytes @ 0xE00FFFE0)
T8B10 000:270.708   [0][0]: E00FF000 CID B105100D PID 000BB4D4 ROM Table
T8B10 000:270.726   ROMTbl[1] @ E00FF000
T8B10 000:270.739   CPU_ReadMem(64 bytes @ 0xE00FF000)
T8B10 000:271.349   CPU_ReadMem(32 bytes @ 0xE000EFE0)
T8B10 000:271.790   CPU_ReadMem(4 bytes @ 0xE000EFBC)
T8B10 000:272.066   CPU_ReadMem(4 bytes @ 0xE000EFCC)
T8B10 000:272.359   [1][0]: E000E000 CID B105900D PID 000BBD23 DEVARCH 47702A04 DEVTYPE 00 ???
T8B10 000:272.370   CPU_ReadMem(32 bytes @ 0xE0001FE0)
T8B10 000:272.773   CPU_ReadMem(4 bytes @ 0xE0001FBC)
T8B10 000:273.073   CPU_ReadMem(4 bytes @ 0xE0001FCC)
T8B10 000:273.320   [1][1]: E0001000 CID B105900D PID 000BBD23 DEVARCH 47711A02 DEVTYPE 00 DWT
T8B10 000:273.332   CPU_ReadMem(32 bytes @ 0xE0002FE0)
T8B10 000:273.742   CPU_ReadMem(4 bytes @ 0xE0002FBC)
T8B10 000:274.065   CPU_ReadMem(4 bytes @ 0xE0002FCC)
T8B10 000:274.319   [1][2]: E0002000 CID B105900D PID 000BBD23 DEVARCH 47701A03 DEVTYPE 00 FPB
T8B10 000:274.346   CPU_ReadMem(32 bytes @ 0xE0000FE0)
T8B10 000:274.761   CPU_ReadMem(4 bytes @ 0xE0000FBC)
T8B10 000:275.071   CPU_ReadMem(4 bytes @ 0xE0000FCC)
T8B10 000:275.324   [1][3]: E0000000 CID B105900D PID 000BBD23 DEVARCH 47701A01 DEVTYPE 43 ITM
T8B10 000:275.343   CPU_ReadMem(32 bytes @ 0xE0041FE0)
T8B10 000:275.760   CPU_ReadMem(4 bytes @ 0xE0041FBC)
T8B10 000:276.131   CPU_ReadMem(4 bytes @ 0xE0041FCC)
T8B10 000:276.382   [1][5]: E0041000 CID B105900D PID 004BBD23 DEVARCH 47754A13 DEVTYPE 13 ETM
T8B10 000:276.400   CPU_ReadMem(32 bytes @ 0xE0003FE0)
T8B10 000:276.813   CPU_ReadMem(4 bytes @ 0xE0003FBC)
T8B10 000:277.077   CPU_ReadMem(4 bytes @ 0xE0003FCC)
T8B10 000:277.334   [1][6]: E0003000 CID B105900D PID 000BBD23 DEVARCH 47700A06 DEVTYPE 16 ???
T8B10 000:277.352   CPU_ReadMem(32 bytes @ 0xE0042FE0)
T8B10 000:277.773   CPU_ReadMem(4 bytes @ 0xE0042FBC)
T8B10 000:278.063   CPU_ReadMem(4 bytes @ 0xE0042FCC)
T8B10 000:278.313   [1][7]: E0042000 CID B105900D PID 000BBD23 DEVARCH 47701A14 DEVTYPE 14 CSS600-CTI
T8B10 000:278.331   CPU_ReadMem(32 bytes @ 0xE0040FE0)
T8B10 000:278.738   [0][1]: E0040000 CID 05900D00 PID 0BBD2300 ???
T8B10 000:278.756   CPU_WriteMem(4 bytes @ 0xE000ED84)
T8B10 000:279.074   CPU_ReadMem(4 bytes @ 0xE000ED80)
T8B10 000:279.361   I-Cache L1: 16 KB, 256 Sets, 32 Bytes/Line, 2-Way
T8B10 000:279.375   CPU_WriteMem(4 bytes @ 0xE000ED84)
T8B10 000:279.622   CPU_ReadMem(4 bytes @ 0xE000ED80)
T8B10 000:279.923   D-Cache L1: 16 KB, 128 Sets, 32 Bytes/Line, 4-Way
T8B10 000:280.243   CPU_ReadMem(4 bytes @ 0xE000EDF0)
T8B10 000:280.503   Data:  01 00 11 01
T8B10 000:280.513   Debug reg: DHCSR
T8B10 000:280.522 - 37.638ms returns 0
T8B10 000:280.994 JLINK_ReadMem(0x40204038, 0x4 Bytes, ...)
T8B10 000:281.020   CPU_ReadMem(4 bytes @ 0x40204038)
T8B10 000:281.564   Data:  04 00 00 00
T8B10 000:281.581 - 0.587ms returns 0
T8B10 000:281.598 JLINK_ReadMem(0xE000EDF0, 0x4 Bytes, ...)
T8B10 000:281.611   CPU_ReadMem(4 bytes @ 0xE000EDF0)
T8B10 000:281.862   Data:  01 00 11 01
T8B10 000:281.878   Debug reg: DHCSR
T8B10 000:281.886 - 0.288ms returns 0
T8B10 000:281.910 JLINK_ReadMem(0xE000EDF0, 0x4 Bytes, ...)
T8B10 000:281.920   CPU_ReadMem(4 bytes @ 0xE000EDF0)
T8B10 000:282.166   Data:  01 00 11 01
T8B10 000:282.177   Debug reg: DHCSR
T8B10 000:282.185 - 0.274ms returns 0
T8B10 000:282.196 JLINK_ReadMem(0xE000EDF0, 0x4 Bytes, ...)
T8B10 000:282.204   CPU_ReadMem(4 bytes @ 0xE000EDF0)
T8B10 000:282.451   Data:  01 00 11 01
T8B10 000:282.468   Debug reg: DHCSR
T8B10 000:282.476 - 0.280ms returns 0
T8B10 000:282.487 JLINK_ReadMem(0xE000EDF0, 0x4 Bytes, ...)
T8B10 000:282.495   CPU_ReadMem(4 bytes @ 0xE000EDF0)
T8B10 000:282.738   Data:  01 00 11 01
T8B10 000:282.749   Debug reg: DHCSR
T8B10 000:282.757 - 0.270ms returns 0
T8B10 000:282.771 JLINK_ReadMem(0xE000EDF0, 0x4 Bytes, ...)
T8B10 000:282.779   CPU_ReadMem(4 bytes @ 0xE000EDF0)
T8B10 000:283.072   Data:  01 00 11 01
T8B10 000:283.091   Debug reg: DHCSR
T8B10 000:283.105 - 0.333ms returns 0
T8B10 000:283.120 JLINK_ReadMem(0x40204038, 0x4 Bytes, ...)
T8B10 000:283.133   CPU_ReadMem(4 bytes @ 0x40204038)
T8B10 000:283.660   Data:  04 00 00 00
T8B10 000:283.677 - 0.557ms returns 0
T8B10 000:283.690 JLINK_ReadMem(0xE000EDF0, 0x4 Bytes, ...)
T8B10 000:283.704   CPU_ReadMem(4 bytes @ 0xE000EDF0)
T8B10 000:283.960   Data:  01 00 11 01
T8B10 000:283.974   Debug reg: DHCSR
T8B10 000:283.982 - 0.292ms returns 0
T8B10 000:284.163 JLINK_ReadMem(0xE000EDF0, 0x4 Bytes, ...)
T8B10 000:284.180   CPU_ReadMem(4 bytes @ 0xE000EDF0)
T8B10 000:284.441   Data:  01 00 11 01
T8B10 000:284.458   Debug reg: DHCSR
T8B10 000:284.472 - 0.309ms returns 0
T8B10 000:284.485 JLINK_ReadMem(0x40204030, 0x4 Bytes, ...)
T8B10 000:284.498   CPU_ReadMem(4 bytes @ 0x40204030)
T8B10 000:285.065   Data:  00 00 10 00
T8B10 000:285.081 - 0.595ms returns 0
T8B10 000:286.303 JLINK_SetEndian(ARM_ENDIAN_LITTLE)
T8B10 000:286.320 - 0.017ms returns 0
T8B10 000:286.331 JLINK_SetInitRegsOnReset(OFF)
T8B10 000:286.342 - 0.010ms returns 1
T8B10 000:286.354 JLINK_SetResetType(JLINKARM_CM3_RESET_TYPE_CONNECT_UNDER_RESET)
T8B10 000:286.364 - 0.010ms returns JLINKARM_CM3_RESET_TYPE_NORMAL
T8B10 000:286.379 JLINK_ExecCommand("EnableFlashBPs", ...). 
T8B10 000:286.390 - 0.011ms returns 0x00
T8B10 000:286.405 JLINK_ExecCommand("SetAllowFlashCache = 1", ...). 
T8B10 000:286.422 - 0.017ms returns 0x01
T8B10 000:286.437 JLINK_ExecCommand("SetRestartOnClose = 0", ...). 
T8B10 000:286.448 - 0.011ms returns 0x01
T8B10 000:286.460 JLINK_ExecCommand("SetAllowSimulation = 0", ...). 
T8B10 000:286.472 - 0.011ms returns 0x00
T8B10 000:286.487 JLINK_EnableSoftBPs(ON)
T8B10 000:286.496 - 0.013ms 
T8B10 000:286.510 JLINK_Connect()
T8B10 000:287.322   ConfigTargetSettings() start
T8B10 000:287.338    J-Link Script File: Executing ConfigTargetSettings()
T8B10 000:287.346   Configuring FlashDLNoRMWThreshold=0x200 in order to make sure that option bytes programming is done via read-modify-write
T8B10 000:298.772   ConfigTargetSettings() end - Took 11.4ms
T8B10 000:298.793   InitTarget() start
T8B10 000:298.802    J-Link Script File: Executing InitTarget()
T8B10 000:298.808   Identifying target device...
T8B10 000:298.817   SWD selected. Executing JTAG -> SWD switching sequence...
T8B10 000:299.429   Initializing DAP...
T8B10 000:300.065   DAP initialized successfully.
T8B10 000:300.086   Determining TrustZone configuration...
T8B10 000:300.757     Secure Debug: Enabled (SSD)
T8B10 000:300.929   Determining currently configured transfer type by reading the AHB-AP CSW register.
T8B10 000:301.595     --> Correct transfer type configured. Done.
T8B10 000:303.101   Primary CPU:   CPU0 (CM85), OFS bit=0x00000001
T8B10 000:303.132   Secondary CPU: CPU1 (CM33)
T8B10 000:303.146   Note: Detected primary CPU is based on the 'Device Configuration Information Register for Debug' register. Verify register value if primary/secondary is unexpected (https://kb.segger.com/Renesas_RA8).
T8B10 000:303.168   InitTarget() end - Took 4.36ms
T8B10 000:303.662   Found SW-DP with ID 0x6BA02477
T8B10 000:305.160   DPIDR: 0x6BA02477
T8B10 000:305.176   CoreSight SoC-400 or earlier
T8B10 000:305.186   AP map detection skipped. Manually configured AP map found.
T8B10 000:305.195   AP[0]: AHB-AP (IDR: Not set, ADDR: 0x00000000)
T8B10 000:305.204   AP[1]: APB-AP (IDR: Not set, ADDR: 0x00000000)
T8B10 000:305.212   AP[2]: AHB-AP (IDR: Not set, ADDR: 0x00000000)
T8B10 000:306.929   AP[0]: Core found
T8B10 000:306.993   AP[0]: AHB-AP ROM base: 0xE00FE000
T8B10 000:307.326   CPUID register: 0x411FD231. Implementer code: 0x41 (ARM)
T8B10 000:307.352   Feature set: Mainline
T8B10 000:307.673   Cache: L1 I/D-cache present
T8B10 000:307.689   Found Cortex-M85 r1p1, Little endian.
T8B10 000:307.814   -- Max. mem block: 0x0001D5B0
T8B10 000:307.853   CPU_ReadMem(4 bytes @ 0xE000EDF0)
T8B10 000:308.154   CPU_ReadMem(4 bytes @ 0xE0002000)
T8B10 000:308.411   FPUnit: 8 code (BP) slots and 0 literal slots
T8B10 000:308.423   CPU_ReadMem(4 bytes @ 0xE000EDFC)
T8B10 000:308.656   CPU_ReadMem(4 bytes @ 0xE0001000)
T8B10 000:308.904   CPU_ReadMem(4 bytes @ 0xE0001000)
T8B10 000:309.149   CPU_ReadMem(4 bytes @ 0xE0001028)
T8B10 000:309.412   CPU_ReadMem(4 bytes @ 0xE0001038)
T8B10 000:309.685   CPU_ReadMem(4 bytes @ 0xE0001048)
T8B10 000:309.936   CPU_ReadMem(4 bytes @ 0xE0001058)
T8B10 000:310.190   CPU_ReadMem(4 bytes @ 0xE0001068)
T8B10 000:310.452   CPU_ReadMem(4 bytes @ 0xE0001078)
T8B10 000:310.713   CPU_ReadMem(4 bytes @ 0xE0001088)
T8B10 000:311.013   CPU_ReadMem(4 bytes @ 0xE0001098)
T8B10 000:311.285   CPU_WriteMem(4 bytes @ 0xE0001000)
T8B10 000:311.583   CPU_ReadMem(4 bytes @ 0xE000ED88)
T8B10 000:311.830   CPU_WriteMem(4 bytes @ 0xE000ED88)
T8B10 000:312.100   CPU_ReadMem(4 bytes @ 0xE000ED88)
T8B10 000:312.345   CPU_WriteMem(4 bytes @ 0xE000ED88)
T8B10 000:312.596   CPU_ReadMem(4 bytes @ 0xE000EFB8)
T8B10 000:312.840   Security extension: implemented
T8B10 000:312.851   Secure debug: enabled
T8B10 000:312.863   CPU_ReadMem(4 bytes @ 0xE000ED74)
T8B10 000:313.108   PACBTI extension: implemented
T8B10 000:313.124   CoreSight components:
T8B10 000:313.136   ROMTbl[0] @ E00FE000
T8B10 000:313.149   CPU_ReadMem(64 bytes @ 0xE00FE000)
T8B10 000:313.751   CPU_ReadMem(32 bytes @ 0xE00FFFE0)
T8B10 000:314.173   [0][0]: E00FF000 CID B105100D PID 000BB4D4 ROM Table
T8B10 000:314.192   ROMTbl[1] @ E00FF000
T8B10 000:314.202   CPU_ReadMem(64 bytes @ 0xE00FF000)
T8B10 000:314.800   CPU_ReadMem(32 bytes @ 0xE000EFE0)
T8B10 000:315.217   CPU_ReadMem(4 bytes @ 0xE000EFBC)
T8B10 000:315.472   CPU_ReadMem(4 bytes @ 0xE000EFCC)
T8B10 000:315.728   [1][0]: E000E000 CID B105900D PID 000BBD23 DEVARCH 47702A04 DEVTYPE 00 ???
T8B10 000:315.761   CPU_ReadMem(32 bytes @ 0xE0001FE0)
T8B10 000:316.176   CPU_ReadMem(4 bytes @ 0xE0001FBC)
T8B10 000:316.430   CPU_ReadMem(4 bytes @ 0xE0001FCC)
T8B10 000:316.677   [1][1]: E0001000 CID B105900D PID 000BBD23 DEVARCH 47711A02 DEVTYPE 00 DWT
T8B10 000:316.694   CPU_ReadMem(32 bytes @ 0xE0002FE0)
T8B10 000:317.093   CPU_ReadMem(4 bytes @ 0xE0002FBC)
T8B10 000:317.354   CPU_ReadMem(4 bytes @ 0xE0002FCC)
T8B10 000:317.594   [1][2]: E0002000 CID B105900D PID 000BBD23 DEVARCH 47701A03 DEVTYPE 00 FPB
T8B10 000:317.606   CPU_ReadMem(32 bytes @ 0xE0000FE0)
T8B10 000:318.123   CPU_ReadMem(4 bytes @ 0xE0000FBC)
T8B10 000:318.379   CPU_ReadMem(4 bytes @ 0xE0000FCC)
T8B10 000:318.642   [1][3]: E0000000 CID B105900D PID 000BBD23 DEVARCH 47701A01 DEVTYPE 43 ITM
T8B10 000:318.658   CPU_ReadMem(32 bytes @ 0xE0041FE0)
T8B10 000:319.086   CPU_ReadMem(4 bytes @ 0xE0041FBC)
T8B10 000:319.334   CPU_ReadMem(4 bytes @ 0xE0041FCC)
T8B10 000:319.578   [1][5]: E0041000 CID B105900D PID 004BBD23 DEVARCH 47754A13 DEVTYPE 13 ETM
T8B10 000:319.597   CPU_ReadMem(32 bytes @ 0xE0003FE0)
T8B10 000:320.007   CPU_ReadMem(4 bytes @ 0xE0003FBC)
T8B10 000:320.244   CPU_ReadMem(4 bytes @ 0xE0003FCC)
T8B10 000:320.490   [1][6]: E0003000 CID B105900D PID 000BBD23 DEVARCH 47700A06 DEVTYPE 16 ???
T8B10 000:320.501   CPU_ReadMem(32 bytes @ 0xE0042FE0)
T8B10 000:320.903   CPU_ReadMem(4 bytes @ 0xE0042FBC)
T8B10 000:321.156   CPU_ReadMem(4 bytes @ 0xE0042FCC)
T8B10 000:321.414   [1][7]: E0042000 CID B105900D PID 000BBD23 DEVARCH 47701A14 DEVTYPE 14 CSS600-CTI
T8B10 000:321.434   CPU_ReadMem(32 bytes @ 0xE0040FE0)
T8B10 000:321.857   [0][1]: E0040000 CID 05900D00 PID 0BBD23B1 ???
T8B10 000:321.875   CPU_WriteMem(4 bytes @ 0xE000ED84)
T8B10 000:322.145   CPU_ReadMem(4 bytes @ 0xE000ED80)
T8B10 000:322.628   I-Cache L1: 16 KB, 256 Sets, 32 Bytes/Line, 2-Way
T8B10 000:322.664   CPU_WriteMem(4 bytes @ 0xE000ED84)
T8B10 000:322.960   CPU_ReadMem(4 bytes @ 0xE000ED80)
T8B10 000:323.235   D-Cache L1: 16 KB, 128 Sets, 32 Bytes/Line, 4-Way
T8B10 000:323.258 - 36.746ms returns 0x00
T8B10 000:323.796 JLINK_Halt()
T8B10 000:327.367 - 3.570ms returns 0x00
T8B10 000:327.386 JLINK_IsHalted()
T8B10 000:327.394 - 0.007ms returns TRUE
T8B10 000:327.402 JLINK_ResetPullsRESET(ON)
T8B10 000:327.408 - 0.006ms 
T8B10 000:327.418 JLINK_Reset()
T8B10 000:327.440   ResetTarget() start
T8B10 000:327.455    J-Link Script File: Executing ResetTarget()
T8B10 000:328.197   CPU_ReadMem(4 bytes @ 0xE000ED44)
T8B10 000:328.485   CPU_ReadMem(4 bytes @ 0xE000EE08)
T8B10 000:328.751   CPU_WriteMem(4 bytes @ 0xE000EE08)
T8B10 000:329.062   CPU_ReadMem(4 bytes @ 0xE000EE08)
T8B10 000:329.301   Reset: ARMv8M core with Security Extension enabled detected. Switch to secure domain.
T8B10 000:329.311   Reset: Halt core after reset via DEMCR.VC_CORERESET.
T8B10 000:329.323   CPU_WriteMem(4 bytes @ 0xE000EDF0)
T8B10 000:329.584   CPU_WriteMem(4 bytes @ 0xE000EDFC)
T8B10 000:330.065   Reset: Reset device via AIRCR.SYSRESETREQ.
T8B10 000:330.087   CPU_WriteMem(4 bytes @ 0xE000ED0C)
T8B10 000:381.634   CPU_ReadMem(4 bytes @ 0xE000EDF0)
T8B10 000:381.987   CPU_ReadMem(4 bytes @ 0xE000EDF0)
T8B10 000:382.267   CPU_WriteMem(4 bytes @ 0xE000EDFC)
T8B10 000:382.547   ResetTarget() end - Took 55.0ms
T8B10 000:382.563   Device specific reset executed.
T8B10 000:386.169   CPU_WriteMem(4 bytes @ 0xE0002000)
T8B10 000:386.464   CPU_ReadMem(4 bytes @ 0xE000EDFC)
T8B10 000:386.724   CPU_ReadMem(4 bytes @ 0xE0001000)
T8B10 000:386.988   CPU_ReadMem(4 bytes @ 0xE000EE08)
T8B10 000:387.287 - 59.868ms 
T8B10 000:387.931 JLINK_ReadMem(0xE000EDF0, 0x4 Bytes, ...)
T8B10 000:387.959   CPU_ReadMem(4 bytes @ 0xE000EDF0)
T8B10 000:388.243   Data:  03 00 13 00
T8B10 000:388.269   Debug reg: DHCSR
T8B10 000:388.284 - 0.353ms returns 0
T8B10 000:388.300 JLINK_IsHalted()
T8B10 000:388.311 - 0.010ms returns TRUE
T8B10 000:391.238 JLINK_IsHalted()
T8B10 000:391.257 - 0.018ms returns TRUE
T8B10 000:391.270 JLINK_ReadMem(0xE000EDF0, 0x4 Bytes, ...)
T8B10 000:391.281   CPU_ReadMem(4 bytes @ 0xE000EDF0)
T8B10 000:391.548   Data:  03 00 13 00
T8B10 000:391.560   Debug reg: DHCSR
T8B10 000:391.569 - 0.299ms returns 0
T8B10 000:391.578 JLINK_ReadMem(0x40204038, 0x4 Bytes, ...)
T8B10 000:391.587   CPU_ReadMem(4 bytes @ 0x40204038)
T8B10 000:392.112   Data:  04 00 00 00
T8B10 000:392.126 - 0.548ms returns 0
T8B10 000:392.137 JLINK_ReadMem(0xE000EDF0, 0x4 Bytes, ...)
T8B10 000:392.145   CPU_ReadMem(4 bytes @ 0xE000EDF0)
T8B10 000:392.431   Data:  03 00 13 00
T8B10 000:392.455   Debug reg: DHCSR
T8B10 000:392.469 - 0.331ms returns 0
T8B10 000:392.506 JLINK_MeasureCPUSpeed(RAMAddr = 0x22000000)
T8B10 000:392.520   CPU_ReadMem(16 bytes @ 0x22000000)
T8B10 000:393.127   CPU_ReadMem(4 bytes @ 0xE000EDFC)
T8B10 000:393.398   CPU_ReadMem(4 bytes @ 0xE0001000)
T8B10 000:393.717   CPU_ReadMem(6 bytes @ 0x22000000)
T8B10 000:394.279   CPU_ReadMem(4 bytes @ 0xE000ED90)
T8B10 000:394.551   CPU_ReadMem(4 bytes @ 0xE000ED94)
T8B10 000:394.827   CPU_WriteMem(16 bytes @ 0x22000000)
T8B10 000:395.451   CPU_WriteMem(6 bytes @ 0x22000000)
T8B10 000:396.077   CPU_ReadMem(6 bytes @ 0x22000000)
T8B10 000:396.692   CPU_ReadMem(4 bytes @ 0xE000EE08)
T8B10 000:396.990   CPU_WriteMem(4 bytes @ 0xE0002008)
T8B10 000:397.008   CPU_WriteMem(4 bytes @ 0xE000200C)
T8B10 000:397.017   CPU_WriteMem(4 bytes @ 0xE0002010)
T8B10 000:397.026   CPU_WriteMem(4 bytes @ 0xE0002014)
T8B10 000:397.036   CPU_WriteMem(4 bytes @ 0xE0002018)
T8B10 000:397.044   CPU_WriteMem(4 bytes @ 0xE000201C)
T8B10 000:397.053   CPU_WriteMem(4 bytes @ 0xE0002020)
T8B10 000:397.061   CPU_WriteMem(4 bytes @ 0xE0002024)
T8B10 000:398.434   CPU_WriteMem(4 bytes @ 0xE0001004)
T8B10 000:404.947   CPU_ReadMem(4 bytes @ 0xE0001004)
T8B10 000:405.270   CPU_ReadMem(4 bytes @ 0xE000EE08)
T8B10 000:405.544   CPU_WriteMem(4 bytes @ 0xE0002008)
T8B10 000:405.987   CPU_WriteMem(4 bytes @ 0xE000200C)
T8B10 000:406.274   CPU_WriteMem(4 bytes @ 0xE0002010)
T8B10 000:406.582   CPU_WriteMem(4 bytes @ 0xE0002014)
T8B10 000:406.846   CPU_WriteMem(4 bytes @ 0xE0002018)
T8B10 000:407.107   CPU_WriteMem(4 bytes @ 0xE000201C)
T8B10 000:407.389   CPU_WriteMem(4 bytes @ 0xE0002020)
T8B10 000:407.660   CPU_WriteMem(4 bytes @ 0xE0002024)
T8B10 000:407.916   CPU_ReadMem(4 bytes @ 0xE000EE08)
T8B10 000:408.155   CPU_ReadMem(4 bytes @ 0xE000EE08)
T8B10 000:408.411   CPU_WriteMem(4 bytes @ 0xE0001004)
T8B10 000:434.038   CPU_ReadMem(4 bytes @ 0xE0001004)
T8B10 000:434.447   CPU_WriteMem(6 bytes @ 0x22000000)
T8B10 000:435.099   ClockFreq: 8373800 Hz
T8B10 000:435.129 - 42.622ms returns 8373800
T8B10 000:435.865 JLINK_ReadReg(XPSR)
T8B10 000:435.896   CPU_ReadMem(4 bytes @ 0xE000EE08)
T8B10 000:436.245 - 0.379ms returns 0x01000000
T7F84 000:473.527 JLINK_WriteMem(0x220E98D0, 0x4 Bytes, ...)
T7F84 000:473.558   Data:  00 00 00 00
T7F84 000:474.203   CPU_WriteMem(4 bytes @ 0x220E98D0)
T7F84 000:474.933 - 1.406ms returns 0x4
T7F84 000:474.964 JLINK_ReadMem(0x220E98D0, 0x4 Bytes, ...)
T7F84 000:474.976   CPU_ReadMem(4 bytes @ 0x220E98D0)
T7F84 000:475.534   Data:  00 00 00 00
T7F84 000:475.556 - 0.592ms returns 0
T7F84 000:475.569 JLINK_ReadMem(0x220E98AC, 0x4 Bytes, ...)
T7F84 000:475.580   CPU_ReadMem(4 bytes @ 0x220E98AC)
T7F84 000:476.128   Data:  00 00 00 00
T7F84 000:476.150 - 0.580ms returns 0
T7F84 000:476.163 JLINK_ReadMem(0x020B6048, 0x4 Bytes, ...)
T7F84 000:476.175   CPU_ReadMem(64 bytes @ 0x020B6040)
T7F84 000:477.127    -- Updating C cache (64 bytes @ 0x020B6040)
T7F84 000:477.145    -- Read from C cache (4 bytes @ 0x020B6048)
T7F84 000:477.155   Data:  CA A9 DA A9
T7F84 000:477.164 - 1.000ms returns 0
T7F84 001:994.335 JLINK_ResetPullsRESET(ON)
T7F84 001:994.387 - 0.052ms 
T7F84 001:994.400 JLINK_Halt()
T7F84 001:994.822 - 0.421ms returns 0x00
T7F84 001:994.856 JLINK_IsHalted()
T7F84 001:994.868 - 0.012ms returns TRUE
T7F84 001:994.879 JLINK_Reset()
T7F84 001:994.900   ResetTarget() start
T7F84 001:994.915    J-Link Script File: Executing ResetTarget()
T7F84 001:995.844   CPU_ReadMem(4 bytes @ 0xE000ED44)
T7F84 001:996.141   CPU_ReadMem(4 bytes @ 0xE000EE08)
T7F84 001:996.430   CPU_WriteMem(4 bytes @ 0xE000EE08)
T7F84 001:996.703   CPU_ReadMem(4 bytes @ 0xE000EE08)
T7F84 001:996.947   Reset: ARMv8M core with Security Extension enabled detected. Switch to secure domain.
T7F84 001:996.960   Reset: Halt core after reset via DEMCR.VC_CORERESET.
T7F84 001:996.973   CPU_WriteMem(4 bytes @ 0xE000EDF0)
T7F84 001:997.255   CPU_WriteMem(4 bytes @ 0xE000EDFC)
T7F84 001:997.717   Reset: Reset device via AIRCR.SYSRESETREQ.
T7F84 001:997.736   CPU_WriteMem(4 bytes @ 0xE000ED0C)
T7F84 002:049.539   CPU_ReadMem(4 bytes @ 0xE000EDF0)
T7F84 002:049.914   CPU_ReadMem(4 bytes @ 0xE000EDF0)
T7F84 002:050.239   CPU_WriteMem(4 bytes @ 0xE000EDFC)
T7F84 002:050.521   ResetTarget() end - Took 55.6ms
T7F84 002:050.535   Device specific reset executed.
T7F84 002:054.039   CPU_WriteMem(4 bytes @ 0xE0002000)
T7F84 002:054.342   CPU_ReadMem(4 bytes @ 0xE000EDFC)
T7F84 002:054.713   CPU_ReadMem(4 bytes @ 0xE0001000)
T7F84 002:054.975   CPU_ReadMem(4 bytes @ 0xE000EE08)
T7F84 002:055.238 - 60.359ms 
T7F84 002:055.277 JLINK_SetEndian(ARM_ENDIAN_LITTLE)
T7F84 002:055.288 - 0.011ms returns 0
T7F84 002:055.853 JLINK_BeginDownload(Flags = 0x00000000)
T7F84 002:055.873 - 0.020ms 
T7F84 002:084.580 JLINK_ReadMem(0xE000EDF0, 0x4 Bytes, ...)
T7F84 002:084.624   CPU_ReadMem(4 bytes @ 0xE000EDF0)
T7F84 002:084.936   Data:  03 00 13 00
T7F84 002:084.968   Debug reg: DHCSR
T7F84 002:084.983 - 0.403ms returns 0
T7F84 002:086.864 JLINK_WriteMem(0x02000000, 0x78 Bytes, ...)
T7F84 002:086.882   Data:  20 47 00 22 81 E1 00 02 69 DF 00 02 8B E1 00 02 ...
T7F84 002:087.405   completely In flash
T7F84 002:087.428 - 0.563ms returns 0x78
T7F84 002:087.795 JLINK_WriteMem(0x02000078, 0x2BA Bytes, ...)
T7F84 002:087.818   Data:  08 30 42 00 03 31 13 00 03 31 03 00 00 30 00 00 ...
T7F84 002:087.841   completely In flash
T7F84 002:087.858 - 0.062ms returns 0x2BA
T7F84 002:088.584 JLINK_WriteMem(0x02000340, 0xBB0 Bytes, ...)
T7F84 002:088.616   Data:  2D E9 F0 43 85 B0 18 46 15 46 88 46 01 24 08 21 ...
T7F84 002:088.646   completely In flash
T7F84 002:088.719 - 0.134ms returns 0xBB0
T7F84 002:089.286 JLINK_WriteMem(0x02000EF0, 0xBD0 Bytes, ...)
T7F84 002:089.303   Data:  0B 21 C2 F2 07 22 10 44 29 90 08 68 44 F2 E4 31 ...
T7F84 002:089.321   completely In flash
T7F84 002:089.331 - 0.045ms returns 0xBD0
T7F84 002:089.799 JLINK_WriteMem(0x02001AC0, 0xBC0 Bytes, ...)
T7F84 002:089.826   Data:  12 54 CD E9 14 64 06 26 CD E9 01 64 09 F0 21 FA ...
T7F84 002:089.883   completely In flash
T7F84 002:089.905 - 0.106ms returns 0xBC0
T7F84 002:090.434 JLINK_WriteMem(0x02002680, 0xBA0 Bytes, ...)
T7F84 002:090.453   Data:  F7 F2 22 44 44 89 02 FB 05 F7 05 68 42 69 0E FB ...
T7F84 002:090.482   completely In flash
T7F84 002:090.499 - 0.065ms returns 0xBA0
T7F84 002:091.300 JLINK_WriteMem(0x02003220, 0xBC0 Bytes, ...)
T7F84 002:091.321   Data:  02 29 15 D0 01 29 30 D1 01 7A 89 06 20 D5 C0 68 ...
T7F84 002:091.342   completely In flash
T7F84 002:091.355 - 0.056ms returns 0xBC0
T7F84 002:091.796 JLINK_WriteMem(0x02003DE0, 0xBD0 Bytes, ...)
T7F84 002:091.817   Data:  C0 F2 12 02 11 44 01 22 BF F3 4F 8F 02 EB 51 1E ...
T7F84 002:091.836   completely In flash
T7F84 002:091.852 - 0.056ms returns 0xBD0
T7F84 002:092.301 JLINK_WriteMem(0x020049B0, 0xBD0 Bytes, ...)
T7F84 002:092.319   Data:  90 42 CD F8 30 A0 C8 BF A2 EB 06 0A B9 F1 00 0F ...
T7F84 002:092.342   completely In flash
T7F84 002:092.355 - 0.054ms returns 0xBD0
T7F84 002:092.842 JLINK_WriteMem(0x02005580, 0xBD0 Bytes, ...)
T7F84 002:092.871   Data:  20 21 C5 F8 34 31 04 23 85 F8 E9 30 C5 F8 2C 11 ...
T7F84 002:092.902   completely In flash
T7F84 002:092.928 - 0.087ms returns 0xBD0
T7F84 002:093.364 JLINK_WriteMem(0x02006150, 0xBE0 Bytes, ...)
T7F84 002:093.384   Data:  1A 43 0A 60 71 44 01 61 00 21 81 61 C1 69 01 39 ...
T7F84 002:093.399   completely In flash
T7F84 002:093.409 - 0.045ms returns 0xBE0
T7F84 002:093.881 JLINK_WriteMem(0x02006D30, 0xBC0 Bytes, ...)
T7F84 002:093.900   Data:  01 39 19 44 BE F1 00 0F 4F EA 01 31 4F F4 80 34 ...
T7F84 002:093.917   completely In flash
T7F84 002:093.932 - 0.050ms returns 0xBC0
T7F84 002:094.321 JLINK_WriteMem(0x020078F0, 0xBD0 Bytes, ...)
T7F84 002:094.336   Data:  18 98 00 29 00 F5 00 41 18 91 1B DC 48 F2 01 01 ...
T7F84 002:094.348   completely In flash
T7F84 002:094.358 - 0.037ms returns 0xBD0
T7F84 002:094.766 JLINK_WriteMem(0x020084C0, 0xBD0 Bytes, ...)
T7F84 002:094.783   Data:  00 E0 10 1A 11 90 00 20 33 9B 15 90 CD F8 3C A0 ...
T7F84 002:094.798   completely In flash
T7F84 002:094.810 - 0.044ms returns 0xBD0
T7F84 002:095.153 JLINK_WriteMem(0x02009090, 0xBD0 Bytes, ...)
T7F84 002:095.171   Data:  C2 3F 28 BF 01 F5 80 41 01 F5 80 53 28 BF A0 EB ...
T7F84 002:095.184   completely In flash
T7F84 002:095.194 - 0.041ms returns 0xBD0
T7F84 002:095.589 JLINK_WriteMem(0x02009C60, 0xBC0 Bytes, ...)
T7F84 002:095.604   Data:  BC 01 01 38 C4 F8 BC 01 03 DC D4 F8 C0 11 20 46 ...
T7F84 002:095.619   completely In flash
T7F84 002:095.634 - 0.045ms returns 0xBC0
T7F84 002:096.077 JLINK_WriteMem(0x0200A820, 0xBC0 Bytes, ...)
T7F84 002:096.095   Data:  05 D0 41 28 16 D1 02 21 4F F4 40 10 10 E0 04 21 ...
T7F84 002:096.110   completely In flash
T7F84 002:096.124 - 0.047ms returns 0xBC0
T7F84 002:096.542 JLINK_WriteMem(0x0200B3E0, 0xBD0 Bytes, ...)
T7F84 002:096.561   Data:  05 C8 29 E0 4E F6 80 50 00 21 CE F2 00 00 43 F6 ...
T7F84 002:096.580   completely In flash
T7F84 002:096.597 - 0.055ms returns 0xBD0
T7F84 002:097.033 JLINK_WriteMem(0x0200BFB0, 0xBC0 Bytes, ...)
T7F84 002:097.052   Data:  60 68 00 EB C1 02 50 F8 31 30 92 88 D8 03 4F EA ...
T7F84 002:097.068   completely In flash
T7F84 002:097.081 - 0.048ms returns 0xBC0
T7F84 002:097.474 JLINK_WriteMem(0x0200CB70, 0xBD0 Bytes, ...)
T7F84 002:097.567   Data:  00 00 40 F4 80 30 CA F8 00 00 D5 F8 84 00 95 F8 ...
T7F84 002:097.587   completely In flash
T7F84 002:097.600 - 0.126ms returns 0xBD0
T7F84 002:097.937 JLINK_WriteMem(0x0200D740, 0xBC0 Bytes, ...)
T7F84 002:097.982   Data:  90 F9 04 30 42 F8 23 10 4E F6 68 71 90 F9 04 00 ...
T7F84 002:097.996   completely In flash
T7F84 002:098.006 - 0.069ms returns 0xBC0
T7F84 002:098.341 JLINK_WriteMem(0x0200E300, 0xBB0 Bytes, ...)
T7F84 002:098.357   Data:  FA DC 00 20 20 70 00 BF 20 78 3F 28 FC D8 01 20 ...
T7F84 002:098.371   completely In flash
T7F84 002:098.384 - 0.043ms returns 0xBB0
T7F84 002:098.818 JLINK_WriteMem(0x0200EEB0, 0xBB0 Bytes, ...)
T7F84 002:098.836   Data:  E1 6B 88 42 4F F0 00 00 AE D2 20 46 01 99 4A 46 ...
T7F84 002:098.854   completely In flash
T7F84 002:098.870 - 0.053ms returns 0xBB0
T7F84 002:099.216 JLINK_WriteMem(0x0200FA60, 0xBC0 Bytes, ...)
T7F84 002:099.232   Data:  E7 69 6F 60 75 68 95 42 01 D1 22 6A 72 60 A1 62 ...
T7F84 002:099.243   completely In flash
T7F84 002:099.254 - 0.038ms returns 0xBC0
T7F84 002:099.627 JLINK_WriteMem(0x02010620, 0xBB0 Bytes, ...)
T7F84 002:099.642   Data:  00 22 08 E0 49 F6 98 20 C2 F2 0E 20 00 68 00 68 ...
T7F84 002:099.654   completely In flash
T7F84 002:099.664 - 0.037ms returns 0xBB0
T7F84 002:100.032 JLINK_WriteMem(0x020111D0, 0xBD0 Bytes, ...)
T7F84 002:100.049   Data:  B1 82 01 37 9D F8 38 00 DF F8 78 15 00 07 DF F8 ...
T7F84 002:100.066   completely In flash
T7F84 002:100.076 - 0.043ms returns 0xBD0
T7F84 002:100.519 JLINK_WriteMem(0x02011DA0, 0xBD0 Bytes, ...)
T7F84 002:100.545   Data:  0C 46 58 46 41 46 00 F0 8E F8 88 46 13 99 11 9A ...
T7F84 002:100.563   completely In flash
T7F84 002:100.580 - 0.062ms returns 0xBD0
T7F84 002:100.956 JLINK_WriteMem(0x02012970, 0xBC0 Bytes, ...)
T7F84 002:100.974   Data:  00 00 00 00 00 00 00 00 00 00 00 00 00 00 00 00 ...
T7F84 002:100.991   completely In flash
T7F84 002:101.007 - 0.051ms returns 0xBC0
T7F84 002:101.385 JLINK_WriteMem(0x02013530, 0xBD0 Bytes, ...)
T7F84 002:101.398   Data:  B8 2E 06 03 80 65 27 09 1F B9 D6 D7 00 00 A0 62 ...
T7F84 002:101.412   completely In flash
T7F84 002:101.422 - 0.037ms returns 0xBD0
T7F84 002:101.795 JLINK_WriteMem(0x02014100, 0xBC0 Bytes, ...)
T7F84 002:101.813   Data:  00 00 00 00 00 00 00 00 00 00 00 00 00 00 00 00 ...
T7F84 002:101.835   completely In flash
T7F84 002:101.855 - 0.060ms returns 0xBC0
T7F84 002:102.226 JLINK_WriteMem(0x02014CC0, 0xBD0 Bytes, ...)
T7F84 002:102.240   Data:  B8 FF 72 00 58 73 23 DE 91 04 BF 9B DB F5 E6 A1 ...
T7F84 002:102.252   completely In flash
T7F84 002:102.262 - 0.036ms returns 0xBD0
T7F84 002:102.676 JLINK_WriteMem(0x02015890, 0xBC0 Bytes, ...)
T7F84 002:102.693   Data:  6D 74 EF 8A 87 57 00 18 CA 0F F9 CE 62 12 BF 33 ...
T7F84 002:102.711   completely In flash
T7F84 002:102.726 - 0.050ms returns 0xBC0
T7F84 002:103.270 JLINK_WriteMem(0x02016450, 0xBC0 Bytes, ...)
T7F84 002:103.289   Data:  B1 57 7B E0 6E D4 5F 18 16 EA 12 09 60 03 02 C1 ...
T7F84 002:103.307   completely In flash
T7F84 002:103.321 - 0.051ms returns 0xBC0
T7F84 002:103.761 JLINK_WriteMem(0x02017010, 0xBC0 Bytes, ...)
T7F84 002:103.778   Data:  4C D7 00 BA 2F 73 FB 30 44 85 2C A8 0F 4A CD 1A ...
T7F84 002:103.793   completely In flash
T7F84 002:103.803 - 0.042ms returns 0xBC0
T7F84 002:104.222 JLINK_WriteMem(0x02017BD0, 0xBC0 Bytes, ...)
T7F84 002:104.240   Data:  A7 51 02 5E 2A F5 94 FD ED 1D 00 CA C3 F1 4C CE ...
T7F84 002:104.255   completely In flash
T7F84 002:104.269 - 0.047ms returns 0xBC0
T7F84 002:104.586 JLINK_WriteMem(0x02018790, 0xBE0 Bytes, ...)
T7F84 002:104.599   Data:  57 36 85 94 24 14 00 9E 52 F5 B9 4E 27 83 06 00 ...
T7F84 002:104.610   completely In flash
T7F84 002:104.620 - 0.034ms returns 0xBE0
T7F84 002:104.933 JLINK_WriteMem(0x02019370, 0xBE0 Bytes, ...)
T7F84 002:104.946   Data:  00 00 00 00 00 00 00 00 00 00 00 00 00 00 00 00 ...
T7F84 002:105.006   completely In flash
T7F84 002:105.016 - 0.083ms returns 0xBE0
T7F84 002:105.479 JLINK_WriteMem(0x02019F50, 0xBC0 Bytes, ...)
T7F84 002:105.503   Data:  AF 4A AB 5C F9 6F E6 4D 71 3A 1A FE CF 1B 93 9D ...
T7F84 002:105.524   completely In flash
T7F84 002:105.542 - 0.063ms returns 0xBC0
T7F84 002:105.992 JLINK_WriteMem(0x0201AB10, 0xBC0 Bytes, ...)
T7F84 002:106.010   Data:  FC 6D AD 59 E2 55 F7 F5 42 A9 C4 F3 B3 7C 3D 95 ...
T7F84 002:106.032   completely In flash
T7F84 002:106.048 - 0.056ms returns 0xBC0
T7F84 002:106.418 JLINK_WriteMem(0x0201B6D0, 0xBC0 Bytes, ...)
T7F84 002:106.437   Data:  79 26 6B F9 FF FF FF CC 40 43 50 26 9D 02 00 00 ...
T7F84 002:106.457   completely In flash
T7F84 002:106.470 - 0.053ms returns 0xBC0
T7F84 002:107.189 JLINK_WriteMem(0x0201C290, 0xBC0 Bytes, ...)
T7F84 002:107.208   Data:  BB 1F AA 04 CC 61 5F 3C 77 AE E9 47 79 74 3E 9B ...
T7F84 002:107.225   completely In flash
T7F84 002:107.240 - 0.051ms returns 0xBC0
T7F84 002:108.025 JLINK_WriteMem(0x0201CE50, 0xBB0 Bytes, ...)
T7F84 002:108.048   Data:  E3 2D 04 CA 4E 5A 61 ED E4 4C 39 A7 64 85 82 B6 ...
T7F84 002:108.065   completely In flash
T7F84 002:108.080 - 0.055ms returns 0xBB0
T7F84 002:108.739 JLINK_WriteMem(0x0201DA00, 0xBB0 Bytes, ...)
T7F84 002:108.762   Data:  3D E8 C8 FB AC 99 1E 15 22 6A DD 47 0D 75 3F 5B ...
T7F84 002:108.807   completely In flash
T7F84 002:108.825 - 0.086ms returns 0xBB0
T7F84 002:109.287 JLINK_WriteMem(0x0201E5B0, 0xBB0 Bytes, ...)
T7F84 002:109.310   Data:  E6 73 15 50 D1 F7 8C CD 84 48 A7 0C F6 93 64 C6 ...
T7F84 002:109.332   completely In flash
T7F84 002:109.352 - 0.065ms returns 0xBB0
T7F84 002:109.776 JLINK_WriteMem(0x0201F160, 0xBC0 Bytes, ...)
T7F84 002:109.795   Data:  40 E3 20 F6 9F FB A2 1E 6F A4 95 A5 47 9C 17 84 ...
T7F84 002:109.816   completely In flash
T7F84 002:109.832 - 0.056ms returns 0xBC0
T7F84 002:110.300 JLINK_WriteMem(0x0201FD20, 0xBB0 Bytes, ...)
T7F84 002:110.318   Data:  01 81 18 0A 66 B7 BF 3A 61 B8 CD FA 27 35 B5 42 ...
T7F84 002:110.336   completely In flash
T7F84 002:110.352 - 0.052ms returns 0xBB0
T7F84 002:110.999 JLINK_WriteMem(0x020208D0, 0xBB0 Bytes, ...)
T7F84 002:111.016   Data:  26 9F 30 75 DA B3 CB D4 1D A7 58 C5 7D 36 87 9C ...
T7F84 002:111.028   completely In flash
T7F84 002:111.041 - 0.042ms returns 0xBB0
T7F84 002:111.555 JLINK_WriteMem(0x02021480, 0xBB0 Bytes, ...)
T7F84 002:111.577   Data:  3C 9D 97 7E D6 0B 7B 2E 8C 26 06 7A 8C 62 6A FB ...
T7F84 002:111.596   completely In flash
T7F84 002:111.612 - 0.057ms returns 0xBB0
T7F84 002:112.051 JLINK_WriteMem(0x02022030, 0xBC0 Bytes, ...)
T7F84 002:112.071   Data:  55 54 C7 06 42 3A B1 16 95 CC 9E C3 20 BF 02 94 ...
T7F84 002:112.090   completely In flash
T7F84 002:112.105 - 0.054ms returns 0xBC0
T7F84 002:112.530 JLINK_WriteMem(0x02022BF0, 0xBC0 Bytes, ...)
T7F84 002:112.550   Data:  B2 11 37 71 AD A8 B7 A1 4E 2A 90 03 C4 EF 75 78 ...
T7F84 002:112.566   completely In flash
T7F84 002:112.581 - 0.051ms returns 0xBC0
T7F84 002:113.031 JLINK_WriteMem(0x020237B0, 0xBC0 Bytes, ...)
T7F84 002:113.050   Data:  F1 C6 7A CA 75 5F ED A7 E0 96 53 6C F4 8E 97 FB ...
T7F84 002:113.065   completely In flash
T7F84 002:113.081 - 0.050ms returns 0xBC0
T7F84 002:113.506 JLINK_WriteMem(0x02024370, 0xBC0 Bytes, ...)
T7F84 002:113.526   Data:  AE CB 3B 13 4B 2D AD 48 36 75 56 EE D5 EC 15 CD ...
T7F84 002:113.543   completely In flash
T7F84 002:113.557 - 0.050ms returns 0xBC0
T7F84 002:114.044 JLINK_WriteMem(0x02024F30, 0xBE0 Bytes, ...)
T7F84 002:114.061   Data:  20 40 00 00 C0 6A 00 00 21 40 00 00 A0 3C 00 00 ...
T7F84 002:114.075   completely In flash
T7F84 002:114.089 - 0.044ms returns 0xBE0
T7F84 002:114.460 JLINK_WriteMem(0x02025B10, 0xBE0 Bytes, ...)
T7F84 002:114.476   Data:  00 00 00 00 00 00 00 00 00 00 00 00 00 00 00 00 ...
T7F84 002:114.492   completely In flash
T7F84 002:114.507 - 0.047ms returns 0xBE0
T7F84 002:114.947 JLINK_WriteMem(0x020266F0, 0xBD0 Bytes, ...)
T7F84 002:114.963   Data:  00 00 00 00 00 00 00 00 00 00 00 00 00 00 00 00 ...
T7F84 002:114.979   completely In flash
T7F84 002:114.993 - 0.045ms returns 0xBD0
T7F84 002:115.416 JLINK_WriteMem(0x020272C0, 0xBB0 Bytes, ...)
T7F84 002:115.442   Data:  EF 57 2D 93 6B 0A FD 7D 71 A7 3E 67 37 FA 47 B5 ...
T7F84 002:115.551   completely In flash
T7F84 002:115.566 - 0.150ms returns 0xBB0
T7F84 002:116.018 JLINK_WriteMem(0x02027E70, 0xBC0 Bytes, ...)
T7F84 002:116.039   Data:  75 A3 AF 3D 9D 90 99 29 4A DF B2 40 0A 43 B4 FD ...
T7F84 002:116.059   completely In flash
T7F84 002:116.069 - 0.052ms returns 0xBC0
T7F84 002:116.491 JLINK_WriteMem(0x02028A30, 0xBC0 Bytes, ...)
T7F84 002:116.513   Data:  14 E0 6C 26 75 D0 FF FF FF 80 4D F5 54 27 5B F4 ...
T7F84 002:116.533   completely In flash
T7F84 002:116.544 - 0.053ms returns 0xBC0
T7F84 002:116.962 JLINK_WriteMem(0x020295F0, 0xBB0 Bytes, ...)
T7F84 002:116.980   Data:  B6 0F BB 1C D9 FA 53 39 0E CF BB 75 FD FB 93 AC ...
T7F84 002:116.995   completely In flash
T7F84 002:117.009 - 0.046ms returns 0xBB0
T7F84 002:117.442 JLINK_WriteMem(0x0202A1A0, 0xBB0 Bytes, ...)
T7F84 002:117.457   Data:  AE 4F FC 71 65 C3 2E 69 30 8A 9A D5 97 D1 BB 72 ...
T7F84 002:117.478   completely In flash
T7F84 002:117.491 - 0.049ms returns 0xBB0
T7F84 002:117.920 JLINK_WriteMem(0x0202AD50, 0xBB0 Bytes, ...)
T7F84 002:117.940   Data:  77 2A 8E 16 00 00 00 AE 94 A3 7F 29 3C ED FF FF ...
T7F84 002:117.963   completely In flash
T7F84 002:117.978 - 0.058ms returns 0xBB0
T7F84 002:118.506 JLINK_WriteMem(0x0202B900, 0xBC0 Bytes, ...)
T7F84 002:118.526   Data:  40 04 00 00 00 3D 4B 7D 43 25 0E FF FF FF FF 42 ...
T7F84 002:118.542   completely In flash
T7F84 002:118.555 - 0.049ms returns 0xBC0
T7F84 002:118.979 JLINK_WriteMem(0x0202C4C0, 0xBB0 Bytes, ...)
T7F84 002:119.004   Data:  5C 1D 51 05 0F FD D0 B7 F7 83 83 70 99 AB 08 D4 ...
T7F84 002:119.028   completely In flash
T7F84 002:119.039 - 0.059ms returns 0xBB0
T7F84 002:119.496 JLINK_WriteMem(0x0202D070, 0xBC0 Bytes, ...)
T7F84 002:119.532   Data:  A0 56 82 8B 06 D4 24 68 EF 67 DB A7 15 5B B6 47 ...
T7F84 002:119.566   completely In flash
T7F84 002:119.590 - 0.093ms returns 0xBC0
T7F84 002:120.381 JLINK_WriteMem(0x0202DC30, 0xBB0 Bytes, ...)
T7F84 002:120.413   Data:  84 D4 6C E5 81 1E 01 7B 3F E3 EC 2F DD BE 38 CE ...
T7F84 002:120.435   completely In flash
T7F84 002:120.449 - 0.068ms returns 0xBB0
T7F84 002:120.913 JLINK_WriteMem(0x0202E7E0, 0xBB0 Bytes, ...)
T7F84 002:120.932   Data:  7B FF 2F 14 8E 21 F2 7D BF B5 7F 23 4B A2 16 5D ...
T7F84 002:120.951   completely In flash
T7F84 002:120.960 - 0.048ms returns 0xBB0
T7F84 002:121.336 JLINK_WriteMem(0x0202F390, 0xBC0 Bytes, ...)
T7F84 002:121.355   Data:  25 61 7A 01 95 E9 F4 B8 C1 1B 2F FD 98 AA C9 8F ...
T7F84 002:121.371   completely In flash
T7F84 002:121.391 - 0.050ms returns 0xBC0
T7F84 002:121.790 JLINK_WriteMem(0x0202FF50, 0xBB0 Bytes, ...)
T7F84 002:121.808   Data:  DF D9 3C D6 4B A3 8A 69 AF 68 57 C5 4C 4D 27 7D ...
T7F84 002:121.828   completely In flash
T7F84 002:121.843 - 0.053ms returns 0xBB0
T7F84 002:122.300 JLINK_WriteMem(0x02030B00, 0xBC0 Bytes, ...)
T7F84 002:122.318   Data:  BD FA F8 61 35 7F 64 BA 93 37 79 52 08 F6 14 45 ...
T7F84 002:122.337   completely In flash
T7F84 002:122.352 - 0.052ms returns 0xBC0
T7F84 002:122.804 JLINK_WriteMem(0x020316C0, 0xBC0 Bytes, ...)
T7F84 002:122.824   Data:  79 57 55 A4 0C FA C5 6B 47 0C CB 89 08 B5 AE AF ...
T7F84 002:122.841   completely In flash
T7F84 002:122.857 - 0.053ms returns 0xBC0
T7F84 002:123.314 JLINK_WriteMem(0x02032280, 0xBB0 Bytes, ...)
T7F84 002:123.334   Data:  2C CA 89 B9 80 D6 D3 85 46 E7 58 9D D5 41 6C 98 ...
T7F84 002:123.355   completely In flash
T7F84 002:123.372 - 0.057ms returns 0xBB0
T7F84 002:123.802 JLINK_WriteMem(0x02032E30, 0xBB0 Bytes, ...)
T7F84 002:123.820   Data:  72 45 0E 9D DD B1 B8 90 2C 84 17 1B 19 37 C4 32 ...
T7F84 002:124.019   completely In flash
T7F84 002:124.044 - 0.241ms returns 0xBB0
T7F84 002:124.724 JLINK_WriteMem(0x020339E0, 0xBB0 Bytes, ...)
T7F84 002:124.742   Data:  B8 C2 FE 8A 71 3B 22 65 F9 F0 FC 98 A7 CA 62 7D ...
T7F84 002:124.760   completely In flash
T7F84 002:124.776 - 0.052ms returns 0xBB0
T7F84 002:125.219 JLINK_WriteMem(0x02034590, 0xBC0 Bytes, ...)
T7F84 002:125.249   Data:  2A 0A D4 02 A7 06 81 D2 89 34 F6 AB 5C 18 15 6B ...
T7F84 002:125.270   completely In flash
T7F84 002:125.283 - 0.064ms returns 0xBC0
T7F84 002:125.689 JLINK_WriteMem(0x02035150, 0xBB0 Bytes, ...)
T7F84 002:125.704   Data:  83 52 D4 6D C3 88 64 AA 90 B3 65 7C 16 DC 6E DE ...
T7F84 002:125.721   completely In flash
T7F84 002:125.735 - 0.045ms returns 0xBB0
T7F84 002:126.189 JLINK_WriteMem(0x02035D00, 0xBB0 Bytes, ...)
T7F84 002:126.205   Data:  7E EE 68 07 E8 E6 97 6C 9A 16 F5 12 94 37 C8 DD ...
T7F84 002:126.223   completely In flash
T7F84 002:126.235 - 0.046ms returns 0xBB0
T7F84 002:126.677 JLINK_WriteMem(0x020368B0, 0xBB0 Bytes, ...)
T7F84 002:126.695   Data:  23 FF CE D5 29 D3 CD 43 C5 58 10 37 41 02 9F 1F ...
T7F84 002:126.711   completely In flash
T7F84 002:126.724 - 0.047ms returns 0xBB0
T7F84 002:127.141 JLINK_WriteMem(0x02037460, 0xBC0 Bytes, ...)
T7F84 002:127.159   Data:  D3 B0 85 9D 3B D0 B1 A7 39 A4 15 7D F0 91 B8 8C ...
T7F84 002:127.179   completely In flash
T7F84 002:127.194 - 0.053ms returns 0xBC0
T7F84 002:127.614 JLINK_WriteMem(0x02038020, 0xBB0 Bytes, ...)
T7F84 002:127.654   Data:  38 B7 3B 0F 5D EB 06 C4 FA 68 2D 60 A1 6A 8E FB ...
T7F84 002:127.678   completely In flash
T7F84 002:127.693 - 0.079ms returns 0xBB0
T7F84 002:128.133 JLINK_WriteMem(0x02038BD0, 0xBB0 Bytes, ...)
T7F84 002:128.151   Data:  21 85 2A 18 49 4B AF 02 18 BC 06 BB FF B6 F0 51 ...
T7F84 002:128.166   completely In flash
T7F84 002:128.180 - 0.047ms returns 0xBB0
T7F84 002:128.584 JLINK_WriteMem(0x02039780, 0xBB0 Bytes, ...)
T7F84 002:128.601   Data:  09 E2 F3 90 24 81 C6 10 C7 F3 2E 8A 26 B4 79 BF ...
T7F84 002:128.613   completely In flash
T7F84 002:128.626 - 0.042ms returns 0xBB0
T7F84 002:129.024 JLINK_WriteMem(0x0203A330, 0xBC0 Bytes, ...)
T7F84 002:129.038   Data:  E1 3C E0 77 B3 B6 3D 6E C2 7E EC 55 35 DD 2B 33 ...
T7F84 002:129.136   completely In flash
T7F84 002:129.148 - 0.124ms returns 0xBC0
T7F84 002:129.664 JLINK_WriteMem(0x0203AEF0, 0xBC0 Bytes, ...)
T7F84 002:129.684   Data:  F1 90 23 58 72 F7 FC 71 9D 6F 1D 57 3A 56 7A 19 ...
T7F84 002:129.702   completely In flash
T7F84 002:129.720 - 0.055ms returns 0xBC0
T7F84 002:130.198 JLINK_WriteMem(0x0203BAB0, 0xBB0 Bytes, ...)
T7F84 002:130.217   Data:  61 2D 6E AB C4 88 F9 38 6F CD E5 D8 D4 D1 F4 0E ...
T7F84 002:130.237   completely In flash
T7F84 002:130.253 - 0.054ms returns 0xBB0
T7F84 002:130.660 JLINK_WriteMem(0x0203C660, 0xBC0 Bytes, ...)
T7F84 002:130.677   Data:  18 7C 50 FC 71 F4 AD 3F B6 3F 68 AA 3C CD 81 54 ...
T7F84 002:130.696   completely In flash
T7F84 002:130.713 - 0.053ms returns 0xBC0
T7F84 002:131.164 JLINK_WriteMem(0x0203D220, 0xBC0 Bytes, ...)
T7F84 002:131.182   Data:  79 1A 4E F0 8B 34 16 36 4C BC 55 C4 15 9E 3B 8F ...
T7F84 002:131.200   completely In flash
T7F84 002:131.215 - 0.051ms returns 0xBC0
T7F84 002:131.650 JLINK_WriteMem(0x0203DDE0, 0xBC0 Bytes, ...)
T7F84 002:131.670   Data:  55 60 87 4A F0 43 37 97 6E 38 C8 2C 66 7D 5B F5 ...
T7F84 002:131.688   completely In flash
T7F84 002:131.705 - 0.054ms returns 0xBC0
T7F84 002:132.463 JLINK_WriteMem(0x0203E9A0, 0xBC0 Bytes, ...)
T7F84 002:132.483   Data:  53 3F 0E 2C 56 FF A6 55 21 76 58 F9 C1 51 B2 57 ...
T7F84 002:132.499   completely In flash
T7F84 002:132.512 - 0.049ms returns 0xBC0
T7F84 002:133.014 JLINK_WriteMem(0x0203F560, 0xBB0 Bytes, ...)
T7F84 002:133.034   Data:  81 91 BD 1C 0E 26 7A 83 5D 9C 8E E3 63 83 DB F3 ...
T7F84 002:133.054   completely In flash
T7F84 002:133.071 - 0.057ms returns 0xBB0
T7F84 002:133.565 JLINK_WriteMem(0x02040110, 0xBE0 Bytes, ...)
T7F84 002:133.600   Data:  61 BD 9D FC A2 3D 7D 8E 16 9B 82 6C F1 72 36 8E ...
T7F84 002:133.631   completely In flash
T7F84 002:133.652 - 0.086ms returns 0xBE0
T7F84 002:134.255 JLINK_WriteMem(0x02040CF0, 0xBD0 Bytes, ...)
T7F84 002:134.282   Data:  00 00 00 00 00 00 00 00 00 00 00 00 00 00 00 00 ...
T7F84 002:134.306   completely In flash
T7F84 002:134.326 - 0.073ms returns 0xBD0
T7F84 002:134.761 JLINK_WriteMem(0x020418C0, 0xBC0 Bytes, ...)
T7F84 002:134.788   Data:  75 FF 5B 59 01 1B 15 FC E8 7C E9 8B 8D 83 6C DE ...
T7F84 002:134.808   completely In flash
T7F84 002:134.826 - 0.065ms returns 0xBC0
T7F84 002:135.487 JLINK_WriteMem(0x02042480, 0xBC0 Bytes, ...)
T7F84 002:135.654   Data:  55 A9 FC 42 3A 31 E1 AC B5 BF 50 A5 86 DA CD BC ...
T7F84 002:135.833   completely In flash
T7F84 002:135.855 - 0.367ms returns 0xBC0
T7F84 002:136.287 JLINK_WriteMem(0x02043040, 0xBB0 Bytes, ...)
T7F84 002:136.306   Data:  34 FC 6F 8D D6 1E 55 96 B8 70 AC 57 18 A0 90 F9 ...
T7F84 002:136.322   completely In flash
T7F84 002:136.337 - 0.050ms returns 0xBB0
T7F84 002:136.800 JLINK_WriteMem(0x02043BF0, 0xBB0 Bytes, ...)
T7F84 002:136.818   Data:  D5 4E C4 DA B9 F5 3F ED C1 EB AD 66 FF C4 D8 08 ...
T7F84 002:136.835   completely In flash
T7F84 002:136.845 - 0.045ms returns 0xBB0
T7F84 002:137.172 JLINK_WriteMem(0x020447A0, 0xBB0 Bytes, ...)
T7F84 002:137.188   Data:  69 BC 76 C0 97 59 54 D6 ED 4D 19 1F A4 A5 DB 5E ...
T7F84 002:137.204   completely In flash
T7F84 002:137.215 - 0.043ms returns 0xBB0
T7F84 002:137.630 JLINK_WriteMem(0x02045350, 0xBC0 Bytes, ...)
T7F84 002:137.648   Data:  7D 63 13 AC F9 01 03 96 8B 19 BE 04 CB 7B 27 29 ...
T7F84 002:137.663   completely In flash
T7F84 002:137.677 - 0.047ms returns 0xBC0
T7F84 002:138.385 JLINK_WriteMem(0x02045F10, 0xBB0 Bytes, ...)
T7F84 002:138.405   Data:  BD 8B 66 34 5F F8 61 81 89 36 25 63 99 0B B9 3B ...
T7F84 002:138.426   completely In flash
T7F84 002:138.439 - 0.054ms returns 0xBB0
T7F84 002:138.850 JLINK_WriteMem(0x02046AC0, 0xBC0 Bytes, ...)
T7F84 002:138.869   Data:  6A 81 F7 37 55 FD 6D B1 03 99 ED CA BE E8 B2 F7 ...
T7F84 002:138.893   completely In flash
T7F84 002:138.909 - 0.059ms returns 0xBC0
T7F84 002:139.310 JLINK_WriteMem(0x02047680, 0xBB0 Bytes, ...)
T7F84 002:139.328   Data:  8F 76 32 5C 0D 4F 5F 0E 29 49 DA E8 42 56 BE 1A ...
T7F84 002:139.349   completely In flash
T7F84 002:139.359 - 0.049ms returns 0xBB0
T7F84 002:139.756 JLINK_WriteMem(0x02048230, 0xBC0 Bytes, ...)
T7F84 002:139.775   Data:  F4 5E DF E1 AA 2E 13 2D B6 C1 22 65 5D 44 6F DD ...
T7F84 002:139.792   completely In flash
T7F84 002:139.807 - 0.051ms returns 0xBC0
T7F84 002:140.195 JLINK_WriteMem(0x02048DF0, 0xBE0 Bytes, ...)
T7F84 002:140.213   Data:  03 01 00 00 02 01 00 00 1F 01 01 00 10 40 00 00 ...
T7F84 002:140.233   completely In flash
T7F84 002:140.247 - 0.052ms returns 0xBE0
T7F84 002:140.611 JLINK_WriteMem(0x020499D0, 0xBE0 Bytes, ...)
T7F84 002:140.626   Data:  00 00 00 00 00 00 00 00 00 00 00 00 00 00 00 00 ...
T7F84 002:140.644   completely In flash
T7F84 002:140.658 - 0.047ms returns 0xBE0
T7F84 002:141.193 JLINK_WriteMem(0x0204A5B0, 0xBE0 Bytes, ...)
T7F84 002:141.214   Data:  00 00 00 00 00 00 00 00 00 00 00 00 00 00 00 00 ...
T7F84 002:141.231   completely In flash
T7F84 002:141.244 - 0.051ms returns 0xBE0
T7F84 002:141.637 JLINK_WriteMem(0x0204B190, 0xBB0 Bytes, ...)
T7F84 002:141.656   Data:  00 00 00 90 4D 2E 4D 27 E9 DC 00 00 00 C0 BC 1E ...
T7F84 002:141.707   completely In flash
T7F84 002:141.722 - 0.085ms returns 0xBB0
T7F84 002:142.192 JLINK_WriteMem(0x0204BD40, 0xBC0 Bytes, ...)
T7F84 002:142.212   Data:  CA 0B E3 DF D4 3F 28 E8 51 60 BC 0B 6E BC EF C9 ...
T7F84 002:142.229   completely In flash
T7F84 002:142.245 - 0.053ms returns 0xBC0
T7F84 002:142.661 JLINK_WriteMem(0x0204C900, 0xBC0 Bytes, ...)
T7F84 002:142.681   Data:  90 27 7B 88 3A 1B 77 94 7B FA BF A6 90 67 63 DA ...
T7F84 002:142.694   completely In flash
T7F84 002:142.704 - 0.043ms returns 0xBC0
T7F84 002:143.092 JLINK_WriteMem(0x0204D4C0, 0xBB0 Bytes, ...)
T7F84 002:143.109   Data:  BF D9 DF 39 8D 16 37 A2 C5 9E E2 64 12 DC F0 16 ...
T7F84 002:143.120   completely In flash
T7F84 002:143.130 - 0.038ms returns 0xBB0
T7F84 002:143.516 JLINK_WriteMem(0x0204E070, 0xBC0 Bytes, ...)
T7F84 002:143.533   Data:  2D B4 2E 10 3E ED E3 C6 10 19 DB 4D DA 53 06 9A ...
T7F84 002:143.545   completely In flash
T7F84 002:143.554 - 0.038ms returns 0xBC0
T7F84 002:143.930 JLINK_WriteMem(0x0204EC30, 0xBC0 Bytes, ...)
T7F84 002:143.948   Data:  2B AB 51 81 BE 60 5E B7 C5 07 F4 AF D6 23 8D 92 ...
T7F84 002:143.965   completely In flash
T7F84 002:143.976 - 0.046ms returns 0xBC0
T7F84 002:144.408 JLINK_WriteMem(0x0204F7F0, 0xBC0 Bytes, ...)
T7F84 002:144.426   Data:  C0 44 3D 86 FD 92 5B 99 82 71 F3 3C 91 50 86 DB ...
T7F84 002:144.441   completely In flash
T7F84 002:144.454 - 0.045ms returns 0xBC0
T7F84 002:144.844 JLINK_WriteMem(0x020503B0, 0xBC0 Bytes, ...)
T7F84 002:144.860   Data:  48 45 A1 E8 BF 6F 13 88 F3 36 1C 6C 94 A5 66 FF ...
T7F84 002:144.875   completely In flash
T7F84 002:144.888 - 0.043ms returns 0xBC0
T7F84 002:145.325 JLINK_WriteMem(0x02050F70, 0xBC0 Bytes, ...)
T7F84 002:145.346   Data:  60 06 E0 F7 5E DC 00 CE B4 80 FB 11 94 59 85 24 ...
T7F84 002:145.365   completely In flash
T7F84 002:145.381 - 0.056ms returns 0xBC0
T7F84 002:145.823 JLINK_WriteMem(0x02051B30, 0xBB0 Bytes, ...)
T7F84 002:145.841   Data:  F3 A4 36 E0 A7 6D 4E 24 28 4D 8A BF 78 60 39 A0 ...
T7F84 002:145.857   completely In flash
T7F84 002:145.871 - 0.048ms returns 0xBB0
T7F84 002:146.249 JLINK_WriteMem(0x020526E0, 0xBC0 Bytes, ...)
T7F84 002:146.271   Data:  96 98 A8 67 9A 4D 22 EC B9 BD A6 22 45 2A 60 59 ...
T7F84 002:146.290   completely In flash
T7F84 002:146.306 - 0.057ms returns 0xBC0
T7F84 002:146.754 JLINK_WriteMem(0x020532A0, 0xBC0 Bytes, ...)
T7F84 002:146.773   Data:  BF 2B 08 93 00 7B FA 80 87 D6 BE 2D 55 A9 A9 31 ...
T7F84 002:146.792   completely In flash
T7F84 002:146.808 - 0.054ms returns 0xBC0
T7F84 002:147.224 JLINK_WriteMem(0x02053E60, 0xBC0 Bytes, ...)
T7F84 002:147.242   Data:  F1 77 A7 28 B7 7F 07 98 CA B7 92 97 C7 DA 44 2F ...
T7F84 002:147.258   completely In flash
T7F84 002:147.271 - 0.047ms returns 0xBC0
T7F84 002:147.639 JLINK_WriteMem(0x02054A20, 0xBC0 Bytes, ...)
T7F84 002:147.659   Data:  57 F3 54 ED AF 3B BC 5F D5 71 E9 22 79 2C AF AC ...
T7F84 002:147.676   completely In flash
T7F84 002:147.693 - 0.054ms returns 0xBC0
T7F84 002:148.176 JLINK_WriteMem(0x020555E0, 0xBC0 Bytes, ...)
T7F84 002:148.194   Data:  C0 77 55 44 33 CE 1A 53 1F BA 88 6D 80 C5 EE 8D ...
T7F84 002:148.217   completely In flash
T7F84 002:148.233 - 0.057ms returns 0xBC0
T7F84 002:148.671 JLINK_WriteMem(0x020561A0, 0xBA0 Bytes, ...)
T7F84 002:148.692   Data:  74 D3 E6 E5 5A 9F 15 CC E5 C1 E6 A8 D3 C8 52 E3 ...
T7F84 002:148.709   completely In flash
T7F84 002:148.725 - 0.053ms returns 0xBA0
T7F84 002:149.179 JLINK_WriteMem(0x02056D40, 0xBC0 Bytes, ...)
T7F84 002:149.198   Data:  26 21 30 08 36 C1 1F F3 B4 01 D9 8E 13 A0 04 00 ...
T7F84 002:149.214   completely In flash
T7F84 002:149.230 - 0.051ms returns 0xBC0
T7F84 002:149.672 JLINK_WriteMem(0x02057900, 0xBB0 Bytes, ...)
T7F84 002:149.691   Data:  03 DA 5F 38 11 8E 3E 46 68 B4 40 FE 19 2A 63 BF ...
T7F84 002:149.710   completely In flash
T7F84 002:149.720 - 0.048ms returns 0xBB0
T7F84 002:150.162 JLINK_WriteMem(0x020584B0, 0xBC0 Bytes, ...)
T7F84 002:150.180   Data:  56 50 80 9F 11 72 0A 89 63 08 8B 46 5C F6 AB B7 ...
T7F84 002:150.199   completely In flash
T7F84 002:150.215 - 0.053ms returns 0xBC0
T7F84 002:150.912 JLINK_WriteMem(0x02059070, 0xBC0 Bytes, ...)
T7F84 002:150.932   Data:  00 00 87 A8 60 27 D3 F1 FF FF FF 80 D8 49 52 25 ...
T7F84 002:150.948   completely In flash
T7F84 002:150.962 - 0.049ms returns 0xBC0
T7F84 002:151.356 JLINK_WriteMem(0x02059C30, 0xBC0 Bytes, ...)
T7F84 002:151.378   Data:  5E 3B CC B5 14 A1 FD 00 D0 1B C4 4F 7C FA FD 6E ...
T7F84 002:151.395   completely In flash
T7F84 002:151.412 - 0.056ms returns 0xBC0
T7F84 002:151.801 JLINK_WriteMem(0x0205A7F0, 0xBC0 Bytes, ...)
T7F84 002:151.822   Data:  9E DB 27 00 70 47 C2 DC E9 E8 EC CC CD 38 B1 07 ...
T7F84 002:151.840   completely In flash
T7F84 002:151.856 - 0.054ms returns 0xBC0
T7F84 002:152.381 JLINK_WriteMem(0x0205B3B0, 0xBB0 Bytes, ...)
T7F84 002:152.399   Data:  4B 58 81 94 76 4D FE 30 46 18 64 D0 DA 9F 7A 7B ...
T7F84 002:152.415   completely In flash
T7F84 002:152.429 - 0.048ms returns 0xBB0
T7F84 002:152.919 JLINK_WriteMem(0x0205BF60, 0xBB0 Bytes, ...)
T7F84 002:152.941   Data:  F8 5F DC 1E 00 D8 4A A4 BB E7 B6 DE 53 9E 0C F8 ...
T7F84 002:152.961   completely In flash
T7F84 002:152.976 - 0.058ms returns 0xBB0
T7F84 002:153.339 JLINK_WriteMem(0x0205CB10, 0xBB0 Bytes, ...)
T7F84 002:153.359   Data:  F2 C0 FF D4 5A 9B 0A D9 FB EB EF DD D8 93 B7 FE ...
T7F84 002:153.375   completely In flash
T7F84 002:153.388 - 0.049ms returns 0xBB0
T7F84 002:153.728 JLINK_WriteMem(0x0205D6C0, 0xBE0 Bytes, ...)
T7F84 002:153.748   Data:  09 01 D4 FF 10 40 00 00 00 10 00 00 16 40 00 00 ...
T7F84 002:153.761   completely In flash
T7F84 002:153.771 - 0.042ms returns 0xBE0
T7F84 002:154.124 JLINK_WriteMem(0x0205E2A0, 0xBE0 Bytes, ...)
T7F84 002:154.141   Data:  00 00 00 00 00 00 00 00 00 00 00 00 00 00 00 00 ...
T7F84 002:154.155   completely In flash
T7F84 002:154.168 - 0.044ms returns 0xBE0
T7F84 002:154.536 JLINK_WriteMem(0x0205EE80, 0xBC0 Bytes, ...)
T7F84 002:154.558   Data:  00 00 00 00 00 00 00 00 00 00 00 00 00 00 00 00 ...
T7F84 002:154.573   completely In flash
T7F84 002:154.584 - 0.048ms returns 0xBC0
T7F84 002:154.937 JLINK_WriteMem(0x0205FA40, 0xBC0 Bytes, ...)
T7F84 002:154.955   Data:  8A 87 D1 B5 CD BF AB AA BF 27 C5 3B AE 20 97 EA ...
T7F84 002:154.974   completely In flash
T7F84 002:154.984 - 0.046ms returns 0xBC0
T7F84 002:155.361 JLINK_WriteMem(0x02060600, 0xBC0 Bytes, ...)
T7F84 002:155.380   Data:  C6 CA 57 DD 9F DF C3 9F 01 9E BF 3C 17 3B 59 DF ...
T7F84 002:155.399   completely In flash
T7F84 002:155.413 - 0.052ms returns 0xBC0
T7F84 002:155.934 JLINK_WriteMem(0x020611C0, 0xBC0 Bytes, ...)
T7F84 002:155.955   Data:  D9 FF AE E8 CB 61 8D 33 F9 D6 42 DA AA E4 81 A0 ...
T7F84 002:155.973   completely In flash
T7F84 002:155.989 - 0.054ms returns 0xBC0
T7F84 002:156.469 JLINK_WriteMem(0x02061D80, 0xBC0 Bytes, ...)
T7F84 002:156.493   Data:  56 8A 49 34 77 D5 7F D8 0D 49 AD 78 FE 77 A6 55 ...
T7F84 002:156.508   completely In flash
T7F84 002:156.523 - 0.054ms returns 0xBC0
T7F84 002:156.873 JLINK_WriteMem(0x02062940, 0xBB0 Bytes, ...)
T7F84 002:156.893   Data:  03 88 56 A5 F3 4D 55 E0 7E E3 A4 A1 C6 EA 06 3F ...
T7F84 002:156.905   completely In flash
T7F84 002:156.915 - 0.042ms returns 0xBB0
T7F84 002:157.587 JLINK_WriteMem(0x020634F0, 0xBC0 Bytes, ...)
T7F84 002:157.604   Data:  7B BF 49 2A A9 7A 3E 7C 88 AE 2B 1F B5 BC 2E EC ...
T7F84 002:157.624   completely In flash
T7F84 002:157.641 - 0.054ms returns 0xBC0
T7F84 002:158.090 JLINK_WriteMem(0x020640B0, 0xBB0 Bytes, ...)
T7F84 002:158.109   Data:  C3 4B A1 D8 E6 5C 07 56 E1 16 B4 59 88 99 AD C8 ...
T7F84 002:158.126   completely In flash
T7F84 002:158.142 - 0.053ms returns 0xBB0
T7F84 002:158.533 JLINK_WriteMem(0x02064C60, 0xBE0 Bytes, ...)
T7F84 002:158.552   Data:  5C DB B5 8A 4D 1E 9C 73 43 A1 A9 0B 9A 60 87 A3 ...
T7F84 002:158.568   completely In flash
T7F84 002:158.583 - 0.049ms returns 0xBE0
T7F84 002:158.966 JLINK_WriteMem(0x02065840, 0xBE0 Bytes, ...)
T7F84 002:158.987   Data:  00 01 00 00 40 22 00 00 00 00 00 01 00 00 40 22 ...
T7F84 002:159.005   completely In flash
T7F84 002:159.021 - 0.055ms returns 0xBE0
T7F84 002:159.378 JLINK_WriteMem(0x02066420, 0xBE0 Bytes, ...)
T7F84 002:159.398   Data:  00 00 F8 FF 7F 78 00 00 F8 FF FF 07 00 00 F8 FF ...
T7F84 002:159.413   completely In flash
T7F84 002:159.423 - 0.044ms returns 0xBE0
T7F84 002:159.784 JLINK_WriteMem(0x02067000, 0xBC0 Bytes, ...)
T7F84 002:159.803   Data:  C9 A8 EB 82 A9 F5 6F 21 0F E3 14 36 B3 E3 EF DD ...
T7F84 002:159.820   completely In flash
T7F84 002:159.835 - 0.050ms returns 0xBC0
T7F84 002:160.307 JLINK_WriteMem(0x02067BC0, 0xBB0 Bytes, ...)
T7F84 002:160.327   Data:  51 84 C8 EA E1 0F 11 06 3E 65 54 8E 34 FF BF 76 ...
T7F84 002:160.344   completely In flash
T7F84 002:160.359 - 0.052ms returns 0xBB0
T7F84 002:160.839 JLINK_WriteMem(0x02068770, 0xBA0 Bytes, ...)
T7F84 002:160.859   Data:  BC 78 78 4A 4E 84 35 B7 AD 67 AF 8D 06 13 A1 8D ...
T7F84 002:160.876   completely In flash
T7F84 002:160.892 - 0.053ms returns 0xBA0
T7F84 002:161.316 JLINK_WriteMem(0x02069310, 0xBB0 Bytes, ...)
T7F84 002:161.337   Data:  F2 3E 1C 93 48 45 67 84 B0 1F 65 45 E3 04 31 D4 ...
T7F84 002:161.354   completely In flash
T7F84 002:161.371 - 0.055ms returns 0xBB0
T7F84 002:161.812 JLINK_WriteMem(0x02069EC0, 0xBC0 Bytes, ...)
T7F84 002:161.830   Data:  AC 19 02 C8 34 E7 96 9D 05 11 89 EE 5F ED CD 6A ...
T7F84 002:161.844   completely In flash
T7F84 002:161.858 - 0.046ms returns 0xBC0
T7F84 002:162.266 JLINK_WriteMem(0x0206AA80, 0xBB0 Bytes, ...)
T7F84 002:162.284   Data:  42 D7 33 A4 F8 57 0D 3F 32 1E D9 04 9C A9 40 B3 ...
T7F84 002:162.301   completely In flash
T7F84 002:162.315 - 0.048ms returns 0xBB0
T7F84 002:162.695 JLINK_WriteMem(0x0206B630, 0xBC0 Bytes, ...)
T7F84 002:162.712   Data:  44 84 52 2D 92 7E A7 00 FB 92 41 8B 1B 64 D5 1A ...
T7F84 002:162.727   completely In flash
T7F84 002:162.742 - 0.047ms returns 0xBC0
T7F84 002:163.205 JLINK_WriteMem(0x0206C1F0, 0xBC0 Bytes, ...)
T7F84 002:163.223   Data:  D2 C8 D9 E3 A1 81 15 1F CB E6 12 A5 8C 15 F5 B6 ...
T7F84 002:163.238   completely In flash
T7F84 002:163.252 - 0.046ms returns 0xBC0
T7F84 002:163.678 JLINK_WriteMem(0x0206CDB0, 0xBC0 Bytes, ...)
T7F84 002:163.696   Data:  31 DD 9F 46 47 3F 26 FA 63 F2 C7 48 29 54 E5 63 ...
T7F84 002:163.710   completely In flash
T7F84 002:163.725 - 0.047ms returns 0xBC0
T7F84 002:164.162 JLINK_WriteMem(0x0206D970, 0xBD0 Bytes, ...)
T7F84 002:164.180   Data:  45 EF FF DD 2A EF 4C 50 94 8E F7 6D C9 03 77 5D ...
T7F84 002:164.198   completely In flash
T7F84 002:164.212 - 0.049ms returns 0xBD0
T7F84 002:164.585 JLINK_WriteMem(0x0206E540, 0xBE0 Bytes, ...)
T7F84 002:164.604   Data:  00 00 00 00 00 00 00 00 00 00 00 00 00 00 00 00 ...
T7F84 002:164.622   completely In flash
T7F84 002:164.637 - 0.052ms returns 0xBE0
T7F84 002:165.060 JLINK_WriteMem(0x0206F120, 0xBC0 Bytes, ...)
T7F84 002:165.082   Data:  C6 A3 8E DA 72 EF 99 6B A7 90 1F 92 CB C9 AE 25 ...
T7F84 002:165.095   completely In flash
T7F84 002:165.105 - 0.045ms returns 0xBC0
T7F84 002:165.479 JLINK_WriteMem(0x0206FCE0, 0xBD0 Bytes, ...)
T7F84 002:165.495   Data:  5E F3 21 90 AC 2D FD 24 8B 52 40 47 61 5B E3 7F ...
T7F84 002:165.507   completely In flash
T7F84 002:165.517 - 0.037ms returns 0xBD0
T7F84 002:165.900 JLINK_WriteMem(0x020708B0, 0xBE0 Bytes, ...)
T7F84 002:165.920   Data:  00 00 00 01 00 00 40 22 00 00 00 00 00 01 00 00 ...
T7F84 002:165.940   completely In flash
T7F84 002:165.955 - 0.055ms returns 0xBE0
T7F84 002:166.849 JLINK_WriteMem(0x02071490, 0xBC0 Bytes, ...)
T7F84 002:166.872   Data:  00 00 00 00 00 00 00 00 00 00 00 00 00 00 00 00 ...
T7F84 002:166.891   completely In flash
T7F84 002:166.906 - 0.057ms returns 0xBC0
T7F84 002:167.330 JLINK_WriteMem(0x02072050, 0xBC0 Bytes, ...)
T7F84 002:167.350   Data:  70 DA 50 22 B1 0A 32 00 12 30 EF 85 7B 9C 65 D1 ...
T7F84 002:167.384   completely In flash
T7F84 002:167.400 - 0.069ms returns 0xBC0
T7F84 002:167.849 JLINK_WriteMem(0x02072C10, 0xBC0 Bytes, ...)
T7F84 002:167.868   Data:  1D DE 1B EB 51 F5 73 79 0E 00 C3 57 DF 75 44 FE ...
T7F84 002:167.886   completely In flash
T7F84 002:167.897 - 0.048ms returns 0xBC0
T7F84 002:168.348 JLINK_WriteMem(0x020737D0, 0xBD0 Bytes, ...)
T7F84 002:168.370   Data:  0F 01 01 00 00 40 00 00 00 20 00 00 01 40 00 00 ...
T7F84 002:168.388   completely In flash
T7F84 002:168.406 - 0.058ms returns 0xBD0
T7F84 002:168.788 JLINK_WriteMem(0x020743A0, 0xBC0 Bytes, ...)
T7F84 002:168.805   Data:  58 30 3B 58 A2 0C 00 E9 99 FA 42 2E 28 ED 0C 91 ...
T7F84 002:168.823   completely In flash
T7F84 002:168.839 - 0.051ms returns 0xBC0
T7F84 002:169.479 JLINK_WriteMem(0x02074F60, 0xBC0 Bytes, ...)
T7F84 002:169.498   Data:  24 65 2B 65 3A 28 5C F6 3E 85 70 CA 34 53 74 AE ...
T7F84 002:169.516   completely In flash
T7F84 002:169.533 - 0.054ms returns 0xBC0
T7F84 002:169.971 JLINK_WriteMem(0x02075B20, 0xBB0 Bytes, ...)
T7F84 002:169.990   Data:  DC E9 0B 8D A4 7F 57 E9 EC 3E 77 DD EE A7 BE 91 ...
T7F84 002:170.009   completely In flash
T7F84 002:170.025 - 0.054ms returns 0xBB0
T7F84 002:170.490 JLINK_WriteMem(0x020766D0, 0xBE0 Bytes, ...)
T7F84 002:170.508   Data:  8A 04 47 E4 64 E3 4C 51 4F 7F E5 D6 F8 E1 53 D5 ...
T7F84 002:170.526   completely In flash
T7F84 002:170.542 - 0.052ms returns 0xBE0
T7F84 002:170.914 JLINK_WriteMem(0x020772B0, 0xBB0 Bytes, ...)
T7F84 002:170.932   Data:  39 02 55 EE BD A2 2E CC E1 A7 98 7D 34 8D 23 DB ...
T7F84 002:170.954   completely In flash
T7F84 002:170.973 - 0.058ms returns 0xBB0
T7F84 002:171.454 JLINK_WriteMem(0x02077E60, 0xBC0 Bytes, ...)
T7F84 002:171.475   Data:  B7 36 08 92 FB CF 2C BB CA B6 3D C3 7A 7F 2E 7C ...
T7F84 002:171.496   completely In flash
T7F84 002:171.516 - 0.061ms returns 0xBC0
T7F84 002:171.916 JLINK_WriteMem(0x02078A20, 0xBB0 Bytes, ...)
T7F84 002:171.934   Data:  8D 1B 1E 2E DD 40 79 6D DE 31 A6 34 26 70 34 DA ...
T7F84 002:171.945   completely In flash
T7F84 002:171.955 - 0.039ms returns 0xBB0
T7F84 002:172.254 JLINK_WriteMem(0x020795D0, 0xBB0 Bytes, ...)
T7F84 002:172.267   Data:  75 13 57 C7 F1 9A 9E 98 CF 70 8D 6D A7 35 C3 66 ...
T7F84 002:172.279   completely In flash
T7F84 002:172.288 - 0.034ms returns 0xBB0
T7F84 002:172.682 JLINK_WriteMem(0x0207A180, 0xBB0 Bytes, ...)
T7F84 002:172.699   Data:  22 00 B2 D7 28 C5 68 FE 85 24 DF 3F E1 08 76 94 ...
T7F84 002:172.716   completely In flash
T7F84 002:172.726 - 0.044ms returns 0xBB0
T7F84 002:173.122 JLINK_WriteMem(0x0207AD30, 0xBB0 Bytes, ...)
T7F84 002:173.133   Data:  97 6B C2 71 F2 60 D9 0F DD 9E 73 DB 28 1F FD BB ...
T7F84 002:173.144   completely In flash
T7F84 002:173.157 - 0.035ms returns 0xBB0
T7F84 002:173.479 JLINK_WriteMem(0x0207B8E0, 0xBB0 Bytes, ...)
T7F84 002:173.495   Data:  84 36 59 43 92 92 AE 80 EC 73 C5 18 AE 5B A6 B1 ...
T7F84 002:173.506   completely In flash
T7F84 002:173.516 - 0.037ms returns 0xBB0
T7F84 002:173.945 JLINK_WriteMem(0x0207C490, 0xBC0 Bytes, ...)
T7F84 002:173.962   Data:  53 BD C3 FB BB 06 2B ED 3F A9 C7 E5 94 73 EB 19 ...
T7F84 002:174.391   completely In flash
T7F84 002:174.416 - 0.470ms returns 0xBC0
T7F84 002:174.894 JLINK_WriteMem(0x0207D050, 0xBD0 Bytes, ...)
T7F84 002:174.913   Data:  00 00 00 00 00 00 00 00 00 00 00 00 00 00 00 00 ...
T7F84 002:174.931   completely In flash
T7F84 002:174.946 - 0.052ms returns 0xBD0
T7F84 002:175.470 JLINK_WriteMem(0x0207DC20, 0xBB0 Bytes, ...)
T7F84 002:175.489   Data:  1F E2 A6 EC 7B 0F B8 96 0C 84 ED B1 75 5C D9 8F ...
T7F84 002:175.506   completely In flash
T7F84 002:175.520 - 0.050ms returns 0xBB0
T7F84 002:175.932 JLINK_WriteMem(0x0207E7D0, 0xBB0 Bytes, ...)
T7F84 002:175.949   Data:  FA 89 88 DD 50 B5 BD 96 8D 70 9B C5 D2 47 60 C9 ...
T7F84 002:175.961   completely In flash
T7F84 002:175.971 - 0.039ms returns 0xBB0
T7F84 002:176.287 JLINK_WriteMem(0x0207F380, 0xBB0 Bytes, ...)
T7F84 002:176.301   Data:  6D 55 7D 7D AF 9C CB 8D 75 75 FE 07 3D A7 8E AC ...
T7F84 002:176.312   completely In flash
T7F84 002:176.322 - 0.035ms returns 0xBB0
T7F84 002:176.708 JLINK_WriteMem(0x0207FF30, 0xBC0 Bytes, ...)
T7F84 002:176.724   Data:  7F BF FF 89 1D 14 F0 98 B3 8B EB 28 7C 40 FE 62 ...
T7F84 002:176.736   completely In flash
T7F84 002:176.746 - 0.037ms returns 0xBC0
T7F84 002:177.015 JLINK_WriteMem(0x02080AF0, 0xBE0 Bytes, ...)
T7F84 002:177.028   Data:  00 00 00 00 00 00 00 00 00 00 00 00 00 00 00 00 ...
T7F84 002:177.039   completely In flash
T7F84 002:177.048 - 0.033ms returns 0xBE0
T7F84 002:177.313 JLINK_WriteMem(0x020816D0, 0xBE0 Bytes, ...)
T7F84 002:177.324   Data:  00 00 00 00 00 00 00 00 00 00 00 00 00 00 00 00 ...
T7F84 002:177.336   completely In flash
T7F84 002:177.346 - 0.033ms returns 0xBE0
T7F84 002:177.685 JLINK_WriteMem(0x020822B0, 0xBC0 Bytes, ...)
T7F84 002:177.703   Data:  71 FE FF FF FF F4 F4 09 51 23 3B FC FF FF FF BD ...
T7F84 002:177.726   completely In flash
T7F84 002:177.745 - 0.059ms returns 0xBC0
T7F84 002:178.226 JLINK_WriteMem(0x02082E70, 0xBC0 Bytes, ...)
T7F84 002:178.244   Data:  78 F7 E3 A6 4D C9 8C 35 D9 DC 9F 85 08 F7 7B 7E ...
T7F84 002:178.266   completely In flash
T7F84 002:178.276 - 0.050ms returns 0xBC0
T7F84 002:178.765 JLINK_WriteMem(0x02083A30, 0xBC0 Bytes, ...)
T7F84 002:178.792   Data:  3D 12 4B C4 7F 0E C0 E5 7C 7D AA C6 6E EE 8B 06 ...
T7F84 002:178.831   completely In flash
T7F84 002:178.854 - 0.089ms returns 0xBC0
T7F84 002:179.202 JLINK_WriteMem(0x020845F0, 0xBB0 Bytes, ...)
T7F84 002:179.219   Data:  12 7F E9 72 83 D4 AE 65 0C 3C 1A 16 A0 DD 0A 68 ...
T7F84 002:179.231   completely In flash
T7F84 002:179.241 - 0.039ms returns 0xBB0
T7F84 002:179.639 JLINK_WriteMem(0x020851A0, 0xBB0 Bytes, ...)
T7F84 002:179.654   Data:  D8 B4 08 8D 41 0A FA E0 7D 41 26 9D EC 8C 0E 32 ...
T7F84 002:179.675   completely In flash
T7F84 002:179.685 - 0.046ms returns 0xBB0
T7F84 002:180.063 JLINK_WriteMem(0x02085D50, 0xBC0 Bytes, ...)
T7F84 002:180.077   Data:  5A 6B 98 0A FB F4 A1 42 6E E1 D0 2B 5C A6 BF 45 ...
T7F84 002:180.091   completely In flash
T7F84 002:180.102 - 0.039ms returns 0xBC0
T7F84 002:180.537 JLINK_WriteMem(0x02086910, 0xBC0 Bytes, ...)
T7F84 002:180.555   Data:  B7 FE DD 3A 45 C5 EC C0 AA 89 4B 34 FD 77 1C 34 ...
T7F84 002:180.577   completely In flash
T7F84 002:180.593 - 0.057ms returns 0xBC0
T7F84 002:181.051 JLINK_WriteMem(0x020874D0, 0xBA0 Bytes, ...)
T7F84 002:181.070   Data:  0E D5 27 E1 FF A2 78 17 BF 5A 78 ED 07 DD B7 40 ...
T7F84 002:181.086   completely In flash
T7F84 002:181.101 - 0.050ms returns 0xBA0
T7F84 002:181.733 JLINK_WriteMem(0x02088070, 0xBC0 Bytes, ...)
T7F84 002:181.754   Data:  FD 64 03 14 D7 00 C0 CF CF AF CA CF DF DF 03 00 ...
T7F84 002:181.776   completely In flash
T7F84 002:181.792 - 0.059ms returns 0xBC0
T7F84 002:182.223 JLINK_WriteMem(0x02088C30, 0xBB0 Bytes, ...)
T7F84 002:182.240   Data:  E9 B7 81 EA 65 26 D7 B4 B2 9F 61 1A A8 5F 98 07 ...
T7F84 002:182.256   completely In flash
T7F84 002:182.266 - 0.044ms returns 0xBB0
T7F84 002:182.880 JLINK_WriteMem(0x020897E0, 0xBC0 Bytes, ...)
T7F84 002:182.900   Data:  D8 69 39 9E 1B A5 A1 57 2F AF 6B 3E B8 95 5C 0C ...
T7F84 002:182.916   completely In flash
T7F84 002:182.928 - 0.048ms returns 0xBC0
T7F84 002:183.458 JLINK_WriteMem(0x0208A3A0, 0xBC0 Bytes, ...)
T7F84 002:183.473   Data:  AB D6 DC 66 8F 25 23 64 71 E4 E5 2A F2 64 65 51 ...
T7F84 002:183.486   completely In flash
T7F84 002:183.496 - 0.037ms returns 0xBC0
T7F84 002:183.883 JLINK_WriteMem(0x0208AF60, 0xBB0 Bytes, ...)
T7F84 002:183.896   Data:  DE 4C 85 B6 D9 57 EB A8 60 55 4D 58 E6 AE 2B 64 ...
T7F84 002:183.913   completely In flash
T7F84 002:183.924 - 0.041ms returns 0xBB0
T7F84 002:184.299 JLINK_WriteMem(0x0208BB10, 0xBC0 Bytes, ...)
T7F84 002:184.314   Data:  80 D9 53 5F 7F 87 2F FF E9 C8 C8 5B BD 94 A3 EC ...
T7F84 002:184.330   completely In flash
T7F84 002:184.340 - 0.041ms returns 0xBC0
T7F84 002:184.760 JLINK_WriteMem(0x0208C6D0, 0xBC0 Bytes, ...)
T7F84 002:184.779   Data:  2D C9 7D F9 C2 84 2A B1 B3 F4 B8 03 43 40 9A 6C ...
T7F84 002:185.136   completely In flash
T7F84 002:185.159 - 0.398ms returns 0xBC0
T7F84 002:185.676 JLINK_WriteMem(0x0208D290, 0xBC0 Bytes, ...)
T7F84 002:185.708   Data:  F4 F6 DC 04 E0 E4 A2 58 3A B4 9A F2 39 DE 85 A8 ...
T7F84 002:185.727   completely In flash
T7F84 002:185.744 - 0.069ms returns 0xBC0
T7F84 002:186.212 JLINK_WriteMem(0x0208DE50, 0xBD0 Bytes, ...)
T7F84 002:186.228   Data:  6F 62 A1 EC E5 4C 55 CD 44 B0 1D FE 83 2E 07 E3 ...
T7F84 002:186.240   completely In flash
T7F84 002:186.249 - 0.037ms returns 0xBD0
T7F84 002:186.532 JLINK_WriteMem(0x0208EA20, 0xBE0 Bytes, ...)
T7F84 002:186.548   Data:  06 40 00 00 80 00 00 00 04 40 00 00 10 00 00 00 ...
T7F84 002:186.564   completely In flash
T7F84 002:186.574 - 0.042ms returns 0xBE0
T7F84 002:186.934 JLINK_WriteMem(0x0208F600, 0xBD0 Bytes, ...)
T7F84 002:186.952   Data:  01 00 00 00 89 01 37 00 85 01 01 00 80 01 04 00 ...
T7F84 002:186.967   completely In flash
T7F84 002:186.976 - 0.043ms returns 0xBD0
T7F84 002:187.260 JLINK_WriteMem(0x020901D0, 0xBE0 Bytes, ...)
T7F84 002:187.279   Data:  00 00 00 00 00 00 00 00 00 00 00 00 00 00 00 00 ...
T7F84 002:187.296   completely In flash
T7F84 002:187.311 - 0.051ms returns 0xBE0
T7F84 002:187.672 JLINK_WriteMem(0x02090DB0, 0xBE0 Bytes, ...)
T7F84 002:187.687   Data:  00 00 00 00 00 00 00 00 00 00 00 00 00 00 00 00 ...
T7F84 002:187.703   completely In flash
T7F84 002:187.715 - 0.042ms returns 0xBE0
T7F84 002:187.992 JLINK_WriteMem(0x02091990, 0xBE0 Bytes, ...)
T7F84 002:188.008   Data:  00 00 00 00 00 00 00 00 00 00 00 00 00 00 00 00 ...
T7F84 002:188.024   completely In flash
T7F84 002:188.034 - 0.041ms returns 0xBE0
T7F84 002:188.318 JLINK_WriteMem(0x02092570, 0xBE0 Bytes, ...)
T7F84 002:188.336   Data:  00 00 00 00 00 00 00 00 00 00 00 00 00 00 00 00 ...
T7F84 002:188.350   completely In flash
T7F84 002:188.360 - 0.042ms returns 0xBE0
T7F84 002:188.659 JLINK_WriteMem(0x02093150, 0xBE0 Bytes, ...)
T7F84 002:188.675   Data:  00 00 00 00 00 00 00 00 00 00 00 00 00 00 00 00 ...
T7F84 002:188.690   completely In flash
T7F84 002:188.704 - 0.046ms returns 0xBE0
T7F84 002:189.120 JLINK_WriteMem(0x02093D30, 0xBC0 Bytes, ...)
T7F84 002:189.137   Data:  DD 2A 00 00 00 80 24 3D 4F 25 5D C2 01 00 00 80 ...
T7F84 002:189.148   completely In flash
T7F84 002:189.158 - 0.038ms returns 0xBC0
T7F84 002:189.545 JLINK_WriteMem(0x020948F0, 0xBC0 Bytes, ...)
T7F84 002:189.560   Data:  FE D5 6F E7 2E 02 E5 3D A5 FD 5E AF 6F C7 6A 91 ...
T7F84 002:189.571   completely In flash
T7F84 002:189.583 - 0.037ms returns 0xBC0
T7F84 002:189.959 JLINK_WriteMem(0x020954B0, 0xBD0 Bytes, ...)
T7F84 002:189.974   Data:  CC 2B 30 A5 38 FC 30 02 FC 26 15 00 B1 00 D0 0F ...
T7F84 002:189.987   completely In flash
T7F84 002:189.997 - 0.037ms returns 0xBD0
T7F84 002:190.359 JLINK_WriteMem(0x02096080, 0xBB0 Bytes, ...)
T7F84 002:190.376   Data:  F6 8D C6 02 00 2D 15 89 EC ED 3D 00 B8 46 A1 00 ...
T7F84 002:190.394   completely In flash
T7F84 002:190.410 - 0.051ms returns 0xBB0
T7F84 002:190.842 JLINK_WriteMem(0x02096C30, 0xBC0 Bytes, ...)
T7F84 002:190.859   Data:  26 30 7D A8 33 C1 9C 0C 00 A0 AD 65 A8 C6 DD 01 ...
T7F84 002:190.876   completely In flash
T7F84 002:190.892 - 0.050ms returns 0xBC0
T7F84 002:191.212 JLINK_WriteMem(0x020977F0, 0xBC0 Bytes, ...)
T7F84 002:191.228   Data:  7D 00 D0 C7 4B 14 31 2D 84 91 F4 51 87 95 F4 AA ...
T7F84 002:191.239   completely In flash
T7F84 002:191.250 - 0.038ms returns 0xBC0
T7F84 002:191.670 JLINK_WriteMem(0x020983B0, 0xBC0 Bytes, ...)
T7F84 002:191.685   Data:  DC 7C 57 BA BE B9 B4 57 00 90 76 BB AA 37 99 35 ...
T7F84 002:191.695   completely In flash
T7F84 002:191.705 - 0.035ms returns 0xBC0
T7F84 002:192.103 JLINK_WriteMem(0x02098F70, 0xBC0 Bytes, ...)
T7F84 002:192.120   Data:  00 80 1D 77 48 26 FA C1 00 00 00 80 E6 93 61 26 ...
T7F84 002:192.138   completely In flash
T7F84 002:192.153 - 0.050ms returns 0xBC0
T7F84 002:192.602 JLINK_WriteMem(0x02099B30, 0xBB0 Bytes, ...)
T7F84 002:192.618   Data:  D7 0F 1A 4B AC DF FD 66 BF C5 DF FA 3C F6 3A 1A ...
T7F84 002:192.636   completely In flash
T7F84 002:192.651 - 0.049ms returns 0xBB0
T7F84 002:193.047 JLINK_WriteMem(0x0209A6E0, 0xBC0 Bytes, ...)
T7F84 002:193.235   Data:  D7 42 66 20 06 24 79 16 07 CD 70 E0 7B 89 E7 0C ...
T7F84 002:193.253   completely In flash
T7F84 002:193.267 - 0.220ms returns 0xBC0
T7F84 002:193.665 JLINK_WriteMem(0x0209B2A0, 0xBC0 Bytes, ...)
T7F84 002:193.680   Data:  FF FF FF 00 61 B0 71 28 76 21 00 00 00 00 D3 1A ...
T7F84 002:193.691   completely In flash
T7F84 002:193.702 - 0.036ms returns 0xBC0
T7F84 002:194.048 JLINK_WriteMem(0x0209BE60, 0xBC0 Bytes, ...)
T7F84 002:194.060   Data:  D7 05 00 77 2F F2 1C 27 BD 54 07 00 6F D2 26 C0 ...
T7F84 002:194.076   completely In flash
T7F84 002:194.086 - 0.038ms returns 0xBC0
T7F84 002:194.442 JLINK_WriteMem(0x0209CA20, 0xBD0 Bytes, ...)
T7F84 002:194.453   Data:  6E E7 E6 5C 02 00 9F 09 61 43 F6 65 9B D5 D5 6E ...
T7F84 002:194.466   completely In flash
T7F84 002:194.476 - 0.034ms returns 0xBD0
T7F84 002:194.809 JLINK_WriteMem(0x0209D5F0, 0xBC0 Bytes, ...)
T7F84 002:194.820   Data:  E5 CF 26 C3 B5 D8 FA 00 40 76 5D 90 CC DA B4 E6 ...
T7F84 002:194.831   completely In flash
T7F84 002:194.847 - 0.038ms returns 0xBC0
T7F84 002:195.251 JLINK_WriteMem(0x0209E1B0, 0xBC0 Bytes, ...)
T7F84 002:195.268   Data:  41 26 8F 41 00 00 00 32 6A 49 74 27 B9 38 00 00 ...
T7F84 002:195.290   completely In flash
T7F84 002:195.305 - 0.053ms returns 0xBC0
T7F84 002:195.733 JLINK_WriteMem(0x0209ED70, 0xBB0 Bytes, ...)
T7F84 002:195.752   Data:  7D CC BF D9 50 A3 48 C0 B3 E8 D6 7B 15 DB DD 41 ...
T7F84 002:196.037   completely In flash
T7F84 002:196.052 - 0.319ms returns 0xBB0
T7F84 002:196.408 JLINK_WriteMem(0x0209F920, 0xBC0 Bytes, ...)
T7F84 002:196.427   Data:  10 FA 4C 3D 8D 51 C2 39 8D 4F 75 7B A1 2B 11 25 ...
T7F84 002:196.445   completely In flash
T7F84 002:196.461 - 0.053ms returns 0xBC0
T7F84 002:197.021 JLINK_WriteMem(0x020A04E0, 0xBC0 Bytes, ...)
T7F84 002:197.042   Data:  F6 0D 0B 12 05 E6 5F 5B 2F 43 66 34 AD AC F7 45 ...
T7F84 002:197.058   completely In flash
T7F84 002:197.072 - 0.051ms returns 0xBC0
T7F84 002:197.468 JLINK_WriteMem(0x020A10A0, 0xBB0 Bytes, ...)
T7F84 002:197.485   Data:  7B 20 1C CE 0B B1 B7 B6 FF 76 29 C3 8C 5A 57 47 ...
T7F84 002:197.503   completely In flash
T7F84 002:197.517 - 0.049ms returns 0xBB0
T7F84 002:197.885 JLINK_WriteMem(0x020A1C50, 0xBB0 Bytes, ...)
T7F84 002:197.901   Data:  94 FC 59 4D 6A 9F 86 73 CF FF 3B 33 61 3C F4 28 ...
T7F84 002:197.923   completely In flash
T7F84 002:197.940 - 0.055ms returns 0xBB0
T7F84 002:198.343 JLINK_WriteMem(0x020A2800, 0xBC0 Bytes, ...)
T7F84 002:198.362   Data:  BA 39 82 CB 43 12 FA 2E 95 14 18 15 88 F2 FA 6F ...
T7F84 002:198.378   completely In flash
T7F84 002:198.391 - 0.048ms returns 0xBC0
T7F84 002:198.864 JLINK_WriteMem(0x020A33C0, 0xBC0 Bytes, ...)
T7F84 002:198.906   Data:  D4 CC 7A F6 AF 61 BE 9B EF 26 95 9F B1 DE 60 16 ...
T7F84 002:198.955   completely In flash
T7F84 002:198.983 - 0.120ms returns 0xBC0
T7F84 002:199.445 JLINK_WriteMem(0x020A3F80, 0xBC0 Bytes, ...)
T7F84 002:199.466   Data:  98 F9 FF FF FF FF FF FF FF FF FF FF FF FF FF FF ...
T7F84 002:199.488   completely In flash
T7F84 002:199.505 - 0.061ms returns 0xBC0
T7F84 002:199.929 JLINK_WriteMem(0x020A4B40, 0xBC0 Bytes, ...)
T7F84 002:199.948   Data:  51 27 F1 F1 FF FF FF 80 54 68 49 26 5F FF FF FF ...
T7F84 002:199.972   completely In flash
T7F84 002:199.988 - 0.058ms returns 0xBC0
T7F84 002:200.475 JLINK_WriteMem(0x020A5700, 0xBC0 Bytes, ...)
T7F84 002:200.494   Data:  36 B8 C5 59 A2 D1 7D 9D 37 2E A1 07 64 F7 15 46 ...
T7F84 002:200.505   completely In flash
T7F84 002:200.514 - 0.040ms returns 0xBC0
T7F84 002:200.881 JLINK_WriteMem(0x020A62C0, 0xBC0 Bytes, ...)
T7F84 002:200.896   Data:  4E 59 9D 87 5E BE FC EC BF 36 14 07 03 D3 52 70 ...
T7F84 002:200.911   completely In flash
T7F84 002:200.920 - 0.039ms returns 0xBC0
T7F84 002:201.278 JLINK_WriteMem(0x020A6E80, 0xBC0 Bytes, ...)
T7F84 002:201.290   Data:  CC 25 DA 8B 2D 15 9F F0 FE 14 9E EB AB 03 EA 0C ...
T7F84 002:201.304   completely In flash
T7F84 002:201.314 - 0.035ms returns 0xBC0
T7F84 002:201.686 JLINK_WriteMem(0x020A7A40, 0xBD0 Bytes, ...)
T7F84 002:201.700   Data:  88 33 16 56 57 6C 9B 1C AA E0 1B 99 1C 2D 46 FA ...
T7F84 002:201.721   completely In flash
T7F84 002:201.732 - 0.045ms returns 0xBD0
T7F84 002:202.188 JLINK_WriteMem(0x020A8610, 0xBC0 Bytes, ...)
T7F84 002:202.206   Data:  FF FF FF 80 D9 30 7B 28 48 1B 00 00 00 80 1F 85 ...
T7F84 002:202.219   completely In flash
T7F84 002:202.231 - 0.043ms returns 0xBC0
T7F84 002:202.535 JLINK_WriteMem(0x020A91D0, 0xBC0 Bytes, ...)
T7F84 002:202.549   Data:  6F 07 00 D7 F8 2B A0 B4 96 FF 52 70 B7 A0 9C 47 ...
T7F84 002:202.571   completely In flash
T7F84 002:202.583 - 0.048ms returns 0xBC0
T7F84 002:203.137 JLINK_WriteMem(0x020A9D90, 0xBD0 Bytes, ...)
T7F84 002:203.155   Data:  D6 F6 43 43 C2 9A 75 7A 00 60 B7 32 81 CF 60 FD ...
T7F84 002:203.169   completely In flash
T7F84 002:203.182 - 0.045ms returns 0xBD0
T7F84 002:203.531 JLINK_WriteMem(0x020AA960, 0xBC0 Bytes, ...)
T7F84 002:203.548   Data:  53 6B 00 B0 A7 44 AB 66 D4 E5 00 E0 3B EB 1B E8 ...
T7F84 002:203.567   completely In flash
T7F84 002:203.614 - 0.083ms returns 0xBC0
T7F84 002:204.011 JLINK_WriteMem(0x020AB520, 0xBB0 Bytes, ...)
T7F84 002:204.028   Data:  CB 2C AD 3B 21 C3 88 59 C6 70 6E 43 64 60 B8 CE ...
T7F84 002:204.039   completely In flash
T7F84 002:204.049 - 0.037ms returns 0xBB0
T7F84 002:204.444 JLINK_WriteMem(0x020AC0D0, 0xBC0 Bytes, ...)
T7F84 002:204.460   Data:  BC 50 28 C9 3B F3 46 09 DD 28 23 59 A4 E0 36 CD ...
T7F84 002:204.666   completely In flash
T7F84 002:204.683 - 0.239ms returns 0xBC0
T7F84 002:205.166 JLINK_WriteMem(0x020ACC90, 0xBC0 Bytes, ...)
T7F84 002:205.183   Data:  FA 76 81 31 35 00 7C 8D 8C 59 A5 9E DF B5 6B 86 ...
T7F84 002:205.203   completely In flash
T7F84 002:205.215 - 0.049ms returns 0xBC0
T7F84 002:205.536 JLINK_WriteMem(0x020AD850, 0xBA0 Bytes, ...)
T7F84 002:205.561   Data:  D7 5E B2 79 92 F8 26 FF AE 4E 30 3B 98 40 6F 9A ...
T7F84 002:205.582   completely In flash
T7F84 002:205.596 - 0.059ms returns 0xBA0
T7F84 002:206.031 JLINK_WriteMem(0x020AE3F0, 0xBC0 Bytes, ...)
T7F84 002:206.051   Data:  36 B2 23 F8 23 B1 5B 45 08 F9 DA FE 1B 40 DF 7A ...
T7F84 002:206.068   completely In flash
T7F84 002:206.084 - 0.053ms returns 0xBC0
T7F84 002:206.512 JLINK_WriteMem(0x020AEFB0, 0xBC0 Bytes, ...)
T7F84 002:206.531   Data:  D4 EF 76 27 6F FC FF FF FF 0D F3 D9 4D 24 1F 03 ...
T7F84 002:206.553   completely In flash
T7F84 002:206.570 - 0.057ms returns 0xBC0
T7F84 002:206.984 JLINK_WriteMem(0x020AFB70, 0xBC0 Bytes, ...)
T7F84 002:207.002   Data:  0C E9 8D 8C 0C 10 54 F6 9D 44 18 F2 FC 7F 69 99 ...
T7F84 002:207.024   completely In flash
T7F84 002:207.035 - 0.051ms returns 0xBC0
T7F84 002:207.866 JLINK_WriteMem(0x020B0730, 0xBB0 Bytes, ...)
T7F84 002:207.897   Data:  5B CB 20 A2 D8 96 58 9E 06 5F 34 BB 7B 30 DF 45 ...
T7F84 002:207.920   completely In flash
T7F84 002:207.936 - 0.071ms returns 0xBB0
T7F84 002:208.429 JLINK_WriteMem(0x020B12E0, 0xBB0 Bytes, ...)
T7F84 002:208.455   Data:  5B B5 6A CB 88 8E BA 16 11 E3 92 41 9C 9A 01 D2 ...
T7F84 002:208.484   completely In flash
T7F84 002:208.500 - 0.071ms returns 0xBB0
T7F84 002:209.129 JLINK_WriteMem(0x020B1E90, 0xBC0 Bytes, ...)
T7F84 002:209.150   Data:  BE 85 A3 D8 D9 FF CC 6A DC 73 D9 5F 67 4E 7F A3 ...
T7F84 002:209.172   completely In flash
T7F84 002:209.186 - 0.057ms returns 0xBC0
T7F84 002:209.630 JLINK_WriteMem(0x020B2A50, 0xBB0 Bytes, ...)
T7F84 002:209.647   Data:  F0 8B 27 90 19 02 20 48 DF AE A8 1A 00 2F 27 33 ...
T7F84 002:209.661   completely In flash
T7F84 002:209.673 - 0.042ms returns 0xBB0
T7F84 002:210.032 JLINK_WriteMem(0x020B3600, 0xBD0 Bytes, ...)
T7F84 002:210.045   Data:  00 00 50 80 16 30 2C 02 00 40 7E 00 E0 CF 52 2D ...
T7F84 002:210.344   completely In flash
T7F84 002:210.357 - 0.325ms returns 0xBD0
T7F84 002:210.673 JLINK_WriteMem(0x020B41D0, 0xBE0 Bytes, ...)
T7F84 002:210.684   Data:  12 01 00 00 11 01 4F 01 13 01 03 00 16 40 00 00 ...
T7F84 002:210.695   completely In flash
T7F84 002:210.705 - 0.031ms returns 0xBE0
T7F84 002:211.132 JLINK_WriteMem(0x020B4DB0, 0xBE0 Bytes, ...)
T7F84 002:211.152   Data:  5F 61 64 64 72 20 3C 3D 20 4E 50 55 5F 52 45 47 ...
T7F84 002:211.170   completely In flash
T7F84 002:211.184 - 0.052ms returns 0xBE0
T7F84 002:211.447 JLINK_WriteMem(0x020B5990, 0xA4E Bytes, ...)
T7F84 002:211.459   Data:  00 04 58 02 00 04 00 00 02 00 00 00 00 00 00 00 ...
T7F84 002:211.469   completely In flash
T7F84 002:211.480 - 0.032ms returns 0xA4E
T7F84 002:211.711 JLINK_WriteMem(0x020B63E0, 0x4 Bytes, ...)
T7F84 002:211.727   Data:  08 00 00 00
T7F84 002:211.739   completely In flash
T7F84 002:211.754 - 0.043ms returns 0x4
T7F84 002:212.320 JLINK_WriteMem(0x02C9F040, 0x4 Bytes, ...)
T7F84 002:212.338   Data:  FF FF FF FF
T7F84 002:212.740   completely In flash
T7F84 002:212.757 - 0.436ms returns 0x4
T7F84 002:213.207 JLINK_WriteMem(0x02C9F044, 0x4 Bytes, ...)
T7F84 002:213.225   Data:  EF FF FF FF
T7F84 002:213.241   completely In flash
T7F84 002:213.254 - 0.047ms returns 0x4
T7F84 002:213.667 JLINK_WriteMem(0x02C9F0C0, 0x4 Bytes, ...)
T7F84 002:213.684   Data:  FF FF FF FD
T7F84 002:213.717   completely In flash
T7F84 002:213.733 - 0.065ms returns 0x4
T7F84 002:214.210 JLINK_WriteMem(0x02C9F0C4, 0x4 Bytes, ...)
T7F84 002:214.228   Data:  FF FF FF FF
T7F84 002:214.244   completely In flash
T7F84 002:214.256 - 0.046ms returns 0x4
T7F84 002:214.664 JLINK_WriteMem(0x02C9F120, 0x4 Bytes, ...)
T7F84 002:214.683   Data:  00 00 00 00
T7F84 002:214.702   completely In flash
T7F84 002:214.714 - 0.051ms returns 0x4
T7F84 002:215.106 JLINK_WriteMem(0x02C9F124, 0x4 Bytes, ...)
T7F84 002:215.121   Data:  00 00 00 00
T7F84 002:215.134   completely In flash
T7F84 002:215.144 - 0.038ms returns 0x4
T7F84 002:229.067 JLINK_EndDownload()
T7F84 002:229.948   CPU_ReadMem(4 bytes @ 0xE000ED90)
T7F84 002:230.254   CPU_ReadMem(4 bytes @ 0xE000ED94)
T7F84 002:230.780    -- --------------------------------------
T7F84 002:230.812    -- Start of determining flash info (Bank @ 0x02000000)
T7F84 002:231.024    -- End of determining flash info
T7F84 002:231.052    -- Start of determining dirty areas in flash cache
T7F84 002:231.070    -- Filling invalid ranges in sector buffer (flash cache) for sector @ 0x02000000 if necessary
T7F84 002:231.088    -- Filling invalid ranges in sector buffer (flash cache) for sector @ 0x02000800 if necessary
T7F84 002:231.105    -- Filling invalid ranges in sector buffer (flash cache) for sector @ 0x02001000 if necessary
T7F84 002:231.121    -- Filling invalid ranges in sector buffer (flash cache) for sector @ 0x02001800 if necessary
T7F84 002:231.139    -- Filling invalid ranges in sector buffer (flash cache) for sector @ 0x02002000 if necessary
T7F84 002:231.153    -- Filling invalid ranges in sector buffer (flash cache) for sector @ 0x02002800 if necessary
T7F84 002:231.169    -- Filling invalid ranges in sector buffer (flash cache) for sector @ 0x02003000 if necessary
T7F84 002:231.185    -- Filling invalid ranges in sector buffer (flash cache) for sector @ 0x02003800 if necessary
T7F84 002:231.201    -- Filling invalid ranges in sector buffer (flash cache) for sector @ 0x02004000 if necessary
T7F84 002:231.217    -- Filling invalid ranges in sector buffer (flash cache) for sector @ 0x02004800 if necessary
T7F84 002:231.232    -- Filling invalid ranges in sector buffer (flash cache) for sector @ 0x02005000 if necessary
T7F84 002:231.248    -- Filling invalid ranges in sector buffer (flash cache) for sector @ 0x02005800 if necessary
T7F84 002:231.264    -- Filling invalid ranges in sector buffer (flash cache) for sector @ 0x02006000 if necessary
T7F84 002:231.280    -- Filling invalid ranges in sector buffer (flash cache) for sector @ 0x02006800 if necessary
T7F84 002:231.295    -- Filling invalid ranges in sector buffer (flash cache) for sector @ 0x02007000 if necessary
T7F84 002:231.311    -- Filling invalid ranges in sector buffer (flash cache) for sector @ 0x02007800 if necessary
T7F84 002:231.328    -- Filling invalid ranges in sector buffer (flash cache) for sector @ 0x02008000 if necessary
T7F84 002:231.344    -- Filling invalid ranges in sector buffer (flash cache) for sector @ 0x02008800 if necessary
T7F84 002:231.355    -- Filling invalid ranges in sector buffer (flash cache) for sector @ 0x02009000 if necessary
T7F84 002:231.365    -- Filling invalid ranges in sector buffer (flash cache) for sector @ 0x02009800 if necessary
T7F84 002:231.375    -- Filling invalid ranges in sector buffer (flash cache) for sector @ 0x0200A000 if necessary
T7F84 002:231.385    -- Filling invalid ranges in sector buffer (flash cache) for sector @ 0x0200A800 if necessary
T7F84 002:231.395    -- Filling invalid ranges in sector buffer (flash cache) for sector @ 0x0200B000 if necessary
T7F84 002:231.405    -- Filling invalid ranges in sector buffer (flash cache) for sector @ 0x0200B800 if necessary
T7F84 002:231.415    -- Filling invalid ranges in sector buffer (flash cache) for sector @ 0x0200C000 if necessary
T7F84 002:231.425    -- Filling invalid ranges in sector buffer (flash cache) for sector @ 0x0200C800 if necessary
T7F84 002:231.441    -- Filling invalid ranges in sector buffer (flash cache) for sector @ 0x0200D000 if necessary
T7F84 002:231.451    -- Filling invalid ranges in sector buffer (flash cache) for sector @ 0x0200D800 if necessary
T7F84 002:231.461    -- Filling invalid ranges in sector buffer (flash cache) for sector @ 0x0200E000 if necessary
T7F84 002:231.471    -- Filling invalid ranges in sector buffer (flash cache) for sector @ 0x0200E800 if necessary
T7F84 002:231.481    -- Filling invalid ranges in sector buffer (flash cache) for sector @ 0x0200F000 if necessary
T7F84 002:231.492    -- Filling invalid ranges in sector buffer (flash cache) for sector @ 0x0200F800 if necessary
T7F84 002:231.506    -- Filling invalid ranges in sector buffer (flash cache) for sector @ 0x02010000 if necessary
T7F84 002:231.517    -- Filling invalid ranges in sector buffer (flash cache) for sector @ 0x02010800 if necessary
T7F84 002:231.527    -- Filling invalid ranges in sector buffer (flash cache) for sector @ 0x02011000 if necessary
T7F84 002:231.537    -- Filling invalid ranges in sector buffer (flash cache) for sector @ 0x02011800 if necessary
T7F84 002:231.547    -- Filling invalid ranges in sector buffer (flash cache) for sector @ 0x02012000 if necessary
T7F84 002:231.557    -- Filling invalid ranges in sector buffer (flash cache) for sector @ 0x02012800 if necessary
T7F84 002:231.567    -- Filling invalid ranges in sector buffer (flash cache) for sector @ 0x02013000 if necessary
T7F84 002:231.580    -- Filling invalid ranges in sector buffer (flash cache) for sector @ 0x02013800 if necessary
T7F84 002:231.591    -- Filling invalid ranges in sector buffer (flash cache) for sector @ 0x02014000 if necessary
T7F84 002:231.601    -- Filling invalid ranges in sector buffer (flash cache) for sector @ 0x02014800 if necessary
T7F84 002:231.611    -- Filling invalid ranges in sector buffer (flash cache) for sector @ 0x02015000 if necessary
T7F84 002:231.621    -- Filling invalid ranges in sector buffer (flash cache) for sector @ 0x02015800 if necessary
T7F84 002:231.631    -- Filling invalid ranges in sector buffer (flash cache) for sector @ 0x02016000 if necessary
T7F84 002:231.642    -- Filling invalid ranges in sector buffer (flash cache) for sector @ 0x02016800 if necessary
T7F84 002:231.652    -- Filling invalid ranges in sector buffer (flash cache) for sector @ 0x02017000 if necessary
T7F84 002:231.662    -- Filling invalid ranges in sector buffer (flash cache) for sector @ 0x02017800 if necessary
T7F84 002:231.672    -- Filling invalid ranges in sector buffer (flash cache) for sector @ 0x02018000 if necessary
T7F84 002:231.681    -- Filling invalid ranges in sector buffer (flash cache) for sector @ 0x02018800 if necessary
T7F84 002:231.692    -- Filling invalid ranges in sector buffer (flash cache) for sector @ 0x02019000 if necessary
T7F84 002:231.702    -- Filling invalid ranges in sector buffer (flash cache) for sector @ 0x02019800 if necessary
T7F84 002:231.711    -- Filling invalid ranges in sector buffer (flash cache) for sector @ 0x0201A000 if necessary
T7F84 002:231.721    -- Filling invalid ranges in sector buffer (flash cache) for sector @ 0x0201A800 if necessary
T7F84 002:231.731    -- Filling invalid ranges in sector buffer (flash cache) for sector @ 0x0201B000 if necessary
T7F84 002:231.741    -- Filling invalid ranges in sector buffer (flash cache) for sector @ 0x0201B800 if necessary
T7F84 002:231.751    -- Filling invalid ranges in sector buffer (flash cache) for sector @ 0x0201C000 if necessary
T7F84 002:231.760    -- Filling invalid ranges in sector buffer (flash cache) for sector @ 0x0201C800 if necessary
T7F84 002:231.770    -- Filling invalid ranges in sector buffer (flash cache) for sector @ 0x0201D000 if necessary
T7F84 002:231.780    -- Filling invalid ranges in sector buffer (flash cache) for sector @ 0x0201D800 if necessary
T7F84 002:231.790    -- Filling invalid ranges in sector buffer (flash cache) for sector @ 0x0201E000 if necessary
T7F84 002:231.800    -- Filling invalid ranges in sector buffer (flash cache) for sector @ 0x0201E800 if necessary
T7F84 002:231.813    -- Filling invalid ranges in sector buffer (flash cache) for sector @ 0x0201F000 if necessary
T7F84 002:231.822    -- Filling invalid ranges in sector buffer (flash cache) for sector @ 0x0201F800 if necessary
T7F84 002:231.832    -- Filling invalid ranges in sector buffer (flash cache) for sector @ 0x02020000 if necessary
T7F84 002:231.843    -- Filling invalid ranges in sector buffer (flash cache) for sector @ 0x02020800 if necessary
T7F84 002:231.853    -- Filling invalid ranges in sector buffer (flash cache) for sector @ 0x02021000 if necessary
T7F84 002:231.863    -- Filling invalid ranges in sector buffer (flash cache) for sector @ 0x02021800 if necessary
T7F84 002:231.873    -- Filling invalid ranges in sector buffer (flash cache) for sector @ 0x02022000 if necessary
T7F84 002:231.883    -- Filling invalid ranges in sector buffer (flash cache) for sector @ 0x02022800 if necessary
T7F84 002:231.893    -- Filling invalid ranges in sector buffer (flash cache) for sector @ 0x02023000 if necessary
T7F84 002:231.903    -- Filling invalid ranges in sector buffer (flash cache) for sector @ 0x02023800 if necessary
T7F84 002:231.914    -- Filling invalid ranges in sector buffer (flash cache) for sector @ 0x02024000 if necessary
T7F84 002:231.924    -- Filling invalid ranges in sector buffer (flash cache) for sector @ 0x02024800 if necessary
T7F84 002:231.934    -- Filling invalid ranges in sector buffer (flash cache) for sector @ 0x02025000 if necessary
T7F84 002:231.944    -- Filling invalid ranges in sector buffer (flash cache) for sector @ 0x02025800 if necessary
T7F84 002:231.954    -- Filling invalid ranges in sector buffer (flash cache) for sector @ 0x02026000 if necessary
T7F84 002:231.964    -- Filling invalid ranges in sector buffer (flash cache) for sector @ 0x02026800 if necessary
T7F84 002:231.974    -- Filling invalid ranges in sector buffer (flash cache) for sector @ 0x02027000 if necessary
T7F84 002:231.987    -- Filling invalid ranges in sector buffer (flash cache) for sector @ 0x02027800 if necessary
T7F84 002:231.997    -- Filling invalid ranges in sector buffer (flash cache) for sector @ 0x02028000 if necessary
T7F84 002:232.006    -- Filling invalid ranges in sector buffer (flash cache) for sector @ 0x02028800 if necessary
T7F84 002:232.016    -- Filling invalid ranges in sector buffer (flash cache) for sector @ 0x02029000 if necessary
T7F84 002:232.027    -- Filling invalid ranges in sector buffer (flash cache) for sector @ 0x02029800 if necessary
T7F84 002:232.037    -- Filling invalid ranges in sector buffer (flash cache) for sector @ 0x0202A000 if necessary
T7F84 002:232.047    -- Filling invalid ranges in sector buffer (flash cache) for sector @ 0x0202A800 if necessary
T7F84 002:232.056    -- Filling invalid ranges in sector buffer (flash cache) for sector @ 0x0202B000 if necessary
T7F84 002:232.066    -- Filling invalid ranges in sector buffer (flash cache) for sector @ 0x0202B800 if necessary
T7F84 002:232.076    -- Filling invalid ranges in sector buffer (flash cache) for sector @ 0x0202C000 if necessary
T7F84 002:232.086    -- Filling invalid ranges in sector buffer (flash cache) for sector @ 0x0202C800 if necessary
T7F84 002:232.096    -- Filling invalid ranges in sector buffer (flash cache) for sector @ 0x0202D000 if necessary
T7F84 002:232.107    -- Filling invalid ranges in sector buffer (flash cache) for sector @ 0x0202D800 if necessary
T7F84 002:232.117    -- Filling invalid ranges in sector buffer (flash cache) for sector @ 0x0202E000 if necessary
T7F84 002:232.126    -- Filling invalid ranges in sector buffer (flash cache) for sector @ 0x0202E800 if necessary
T7F84 002:232.136    -- Filling invalid ranges in sector buffer (flash cache) for sector @ 0x0202F000 if necessary
T7F84 002:232.146    -- Filling invalid ranges in sector buffer (flash cache) for sector @ 0x0202F800 if necessary
T7F84 002:232.156    -- Filling invalid ranges in sector buffer (flash cache) for sector @ 0x02030000 if necessary
T7F84 002:232.169    -- Filling invalid ranges in sector buffer (flash cache) for sector @ 0x02030800 if necessary
T7F84 002:232.179    -- Filling invalid ranges in sector buffer (flash cache) for sector @ 0x02031000 if necessary
T7F84 002:232.190    -- Filling invalid ranges in sector buffer (flash cache) for sector @ 0x02031800 if necessary
T7F84 002:232.200    -- Filling invalid ranges in sector buffer (flash cache) for sector @ 0x02032000 if necessary
T7F84 002:232.210    -- Filling invalid ranges in sector buffer (flash cache) for sector @ 0x02032800 if necessary
T7F84 002:232.220    -- Filling invalid ranges in sector buffer (flash cache) for sector @ 0x02033000 if necessary
T7F84 002:232.229    -- Filling invalid ranges in sector buffer (flash cache) for sector @ 0x02033800 if necessary
T7F84 002:232.239    -- Filling invalid ranges in sector buffer (flash cache) for sector @ 0x02034000 if necessary
T7F84 002:232.249    -- Filling invalid ranges in sector buffer (flash cache) for sector @ 0x02034800 if necessary
T7F84 002:232.259    -- Filling invalid ranges in sector buffer (flash cache) for sector @ 0x02035000 if necessary
T7F84 002:232.269    -- Filling invalid ranges in sector buffer (flash cache) for sector @ 0x02035800 if necessary
T7F84 002:232.278    -- Filling invalid ranges in sector buffer (flash cache) for sector @ 0x02036000 if necessary
T7F84 002:232.288    -- Filling invalid ranges in sector buffer (flash cache) for sector @ 0x02036800 if necessary
T7F84 002:232.298    -- Filling invalid ranges in sector buffer (flash cache) for sector @ 0x02037000 if necessary
T7F84 002:232.308    -- Filling invalid ranges in sector buffer (flash cache) for sector @ 0x02037800 if necessary
T7F84 002:232.319    -- Filling invalid ranges in sector buffer (flash cache) for sector @ 0x02038000 if necessary
T7F84 002:232.329    -- Filling invalid ranges in sector buffer (flash cache) for sector @ 0x02038800 if necessary
T7F84 002:232.339    -- Filling invalid ranges in sector buffer (flash cache) for sector @ 0x02039000 if necessary
T7F84 002:232.349    -- Filling invalid ranges in sector buffer (flash cache) for sector @ 0x02039800 if necessary
T7F84 002:232.359    -- Filling invalid ranges in sector buffer (flash cache) for sector @ 0x0203A000 if necessary
T7F84 002:232.369    -- Filling invalid ranges in sector buffer (flash cache) for sector @ 0x0203A800 if necessary
T7F84 002:232.379    -- Filling invalid ranges in sector buffer (flash cache) for sector @ 0x0203B000 if necessary
T7F84 002:232.389    -- Filling invalid ranges in sector buffer (flash cache) for sector @ 0x0203B800 if necessary
T7F84 002:232.398    -- Filling invalid ranges in sector buffer (flash cache) for sector @ 0x0203C000 if necessary
T7F84 002:232.408    -- Filling invalid ranges in sector buffer (flash cache) for sector @ 0x0203C800 if necessary
T7F84 002:232.418    -- Filling invalid ranges in sector buffer (flash cache) for sector @ 0x0203D000 if necessary
T7F84 002:232.428    -- Filling invalid ranges in sector buffer (flash cache) for sector @ 0x0203D800 if necessary
T7F84 002:232.438    -- Filling invalid ranges in sector buffer (flash cache) for sector @ 0x0203E000 if necessary
T7F84 002:232.447    -- Filling invalid ranges in sector buffer (flash cache) for sector @ 0x0203E800 if necessary
T7F84 002:232.457    -- Filling invalid ranges in sector buffer (flash cache) for sector @ 0x0203F000 if necessary
T7F84 002:232.467    -- Filling invalid ranges in sector buffer (flash cache) for sector @ 0x0203F800 if necessary
T7F84 002:232.477    -- Filling invalid ranges in sector buffer (flash cache) for sector @ 0x02040000 if necessary
T7F84 002:232.487    -- Filling invalid ranges in sector buffer (flash cache) for sector @ 0x02040800 if necessary
T7F84 002:232.497    -- Filling invalid ranges in sector buffer (flash cache) for sector @ 0x02041000 if necessary
T7F84 002:232.507    -- Filling invalid ranges in sector buffer (flash cache) for sector @ 0x02041800 if necessary
T7F84 002:232.520    -- Filling invalid ranges in sector buffer (flash cache) for sector @ 0x02042000 if necessary
T7F84 002:232.530    -- Filling invalid ranges in sector buffer (flash cache) for sector @ 0x02042800 if necessary
T7F84 002:232.540    -- Filling invalid ranges in sector buffer (flash cache) for sector @ 0x02043000 if necessary
T7F84 002:232.550    -- Filling invalid ranges in sector buffer (flash cache) for sector @ 0x02043800 if necessary
T7F84 002:232.560    -- Filling invalid ranges in sector buffer (flash cache) for sector @ 0x02044000 if necessary
T7F84 002:232.570    -- Filling invalid ranges in sector buffer (flash cache) for sector @ 0x02044800 if necessary
T7F84 002:232.579    -- Filling invalid ranges in sector buffer (flash cache) for sector @ 0x02045000 if necessary
T7F84 002:232.589    -- Filling invalid ranges in sector buffer (flash cache) for sector @ 0x02045800 if necessary
T7F84 002:232.599    -- Filling invalid ranges in sector buffer (flash cache) for sector @ 0x02046000 if necessary
T7F84 002:232.609    -- Filling invalid ranges in sector buffer (flash cache) for sector @ 0x02046800 if necessary
T7F84 002:232.619    -- Filling invalid ranges in sector buffer (flash cache) for sector @ 0x02047000 if necessary
T7F84 002:232.629    -- Filling invalid ranges in sector buffer (flash cache) for sector @ 0x02047800 if necessary
T7F84 002:232.639    -- Filling invalid ranges in sector buffer (flash cache) for sector @ 0x02048000 if necessary
T7F84 002:232.648    -- Filling invalid ranges in sector buffer (flash cache) for sector @ 0x02048800 if necessary
T7F84 002:232.659    -- Filling invalid ranges in sector buffer (flash cache) for sector @ 0x02049000 if necessary
T7F84 002:232.669    -- Filling invalid ranges in sector buffer (flash cache) for sector @ 0x02049800 if necessary
T7F84 002:232.679    -- Filling invalid ranges in sector buffer (flash cache) for sector @ 0x0204A000 if necessary
T7F84 002:232.689    -- Filling invalid ranges in sector buffer (flash cache) for sector @ 0x0204A800 if necessary
T7F84 002:232.699    -- Filling invalid ranges in sector buffer (flash cache) for sector @ 0x0204B000 if necessary
T7F84 002:232.709    -- Filling invalid ranges in sector buffer (flash cache) for sector @ 0x0204B800 if necessary
T7F84 002:232.720    -- Filling invalid ranges in sector buffer (flash cache) for sector @ 0x0204C000 if necessary
T7F84 002:232.730    -- Filling invalid ranges in sector buffer (flash cache) for sector @ 0x0204C800 if necessary
T7F84 002:232.740    -- Filling invalid ranges in sector buffer (flash cache) for sector @ 0x0204D000 if necessary
T7F84 002:232.750    -- Filling invalid ranges in sector buffer (flash cache) for sector @ 0x0204D800 if necessary
T7F84 002:232.760    -- Filling invalid ranges in sector buffer (flash cache) for sector @ 0x0204E000 if necessary
T7F84 002:232.770    -- Filling invalid ranges in sector buffer (flash cache) for sector @ 0x0204E800 if necessary
T7F84 002:232.780    -- Filling invalid ranges in sector buffer (flash cache) for sector @ 0x0204F000 if necessary
T7F84 002:232.790    -- Filling invalid ranges in sector buffer (flash cache) for sector @ 0x0204F800 if necessary
T7F84 002:232.800    -- Filling invalid ranges in sector buffer (flash cache) for sector @ 0x02050000 if necessary
T7F84 002:232.810    -- Filling invalid ranges in sector buffer (flash cache) for sector @ 0x02050800 if necessary
T7F84 002:232.820    -- Filling invalid ranges in sector buffer (flash cache) for sector @ 0x02051000 if necessary
T7F84 002:232.830    -- Filling invalid ranges in sector buffer (flash cache) for sector @ 0x02051800 if necessary
T7F84 002:232.840    -- Filling invalid ranges in sector buffer (flash cache) for sector @ 0x02052000 if necessary
T7F84 002:232.850    -- Filling invalid ranges in sector buffer (flash cache) for sector @ 0x02052800 if necessary
T7F84 002:232.860    -- Filling invalid ranges in sector buffer (flash cache) for sector @ 0x02053000 if necessary
T7F84 002:232.869    -- Filling invalid ranges in sector buffer (flash cache) for sector @ 0x02053800 if necessary
T7F84 002:232.881    -- Filling invalid ranges in sector buffer (flash cache) for sector @ 0x02054000 if necessary
T7F84 002:232.891    -- Filling invalid ranges in sector buffer (flash cache) for sector @ 0x02054800 if necessary
T7F84 002:232.901    -- Filling invalid ranges in sector buffer (flash cache) for sector @ 0x02055000 if necessary
T7F84 002:232.911    -- Filling invalid ranges in sector buffer (flash cache) for sector @ 0x02055800 if necessary
T7F84 002:232.920    -- Filling invalid ranges in sector buffer (flash cache) for sector @ 0x02056000 if necessary
T7F84 002:232.930    -- Filling invalid ranges in sector buffer (flash cache) for sector @ 0x02056800 if necessary
T7F84 002:232.940    -- Filling invalid ranges in sector buffer (flash cache) for sector @ 0x02057000 if necessary
T7F84 002:232.950    -- Filling invalid ranges in sector buffer (flash cache) for sector @ 0x02057800 if necessary
T7F84 002:232.959    -- Filling invalid ranges in sector buffer (flash cache) for sector @ 0x02058000 if necessary
T7F84 002:232.969    -- Filling invalid ranges in sector buffer (flash cache) for sector @ 0x02058800 if necessary
T7F84 002:232.979    -- Filling invalid ranges in sector buffer (flash cache) for sector @ 0x02059000 if necessary
T7F84 002:232.989    -- Filling invalid ranges in sector buffer (flash cache) for sector @ 0x02059800 if necessary
T7F84 002:232.999    -- Filling invalid ranges in sector buffer (flash cache) for sector @ 0x0205A000 if necessary
T7F84 002:233.009    -- Filling invalid ranges in sector buffer (flash cache) for sector @ 0x0205A800 if necessary
T7F84 002:233.019    -- Filling invalid ranges in sector buffer (flash cache) for sector @ 0x0205B000 if necessary
T7F84 002:233.029    -- Filling invalid ranges in sector buffer (flash cache) for sector @ 0x0205B800 if necessary
T7F84 002:233.039    -- Filling invalid ranges in sector buffer (flash cache) for sector @ 0x0205C000 if necessary
T7F84 002:233.048    -- Filling invalid ranges in sector buffer (flash cache) for sector @ 0x0205C800 if necessary
T7F84 002:233.058    -- Filling invalid ranges in sector buffer (flash cache) for sector @ 0x0205D000 if necessary
T7F84 002:233.068    -- Filling invalid ranges in sector buffer (flash cache) for sector @ 0x0205D800 if necessary
T7F84 002:233.078    -- Filling invalid ranges in sector buffer (flash cache) for sector @ 0x0205E000 if necessary
T7F84 002:233.088    -- Filling invalid ranges in sector buffer (flash cache) for sector @ 0x0205E800 if necessary
T7F84 002:233.097    -- Filling invalid ranges in sector buffer (flash cache) for sector @ 0x0205F000 if necessary
T7F84 002:233.107    -- Filling invalid ranges in sector buffer (flash cache) for sector @ 0x0205F800 if necessary
T7F84 002:233.117    -- Filling invalid ranges in sector buffer (flash cache) for sector @ 0x02060000 if necessary
T7F84 002:233.128    -- Filling invalid ranges in sector buffer (flash cache) for sector @ 0x02060800 if necessary
T7F84 002:233.138    -- Filling invalid ranges in sector buffer (flash cache) for sector @ 0x02061000 if necessary
T7F84 002:233.148    -- Filling invalid ranges in sector buffer (flash cache) for sector @ 0x02061800 if necessary
T7F84 002:233.158    -- Filling invalid ranges in sector buffer (flash cache) for sector @ 0x02062000 if necessary
T7F84 002:233.168    -- Filling invalid ranges in sector buffer (flash cache) for sector @ 0x02062800 if necessary
T7F84 002:233.178    -- Filling invalid ranges in sector buffer (flash cache) for sector @ 0x02063000 if necessary
T7F84 002:233.188    -- Filling invalid ranges in sector buffer (flash cache) for sector @ 0x02063800 if necessary
T7F84 002:233.197    -- Filling invalid ranges in sector buffer (flash cache) for sector @ 0x02064000 if necessary
T7F84 002:233.207    -- Filling invalid ranges in sector buffer (flash cache) for sector @ 0x02064800 if necessary
T7F84 002:233.217    -- Filling invalid ranges in sector buffer (flash cache) for sector @ 0x02065000 if necessary
T7F84 002:233.229    -- Filling invalid ranges in sector buffer (flash cache) for sector @ 0x02065800 if necessary
T7F84 002:233.239    -- Filling invalid ranges in sector buffer (flash cache) for sector @ 0x02066000 if necessary
T7F84 002:233.249    -- Filling invalid ranges in sector buffer (flash cache) for sector @ 0x02066800 if necessary
T7F84 002:233.259    -- Filling invalid ranges in sector buffer (flash cache) for sector @ 0x02067000 if necessary
T7F84 002:233.268    -- Filling invalid ranges in sector buffer (flash cache) for sector @ 0x02067800 if necessary
T7F84 002:233.278    -- Filling invalid ranges in sector buffer (flash cache) for sector @ 0x02068000 if necessary
T7F84 002:233.288    -- Filling invalid ranges in sector buffer (flash cache) for sector @ 0x02068800 if necessary
T7F84 002:233.298    -- Filling invalid ranges in sector buffer (flash cache) for sector @ 0x02069000 if necessary
T7F84 002:233.308    -- Filling invalid ranges in sector buffer (flash cache) for sector @ 0x02069800 if necessary
T7F84 002:233.318    -- Filling invalid ranges in sector buffer (flash cache) for sector @ 0x0206A000 if necessary
T7F84 002:233.328    -- Filling invalid ranges in sector buffer (flash cache) for sector @ 0x0206A800 if necessary
T7F84 002:233.337    -- Filling invalid ranges in sector buffer (flash cache) for sector @ 0x0206B000 if necessary
T7F84 002:233.347    -- Filling invalid ranges in sector buffer (flash cache) for sector @ 0x0206B800 if necessary
T7F84 002:233.357    -- Filling invalid ranges in sector buffer (flash cache) for sector @ 0x0206C000 if necessary
T7F84 002:233.367    -- Filling invalid ranges in sector buffer (flash cache) for sector @ 0x0206C800 if necessary
T7F84 002:233.377    -- Filling invalid ranges in sector buffer (flash cache) for sector @ 0x0206D000 if necessary
T7F84 002:233.387    -- Filling invalid ranges in sector buffer (flash cache) for sector @ 0x0206D800 if necessary
T7F84 002:233.397    -- Filling invalid ranges in sector buffer (flash cache) for sector @ 0x0206E000 if necessary
T7F84 002:233.407    -- Filling invalid ranges in sector buffer (flash cache) for sector @ 0x0206E800 if necessary
T7F84 002:233.416    -- Filling invalid ranges in sector buffer (flash cache) for sector @ 0x0206F000 if necessary
T7F84 002:233.426    -- Filling invalid ranges in sector buffer (flash cache) for sector @ 0x0206F800 if necessary
T7F84 002:233.436    -- Filling invalid ranges in sector buffer (flash cache) for sector @ 0x02070000 if necessary
T7F84 002:233.446    -- Filling invalid ranges in sector buffer (flash cache) for sector @ 0x02070800 if necessary
T7F84 002:233.455    -- Filling invalid ranges in sector buffer (flash cache) for sector @ 0x02071000 if necessary
T7F84 002:233.466    -- Filling invalid ranges in sector buffer (flash cache) for sector @ 0x02071800 if necessary
T7F84 002:233.476    -- Filling invalid ranges in sector buffer (flash cache) for sector @ 0x02072000 if necessary
T7F84 002:233.485    -- Filling invalid ranges in sector buffer (flash cache) for sector @ 0x02072800 if necessary
T7F84 002:233.495    -- Filling invalid ranges in sector buffer (flash cache) for sector @ 0x02073000 if necessary
T7F84 002:233.505    -- Filling invalid ranges in sector buffer (flash cache) for sector @ 0x02073800 if necessary
T7F84 002:233.515    -- Filling invalid ranges in sector buffer (flash cache) for sector @ 0x02074000 if necessary
T7F84 002:233.529    -- Filling invalid ranges in sector buffer (flash cache) for sector @ 0x02074800 if necessary
T7F84 002:233.539    -- Filling invalid ranges in sector buffer (flash cache) for sector @ 0x02075000 if necessary
T7F84 002:233.549    -- Filling invalid ranges in sector buffer (flash cache) for sector @ 0x02075800 if necessary
T7F84 002:233.559    -- Filling invalid ranges in sector buffer (flash cache) for sector @ 0x02076000 if necessary
T7F84 002:233.569    -- Filling invalid ranges in sector buffer (flash cache) for sector @ 0x02076800 if necessary
T7F84 002:233.580    -- Filling invalid ranges in sector buffer (flash cache) for sector @ 0x02077000 if necessary
T7F84 002:233.590    -- Filling invalid ranges in sector buffer (flash cache) for sector @ 0x02077800 if necessary
T7F84 002:233.600    -- Filling invalid ranges in sector buffer (flash cache) for sector @ 0x02078000 if necessary
T7F84 002:233.610    -- Filling invalid ranges in sector buffer (flash cache) for sector @ 0x02078800 if necessary
T7F84 002:233.620    -- Filling invalid ranges in sector buffer (flash cache) for sector @ 0x02079000 if necessary
T7F84 002:233.634    -- Filling invalid ranges in sector buffer (flash cache) for sector @ 0x02079800 if necessary
T7F84 002:233.648    -- Filling invalid ranges in sector buffer (flash cache) for sector @ 0x0207A000 if necessary
T7F84 002:233.663    -- Filling invalid ranges in sector buffer (flash cache) for sector @ 0x0207A800 if necessary
T7F84 002:233.674    -- Filling invalid ranges in sector buffer (flash cache) for sector @ 0x0207B000 if necessary
T7F84 002:233.684    -- Filling invalid ranges in sector buffer (flash cache) for sector @ 0x0207B800 if necessary
T7F84 002:233.694    -- Filling invalid ranges in sector buffer (flash cache) for sector @ 0x0207C000 if necessary
T7F84 002:233.704    -- Filling invalid ranges in sector buffer (flash cache) for sector @ 0x0207C800 if necessary
T7F84 002:233.714    -- Filling invalid ranges in sector buffer (flash cache) for sector @ 0x0207D000 if necessary
T7F84 002:233.724    -- Filling invalid ranges in sector buffer (flash cache) for sector @ 0x0207D800 if necessary
T7F84 002:233.734    -- Filling invalid ranges in sector buffer (flash cache) for sector @ 0x0207E000 if necessary
T7F84 002:233.744    -- Filling invalid ranges in sector buffer (flash cache) for sector @ 0x0207E800 if necessary
T7F84 002:233.754    -- Filling invalid ranges in sector buffer (flash cache) for sector @ 0x0207F000 if necessary
T7F84 002:233.763    -- Filling invalid ranges in sector buffer (flash cache) for sector @ 0x0207F800 if necessary
T7F84 002:233.773    -- Filling invalid ranges in sector buffer (flash cache) for sector @ 0x02080000 if necessary
T7F84 002:233.783    -- Filling invalid ranges in sector buffer (flash cache) for sector @ 0x02080800 if necessary
T7F84 002:233.793    -- Filling invalid ranges in sector buffer (flash cache) for sector @ 0x02081000 if necessary
T7F84 002:233.803    -- Filling invalid ranges in sector buffer (flash cache) for sector @ 0x02081800 if necessary
T7F84 002:233.813    -- Filling invalid ranges in sector buffer (flash cache) for sector @ 0x02082000 if necessary
T7F84 002:233.822    -- Filling invalid ranges in sector buffer (flash cache) for sector @ 0x02082800 if necessary
T7F84 002:233.832    -- Filling invalid ranges in sector buffer (flash cache) for sector @ 0x02083000 if necessary
T7F84 002:233.842    -- Filling invalid ranges in sector buffer (flash cache) for sector @ 0x02083800 if necessary
T7F84 002:233.852    -- Filling invalid ranges in sector buffer (flash cache) for sector @ 0x02084000 if necessary
T7F84 002:233.862    -- Filling invalid ranges in sector buffer (flash cache) for sector @ 0x02084800 if necessary
T7F84 002:233.872    -- Filling invalid ranges in sector buffer (flash cache) for sector @ 0x02085000 if necessary
T7F84 002:233.882    -- Filling invalid ranges in sector buffer (flash cache) for sector @ 0x02085800 if necessary
T7F84 002:233.891    -- Filling invalid ranges in sector buffer (flash cache) for sector @ 0x02086000 if necessary
T7F84 002:233.901    -- Filling invalid ranges in sector buffer (flash cache) for sector @ 0x02086800 if necessary
T7F84 002:233.911    -- Filling invalid ranges in sector buffer (flash cache) for sector @ 0x02087000 if necessary
T7F84 002:233.922    -- Filling invalid ranges in sector buffer (flash cache) for sector @ 0x02087800 if necessary
T7F84 002:233.931    -- Filling invalid ranges in sector buffer (flash cache) for sector @ 0x02088000 if necessary
T7F84 002:233.943    -- Filling invalid ranges in sector buffer (flash cache) for sector @ 0x02088800 if necessary
T7F84 002:233.956    -- Filling invalid ranges in sector buffer (flash cache) for sector @ 0x02089000 if necessary
T7F84 002:233.966    -- Filling invalid ranges in sector buffer (flash cache) for sector @ 0x02089800 if necessary
T7F84 002:233.976    -- Filling invalid ranges in sector buffer (flash cache) for sector @ 0x0208A000 if necessary
T7F84 002:233.989    -- Filling invalid ranges in sector buffer (flash cache) for sector @ 0x0208A800 if necessary
T7F84 002:233.999    -- Filling invalid ranges in sector buffer (flash cache) for sector @ 0x0208B000 if necessary
T7F84 002:234.009    -- Filling invalid ranges in sector buffer (flash cache) for sector @ 0x0208B800 if necessary
T7F84 002:234.019    -- Filling invalid ranges in sector buffer (flash cache) for sector @ 0x0208C000 if necessary
T7F84 002:234.029    -- Filling invalid ranges in sector buffer (flash cache) for sector @ 0x0208C800 if necessary
T7F84 002:234.039    -- Filling invalid ranges in sector buffer (flash cache) for sector @ 0x0208D000 if necessary
T7F84 002:234.049    -- Filling invalid ranges in sector buffer (flash cache) for sector @ 0x0208D800 if necessary
T7F84 002:234.059    -- Filling invalid ranges in sector buffer (flash cache) for sector @ 0x0208E000 if necessary
T7F84 002:234.069    -- Filling invalid ranges in sector buffer (flash cache) for sector @ 0x0208E800 if necessary
T7F84 002:234.079    -- Filling invalid ranges in sector buffer (flash cache) for sector @ 0x0208F000 if necessary
T7F84 002:234.089    -- Filling invalid ranges in sector buffer (flash cache) for sector @ 0x0208F800 if necessary
T7F84 002:234.098    -- Filling invalid ranges in sector buffer (flash cache) for sector @ 0x02090000 if necessary
T7F84 002:234.108    -- Filling invalid ranges in sector buffer (flash cache) for sector @ 0x02090800 if necessary
T7F84 002:234.118    -- Filling invalid ranges in sector buffer (flash cache) for sector @ 0x02091000 if necessary
T7F84 002:234.128    -- Filling invalid ranges in sector buffer (flash cache) for sector @ 0x02091800 if necessary
T7F84 002:234.138    -- Filling invalid ranges in sector buffer (flash cache) for sector @ 0x02092000 if necessary
T7F84 002:234.147    -- Filling invalid ranges in sector buffer (flash cache) for sector @ 0x02092800 if necessary
T7F84 002:234.157    -- Filling invalid ranges in sector buffer (flash cache) for sector @ 0x02093000 if necessary
T7F84 002:234.167    -- Filling invalid ranges in sector buffer (flash cache) for sector @ 0x02093800 if necessary
T7F84 002:234.177    -- Filling invalid ranges in sector buffer (flash cache) for sector @ 0x02094000 if necessary
T7F84 002:234.186    -- Filling invalid ranges in sector buffer (flash cache) for sector @ 0x02094800 if necessary
T7F84 002:234.196    -- Filling invalid ranges in sector buffer (flash cache) for sector @ 0x02095000 if necessary
T7F84 002:234.206    -- Filling invalid ranges in sector buffer (flash cache) for sector @ 0x02095800 if necessary
T7F84 002:234.216    -- Filling invalid ranges in sector buffer (flash cache) for sector @ 0x02096000 if necessary
T7F84 002:234.226    -- Filling invalid ranges in sector buffer (flash cache) for sector @ 0x02096800 if necessary
T7F84 002:234.236    -- Filling invalid ranges in sector buffer (flash cache) for sector @ 0x02097000 if necessary
T7F84 002:234.245    -- Filling invalid ranges in sector buffer (flash cache) for sector @ 0x02097800 if necessary
T7F84 002:234.255    -- Filling invalid ranges in sector buffer (flash cache) for sector @ 0x02098000 if necessary
T7F84 002:234.265    -- Filling invalid ranges in sector buffer (flash cache) for sector @ 0x02098800 if necessary
T7F84 002:234.275    -- Filling invalid ranges in sector buffer (flash cache) for sector @ 0x02099000 if necessary
T7F84 002:234.284    -- Filling invalid ranges in sector buffer (flash cache) for sector @ 0x02099800 if necessary
T7F84 002:234.294    -- Filling invalid ranges in sector buffer (flash cache) for sector @ 0x0209A000 if necessary
T7F84 002:234.306    -- Filling invalid ranges in sector buffer (flash cache) for sector @ 0x0209A800 if necessary
T7F84 002:234.316    -- Filling invalid ranges in sector buffer (flash cache) for sector @ 0x0209B000 if necessary
T7F84 002:234.326    -- Filling invalid ranges in sector buffer (flash cache) for sector @ 0x0209B800 if necessary
T7F84 002:234.335    -- Filling invalid ranges in sector buffer (flash cache) for sector @ 0x0209C000 if necessary
T7F84 002:234.345    -- Filling invalid ranges in sector buffer (flash cache) for sector @ 0x0209C800 if necessary
T7F84 002:234.355    -- Filling invalid ranges in sector buffer (flash cache) for sector @ 0x0209D000 if necessary
T7F84 002:234.365    -- Filling invalid ranges in sector buffer (flash cache) for sector @ 0x0209D800 if necessary
T7F84 002:234.374    -- Filling invalid ranges in sector buffer (flash cache) for sector @ 0x0209E000 if necessary
T7F84 002:234.384    -- Filling invalid ranges in sector buffer (flash cache) for sector @ 0x0209E800 if necessary
T7F84 002:234.394    -- Filling invalid ranges in sector buffer (flash cache) for sector @ 0x0209F000 if necessary
T7F84 002:234.404    -- Filling invalid ranges in sector buffer (flash cache) for sector @ 0x0209F800 if necessary
T7F84 002:234.416    -- Filling invalid ranges in sector buffer (flash cache) for sector @ 0x020A0000 if necessary
T7F84 002:234.426    -- Filling invalid ranges in sector buffer (flash cache) for sector @ 0x020A0800 if necessary
T7F84 002:234.436    -- Filling invalid ranges in sector buffer (flash cache) for sector @ 0x020A1000 if necessary
T7F84 002:234.445    -- Filling invalid ranges in sector buffer (flash cache) for sector @ 0x020A1800 if necessary
T7F84 002:234.455    -- Filling invalid ranges in sector buffer (flash cache) for sector @ 0x020A2000 if necessary
T7F84 002:234.465    -- Filling invalid ranges in sector buffer (flash cache) for sector @ 0x020A2800 if necessary
T7F84 002:234.475    -- Filling invalid ranges in sector buffer (flash cache) for sector @ 0x020A3000 if necessary
T7F84 002:234.484    -- Filling invalid ranges in sector buffer (flash cache) for sector @ 0x020A3800 if necessary
T7F84 002:234.494    -- Filling invalid ranges in sector buffer (flash cache) for sector @ 0x020A4000 if necessary
T7F84 002:234.504    -- Filling invalid ranges in sector buffer (flash cache) for sector @ 0x020A4800 if necessary
T7F84 002:234.514    -- Filling invalid ranges in sector buffer (flash cache) for sector @ 0x020A5000 if necessary
T7F84 002:234.523    -- Filling invalid ranges in sector buffer (flash cache) for sector @ 0x020A5800 if necessary
T7F84 002:234.533    -- Filling invalid ranges in sector buffer (flash cache) for sector @ 0x020A6000 if necessary
T7F84 002:234.543    -- Filling invalid ranges in sector buffer (flash cache) for sector @ 0x020A6800 if necessary
T7F84 002:234.553    -- Filling invalid ranges in sector buffer (flash cache) for sector @ 0x020A7000 if necessary
T7F84 002:234.562    -- Filling invalid ranges in sector buffer (flash cache) for sector @ 0x020A7800 if necessary
T7F84 002:234.572    -- Filling invalid ranges in sector buffer (flash cache) for sector @ 0x020A8000 if necessary
T7F84 002:234.582    -- Filling invalid ranges in sector buffer (flash cache) for sector @ 0x020A8800 if necessary
T7F84 002:234.592    -- Filling invalid ranges in sector buffer (flash cache) for sector @ 0x020A9000 if necessary
T7F84 002:234.601    -- Filling invalid ranges in sector buffer (flash cache) for sector @ 0x020A9800 if necessary
T7F84 002:234.611    -- Filling invalid ranges in sector buffer (flash cache) for sector @ 0x020AA000 if necessary
T7F84 002:234.621    -- Filling invalid ranges in sector buffer (flash cache) for sector @ 0x020AA800 if necessary
T7F84 002:234.631    -- Filling invalid ranges in sector buffer (flash cache) for sector @ 0x020AB000 if necessary
T7F84 002:234.640    -- Filling invalid ranges in sector buffer (flash cache) for sector @ 0x020AB800 if necessary
T7F84 002:234.652    -- Filling invalid ranges in sector buffer (flash cache) for sector @ 0x020AC000 if necessary
T7F84 002:234.662    -- Filling invalid ranges in sector buffer (flash cache) for sector @ 0x020AC800 if necessary
T7F84 002:234.672    -- Filling invalid ranges in sector buffer (flash cache) for sector @ 0x020AD000 if necessary
T7F84 002:234.681    -- Filling invalid ranges in sector buffer (flash cache) for sector @ 0x020AD800 if necessary
T7F84 002:234.691    -- Filling invalid ranges in sector buffer (flash cache) for sector @ 0x020AE000 if necessary
T7F84 002:234.701    -- Filling invalid ranges in sector buffer (flash cache) for sector @ 0x020AE800 if necessary
T7F84 002:234.711    -- Filling invalid ranges in sector buffer (flash cache) for sector @ 0x020AF000 if necessary
T7F84 002:234.720    -- Filling invalid ranges in sector buffer (flash cache) for sector @ 0x020AF800 if necessary
T7F84 002:234.730    -- Filling invalid ranges in sector buffer (flash cache) for sector @ 0x020B0000 if necessary
T7F84 002:234.740    -- Filling invalid ranges in sector buffer (flash cache) for sector @ 0x020B0800 if necessary
T7F84 002:234.750    -- Filling invalid ranges in sector buffer (flash cache) for sector @ 0x020B1000 if necessary
T7F84 002:234.760    -- Filling invalid ranges in sector buffer (flash cache) for sector @ 0x020B1800 if necessary
T7F84 002:234.770    -- Filling invalid ranges in sector buffer (flash cache) for sector @ 0x020B2000 if necessary
T7F84 002:234.784    -- Filling invalid ranges in sector buffer (flash cache) for sector @ 0x020B2800 if necessary
T7F84 002:234.794    -- Filling invalid ranges in sector buffer (flash cache) for sector @ 0x020B3000 if necessary
T7F84 002:234.804    -- Filling invalid ranges in sector buffer (flash cache) for sector @ 0x020B3800 if necessary
T7F84 002:234.814    -- Filling invalid ranges in sector buffer (flash cache) for sector @ 0x020B4000 if necessary
T7F84 002:234.825    -- Filling invalid ranges in sector buffer (flash cache) for sector @ 0x020B4800 if necessary
T7F84 002:234.836    -- Filling invalid ranges in sector buffer (flash cache) for sector @ 0x020B5000 if necessary
T7F84 002:234.845    -- Filling invalid ranges in sector buffer (flash cache) for sector @ 0x020B5800 if necessary
T7F84 002:234.855    -- Filling invalid ranges in sector buffer (flash cache) for sector @ 0x020B6000 if necessary
T7F84 002:234.913    -- End of determining dirty areas
T7F84 002:234.922    -- Start of preparing flash programming
T7F84 002:235.102    -- Preparing RAMCode
T7F84 002:235.120    -- Calculating RAM usage
T7F84 002:235.130    -- RAM usage = 19424 Bytes
T7F84 002:235.139    -- Preserving CPU registers
T7F84 002:236.032    -- Preparing memory
T7F84 002:236.050    -- Preparing target
T7F84 002:236.059    -- Preserving target RAM temporarily used for programming
T7F84 002:346.637    -- Downloading RAMCode
T7F84 002:375.927    -- Initializing RAMCode (InitType: 3 = Verify)
T7F84 002:375.964    -- Executing SEGGER_FL_Prepare(3)
T7F84 002:381.049    -- SEGGER_FL_Prepare() changed clock speed to 150000000Hz
T7F84 002:381.091    -- End of preparing flash programming
T7F84 002:444.206    -- CPU is running at 150000 kHz.
T7F84 002:444.258    -- Start of comparing flash
T7F84 002:444.274    -- CRC check was estimated as fastest method
T7F84 002:513.504    -- Comparing range 0x2000000 - 0x201FFFF (64 Sectors, 128 KB), using single-block CRC calculation
T7F84 002:579.976    -- CRC does not match, checking individual sectors
T7F84 002:597.954    -- CRC does not match for sectors 0-15
T7F84 002:615.979    -- CRC does not match for sectors 16-31
T7F84 002:634.553    -- CRC does not match for sectors 32-47
T7F84 002:652.694    -- CRC does not match for sectors 48-63
T7F84 002:652.946    -- Comparing range 0x2020000 - 0x203FFFF (64 Sectors, 128 KB), using single-block CRC calculation
T7F84 002:715.462    -- CRC does not match, checking individual sectors
T7F84 002:733.030    -- CRC does not match for sectors 64-79
T7F84 002:751.793    -- CRC does not match for sectors 80-95
T7F84 002:771.873    -- CRC does not match for sectors 96-111
T7F84 002:789.301    -- CRC does not match for sectors 112-127
T7F84 002:789.553    -- Comparing range 0x2040000 - 0x205FFFF (64 Sectors, 128 KB), using single-block CRC calculation
T7F84 002:852.145    -- CRC does not match, checking individual sectors
T7F84 002:871.579    -- CRC does not match for sectors 128-143
T7F84 002:889.822    -- CRC does not match for sectors 144-159
T7F84 002:907.257    -- CRC does not match for sectors 160-175
T7F84 002:926.124    -- CRC does not match for sectors 176-191
T7F84 002:926.736    -- Comparing range 0x2060000 - 0x207FFFF (64 Sectors, 128 KB), using single-block CRC calculation
T7F84 002:989.413    -- CRC does not match, checking individual sectors
T7F84 003:007.470    -- CRC does not match for sectors 192-207
T7F84 003:025.734    -- CRC does not match for sectors 208-223
T7F84 003:043.199    -- CRC does not match for sectors 224-239
T7F84 003:060.462    -- CRC does not match for sectors 240-255
T7F84 003:060.813    -- Comparing range 0x2080000 - 0x209FFFF (64 Sectors, 128 KB), using single-block CRC calculation
T7F84 003:122.966    -- CRC does not match, checking individual sectors
T7F84 003:140.672    -- CRC does not match for sectors 256-271
T7F84 003:159.145    -- CRC does not match for sectors 272-287
T7F84 003:176.881    -- CRC does not match for sectors 288-303
T7F84 003:194.038    -- CRC does not match for sectors 304-319
T7F84 003:194.306    -- Comparing range 0x20A0000 - 0x20B67FF (45 Sectors, 90 KB), using single-block CRC calculation
T7F84 003:238.503    -- CRC does not match, checking individual sectors
T7F84 003:255.750    -- CRC does not match for sectors 320-335
T7F84 003:273.547    -- CRC does not match for sectors 336-351
T7F84 003:288.382    -- CRC does not match for sectors 352-364
T7F84 003:288.420    -- End of comparing flash
T7F84 003:288.440    -- Start of erasing sectors
T7F84 003:288.457    -- Erasing range 0x02000000 - 0x0201FFFF ( 64 Sectors, 128 KB)
T7F84 003:523.282    -- Erasing range 0x02020000 - 0x0203FFFF ( 64 Sectors, 128 KB)
T7F84 003:758.088    -- Erasing range 0x02040000 - 0x0205FFFF ( 64 Sectors, 128 KB)
T7F84 003:996.013    -- Erasing range 0x02060000 - 0x0207FFFF ( 64 Sectors, 128 KB)
T7F84 004:230.602    -- Erasing range 0x02080000 - 0x0209FFFF ( 64 Sectors, 128 KB)
T7F84 004:465.584    -- Erasing range 0x020A0000 - 0x020B67FF ( 45 Sectors, 90 KB)
T7F84 004:631.671    -- End of erasing sectors
T7F84 004:631.723    -- Start of flash programming
T7F84 004:631.740    -- Programming range 0x02000000 - 0x02007FFF ( 16 Sectors, 32 KB)
T7F84 004:864.820    -- Programming range 0x02008000 - 0x0200FFFF ( 16 Sectors, 32 KB)
T7F84 005:114.332    -- Programming range 0x02010000 - 0x02017FFF ( 16 Sectors, 32 KB)
T7F84 005:365.725    -- Programming range 0x02018000 - 0x0201FFFF ( 16 Sectors, 32 KB)
T7F84 005:604.663    -- Programming range 0x02020000 - 0x02027FFF ( 16 Sectors, 32 KB)
T7F84 005:841.910    -- Programming range 0x02028000 - 0x0202FFFF ( 16 Sectors, 32 KB)
T7F84 006:073.714    -- Programming range 0x02030000 - 0x02037FFF ( 16 Sectors, 32 KB)
T7F84 006:311.612    -- Programming range 0x02038000 - 0x0203FFFF ( 16 Sectors, 32 KB)
T7F84 006:556.007    -- Programming range 0x02040000 - 0x02047FFF ( 16 Sectors, 32 KB)
T7F84 006:800.661    -- Programming range 0x02048000 - 0x0204FFFF ( 16 Sectors, 32 KB)
T7F84 007:047.113    -- Programming range 0x02050000 - 0x02057FFF ( 16 Sectors, 32 KB)
T7F84 007:279.404    -- Programming range 0x02058000 - 0x0205FFFF ( 16 Sectors, 32 KB)
T7F84 007:519.782    -- Programming range 0x02060000 - 0x02067FFF ( 16 Sectors, 32 KB)
T7F84 007:757.645    -- Programming range 0x02068000 - 0x0206FFFF ( 16 Sectors, 32 KB)
T7F84 007:990.370    -- Programming range 0x02070000 - 0x02077FFF ( 16 Sectors, 32 KB)
T7F84 008:219.168    -- Programming range 0x02078000 - 0x0207FFFF ( 16 Sectors, 32 KB)
T7F84 008:450.073    -- Programming range 0x02080000 - 0x02087FFF ( 16 Sectors, 32 KB)
T7F84 008:685.164    -- Programming range 0x02088000 - 0x0208FFFF ( 16 Sectors, 32 KB)
T7F84 008:918.478    -- Programming range 0x02090000 - 0x02097FFF ( 16 Sectors, 32 KB)
T7F84 009:151.282    -- Programming range 0x02098000 - 0x0209FFFF ( 16 Sectors, 32 KB)
T7F84 009:382.946    -- Programming range 0x020A0000 - 0x020A7FFF ( 16 Sectors, 32 KB)
T7F84 009:620.213    -- Programming range 0x020A8000 - 0x020AFFFF ( 16 Sectors, 32 KB)
T7F84 009:859.699    -- Programming range 0x020B0000 - 0x020B67FF ( 13 Sectors, 26 KB)
T7F84 010:049.938    -- End of flash programming
T7F84 010:049.985    -- 0x2000000 - 0x20B67FF (365 Sectors, 730 KB)
T7F84 010:050.005    -- Start of verifying flash
T7F84 010:050.022    -- Checksum calculation was estimated as fastest method
T7F84 010:050.037    -- Checksum is not supported by this flash bank. Switched to read back method.
T7F84 010:425.577    -- End of verifying flash
T7F84 010:425.623    -- Start of restoring
T7F84 010:425.642    -- Executing SEGGER_FL_Restore()
T7F84 010:431.062    -- Restoring target memory
T7F84 010:530.437    -- Restoring CPU registers
T7F84 010:530.798    -- End of restoring
T7F84 010:530.829    -- Bank 0 @ 0x02000000: 1 range affected (747520 bytes)
T7F84 010:530.848    -- Total: 8.295s (Prepare: 0.209s, Compare: 0.844s, Erase: 1.343s, Program: 5.435s, Verify: 0.358s, Restore: 0.105s)
T7F84 010:530.865    -- Program & Verify speed: 126 KB/s
T7F84 010:535.200    -- --------------------------------------
T7F84 010:535.242    -- Start of determining flash info (Bank @ 0x02C9F020)
T7F84 010:535.252    -- End of determining flash info
T7F84 010:535.261    -- Start of determining dirty areas in flash cache
T7F84 010:535.271    -- Filling invalid ranges in sector buffer (flash cache) for sector @ 0x02C9F040 if necessary
T7F84 010:535.286    -- Filling invalid ranges in sector buffer (flash cache) for sector @ 0x02C9F0C0 if necessary
T7F84 010:535.296    -- Filling invalid ranges in sector buffer (flash cache) for sector @ 0x02C9F120 if necessary
T7F84 010:535.307    -- End of determining dirty areas
T7F84 010:535.318    -- Start of preparing flash programming
T7F84 010:535.332    -- Preparing RAMCode
T7F84 010:535.341    -- Calculating RAM usage
T7F84 010:535.350    -- RAM usage = 3472 Bytes
T7F84 010:535.359    -- Preserving CPU registers
T7F84 010:535.402    -- Preparing memory
T7F84 010:535.411    -- Preparing target
T7F84 010:535.419    -- Preserving target RAM temporarily used for programming
T7F84 010:555.803    -- Downloading RAMCode
T7F84 010:578.506    -- Initializing RAMCode (InitType: 3 = Verify)
T7F84 010:578.575    -- Executing SEGGER_FL_Prepare(3)
T7F84 010:585.082    -- End of preparing flash programming
T7F84 010:586.907    -- CPU speed could not be measured.
T7F84 010:586.938    -- Start of comparing flash
T7F84 010:586.954    -- CRC check was estimated as fastest method
T7F84 010:601.392    -- Comparing range 0x2C9F040 - 0x2C9F04F (1 Sector, 16 Bytes), using single-block CRC calculation
T7F84 010:607.477    -- CRC matches
T7F84 010:607.852    -- Comparing range 0x2C9F0C0 - 0x2C9F0CF (1 Sector, 16 Bytes), using single-block CRC calculation
T7F84 010:617.261    -- CRC matches
T7F84 010:617.636    -- Comparing range 0x2C9F120 - 0x2C9F12F (1 Sector, 16 Bytes), using single-block CRC calculation
T7F84 010:620.720    -- CRC matches
T7F84 010:620.977    -- Comparing range 0x2C9F040 - 0x2C9F04F (1 Sector, 16 Bytes), using alternative single-block CRC calculation
T7F84 010:623.660    -- CRC matches
T7F84 010:623.854    -- Comparing range 0x2C9F0C0 - 0x2C9F0CF (1 Sector, 16 Bytes), using alternative single-block CRC calculation
T7F84 010:626.977    -- CRC matches
T7F84 010:627.230    -- Comparing range 0x2C9F120 - 0x2C9F12F (1 Sector, 16 Bytes), using alternative single-block CRC calculation
T7F84 010:629.998    -- CRC matches
T7F84 010:630.027    -- End of comparing flash
T7F84 010:630.045    -- Start of erasing sectors
T7F84 010:630.060    -- End of erasing sectors
T7F84 010:630.084    -- Start of flash programming
T7F84 010:630.097    -- End of flash programming
T7F84 010:630.109    -- Start of verifying flash
T7F84 010:630.122    -- End of verifying flash
T7F84 010:630.136    -- Start of restoring
T7F84 010:630.150    -- Executing SEGGER_FL_Restore()
T7F84 010:635.443    -- Restoring target memory
T7F84 010:654.181    -- Restoring CPU registers
T7F84 010:654.533    -- End of restoring
T7F84 010:654.556    -- Bank 1 @ 0x02C9F020: Skipped. Contents already match
T7F84 010:654.566    -- Bank 1 @ 0x02C9F020: Skipped. Contents already match
T7F84 010:762.756 - 8533.688ms returns 747520 (0xB6800)
T7F84 010:763.503 JLINK_WriteReg(R15 (PC), 0x0200E180)
T7F84 010:763.542 - 0.040ms returns 0
T7F84 010:763.557 JLINK_WriteReg(XPSR, 0x01000000)
T7F84 010:763.568 - 0.011ms returns 0
T7F84 010:763.591 JLINK_WriteMem(0x220E98D0, 0x4 Bytes, ...)
T7F84 010:763.602   Data:  00 00 00 00
T7F84 010:763.627   CPU_WriteMem(4 bytes @ 0x220E98D0)
T7F84 010:764.216 - 0.625ms returns 0x4
T7F84 010:764.242 JLINK_ReadMem(0x220E98D0, 0x4 Bytes, ...)
T7F84 010:764.253   CPU_ReadMem(4 bytes @ 0x220E98D0)
T7F84 010:764.787   Data:  00 00 00 00
T7F84 010:764.810 - 0.566ms returns 0
T7F84 010:764.822 JLINK_ReadMem(0x220E98AC, 0x4 Bytes, ...)
T7F84 010:764.834   CPU_ReadMem(4 bytes @ 0x220E98AC)
T7F84 010:765.372   Data:  00 00 00 00
T7F84 010:765.386 - 0.564ms returns 0
T7F84 010:765.398 JLINK_ReadMem(0x020B6048, 0x4 Bytes, ...)
T7F84 010:765.407    -- Read from flash cache (4 bytes @ 0x020B6048)
T7F84 010:765.416   Data:  0F 00 00 00
T7F84 010:765.424 - 0.026ms returns 0
T7F84 010:766.547 JLINK_ResetPullsRESET(ON)
T7F84 010:766.565 - 0.017ms 
T7F84 010:766.572 JLINK_Halt()
T7F84 010:766.579 - 0.006ms returns 0x00
T7F84 010:766.586 JLINK_IsHalted()
T7F84 010:766.593 - 0.006ms returns TRUE
T7F84 010:766.600 JLINK_Reset()
T7F84 010:766.610   ResetTarget() start
T7F84 010:766.618    J-Link Script File: Executing ResetTarget()
T7F84 010:767.342   CPU_ReadMem(4 bytes @ 0xE000ED44)
T7F84 010:767.604   CPU_ReadMem(4 bytes @ 0xE000EE08)
T7F84 010:768.033   CPU_WriteMem(4 bytes @ 0xE000EE08)
T7F84 010:768.438   CPU_ReadMem(4 bytes @ 0xE000EE08)
T7F84 010:768.707   Reset: ARMv8M core with Security Extension enabled detected. Switch to secure domain.
T7F84 010:768.728   Reset: Halt core after reset via DEMCR.VC_CORERESET.
T7F84 010:768.746   CPU_WriteMem(4 bytes @ 0xE000EDF0)
T7F84 010:769.068   CPU_WriteMem(4 bytes @ 0xE000EDFC)
T7F84 010:769.503   Reset: Reset device via AIRCR.SYSRESETREQ.
T7F84 010:769.524   CPU_WriteMem(4 bytes @ 0xE000ED0C)
T7F84 010:821.830   CPU_ReadMem(4 bytes @ 0xE000EDF0)
T7F84 010:822.186   CPU_ReadMem(4 bytes @ 0xE000EDF0)
T7F84 010:822.489   CPU_WriteMem(4 bytes @ 0xE000EDFC)
T7F84 010:822.782   ResetTarget() end - Took 56.1ms
T7F84 010:822.809   Device specific reset executed.
T7F84 010:826.385   CPU_WriteMem(4 bytes @ 0xE0002000)
T7F84 010:826.670   CPU_ReadMem(4 bytes @ 0xE000EDFC)
T7F84 010:826.914   CPU_ReadMem(4 bytes @ 0xE0001000)
T7F84 010:827.600   CPU_ReadMem(4 bytes @ 0xE000EE08)
T7F84 010:827.899 - 61.298ms 
T7F84 010:828.426 JLINK_SetEndian(ARM_ENDIAN_LITTLE)
T7F84 010:828.442 - 0.014ms returns 0
T7F84 010:828.475 JLINK_ReadMem(0x220E98D0, 0x4 Bytes, ...)
T7F84 010:828.490   CPU_ReadMem(4 bytes @ 0x220E98D0)
T7F84 010:829.258   Data:  00 00 00 00
T7F84 010:829.275 - 0.799ms returns 0
T7F84 010:829.288 JLINK_ReadMem(0x220E98AC, 0x4 Bytes, ...)
T7F84 010:829.300   CPU_ReadMem(4 bytes @ 0x220E98AC)
T7F84 010:829.835   Data:  00 00 00 00
T7F84 010:829.851 - 0.563ms returns 0
T7F84 010:829.862 JLINK_ReadMem(0x020B6048, 0x4 Bytes, ...)
T7F84 010:829.870    -- Read from flash cache (4 bytes @ 0x020B6048)
T7F84 010:829.878   Data:  0F 00 00 00
T7F84 010:829.886 - 0.024ms returns 0
T7F84 010:847.398 JLINK_WriteMem(0x220E98D0, 0x4 Bytes, ...)
T7F84 010:847.431   Data:  00 00 00 00
T7F84 010:847.460   CPU_WriteMem(4 bytes @ 0x220E98D0)
T7F84 010:848.086 - 0.686ms returns 0x4
T7F84 010:848.112 JLINK_ReadMem(0x220E98D0, 0x4 Bytes, ...)
T7F84 010:848.130   CPU_ReadMem(4 bytes @ 0x220E98D0)
T7F84 010:848.661   Data:  00 00 00 00
T7F84 010:848.678 - 0.565ms returns 0
T7F84 010:848.690 JLINK_ReadMem(0x220E98AC, 0x4 Bytes, ...)
T7F84 010:848.700   CPU_ReadMem(4 bytes @ 0x220E98AC)
T7F84 010:849.314   Data:  00 00 00 00
T7F84 010:849.347 - 0.656ms returns 0
T7F84 010:849.371 JLINK_ReadMem(0x020B6048, 0x4 Bytes, ...)
T7F84 010:849.384    -- Read from flash cache (4 bytes @ 0x020B6048)
T7F84 010:849.398   Data:  0F 00 00 00
T7F84 010:849.410 - 0.038ms returns 0
T7F84 010:854.937 JLINK_ReadMem(0x220E98D0, 0x4 Bytes, ...)
T7F84 010:854.986   CPU_ReadMem(4 bytes @ 0x220E98D0)
T7F84 010:855.552   Data:  00 00 00 00
T7F84 010:855.571 - 0.634ms returns 0
T7F84 010:855.582 JLINK_ReadMem(0x220E98AC, 0x4 Bytes, ...)
T7F84 010:855.593   CPU_ReadMem(4 bytes @ 0x220E98AC)
T7F84 010:856.166   Data:  00 00 00 00
T7F84 010:856.191 - 0.609ms returns 0
T7F84 010:856.206 JLINK_ReadMem(0x020B6048, 0x4 Bytes, ...)
T7F84 010:856.214    -- Read from flash cache (4 bytes @ 0x020B6048)
T7F84 010:856.223   Data:  0F 00 00 00
T7F84 010:856.231 - 0.025ms returns 0
T7F84 010:856.243 JLINK_ReadMem(0x220E98D0, 0x4 Bytes, ...)
T7F84 010:856.254   CPU_ReadMem(4 bytes @ 0x220E98D0)
T7F84 010:856.768   Data:  00 00 00 00
T7F84 010:856.784 - 0.541ms returns 0
T7F84 010:856.795 JLINK_ReadMem(0x220E98AC, 0x4 Bytes, ...)
T7F84 010:856.804   CPU_ReadMem(4 bytes @ 0x220E98AC)
T7F84 010:857.316   Data:  00 00 00 00
T7F84 010:857.335 - 0.540ms returns 0
T7F84 010:857.350 JLINK_ReadMem(0x020B6048, 0x4 Bytes, ...)
T7F84 010:857.362    -- Read from flash cache (4 bytes @ 0x020B6048)
T7F84 010:857.375   Data:  0F 00 00 00
T7F84 010:857.388 - 0.038ms returns 0
T7F84 010:859.746 JLINK_ReadMem(0x0200E180, 0x4 Bytes, ...)
T7F84 010:859.787    -- Read from flash cache (4 bytes @ 0x0200E180)
T7F84 010:859.798   Data:  00 F0 06 F8
T7F84 010:859.807 - 0.062ms returns 0
T7F84 010:890.515 JLINK_ReadMem(0x220E98D0, 0x4 Bytes, ...)
T7F84 010:890.564   CPU_ReadMem(4 bytes @ 0x220E98D0)
T7F84 010:891.177   Data:  00 00 00 00
T7F84 010:891.210 - 0.694ms returns 0
T7F84 010:891.223 JLINK_ReadMem(0x220E98AC, 0x4 Bytes, ...)
T7F84 010:891.236   CPU_ReadMem(4 bytes @ 0x220E98AC)
T7F84 010:891.766   Data:  00 00 00 00
T7F84 010:891.784 - 0.560ms returns 0
T7F84 010:891.796 JLINK_ReadMem(0x020B6048, 0x4 Bytes, ...)
T7F84 010:891.806    -- Read from flash cache (4 bytes @ 0x020B6048)
T7F84 010:891.814   Data:  0F 00 00 00
T7F84 010:891.822 - 0.026ms returns 0
T7F84 010:891.835 JLINK_ReadMem(0x220E98D0, 0x4 Bytes, ...)
T7F84 010:891.845   CPU_ReadMem(4 bytes @ 0x220E98D0)
T7F84 010:892.370   Data:  00 00 00 00
T7F84 010:892.386 - 0.551ms returns 0
T7F84 010:892.397 JLINK_ReadMem(0x220E98AC, 0x4 Bytes, ...)
T7F84 010:892.406   CPU_ReadMem(4 bytes @ 0x220E98AC)
T7F84 010:892.944   Data:  00 00 00 00
T7F84 010:892.962 - 0.564ms returns 0
T7F84 010:892.974 JLINK_ReadMem(0x020B6048, 0x4 Bytes, ...)
T7F84 010:892.981    -- Read from flash cache (4 bytes @ 0x020B6048)
T7F84 010:892.990   Data:  0F 00 00 00
T7F84 010:892.998 - 0.024ms returns 0
T7F84 010:893.892 JLINK_ReadMem(0x0200E180, 0x4 Bytes, ...)
T7F84 010:893.909    -- Read from flash cache (4 bytes @ 0x0200E180)
T7F84 010:893.917   Data:  00 F0 06 F8
T7F84 010:893.926 - 0.033ms returns 0
T7F84 011:170.024 JLINK_ReadMem(0x220E98D0, 0x4 Bytes, ...)
T7F84 011:170.088   CPU_ReadMem(4 bytes @ 0x220E98D0)
T7F84 011:170.757   Data:  00 00 00 00
T7F84 011:170.783 - 0.760ms returns 0
T7F84 011:170.805 JLINK_ReadMem(0x220E98AC, 0x4 Bytes, ...)
T7F84 011:170.830   CPU_ReadMem(4 bytes @ 0x220E98AC)
T7F84 011:171.807   Data:  00 00 00 00
T7F84 011:171.837 - 1.032ms returns 0
T7F84 011:171.858 JLINK_ReadMem(0x020B6048, 0x4 Bytes, ...)
T7F84 011:171.874    -- Read from flash cache (4 bytes @ 0x020B6048)
T7F84 011:171.886   Data:  0F 00 00 00
T7F84 011:171.898 - 0.040ms returns 0
T7F84 011:171.923 JLINK_ReadMem(0x220E98D0, 0x4 Bytes, ...)
T7F84 011:171.939   CPU_ReadMem(4 bytes @ 0x220E98D0)
T7F84 011:172.642   Data:  00 00 00 00
T7F84 011:172.670 - 0.745ms returns 0
T7F84 011:172.686 JLINK_ReadMem(0x220E98AC, 0x4 Bytes, ...)
T7F84 011:172.704   CPU_ReadMem(4 bytes @ 0x220E98AC)
T7F84 011:173.341   Data:  00 00 00 00
T7F84 011:173.367 - 0.680ms returns 0
T7F84 011:173.386 JLINK_ReadMem(0x020B6048, 0x4 Bytes, ...)
T7F84 011:173.398    -- Read from flash cache (4 bytes @ 0x020B6048)
T7F84 011:173.411   Data:  0F 00 00 00
T7F84 011:173.423 - 0.037ms returns 0
T7F84 011:348.670 JLINK_GetNumBPUnits(Type = 0xFFFFFF00)
T7F84 011:348.719 - 0.049ms returns 0x08
T7F84 011:348.731 JLINK_GetNumWPUnits()
T7F84 011:348.741 - 0.008ms returns 8
T7F84 011:348.770 JLINK_GetNumBPUnits(Type = 0xFFFFFF00)
T7F84 011:348.780 - 0.009ms returns 0x08
T7F84 011:348.790 JLINK_GetNumWPUnits()
T7F84 011:348.800 - 0.009ms returns 8
T7F84 011:348.815 JLINK_GetNumBPUnits(Type = 0xFFFFFF00)
T7F84 011:348.826 - 0.010ms returns 0x08
T7F84 011:348.837 JLINK_GetNumWPUnits()
T7F84 011:348.846 - 0.009ms returns 8
T7F84 011:349.442 JLINK_SetBPEx(Addr = 0x02004882, Type = 0xFFFFFF00)
T7F84 011:349.466 - 0.025ms returns 0x00000001
T7F84 011:349.481 JLINK_ClrBPEx(BPHandle = 0x00000001)
T7F84 011:349.820 - 0.338ms returns 0x00
T7F84 016:079.520 JLINK_ReadMem(0x02004884, 0x2 Bytes, ...)
T7F84 016:079.570    -- Read from flash cache (2 bytes @ 0x02004884)
T7F84 016:079.586   Data:  45 F2
T7F84 016:079.600 - 0.081ms returns 0
T7F84 016:080.072 JLINK_SetBPEx(Addr = 0x02004884, Type = 0xFFFFFF00)
T7F84 016:080.098 - 0.025ms returns 0x00000002
T7F84 016:198.486 JLINK_ReadMem(0x220E98D0, 0x4 Bytes, ...)
T7F84 016:198.550   CPU_ReadMem(4 bytes @ 0x220E98D0)
T7F84 016:199.179   Data:  00 00 00 00
T7F84 016:199.214 - 0.728ms returns 0
T7F84 016:199.230 JLINK_ReadMem(0x220E98AC, 0x4 Bytes, ...)
T7F84 016:199.243   CPU_ReadMem(4 bytes @ 0x220E98AC)
T7F84 016:199.789   Data:  00 00 00 00
T7F84 016:199.816 - 0.585ms returns 0
T7F84 016:199.830 JLINK_ReadMem(0x020B6048, 0x4 Bytes, ...)
T7F84 016:199.842    -- Read from flash cache (4 bytes @ 0x020B6048)
T7F84 016:199.851   Data:  0F 00 00 00
T7F84 016:199.859 - 0.029ms returns 0
T7F84 016:200.531 JLINK_ReadMem(0x220E98D0, 0x4 Bytes, ...)
T7F84 016:200.560   CPU_ReadMem(4 bytes @ 0x220E98D0)
T7F84 016:201.125   Data:  00 00 00 00
T7F84 016:201.144 - 0.611ms returns 0
T7F84 016:201.157 JLINK_ReadMem(0x220E98AC, 0x4 Bytes, ...)
T7F84 016:201.166   CPU_ReadMem(4 bytes @ 0x220E98AC)
T7F84 016:201.712   Data:  00 00 00 00
T7F84 016:201.731 - 0.574ms returns 0
T7F84 016:201.742 JLINK_ReadMem(0x020B6048, 0x4 Bytes, ...)
T7F84 016:201.750    -- Read from flash cache (4 bytes @ 0x020B6048)
T7F84 016:201.760   Data:  0F 00 00 00
T7F84 016:201.768 - 0.024ms returns 0
T7F84 016:201.795 JLINK_ReadRegs(NumRegs = 20)
T7F84 016:201.806   CPU_ReadMem(4 bytes @ 0xE000EE08)
T7F84 016:202.085   
  R0 (0)        = 0x00                 R1 (1)        = 0x00                 R2 (2)        = 0x00                 R3 (3)        = 0x00              
  R4 (4)        = 0x00                 R5 (5)        = 0x00                 R6 (6)        = 0x00                 R7 (7)        = 0x00              
  R8 (8)        = 0x00                 R9 (9)        = 0x00                 R10 (10)      = 0x00                 R11 (11)      = 0x00              
  R12 (12)      = 0x00                 R13 (SP) (13) = 0x22004720           R14 (14)      = 0xFFFFFFFF           R15 (PC) (15) = 0x200E180         
  XPSR (16)     = 0x1000000            MSPLIM (86)   = 0x00                 PSPLIM (87)   = 0x00                 CFBP (20)     = 0x00              
T7F84 016:202.099 - 0.303ms returns 0x00
T7F84 016:202.461 JLINK_ReadMem(0x220E98D0, 0x4 Bytes, ...)
T7F84 016:202.507   CPU_ReadMem(4 bytes @ 0x220E98D0)
T7F84 016:203.110   Data:  00 00 00 00
T7F84 016:203.134 - 0.675ms returns 0
T7F84 016:203.154 JLINK_ReadMem(0x220E98AC, 0x4 Bytes, ...)
T7F84 016:203.168   CPU_ReadMem(4 bytes @ 0x220E98AC)
T7F84 016:203.746   Data:  00 00 00 00
T7F84 016:203.765 - 0.611ms returns 0
T7F84 016:203.779 JLINK_ReadMem(0x020B6048, 0x4 Bytes, ...)
T7F84 016:203.792    -- Read from flash cache (4 bytes @ 0x020B6048)
T7F84 016:203.805   Data:  0F 00 00 00
T7F84 016:203.814 - 0.035ms returns 0
T7F84 016:203.826 JLINK_ReadMem(0x220E98D0, 0x4 Bytes, ...)
T7F84 016:203.835   CPU_ReadMem(4 bytes @ 0x220E98D0)
T7F84 016:204.379   Data:  00 00 00 00
T7F84 016:204.398 - 0.572ms returns 0
T7F84 016:204.410 JLINK_ReadMem(0x220E98AC, 0x4 Bytes, ...)
T7F84 016:204.419   CPU_ReadMem(4 bytes @ 0x220E98AC)
T7F84 016:204.952   Data:  00 00 00 00
T7F84 016:204.973 - 0.564ms returns 0
T7F84 016:204.987 JLINK_ReadMem(0x020B6048, 0x4 Bytes, ...)
T7F84 016:204.998    -- Read from flash cache (4 bytes @ 0x020B6048)
T7F84 016:205.010   Data:  0F 00 00 00
T7F84 016:205.022 - 0.034ms returns 0
T7F84 016:206.022 JLINK_ReadMem(0x0200E180, 0x4 Bytes, ...)
T7F84 016:206.050    -- Read from flash cache (4 bytes @ 0x0200E180)
T7F84 016:206.064   Data:  00 F0 06 F8
T7F84 016:206.078 - 0.057ms returns 0
T3768 016:310.261 JLINK_GetNumBPUnits(Type = 0xFFFFFF00)
T3768 016:310.294 - 0.034ms returns 0x08
T3768 016:310.307 JLINK_GetNumWPUnits()
T3768 016:310.318 - 0.010ms returns 8
T3768 016:310.613 JLINK_GetNumBPUnits(Type = 0xFFFFFF00)
T3768 016:310.634 - 0.020ms returns 0x08
T3768 016:310.642 JLINK_GetNumWPUnits()
T3768 016:310.648 - 0.006ms returns 8
T3768 016:310.954 JLINK_GetNumBPUnits(Type = 0xFFFFFF00)
T3768 016:310.974 - 0.021ms returns 0x08
T3768 016:310.986 JLINK_GetNumWPUnits()
T3768 016:310.995 - 0.009ms returns 8
T3768 016:311.394 JLINK_GetNumBPUnits(Type = 0xFFFFFF00)
T3768 016:311.416 - 0.021ms returns 0x08
T3768 016:311.426 JLINK_GetNumWPUnits()
T3768 016:311.435 - 0.009ms returns 8
T3768 016:312.227 JLINK_GetNumBPUnits(Type = 0xFFFFFF00)
T3768 016:312.253 - 0.025ms returns 0x08
T3768 016:312.264 JLINK_GetNumWPUnits()
T3768 016:312.274 - 0.009ms returns 8
T3768 016:312.824 JLINK_GetNumBPUnits(Type = 0xFFFFFF00)
T3768 016:312.845 - 0.020ms returns 0x08
T3768 016:312.853 JLINK_GetNumWPUnits()
T3768 016:312.859 - 0.006ms returns 8
T3768 016:313.048 JLINK_ReadReg(XPSR)
T3768 016:313.424 - 0.375ms returns 0x01000000
T3768 016:313.451 JLINK_ReadReg(R15 (PC))
T3768 016:313.461 - 0.011ms returns 0x0200E180
T3768 016:314.059 JLINK_GetNumBPUnits(Type = 0xFFFFFF00)
T3768 016:314.080 - 0.020ms returns 0x08
T3768 016:314.093 JLINK_GetNumWPUnits()
T3768 016:314.101 - 0.008ms returns 8
T3768 016:314.326 JLINK_GetNumBPUnits(Type = 0xFFFFFF00)
T3768 016:314.346 - 0.018ms returns 0x08
T3768 016:314.352 JLINK_GetNumWPUnits()
T3768 016:314.358 - 0.005ms returns 8
T7F84 018:867.492 JLINK_ReadMem(0x0200E180, 0x4 Bytes, ...)
T7F84 018:867.536    -- Read from flash cache (4 bytes @ 0x0200E180)
T7F84 018:867.552   Data:  00 F0 06 F8
T7F84 018:867.572 - 0.080ms returns 0
T7F84 019:241.460 JLINK_ReadMem(0x220E98D0, 0x4 Bytes, ...)
T7F84 019:241.546   CPU_ReadMem(4 bytes @ 0x220E98D0)
T7F84 019:242.190   Data:  00 00 00 00
T7F84 019:242.216 - 0.756ms returns 0
T7F84 019:242.242 JLINK_ReadMem(0x220E98AC, 0x4 Bytes, ...)
T7F84 019:242.260   CPU_ReadMem(4 bytes @ 0x220E98AC)
T7F84 019:243.792   Data:  00 00 00 00
T7F84 019:243.838 - 1.595ms returns 0
T7F84 019:245.036 JLINK_ReadMem(0x020B6048, 0x4 Bytes, ...)
T7F84 019:245.064    -- Read from flash cache (4 bytes @ 0x020B6048)
T7F84 019:245.078   Data:  0F 00 00 00
T7F84 019:245.092 - 0.055ms returns 0
T7F84 019:245.118 JLINK_ReadMem(0x220E98D0, 0x4 Bytes, ...)
T7F84 019:245.138   CPU_ReadMem(4 bytes @ 0x220E98D0)
T7F84 019:245.708   Data:  00 00 00 00
T7F84 019:245.736 - 0.616ms returns 0
T7F84 019:245.750 JLINK_ReadMem(0x220E98AC, 0x4 Bytes, ...)
T7F84 019:245.762   CPU_ReadMem(4 bytes @ 0x220E98AC)
T7F84 019:246.364   Data:  00 00 00 00
T7F84 019:246.386 - 0.635ms returns 0
T7F84 019:246.400 JLINK_ReadMem(0x020B6048, 0x4 Bytes, ...)
T7F84 019:246.408    -- Read from flash cache (4 bytes @ 0x020B6048)
T7F84 019:246.418   Data:  0F 00 00 00
T7F84 019:246.426 - 0.026ms returns 0
T7F84 019:248.224 JLINK_ReadMem(0x220E98D0, 0x4 Bytes, ...)
T7F84 019:248.282   CPU_ReadMem(4 bytes @ 0x220E98D0)
T7F84 019:248.886   Data:  00 00 00 00
T7F84 019:248.908 - 0.686ms returns 0
T7F84 019:248.924 JLINK_ReadMem(0x220E98AC, 0x4 Bytes, ...)
T7F84 019:248.938   CPU_ReadMem(4 bytes @ 0x220E98AC)
T7F84 019:249.522   Data:  00 00 00 00
T7F84 019:249.540 - 0.617ms returns 0
T7F84 019:249.556 JLINK_ReadMem(0x020B6048, 0x4 Bytes, ...)
T7F84 019:249.564    -- Read from flash cache (4 bytes @ 0x020B6048)
T7F84 019:249.572   Data:  0F 00 00 00
T7F84 019:249.580 - 0.025ms returns 0
T7F84 019:249.596 JLINK_ReadMem(0x220E98D0, 0x4 Bytes, ...)
T7F84 019:249.604   CPU_ReadMem(4 bytes @ 0x220E98D0)
T7F84 019:250.154   Data:  00 00 00 00
T7F84 019:250.172 - 0.576ms returns 0
T7F84 019:250.182 JLINK_ReadMem(0x220E98AC, 0x4 Bytes, ...)
T7F84 019:250.192   CPU_ReadMem(4 bytes @ 0x220E98AC)
T7F84 019:250.732   Data:  00 00 00 00
T7F84 019:250.752 - 0.569ms returns 0
T7F84 019:250.766 JLINK_ReadMem(0x020B6048, 0x4 Bytes, ...)
T7F84 019:250.778    -- Read from flash cache (4 bytes @ 0x020B6048)
T7F84 019:250.790   Data:  0F 00 00 00
T7F84 019:250.802 - 0.036ms returns 0
T5338 023:024.712   JLINK_RTTERMINAL_Control(Cmd = JLINKARM_RTTERMINAL_CMD_STOP)
T5338 023:024.750   - 0.028ms returns 0x01
T5338 023:920.980   JLINK_RTTERMINAL_Control(Cmd = JLINKARM_RTTERMINAL_CMD_STOP)
T5338 023:921.012   - 0.031ms returns 0x01
T7F84 028:772.412 JLINK_ReadMem(0x220E98D0, 0x4 Bytes, ...)
T7F84 028:772.470   CPU_ReadMem(4 bytes @ 0x220E98D0)
T7F84 028:773.066   Data:  00 00 00 00
T7F84 028:773.104 - 0.692ms returns 0
T7F84 028:773.120 JLINK_ReadMem(0x220E98AC, 0x4 Bytes, ...)
T7F84 028:773.130   CPU_ReadMem(4 bytes @ 0x220E98AC)
T7F84 028:773.664   Data:  00 00 00 00
T7F84 028:773.680 - 0.560ms returns 0
T7F84 028:773.692 JLINK_ReadMem(0x020B6048, 0x4 Bytes, ...)
T7F84 028:773.702    -- Read from flash cache (4 bytes @ 0x020B6048)
T7F84 028:773.708   Data:  0F 00 00 00
T7F84 028:773.718 - 0.024ms returns 0
T7F84 028:773.744 JLINK_IsHalted()
T7F84 028:774.282 - 0.538ms returns TRUE
T7F84 028:774.304 JLINK_GoEx(MaxEmulInsts = 0, Flags = 0x01)
T7F84 028:774.320   CPU_WriteMem(4 bytes @ 0xE0002000)
T7F84 028:774.602   CPU_ReadMem(4 bytes @ 0xE0001000)
T7F84 028:774.858   CPU_WriteMem(4 bytes @ 0xE0002008)
T7F84 028:774.874   CPU_WriteMem(4 bytes @ 0xE000200C)
T7F84 028:774.880   CPU_WriteMem(4 bytes @ 0xE0002010)
T7F84 028:774.890   CPU_WriteMem(4 bytes @ 0xE0002014)
T7F84 028:774.896   CPU_WriteMem(4 bytes @ 0xE0002018)
T7F84 028:774.906   CPU_WriteMem(4 bytes @ 0xE000201C)
T7F84 028:774.912   CPU_WriteMem(4 bytes @ 0xE0002020)
T7F84 028:774.922   CPU_WriteMem(4 bytes @ 0xE0002024)
T7F84 028:776.308   CPU_WriteMem(4 bytes @ 0xE0001004)
T7F84 028:777.548   Memory map 'after startup completion point' is active
T7F84 028:777.572 - 3.267ms 
T7F84 028:883.636 JLINK_IsHalted()
T7F84 028:887.098 - 3.461ms returns TRUE
T7F84 028:887.130 JLINK_ReadReg(XPSR)
T7F84 028:887.142   CPU_ReadMem(4 bytes @ 0xE000EE08)
T7F84 028:887.428 - 0.294ms returns 0x61000000
T7F84 028:887.462 JLINK_ReadReg(R15 (PC))
T7F84 028:887.476 - 0.013ms returns 0x02004884
T7F84 028:887.532 JLINK_ReadReg(XPSR)
T7F84 028:887.548 - 0.015ms returns 0x61000000
T7F84 028:887.562 JLINK_ReadReg(XPSR)
T7F84 028:887.572 - 0.010ms returns 0x61000000
T7F84 028:887.580 JLINK_ReadReg(R15 (PC))
T7F84 028:887.594 - 0.009ms returns 0x02004884
T7F84 028:887.616 JLINK_ReadReg(XPSR)
T7F84 028:887.626 - 0.010ms returns 0x61000000
T7F84 028:887.638 JLINK_ReadMem(0x02004884, 0x1 Bytes, ...)
T7F84 028:887.654    -- Read from flash cache (1 bytes @ 0x02004884)
T7F84 028:887.668   Data:  45
T7F84 028:887.680 - 0.042ms returns 0
T7F84 028:887.692 JLINK_IsHalted()
T7F84 028:887.702 - 0.009ms returns TRUE
T7F84 028:887.728 JLINK_ReadReg(XPSR)
T7F84 028:887.738 - 0.010ms returns 0x61000000
T7F84 028:887.750 JLINK_ReadReg(XPSR)
T7F84 028:887.760 - 0.010ms returns 0x61000000
T7F84 028:887.772 JLINK_ReadReg(R15 (PC))
T7F84 028:887.782 - 0.009ms returns 0x02004884
T7F84 028:887.804 JLINK_ReadReg(XPSR)
T7F84 028:887.814 - 0.010ms returns 0x61000000
T7F84 028:887.836 JLINK_ReadMem(0x02004884, 0x1 Bytes, ...)
T7F84 028:887.850    -- Read from flash cache (1 bytes @ 0x02004884)
T7F84 028:887.862   Data:  45
T7F84 028:887.876 - 0.038ms returns 0
T7F84 028:887.964 JLINK_IsHalted()
T7F84 028:887.978 - 0.012ms returns TRUE
T7F84 028:887.988 JLINK_ReadReg(XPSR)
T7F84 028:888.000 - 0.010ms returns 0x61000000
T7F84 028:888.010 JLINK_ReadReg(R15 (PC))
T7F84 028:888.020 - 0.010ms returns 0x02004884
T7F84 028:888.048 JLINK_ReadReg(XPSR)
T7F84 028:888.060 - 0.011ms returns 0x61000000
T7F84 028:888.070 JLINK_ReadReg(XPSR)
T7F84 028:888.080 - 0.009ms returns 0x61000000
T7F84 028:888.092 JLINK_ReadReg(R15 (PC))
T7F84 028:888.102 - 0.010ms returns 0x02004884
T7F84 028:888.124 JLINK_ReadReg(XPSR)
T7F84 028:888.134 - 0.010ms returns 0x61000000
T7F84 028:888.148 JLINK_ReadMem(0x02004884, 0x1 Bytes, ...)
T7F84 028:888.160    -- Read from flash cache (1 bytes @ 0x02004884)
T7F84 028:888.172   Data:  45
T7F84 028:888.186 - 0.037ms returns 0
T7F84 028:888.196 JLINK_IsHalted()
T7F84 028:888.204 - 0.009ms returns TRUE
T7F84 028:888.228 JLINK_ReadReg(XPSR)
T7F84 028:888.240 - 0.010ms returns 0x61000000
T7F84 028:888.250 JLINK_ReadReg(XPSR)
T7F84 028:888.260 - 0.010ms returns 0x61000000
T7F84 028:888.268 JLINK_ReadReg(R15 (PC))
T7F84 028:888.282 - 0.009ms returns 0x02004884
T7F84 028:888.300 JLINK_ReadReg(XPSR)
T7F84 028:888.314 - 0.010ms returns 0x61000000
T7F84 028:888.324 JLINK_ReadMem(0x02004884, 0x1 Bytes, ...)
T7F84 028:888.332    -- Read from flash cache (1 bytes @ 0x02004884)
T7F84 028:888.346   Data:  45
T7F84 028:888.362 - 0.036ms returns 0
T7F84 028:888.390 JLINK_ReadMem(0x220E98D0, 0x4 Bytes, ...)
T7F84 028:888.406   CPU_ReadMem(4 bytes @ 0x220E98D0)
T7F84 028:889.052   Data:  00 00 00 00
T7F84 028:889.084 - 0.696ms returns 0
T7F84 028:889.104 JLINK_ReadMem(0x220E98AC, 0x4 Bytes, ...)
T7F84 028:889.124   CPU_ReadMem(4 bytes @ 0x220E98AC)
T7F84 028:889.716   Data:  00 00 00 00
T7F84 028:889.740 - 0.636ms returns 0
T7F84 028:889.764 JLINK_ReadMem(0x020B6048, 0x4 Bytes, ...)
T7F84 028:889.776    -- Read from flash cache (4 bytes @ 0x020B6048)
T7F84 028:889.788   Data:  0F 00 00 00
T7F84 028:889.802 - 0.039ms returns 0
T7F84 028:890.416 JLINK_ReadMem(0x220E98D0, 0x4 Bytes, ...)
T7F84 028:890.458   CPU_ReadMem(4 bytes @ 0x220E98D0)
T7F84 028:891.040   Data:  00 00 00 00
T7F84 028:891.052 - 0.638ms returns 0
T7F84 028:891.066 JLINK_ReadMem(0x220E98AC, 0x4 Bytes, ...)
T7F84 028:891.072   CPU_ReadMem(4 bytes @ 0x220E98AC)
T7F84 028:891.588   Data:  00 00 00 00
T7F84 028:891.604 - 0.539ms returns 0
T7F84 028:891.616 JLINK_ReadMem(0x020B6048, 0x4 Bytes, ...)
T7F84 028:891.622    -- Read from flash cache (4 bytes @ 0x020B6048)
T7F84 028:891.632   Data:  0F 00 00 00
T7F84 028:891.642 - 0.024ms returns 0
T7F84 028:891.668 JLINK_ReadRegs(NumRegs = 20)
T7F84 028:891.692   
  R0 (0)        = 0xF0201              R1 (1)        = 0xC0000000           R2 (2)        = 0xFFFFFFE0           R3 (3)        = 0x3FE0            
  R4 (4)        = 0x00                 R5 (5)        = 0x00                 R6 (6)        = 0x00                 R7 (7)        = 0x00              
  R8 (8)        = 0x00                 R9 (9)        = 0x00                 R10 (10)      = 0x00                 R11 (11)      = 0x00              
  R12 (12)      = 0x04                 R13 (SP) (13) = 0x22004718           R14 (14)      = 0x200E189            R15 (PC) (15) = 0x2004884         
  XPSR (16)     = 0x61000000           MSPLIM (86)   = 0x22004320           PSPLIM (87)   = 0x00                 CFBP (20)     = 0xC000000         
T7F84 028:891.702 - 0.034ms returns 0x00
T7F84 028:892.694 JLINK_ReadMem(0x220E98D0, 0x4 Bytes, ...)
T7F84 028:892.740   CPU_ReadMem(4 bytes @ 0x220E98D0)
T7F84 028:893.348   Data:  00 00 00 00
T7F84 028:893.366 - 0.675ms returns 0
T7F84 028:893.380 JLINK_ReadMem(0x220E98AC, 0x4 Bytes, ...)
T7F84 028:893.392   CPU_ReadMem(4 bytes @ 0x220E98AC)
T7F84 028:893.924   Data:  00 00 00 00
T7F84 028:893.942 - 0.562ms returns 0
T7F84 028:893.962 JLINK_ReadMem(0x020B6048, 0x4 Bytes, ...)
T7F84 028:893.972    -- Read from flash cache (4 bytes @ 0x020B6048)
T7F84 028:893.980   Data:  0F 00 00 00
T7F84 028:893.988 - 0.027ms returns 0
T7F84 028:894.004 JLINK_ReadMem(0x220E98D0, 0x4 Bytes, ...)
T7F84 028:894.012   CPU_ReadMem(4 bytes @ 0x220E98D0)
T7F84 028:894.560   Data:  00 00 00 00
T7F84 028:894.580 - 0.576ms returns 0
T7F84 028:894.588 JLINK_ReadMem(0x220E98AC, 0x4 Bytes, ...)
T7F84 028:894.602   CPU_ReadMem(4 bytes @ 0x220E98AC)
T7F84 028:895.124   Data:  00 00 00 00
T7F84 028:895.132 - 0.544ms returns 0
T7F84 028:895.142 JLINK_ReadMem(0x020B6048, 0x4 Bytes, ...)
T7F84 028:895.152    -- Read from flash cache (4 bytes @ 0x020B6048)
T7F84 028:895.162   Data:  0F 00 00 00
T7F84 028:895.168 - 0.024ms returns 0
T7F84 028:896.074 JLINK_ReadMem(0x02004884, 0x4 Bytes, ...)
T7F84 028:896.092    -- Read from flash cache (4 bytes @ 0x02004884)
T7F84 028:896.102   Data:  45 F2 F0 12
T7F84 028:896.112 - 0.039ms returns 0
T7F84 028:898.458 JLINK_ClrBPEx(BPHandle = 0x00000002)
T7F84 028:898.502 - 0.047ms returns 0x00
T3768 028:899.370 JLINK_ReadReg(XPSR)
T3768 028:899.408 - 0.036ms returns 0x61000000
T3768 028:899.420 JLINK_ReadReg(R15 (PC))
T3768 028:899.430 - 0.012ms returns 0x02004884
T3768 028:899.642 JLINK_IsHalted()
T3768 028:899.668 - 0.025ms returns TRUE
T3768 028:899.684 JLINK_ReadReg(XPSR)
T3768 028:899.696 - 0.013ms returns 0x61000000
T3768 028:899.708 JLINK_ReadReg(R15 (PC))
T3768 028:899.718 - 0.010ms returns 0x02004884
T3768 028:899.764 JLINK_ReadReg(XPSR)
T3768 028:899.782 - 0.018ms returns 0x61000000
T3768 028:899.802 JLINK_ReadReg(XPSR)
T3768 028:899.818 - 0.018ms returns 0x61000000
T3768 028:899.830 JLINK_ReadReg(R15 (PC))
T3768 028:899.840 - 0.010ms returns 0x02004884
T3768 028:899.868 JLINK_ReadReg(XPSR)
T3768 028:899.878 - 0.011ms returns 0x61000000
T3768 028:899.892 JLINK_ReadMem(0x02004884, 0x1 Bytes, ...)
T3768 028:899.908    -- Read from flash cache (1 bytes @ 0x02004884)
T3768 028:899.920   Data:  45
T3768 028:899.936 - 0.042ms returns 0
T3768 028:899.946 JLINK_IsHalted()
T3768 028:899.956 - 0.009ms returns TRUE
T3768 028:899.980 JLINK_ReadReg(XPSR)
T3768 028:899.990 - 0.011ms returns 0x61000000
T3768 028:900.004 JLINK_ReadReg(XPSR)
T3768 028:900.012 - 0.010ms returns 0x61000000
T3768 028:900.022 JLINK_ReadReg(R15 (PC))
T3768 028:900.036 - 0.010ms returns 0x02004884
T3768 028:900.058 JLINK_ReadReg(XPSR)
T3768 028:900.068 - 0.010ms returns 0x61000000
T3768 028:900.076 JLINK_ReadMem(0x02004884, 0x1 Bytes, ...)
T3768 028:900.090    -- Read from flash cache (1 bytes @ 0x02004884)
T3768 028:900.102   Data:  45
T3768 028:900.116 - 0.037ms returns 0
T3768 028:900.176 JLINK_ReadMem(0xE0001000, 0x4 Bytes, ...)
T3768 028:900.192   CPU_ReadMem(4 bytes @ 0xE0001000)
T3768 028:900.516   Data:  01 00 00 80
T3768 028:900.532   Debug reg: DWT_CTRL
T3768 028:900.540 - 0.365ms returns 0
T3768 028:900.554 JLINK_WriteMem(0xE0001FB0, 0x8 Bytes, ...)
T3768 028:900.560   Data:  00 00 00 00 55 CE AC C5
T3768 028:900.870   CPU_WriteMem(8 bytes @ 0xE0001FB0)
T3768 028:901.180 - 0.626ms returns 0x8
T3768 028:901.194 JLINK_ReadMem(0xE000EDFC, 0x4 Bytes, ...)
T3768 028:901.204   CPU_ReadMem(4 bytes @ 0xE000EDFC)
T3768 028:901.450   Data:  00 00 10 01
T3768 028:901.460   Debug reg: DEMCR
T3768 028:901.468 - 0.274ms returns 0
T3768 028:905.600 JLINK_ReadMem(0xE0001004, 0x4 Bytes, ...)
T3768 028:905.644   CPU_ReadMem(4 bytes @ 0xE0001004)
T3768 028:905.940   Data:  86 0D 28 00
T3768 028:905.972   Debug reg: DWT_CYCCNT
T3768 028:905.988 - 0.384ms returns 0
T7F84 028:942.548 JLINK_ReadMem(0x220E98D0, 0x4 Bytes, ...)
T7F84 028:942.604   CPU_ReadMem(4 bytes @ 0x220E98D0)
T7F84 028:943.212   Data:  00 00 00 00
T7F84 028:943.260 - 0.713ms returns 0
T7F84 028:943.284 JLINK_ReadMem(0x220E98AC, 0x4 Bytes, ...)
T7F84 028:943.308   CPU_ReadMem(4 bytes @ 0x220E98AC)
T7F84 028:943.860   Data:  00 00 00 00
T7F84 028:943.884 - 0.601ms returns 0
T7F84 028:943.900 JLINK_ReadMem(0x020B6048, 0x4 Bytes, ...)
T7F84 028:943.914    -- Read from flash cache (4 bytes @ 0x020B6048)
T7F84 028:943.926   Data:  0F 00 00 00
T7F84 028:943.932 - 0.033ms returns 0
T7F84 028:943.948 JLINK_ReadMem(0x220E98D0, 0x4 Bytes, ...)
T7F84 028:943.958   CPU_ReadMem(4 bytes @ 0x220E98D0)
T7F84 028:944.484   Data:  00 00 00 00
T7F84 028:944.502 - 0.554ms returns 0
T7F84 028:944.512 JLINK_ReadMem(0x220E98AC, 0x4 Bytes, ...)
T7F84 028:944.524   CPU_ReadMem(4 bytes @ 0x220E98AC)
T7F84 028:945.056   Data:  00 00 00 00
T7F84 028:945.084 - 0.571ms returns 0
T7F84 028:945.104 JLINK_ReadMem(0x020B6048, 0x4 Bytes, ...)
T7F84 028:945.116    -- Read from flash cache (4 bytes @ 0x020B6048)
T7F84 028:945.130   Data:  0F 00 00 00
T7F84 028:945.142 - 0.039ms returns 0
T7F84 028:945.840 JLINK_ReadMem(0x02004884, 0x4 Bytes, ...)
T7F84 028:945.856    -- Read from flash cache (4 bytes @ 0x02004884)
T7F84 028:945.866   Data:  45 F2 F0 12
T7F84 028:945.872 - 0.033ms returns 0
T7F84 028:958.300 JLINK_ReadMem(0x02004884, 0x4 Bytes, ...)
T7F84 028:958.340    -- Read from flash cache (4 bytes @ 0x02004884)
T7F84 028:958.348   Data:  45 F2 F0 12
T7F84 028:958.358 - 0.059ms returns 0
T7F84 029:004.524 JLINK_ReadMem(0x220E98D0, 0x4 Bytes, ...)
T7F84 029:004.572   CPU_ReadMem(4 bytes @ 0x220E98D0)
T7F84 029:005.142   Data:  00 00 00 00
T7F84 029:005.164 - 0.639ms returns 0
T7F84 029:005.178 JLINK_ReadMem(0x220E98AC, 0x4 Bytes, ...)
T7F84 029:005.190   CPU_ReadMem(4 bytes @ 0x220E98AC)
T7F84 029:005.756   Data:  00 00 00 00
T7F84 029:005.802 - 0.623ms returns 0
T7F84 029:005.814 JLINK_ReadMem(0x020B6048, 0x4 Bytes, ...)
T7F84 029:005.824    -- Read from flash cache (4 bytes @ 0x020B6048)
T7F84 029:005.834   Data:  0F 00 00 00
T7F84 029:005.844 - 0.026ms returns 0
T7F84 029:005.856 JLINK_ReadMem(0x220E98D0, 0x4 Bytes, ...)
T7F84 029:005.866   CPU_ReadMem(4 bytes @ 0x220E98D0)
T7F84 029:006.384   Data:  00 00 00 00
T7F84 029:006.404 - 0.547ms returns 0
T7F84 029:006.412 JLINK_ReadMem(0x220E98AC, 0x4 Bytes, ...)
T7F84 029:006.426   CPU_ReadMem(4 bytes @ 0x220E98AC)
T7F84 029:007.014   Data:  00 00 00 00
T7F84 029:007.040 - 0.626ms returns 0
T7F84 029:007.056 JLINK_ReadMem(0x020B6048, 0x4 Bytes, ...)
T7F84 029:007.066    -- Read from flash cache (4 bytes @ 0x020B6048)
T7F84 029:007.078   Data:  0F 00 00 00
T7F84 029:007.088 - 0.033ms returns 0
T7F84 030:493.952 JLINK_ReadMem(0x220E98D0, 0x4 Bytes, ...)
T7F84 030:493.996   CPU_ReadMem(4 bytes @ 0x220E98D0)
T7F84 030:494.588   Data:  00 00 00 00
T7F84 030:494.618 - 0.663ms returns 0
T7F84 030:494.634 JLINK_ReadMem(0x220E98AC, 0x4 Bytes, ...)
T7F84 030:494.650   CPU_ReadMem(4 bytes @ 0x220E98AC)
T7F84 030:495.206   Data:  00 00 00 00
T7F84 030:495.236 - 0.600ms returns 0
T7F84 030:495.252 JLINK_ReadMem(0x020B6048, 0x4 Bytes, ...)
T7F84 030:495.264    -- Read from flash cache (4 bytes @ 0x020B6048)
T7F84 030:495.276   Data:  0F 00 00 00
T7F84 030:495.290 - 0.037ms returns 0
T7F84 030:497.536 JLINK_ReadMem(0xE0001004, 0x4 Bytes, ...)
T7F84 030:497.568   Data:  86 0D 28 00
T7F84 030:497.580   Debug reg: DWT_CYCCNT
T7F84 030:497.594 - 0.060ms returns 0
T7F84 030:497.610 JLINK_IsHalted()
T7F84 030:497.926 - 0.317ms returns TRUE
T7F84 030:500.452 JLINK_ReadMem(0xE0001004, 0x4 Bytes, ...)
T7F84 030:500.496   Data:  86 0D 28 00
T7F84 030:500.512   Debug reg: DWT_CYCCNT
T7F84 030:500.524 - 0.075ms returns 0
T7F84 030:500.538 JLINK_GoEx(MaxEmulInsts = 0, Flags = 0x01)
T7F84 030:500.556   CPU_ReadMem(4 bytes @ 0xE0001000)
T7F84 030:500.880   CPU_WriteMem(4 bytes @ 0xE0002008)
T7F84 030:521.380 - 20.840ms 
T7F84 030:618.358 JLINK_IsHalted()
T7F84 030:618.762 - 0.403ms returns FALSE
T7F84 030:618.788 JLINK_IsHalted()
T7F84 030:619.068 - 0.280ms returns FALSE
T7F84 030:727.996 JLINK_IsHalted()
T7F84 030:728.346 - 0.348ms returns FALSE
T7F84 030:728.368 JLINK_IsHalted()
T7F84 030:728.640 - 0.271ms returns FALSE
T7F84 030:837.498 JLINK_IsHalted()
T7F84 030:837.894 - 0.397ms returns FALSE
T7F84 030:837.920 JLINK_IsHalted()
T7F84 030:838.188 - 0.268ms returns FALSE
T7F84 030:946.940 JLINK_IsHalted()
T7F84 030:947.322 - 0.378ms returns FALSE
T7F84 030:947.404 JLINK_IsHalted()
T7F84 030:947.670 - 0.266ms returns FALSE
T7F84 031:056.310 JLINK_IsHalted()
T7F84 031:056.640 - 0.330ms returns FALSE
T7F84 031:056.662 JLINK_IsHalted()
T7F84 031:056.922 - 0.258ms returns FALSE
T7F84 031:164.938 JLINK_IsHalted()
T7F84 031:165.252 - 0.314ms returns FALSE
T7F84 031:165.274 JLINK_IsHalted()
T7F84 031:165.526 - 0.252ms returns FALSE
T7F84 031:274.212 JLINK_IsHalted()
T7F84 031:274.518 - 0.306ms returns FALSE
T7F84 031:274.540 JLINK_IsHalted()
T7F84 031:274.790 - 0.250ms returns FALSE
T7F84 031:383.840 JLINK_IsHalted()
T7F84 031:384.208 - 0.368ms returns FALSE
T7F84 031:384.230 JLINK_IsHalted()
T7F84 031:384.490 - 0.261ms returns FALSE
T7F84 031:493.306 JLINK_IsHalted()
T7F84 031:493.632 - 0.323ms returns FALSE
T7F84 031:493.652 JLINK_IsHalted()
T7F84 031:493.926 - 0.273ms returns FALSE
T3768 031:496.006 JLINK_IsHalted()
T3768 031:496.298 - 0.290ms returns FALSE
T3768 031:496.324 JLINK_IsHalted()
T3768 031:496.582 - 0.259ms returns FALSE
T7F84 031:602.700 JLINK_IsHalted()
T7F84 031:603.044 - 0.342ms returns FALSE
T7F84 031:603.072 JLINK_IsHalted()
T7F84 031:603.360 - 0.287ms returns FALSE
T7F84 031:711.766 JLINK_IsHalted()
T7F84 031:712.150 - 0.384ms returns FALSE
T7F84 031:712.196 JLINK_IsHalted()
T7F84 031:712.490 - 0.291ms returns FALSE
T7F84 031:821.014 JLINK_IsHalted()
T7F84 031:821.452 - 0.438ms returns FALSE
T7F84 031:821.484 JLINK_IsHalted()
T7F84 031:821.780 - 0.290ms returns FALSE
T7F84 031:931.132 JLINK_IsHalted()
T7F84 031:931.450 - 0.317ms returns FALSE
T7F84 031:931.476 JLINK_IsHalted()
T7F84 031:931.772 - 0.298ms returns FALSE
T7F84 032:040.044 JLINK_IsHalted()
T7F84 032:040.394 - 0.345ms returns FALSE
T7F84 032:040.426 JLINK_IsHalted()
T7F84 032:040.698 - 0.271ms returns FALSE
T7F84 032:150.284 JLINK_IsHalted()
T7F84 032:150.614 - 0.327ms returns FALSE
T7F84 032:150.636 JLINK_IsHalted()
T7F84 032:150.906 - 0.269ms returns FALSE
T7F84 032:259.260 JLINK_IsHalted()
T7F84 032:259.580 - 0.320ms returns FALSE
T7F84 032:259.610 JLINK_IsHalted()
T7F84 032:259.872 - 0.262ms returns FALSE
T7F84 032:368.636 JLINK_IsHalted()
T7F84 032:369.044 - 0.404ms returns FALSE
T7F84 032:369.062 JLINK_IsHalted()
T7F84 032:369.312 - 0.247ms returns FALSE
T7F84 032:477.532 JLINK_IsHalted()
T7F84 032:477.876 - 0.341ms returns FALSE
T7F84 032:477.904 JLINK_IsHalted()
T7F84 032:478.198 - 0.292ms returns FALSE
T3768 032:496.204 JLINK_IsHalted()
T3768 032:496.524 - 0.320ms returns FALSE
T3768 032:496.548 JLINK_IsHalted()
T3768 032:496.796 - 0.248ms returns FALSE
T7F84 032:587.108 JLINK_IsHalted()
T7F84 032:587.446 - 0.339ms returns FALSE
T7F84 032:587.478 JLINK_IsHalted()
T7F84 032:587.732 - 0.252ms returns FALSE
T7F84 032:696.924 JLINK_IsHalted()
T7F84 032:697.434 - 0.507ms returns FALSE
T7F84 032:697.466 JLINK_IsHalted()
T7F84 032:697.740 - 0.276ms returns FALSE
T7F84 032:806.304 JLINK_IsHalted()
T7F84 032:806.630 - 0.325ms returns FALSE
T7F84 032:806.652 JLINK_IsHalted()
T7F84 032:806.916 - 0.262ms returns FALSE
T7F84 032:914.852 JLINK_IsHalted()
T7F84 032:915.196 - 0.346ms returns FALSE
T7F84 032:915.216 JLINK_IsHalted()
T7F84 032:915.466 - 0.248ms returns FALSE
T7F84 033:024.804 JLINK_IsHalted()
T7F84 033:025.130 - 0.325ms returns FALSE
T7F84 033:025.158 JLINK_IsHalted()
T7F84 033:025.428 - 0.269ms returns FALSE
T7F84 033:134.778 JLINK_IsHalted()
T7F84 033:135.104 - 0.323ms returns FALSE
T7F84 033:135.124 JLINK_IsHalted()
T7F84 033:135.380 - 0.256ms returns FALSE
T7F84 033:242.992 JLINK_IsHalted()
T7F84 033:243.340 - 0.345ms returns FALSE
T7F84 033:243.372 JLINK_IsHalted()
T7F84 033:243.652 - 0.276ms returns FALSE
T7F84 033:352.666 JLINK_IsHalted()
T7F84 033:353.046 - 0.381ms returns FALSE
T7F84 033:353.076 JLINK_IsHalted()
T7F84 033:353.338 - 0.262ms returns FALSE
T7F84 033:461.840 JLINK_IsHalted()
T7F84 033:462.164 - 0.324ms returns FALSE
T7F84 033:462.196 JLINK_IsHalted()
T7F84 033:462.458 - 0.260ms returns FALSE
T3768 033:497.132 JLINK_IsHalted()
T3768 033:497.462 - 0.329ms returns FALSE
T3768 033:497.492 JLINK_IsHalted()
T3768 033:497.760 - 0.270ms returns FALSE
T7F84 033:571.648 JLINK_IsHalted()
T7F84 033:572.060 - 0.413ms returns FALSE
T7F84 033:572.088 JLINK_IsHalted()
T7F84 033:572.372 - 0.282ms returns FALSE
T7F84 033:680.940 JLINK_IsHalted()
T7F84 033:681.280 - 0.335ms returns FALSE
T7F84 033:681.304 JLINK_IsHalted()
T7F84 033:681.788 - 0.480ms returns FALSE
T7F84 033:789.880 JLINK_IsHalted()
T7F84 033:790.216 - 0.340ms returns FALSE
T7F84 033:790.236 JLINK_IsHalted()
T7F84 033:790.488 - 0.252ms returns FALSE
T7F84 033:899.512 JLINK_IsHalted()
T7F84 033:899.876 - 0.362ms returns FALSE
T7F84 033:899.912 JLINK_IsHalted()
T7F84 033:900.200 - 0.291ms returns FALSE
T7F84 034:009.232 JLINK_IsHalted()
T7F84 034:009.588 - 0.357ms returns FALSE
T7F84 034:009.608 JLINK_IsHalted()
T7F84 034:009.876 - 0.265ms returns FALSE
T7F84 034:117.916 JLINK_IsHalted()
T7F84 034:118.252 - 0.333ms returns FALSE
T7F84 034:118.280 JLINK_IsHalted()
T7F84 034:118.616 - 0.338ms returns FALSE
T7F84 034:227.988 JLINK_IsHalted()
T7F84 034:228.296 - 0.310ms returns FALSE
T7F84 034:228.312 JLINK_IsHalted()
T7F84 034:228.556 - 0.242ms returns FALSE
T7F84 034:337.592 JLINK_IsHalted()
T7F84 034:337.936 - 0.342ms returns FALSE
T7F84 034:337.968 JLINK_IsHalted()
T7F84 034:338.228 - 0.259ms returns FALSE
T7F84 034:446.744 JLINK_IsHalted()
T7F84 034:447.072 - 0.329ms returns FALSE
T7F84 034:447.096 JLINK_IsHalted()
T7F84 034:447.356 - 0.260ms returns FALSE
T3768 034:497.568 JLINK_IsHalted()
T3768 034:497.896 - 0.327ms returns FALSE
T3768 034:497.920 JLINK_IsHalted()
T3768 034:498.200 - 0.279ms returns FALSE
T7F84 034:556.268 JLINK_IsHalted()
T7F84 034:556.624 - 0.355ms returns FALSE
T7F84 034:556.652 JLINK_IsHalted()
T7F84 034:556.928 - 0.274ms returns FALSE
T7F84 034:666.036 JLINK_IsHalted()
T7F84 034:666.544 - 0.506ms returns FALSE
T7F84 034:666.576 JLINK_IsHalted()
T7F84 034:666.828 - 0.251ms returns FALSE
T7F84 034:774.496 JLINK_IsHalted()
T7F84 034:774.824 - 0.331ms returns FALSE
T7F84 034:774.848 JLINK_IsHalted()
T7F84 034:775.104 - 0.257ms returns FALSE
T7F84 034:883.984 JLINK_IsHalted()
T7F84 034:884.332 - 0.347ms returns FALSE
T7F84 034:884.364 JLINK_IsHalted()
T7F84 034:884.724 - 0.356ms returns FALSE
T7F84 034:993.748 JLINK_IsHalted()
T7F84 034:994.084 - 0.335ms returns FALSE
T7F84 034:994.116 JLINK_IsHalted()
T7F84 034:994.376 - 0.258ms returns FALSE
T7F84 035:102.792 JLINK_IsHalted()
T7F84 035:103.224 - 0.428ms returns FALSE
T7F84 035:103.260 JLINK_IsHalted()
T7F84 035:103.544 - 0.280ms returns FALSE
T7F84 035:211.992 JLINK_IsHalted()
T7F84 035:212.340 - 0.347ms returns FALSE
T7F84 035:212.368 JLINK_IsHalted()
T7F84 035:212.632 - 0.263ms returns FALSE
T7F84 035:321.176 JLINK_IsHalted()
T7F84 035:321.560 - 0.386ms returns FALSE
T7F84 035:321.584 JLINK_IsHalted()
T7F84 035:321.856 - 0.269ms returns FALSE
T7F84 035:430.532 JLINK_IsHalted()
T7F84 035:430.860 - 0.327ms returns FALSE
T7F84 035:430.876 JLINK_IsHalted()
T7F84 035:431.144 - 0.261ms returns FALSE
T3768 035:498.104 JLINK_IsHalted()
T3768 035:498.432 - 0.326ms returns FALSE
T3768 035:498.452 JLINK_IsHalted()
T3768 035:498.708 - 0.255ms returns FALSE
T7F84 035:540.164 JLINK_IsHalted()
T7F84 035:540.504 - 0.341ms returns FALSE
T7F84 035:540.536 JLINK_IsHalted()
T7F84 035:540.808 - 0.269ms returns FALSE
T7F84 035:649.900 JLINK_IsHalted()
T7F84 035:650.228 - 0.325ms returns FALSE
T7F84 035:650.256 JLINK_IsHalted()
T7F84 035:650.504 - 0.248ms returns FALSE
T7F84 035:758.600 JLINK_IsHalted()
T7F84 035:759.032 - 0.436ms returns FALSE
T7F84 035:759.048 JLINK_IsHalted()
T7F84 035:759.308 - 0.256ms returns FALSE
T7F84 035:868.568 JLINK_IsHalted()
T7F84 035:869.240 - 0.668ms returns FALSE
T7F84 035:869.268 JLINK_IsHalted()
T7F84 035:869.536 - 0.269ms returns FALSE
T7F84 035:978.792 JLINK_IsHalted()
T7F84 035:979.144 - 0.348ms returns FALSE
T7F84 035:979.164 JLINK_IsHalted()
T7F84 035:979.496 - 0.330ms returns FALSE
T7F84 036:087.124 JLINK_IsHalted()
T7F84 036:087.476 - 0.354ms returns FALSE
T7F84 036:087.504 JLINK_IsHalted()
T7F84 036:087.772 - 0.269ms returns FALSE
T7F84 036:196.752 JLINK_IsHalted()
T7F84 036:197.120 - 0.367ms returns FALSE
T7F84 036:197.152 JLINK_IsHalted()
T7F84 036:197.424 - 0.272ms returns FALSE
T7F84 036:306.680 JLINK_IsHalted()
T7F84 036:307.128 - 0.449ms returns FALSE
T7F84 036:307.148 JLINK_IsHalted()
T7F84 036:307.400 - 0.250ms returns FALSE
T7F84 036:415.604 JLINK_IsHalted()
T7F84 036:415.988 - 0.381ms returns FALSE
T7F84 036:416.040 JLINK_IsHalted()
T7F84 036:416.308 - 0.264ms returns FALSE
T3768 036:498.968 JLINK_IsHalted()
T3768 036:499.300 - 0.327ms returns FALSE
T3768 036:499.320 JLINK_IsHalted()
T3768 036:499.568 - 0.246ms returns FALSE
T7F84 036:524.912 JLINK_IsHalted()
T7F84 036:525.308 - 0.394ms returns FALSE
T7F84 036:525.352 JLINK_IsHalted()
T7F84 036:525.616 - 0.261ms returns FALSE
T7F84 036:634.344 JLINK_IsHalted()
T7F84 036:634.788 - 0.443ms returns FALSE
T7F84 036:634.820 JLINK_IsHalted()
T7F84 036:635.096 - 0.274ms returns FALSE
T7F84 036:742.920 JLINK_IsHalted()
T7F84 036:743.476 - 0.555ms returns FALSE
T7F84 036:743.508 JLINK_IsHalted()
T7F84 036:743.828 - 0.318ms returns FALSE
T7F84 036:853.080 JLINK_IsHalted()
T7F84 036:853.416 - 0.337ms returns FALSE
T7F84 036:853.448 JLINK_IsHalted()
T7F84 036:853.700 - 0.251ms returns FALSE
T7F84 036:961.732 JLINK_IsHalted()
T7F84 036:962.056 - 0.324ms returns FALSE
T7F84 036:962.084 JLINK_IsHalted()
T7F84 036:962.340 - 0.256ms returns FALSE
T7F84 037:071.080 JLINK_IsHalted()
T7F84 037:071.440 - 0.358ms returns FALSE
T7F84 037:071.484 JLINK_IsHalted()
T7F84 037:071.804 - 0.321ms returns FALSE
T7F84 037:181.224 JLINK_IsHalted()
T7F84 037:181.548 - 0.327ms returns FALSE
T7F84 037:181.564 JLINK_IsHalted()
T7F84 037:181.816 - 0.252ms returns FALSE
T7F84 037:290.652 JLINK_IsHalted()
T7F84 037:291.036 - 0.383ms returns FALSE
T7F84 037:291.052 JLINK_IsHalted()
T7F84 037:291.316 - 0.259ms returns FALSE
T7F84 037:399.876 JLINK_IsHalted()
T7F84 037:400.212 - 0.337ms returns FALSE
T7F84 037:400.232 JLINK_IsHalted()
T7F84 037:400.504 - 0.267ms returns FALSE
T3768 037:499.180 JLINK_IsHalted()
T3768 037:499.544 - 0.360ms returns FALSE
T3768 037:499.572 JLINK_IsHalted()
T3768 037:499.844 - 0.271ms returns FALSE
T7F84 037:508.664 JLINK_IsHalted()
T7F84 037:509.228 - 0.562ms returns FALSE
T7F84 037:509.272 JLINK_IsHalted()
T7F84 037:509.532 - 0.262ms returns FALSE
T7F84 037:618.008 JLINK_IsHalted()
T7F84 037:618.380 - 0.371ms returns FALSE
T7F84 037:618.408 JLINK_IsHalted()
T7F84 037:618.656 - 0.246ms returns FALSE
T7F84 037:728.180 JLINK_IsHalted()
T7F84 037:728.492 - 0.310ms returns FALSE
T7F84 037:728.504 JLINK_IsHalted()
T7F84 037:728.748 - 0.243ms returns FALSE
T7F84 037:837.476 JLINK_IsHalted()
T7F84 037:837.800 - 0.325ms returns FALSE
T7F84 037:837.832 JLINK_IsHalted()
T7F84 037:838.088 - 0.258ms returns FALSE
T7F84 037:946.676 JLINK_IsHalted()
T7F84 037:947.040 - 0.362ms returns FALSE
T7F84 037:947.072 JLINK_IsHalted()
T7F84 037:947.348 - 0.274ms returns FALSE
T7F84 038:056.156 JLINK_IsHalted()
T7F84 038:056.504 - 0.345ms returns FALSE
T7F84 038:056.536 JLINK_IsHalted()
T7F84 038:056.792 - 0.254ms returns FALSE
T7F84 038:165.000 JLINK_IsHalted()
T7F84 038:165.336 - 0.333ms returns FALSE
T7F84 038:165.360 JLINK_IsHalted()
T7F84 038:165.624 - 0.262ms returns FALSE
T7F84 038:274.504 JLINK_IsHalted()
T7F84 038:274.836 - 0.328ms returns FALSE
T7F84 038:274.856 JLINK_IsHalted()
T7F84 038:275.108 - 0.252ms returns FALSE
T7F84 038:384.344 JLINK_IsHalted()
T7F84 038:384.680 - 0.334ms returns FALSE
T7F84 038:384.700 JLINK_IsHalted()
T7F84 038:385.032 - 0.331ms returns FALSE
T7F84 038:492.868 JLINK_IsHalted()
T7F84 038:493.208 - 0.342ms returns FALSE
T7F84 038:493.236 JLINK_IsHalted()
T7F84 038:493.492 - 0.257ms returns FALSE
T3768 038:501.100 JLINK_IsHalted()
T3768 038:501.476 - 0.373ms returns FALSE
T3768 038:501.504 JLINK_IsHalted()
T3768 038:501.780 - 0.276ms returns FALSE
T7F84 038:602.656 JLINK_IsHalted()
T7F84 038:603.040 - 0.386ms returns FALSE
T7F84 038:603.064 JLINK_IsHalted()
T7F84 038:603.328 - 0.260ms returns FALSE
T7F84 038:711.912 JLINK_IsHalted()
T7F84 038:712.216 - 0.302ms returns FALSE
T7F84 038:712.232 JLINK_IsHalted()
T7F84 038:712.488 - 0.251ms returns FALSE
T7F84 038:821.384 JLINK_IsHalted()
T7F84 038:821.784 - 0.403ms returns FALSE
T7F84 038:821.832 JLINK_IsHalted()
T7F84 038:822.104 - 0.274ms returns FALSE
T7F84 038:931.192 JLINK_IsHalted()
T7F84 038:931.684 - 0.491ms returns FALSE
T7F84 038:931.720 JLINK_IsHalted()
T7F84 038:932.048 - 0.329ms returns FALSE
T7F84 039:040.788 JLINK_IsHalted()
T7F84 039:041.124 - 0.337ms returns FALSE
T7F84 039:041.148 JLINK_IsHalted()
T7F84 039:041.400 - 0.251ms returns FALSE
T7F84 039:150.120 JLINK_IsHalted()
T7F84 039:150.456 - 0.329ms returns FALSE
T7F84 039:150.476 JLINK_IsHalted()
T7F84 039:150.744 - 0.264ms returns FALSE
T7F84 039:258.652 JLINK_IsHalted()
T7F84 039:259.036 - 0.383ms returns FALSE
T7F84 039:259.064 JLINK_IsHalted()
T7F84 039:259.336 - 0.268ms returns FALSE
T7F84 039:368.704 JLINK_IsHalted()
T7F84 039:369.064 - 0.358ms returns FALSE
T7F84 039:369.084 JLINK_IsHalted()
T7F84 039:369.340 - 0.257ms returns FALSE
T7F84 039:478.080 JLINK_IsHalted()
T7F84 039:478.448 - 0.365ms returns FALSE
T7F84 039:478.472 JLINK_IsHalted()
T7F84 039:478.756 - 0.281ms returns FALSE
T3768 039:502.264 JLINK_IsHalted()
T3768 039:502.640 - 0.377ms returns FALSE
T3768 039:502.668 JLINK_IsHalted()
T3768 039:502.928 - 0.259ms returns FALSE
T7F84 039:586.692 JLINK_IsHalted()
T7F84 039:587.056 - 0.363ms returns FALSE
T7F84 039:587.084 JLINK_IsHalted()
T7F84 039:587.340 - 0.257ms returns FALSE
T7F84 039:697.072 JLINK_IsHalted()
T7F84 039:697.400 - 0.328ms returns FALSE
T7F84 039:697.424 JLINK_IsHalted()
T7F84 039:697.672 - 0.249ms returns FALSE
T7F84 039:806.504 JLINK_IsHalted()
T7F84 039:806.840 - 0.333ms returns FALSE
T7F84 039:806.864 JLINK_IsHalted()
T7F84 039:807.152 - 0.286ms returns FALSE
T7F84 039:915.880 JLINK_IsHalted()
T7F84 039:916.212 - 0.328ms returns FALSE
T7F84 039:916.232 JLINK_IsHalted()
T7F84 039:916.484 - 0.247ms returns FALSE
T7F84 040:024.596 JLINK_IsHalted()
T7F84 040:024.944 - 0.349ms returns FALSE
T7F84 040:024.968 JLINK_IsHalted()
T7F84 040:025.220 - 0.253ms returns FALSE
T7F84 040:134.092 JLINK_IsHalted()
T7F84 040:134.428 - 0.335ms returns FALSE
T7F84 040:134.460 JLINK_IsHalted()
T7F84 040:134.728 - 0.265ms returns FALSE
T7F84 040:243.004 JLINK_IsHalted()
T7F84 040:245.064 - 2.059ms returns FALSE
T7F84 040:245.100 JLINK_IsHalted()
T7F84 040:245.352 - 0.252ms returns FALSE
T7F84 040:353.104 JLINK_IsHalted()
T7F84 040:353.452 - 0.348ms returns FALSE
T7F84 040:353.488 JLINK_IsHalted()
T7F84 040:353.752 - 0.263ms returns FALSE
T7F84 040:461.716 JLINK_IsHalted()
T7F84 040:462.052 - 0.335ms returns FALSE
T7F84 040:462.080 JLINK_IsHalted()
T7F84 040:462.344 - 0.264ms returns FALSE
T3768 040:503.012 JLINK_IsHalted()
T3768 040:503.384 - 0.373ms returns FALSE
T3768 040:503.420 JLINK_IsHalted()
T3768 040:503.720 - 0.292ms returns FALSE
T7F84 040:571.780 JLINK_IsHalted()
T7F84 040:573.960 - 2.181ms returns FALSE
T7F84 040:573.996 JLINK_IsHalted()
T7F84 040:574.276 - 0.276ms returns FALSE
T7F84 040:681.832 JLINK_IsHalted()
T7F84 040:682.140 - 0.307ms returns FALSE
T7F84 040:682.184 JLINK_IsHalted()
T7F84 040:682.472 - 0.287ms returns FALSE
T7F84 040:790.456 JLINK_IsHalted()
T7F84 040:790.808 - 0.353ms returns FALSE
T7F84 040:790.836 JLINK_IsHalted()
T7F84 040:791.088 - 0.252ms returns FALSE
T7F84 040:899.288 JLINK_IsHalted()
T7F84 040:899.612 - 0.323ms returns FALSE
T7F84 040:899.648 JLINK_IsHalted()
T7F84 040:899.908 - 0.258ms returns FALSE
T7F84 041:009.488 JLINK_IsHalted()
T7F84 041:009.876 - 0.387ms returns FALSE
T7F84 041:009.912 JLINK_IsHalted()
T7F84 041:010.188 - 0.277ms returns FALSE
T7F84 041:118.696 JLINK_IsHalted()
T7F84 041:119.112 - 0.415ms returns FALSE
T7F84 041:119.136 JLINK_IsHalted()
T7F84 041:119.416 - 0.279ms returns FALSE
T7F84 041:228.108 JLINK_IsHalted()
T7F84 041:228.432 - 0.324ms returns FALSE
T7F84 041:228.472 JLINK_IsHalted()
T7F84 041:228.792 - 0.318ms returns FALSE
T7F84 041:336.628 JLINK_IsHalted()
T7F84 041:337.040 - 0.415ms returns FALSE
T7F84 041:337.064 JLINK_IsHalted()
T7F84 041:337.328 - 0.261ms returns FALSE
T7F84 041:446.848 JLINK_IsHalted()
T7F84 041:447.288 - 0.439ms returns FALSE
T7F84 041:447.316 JLINK_IsHalted()
T7F84 041:447.604 - 0.286ms returns FALSE
T3768 041:503.092 JLINK_IsHalted()
T3768 041:503.432 - 0.341ms returns FALSE
T3768 041:503.464 JLINK_IsHalted()
T3768 041:503.752 - 0.288ms returns FALSE
T7F84 041:555.472 JLINK_IsHalted()
T7F84 041:555.796 - 0.323ms returns FALSE
T7F84 041:555.824 JLINK_IsHalted()
T7F84 041:556.128 - 0.301ms returns FALSE
T7F84 041:665.732 JLINK_IsHalted()
T7F84 041:666.092 - 0.359ms returns FALSE
T7F84 041:666.120 JLINK_IsHalted()
T7F84 041:666.388 - 0.265ms returns FALSE
T7F84 041:774.276 JLINK_IsHalted()
T7F84 041:774.628 - 0.348ms returns FALSE
T7F84 041:774.652 JLINK_IsHalted()
T7F84 041:775.000 - 0.342ms returns FALSE
T7F84 041:884.408 JLINK_IsHalted()
T7F84 041:884.776 - 0.370ms returns FALSE
T7F84 041:884.808 JLINK_IsHalted()
T7F84 041:885.096 - 0.285ms returns FALSE
T7F84 041:993.704 JLINK_IsHalted()
T7F84 041:994.036 - 0.333ms returns FALSE
T7F84 041:994.060 JLINK_IsHalted()
T7F84 041:994.296 - 0.233ms returns FALSE
T7F84 042:102.816 JLINK_IsHalted()
T7F84 042:103.236 - 0.416ms returns FALSE
T7F84 042:103.260 JLINK_IsHalted()
T7F84 042:103.532 - 0.268ms returns FALSE
T7F84 042:212.012 JLINK_IsHalted()
T7F84 042:212.328 - 0.315ms returns FALSE
T7F84 042:212.356 JLINK_IsHalted()
T7F84 042:212.628 - 0.271ms returns FALSE
T7F84 042:321.940 JLINK_IsHalted()
T7F84 042:322.284 - 0.347ms returns FALSE
T7F84 042:322.308 JLINK_IsHalted()
T7F84 042:322.560 - 0.250ms returns FALSE
T7F84 042:430.576 JLINK_IsHalted()
T7F84 042:430.924 - 0.347ms returns FALSE
T7F84 042:430.948 JLINK_IsHalted()
T7F84 042:431.224 - 0.278ms returns FALSE
T3768 042:504.920 JLINK_IsHalted()
T3768 042:505.296 - 0.374ms returns FALSE
T3768 042:505.320 JLINK_IsHalted()
T3768 042:505.620 - 0.298ms returns FALSE
T7F84 042:539.912 JLINK_IsHalted()
T7F84 042:540.248 - 0.335ms returns FALSE
T7F84 042:540.280 JLINK_IsHalted()
T7F84 042:540.552 - 0.274ms returns FALSE
T7F84 042:649.172 JLINK_IsHalted()
T7F84 042:649.496 - 0.326ms returns FALSE
T7F84 042:649.532 JLINK_IsHalted()
T7F84 042:649.832 - 0.300ms returns FALSE
T7F84 042:758.716 JLINK_IsHalted()
T7F84 042:759.204 - 0.485ms returns FALSE
T7F84 042:759.224 JLINK_IsHalted()
T7F84 042:759.528 - 0.297ms returns FALSE
T7F84 042:868.784 JLINK_IsHalted()
T7F84 042:869.112 - 0.327ms returns FALSE
T7F84 042:869.136 JLINK_IsHalted()
T7F84 042:869.400 - 0.260ms returns FALSE
T7F84 042:977.916 JLINK_IsHalted()
T7F84 042:978.332 - 0.413ms returns FALSE
T7F84 042:978.376 JLINK_IsHalted()
T7F84 042:979.656 - 1.277ms returns FALSE
T7F84 043:087.972 JLINK_IsHalted()
T7F84 043:088.356 - 0.380ms returns FALSE
T7F84 043:088.396 JLINK_IsHalted()
T7F84 043:088.696 - 0.299ms returns FALSE
T7F84 043:196.156 JLINK_IsHalted()
T7F84 043:196.644 - 0.486ms returns FALSE
T7F84 043:196.668 JLINK_IsHalted()
T7F84 043:196.940 - 0.270ms returns FALSE
T7F84 043:305.616 JLINK_IsHalted()
T7F84 043:305.928 - 0.309ms returns FALSE
T7F84 043:305.952 JLINK_IsHalted()
T7F84 043:306.212 - 0.257ms returns FALSE
T7F84 043:416.364 JLINK_IsHalted()
T7F84 043:416.684 - 0.321ms returns FALSE
T7F84 043:416.712 JLINK_IsHalted()
T7F84 043:417.032 - 0.321ms returns FALSE
T3768 043:506.992 JLINK_IsHalted()
T3768 043:507.320 - 0.330ms returns FALSE
T3768 043:507.344 JLINK_IsHalted()
T3768 043:507.604 - 0.260ms returns FALSE
T7F84 043:524.756 JLINK_IsHalted()
T7F84 043:525.268 - 0.511ms returns FALSE
T7F84 043:525.288 JLINK_IsHalted()
T7F84 043:525.576 - 0.286ms returns FALSE
T7F84 043:634.192 JLINK_IsHalted()
T7F84 043:634.524 - 0.332ms returns FALSE
T7F84 043:634.568 JLINK_IsHalted()
T7F84 043:634.840 - 0.275ms returns FALSE
T7F84 043:743.664 JLINK_IsHalted()
T7F84 043:744.028 - 0.365ms returns FALSE
T7F84 043:744.056 JLINK_IsHalted()
T7F84 043:744.344 - 0.286ms returns FALSE
T7F84 043:853.004 JLINK_IsHalted()
T7F84 043:853.372 - 0.365ms returns FALSE
T7F84 043:853.408 JLINK_IsHalted()
T7F84 043:853.684 - 0.272ms returns FALSE
T7F84 043:962.068 JLINK_IsHalted()
T7F84 043:962.376 - 0.308ms returns FALSE
T7F84 043:962.396 JLINK_IsHalted()
T7F84 043:962.668 - 0.271ms returns FALSE
T7F84 044:071.516 JLINK_IsHalted()
T7F84 044:071.868 - 0.352ms returns FALSE
T7F84 044:071.904 JLINK_IsHalted()
T7F84 044:072.184 - 0.279ms returns FALSE
T7F84 044:181.168 JLINK_IsHalted()
T7F84 044:181.656 - 0.488ms returns FALSE
T7F84 044:181.692 JLINK_IsHalted()
T7F84 044:182.024 - 0.328ms returns FALSE
T7F84 044:289.932 JLINK_IsHalted()
T7F84 044:296.468 - 6.532ms returns FALSE
T7F84 044:296.492 JLINK_IsHalted()
T7F84 044:296.820 - 0.325ms returns FALSE
T7F84 044:400.176 JLINK_IsHalted()
T7F84 044:400.520 - 0.341ms returns FALSE
T7F84 044:400.552 JLINK_IsHalted()
T7F84 044:400.828 - 0.278ms returns FALSE
T7F84 044:508.580 JLINK_IsHalted()
T7F84 044:508.920 - 0.340ms returns FALSE
T7F84 044:508.948 JLINK_IsHalted()
T7F84 044:509.440 - 0.491ms returns FALSE
T3768 044:509.488 JLINK_IsHalted()
T3768 044:509.800 - 0.315ms returns FALSE
T3768 044:509.820 JLINK_IsHalted()
T3768 044:510.056 - 0.235ms returns FALSE
T7F84 044:618.780 JLINK_IsHalted()
T7F84 044:619.116 - 0.337ms returns FALSE
T7F84 044:619.136 JLINK_IsHalted()
T7F84 044:619.444 - 0.307ms returns FALSE
T7F84 044:727.492 JLINK_IsHalted()
T7F84 044:727.832 - 0.342ms returns FALSE
T7F84 044:727.856 JLINK_IsHalted()
T7F84 044:728.124 - 0.266ms returns FALSE
T7F84 044:836.608 JLINK_IsHalted()
T7F84 044:836.952 - 0.341ms returns FALSE
T7F84 044:836.972 JLINK_IsHalted()
T7F84 044:837.240 - 0.267ms returns FALSE
T7F84 044:946.004 JLINK_IsHalted()
T7F84 044:946.356 - 0.353ms returns FALSE
T7F84 044:946.388 JLINK_IsHalted()
T7F84 044:946.664 - 0.278ms returns FALSE
T7F84 045:056.536 JLINK_IsHalted()
T7F84 045:056.860 - 0.325ms returns FALSE
T7F84 045:056.880 JLINK_IsHalted()
T7F84 045:057.132 - 0.251ms returns FALSE
T7F84 045:165.544 JLINK_IsHalted()
T7F84 045:165.896 - 0.351ms returns FALSE
T7F84 045:165.928 JLINK_IsHalted()
T7F84 045:166.200 - 0.269ms returns FALSE
T7F84 045:275.564 JLINK_IsHalted()
T7F84 045:275.892 - 0.325ms returns FALSE
T7F84 045:275.924 JLINK_IsHalted()
T7F84 045:276.256 - 0.332ms returns FALSE
T7F84 045:383.824 JLINK_IsHalted()
T7F84 045:384.192 - 0.367ms returns FALSE
T7F84 045:384.228 JLINK_IsHalted()
T7F84 045:384.480 - 0.252ms returns FALSE
T7F84 045:493.800 JLINK_IsHalted()
T7F84 045:494.120 - 0.318ms returns FALSE
T7F84 045:494.136 JLINK_IsHalted()
T7F84 045:494.392 - 0.254ms returns FALSE
T3768 045:510.992 JLINK_IsHalted()
T3768 045:511.332 - 0.338ms returns FALSE
T3768 045:511.356 JLINK_IsHalted()
T3768 045:511.640 - 0.280ms returns FALSE
T7F84 045:602.324 JLINK_IsHalted()
T7F84 045:602.652 - 0.329ms returns FALSE
T7F84 045:602.688 JLINK_IsHalted()
T7F84 045:603.040 - 0.352ms returns FALSE
T7F84 045:711.900 JLINK_IsHalted()
T7F84 045:712.228 - 0.325ms returns FALSE
T7F84 045:712.252 JLINK_IsHalted()
T7F84 045:712.508 - 0.255ms returns FALSE
T7F84 045:821.648 JLINK_IsHalted()
T7F84 045:822.024 - 0.375ms returns FALSE
T7F84 045:822.044 JLINK_IsHalted()
T7F84 045:822.300 - 0.257ms returns FALSE
T7F84 045:930.888 JLINK_IsHalted()
T7F84 045:931.208 - 0.318ms returns FALSE
T7F84 045:931.224 JLINK_IsHalted()
T7F84 045:931.468 - 0.240ms returns FALSE
T7F84 046:040.664 JLINK_IsHalted()
T7F84 046:041.092 - 0.423ms returns FALSE
T7F84 046:041.132 JLINK_IsHalted()
T7F84 046:041.536 - 0.403ms returns FALSE
T7F84 046:149.264 JLINK_IsHalted()
T7F84 046:149.596 - 0.333ms returns FALSE
T7F84 046:149.624 JLINK_IsHalted()
T7F84 046:149.892 - 0.266ms returns FALSE
T7F84 046:258.636 JLINK_IsHalted()
T7F84 046:259.024 - 0.385ms returns FALSE
T7F84 046:259.116 JLINK_IsHalted()
T7F84 046:259.380 - 0.261ms returns FALSE
T7F84 046:367.848 JLINK_IsHalted()
T7F84 046:368.188 - 0.338ms returns FALSE
T7F84 046:368.216 JLINK_IsHalted()
T7F84 046:368.504 - 0.281ms returns FALSE
T7F84 046:477.324 JLINK_IsHalted()
T7F84 046:477.744 - 0.417ms returns FALSE
T7F84 046:477.776 JLINK_IsHalted()
T7F84 046:478.056 - 0.283ms returns FALSE
T3768 046:512.316 JLINK_IsHalted()
T3768 046:512.676 - 0.357ms returns FALSE
T3768 046:512.700 JLINK_IsHalted()
T3768 046:513.024 - 0.320ms returns FALSE
T7F84 046:586.748 JLINK_IsHalted()
T7F84 046:587.084 - 0.334ms returns FALSE
T7F84 046:587.116 JLINK_IsHalted()
T7F84 046:587.384 - 0.268ms returns FALSE
T7F84 046:696.524 JLINK_IsHalted()
T7F84 046:696.996 - 0.470ms returns FALSE
T7F84 046:697.036 JLINK_IsHalted()
T7F84 046:697.412 - 0.372ms returns FALSE
T7F84 046:806.264 JLINK_IsHalted()
T7F84 046:806.592 - 0.330ms returns FALSE
T7F84 046:806.624 JLINK_IsHalted()
T7F84 046:806.892 - 0.266ms returns FALSE
T7F84 046:914.844 JLINK_IsHalted()
T7F84 046:915.204 - 0.358ms returns FALSE
T7F84 046:915.224 JLINK_IsHalted()
T7F84 046:915.480 - 0.256ms returns FALSE
T7F84 047:024.324 JLINK_IsHalted()
T7F84 047:024.656 - 0.330ms returns FALSE
T7F84 047:024.684 JLINK_IsHalted()
T7F84 047:025.024 - 0.338ms returns FALSE
T7F84 047:134.244 JLINK_IsHalted()
T7F84 047:134.568 - 0.324ms returns FALSE
T7F84 047:134.592 JLINK_IsHalted()
T7F84 047:134.852 - 0.257ms returns FALSE
T7F84 047:242.872 JLINK_IsHalted()
T7F84 047:243.212 - 0.340ms returns FALSE
T7F84 047:243.228 JLINK_IsHalted()
T7F84 047:243.468 - 0.239ms returns FALSE
T7F84 047:352.940 JLINK_IsHalted()
T7F84 047:353.268 - 0.328ms returns FALSE
T7F84 047:353.300 JLINK_IsHalted()
T7F84 047:353.576 - 0.272ms returns FALSE
T7F84 047:461.896 JLINK_IsHalted()
T7F84 047:462.244 - 0.347ms returns FALSE
T7F84 047:462.264 JLINK_IsHalted()
T7F84 047:462.520 - 0.251ms returns FALSE
T3768 047:513.048 JLINK_IsHalted()
T3768 047:513.408 - 0.362ms returns FALSE
T3768 047:513.432 JLINK_IsHalted()
T3768 047:513.688 - 0.255ms returns FALSE
T7F84 047:572.008 JLINK_IsHalted()
T7F84 047:572.340 - 0.332ms returns FALSE
T7F84 047:572.368 JLINK_IsHalted()
T7F84 047:572.632 - 0.266ms returns FALSE
T7F84 047:680.440 JLINK_IsHalted()
T7F84 047:680.776 - 0.332ms returns FALSE
T7F84 047:680.804 JLINK_IsHalted()
T7F84 047:681.068 - 0.264ms returns FALSE
T7F84 047:790.016 JLINK_IsHalted()
T7F84 047:790.408 - 0.389ms returns FALSE
T7F84 047:790.440 JLINK_IsHalted()
T7F84 047:790.756 - 0.312ms returns FALSE
T7F84 047:899.264 JLINK_IsHalted()
T7F84 047:899.568 - 0.304ms returns FALSE
T7F84 047:899.584 JLINK_IsHalted()
T7F84 047:899.832 - 0.246ms returns FALSE
T7F84 048:009.120 JLINK_IsHalted()
T7F84 048:009.460 - 0.338ms returns FALSE
T7F84 048:009.480 JLINK_IsHalted()
T7F84 048:009.736 - 0.254ms returns FALSE
T7F84 048:118.100 JLINK_IsHalted()
T7F84 048:118.472 - 0.373ms returns FALSE
T7F84 048:118.492 JLINK_IsHalted()
T7F84 048:118.756 - 0.261ms returns FALSE
T7F84 048:227.820 JLINK_IsHalted()
T7F84 048:228.148 - 0.325ms returns FALSE
T7F84 048:228.176 JLINK_IsHalted()
T7F84 048:228.440 - 0.260ms returns FALSE
T7F84 048:337.284 JLINK_IsHalted()
T7F84 048:337.704 - 0.422ms returns FALSE
T7F84 048:337.720 JLINK_IsHalted()
T7F84 048:338.020 - 0.296ms returns FALSE
T7F84 048:447.356 JLINK_IsHalted()
T7F84 048:447.688 - 0.332ms returns FALSE
T7F84 048:447.720 JLINK_IsHalted()
T7F84 048:448.020 - 0.298ms returns FALSE
T3768 048:514.808 JLINK_IsHalted()
T3768 048:515.132 - 0.326ms returns FALSE
T3768 048:515.156 JLINK_IsHalted()
T3768 048:515.408 - 0.252ms returns FALSE
T7F84 048:555.824 JLINK_IsHalted()
T7F84 048:556.148 - 0.323ms returns FALSE
T7F84 048:556.168 JLINK_IsHalted()
T7F84 048:556.424 - 0.253ms returns FALSE
T7F84 048:665.096 JLINK_IsHalted()
T7F84 048:665.428 - 0.327ms returns FALSE
T7F84 048:665.456 JLINK_IsHalted()
T7F84 048:665.720 - 0.261ms returns FALSE
T7F84 048:774.332 JLINK_IsHalted()
T7F84 048:774.656 - 0.324ms returns FALSE
T7F84 048:774.696 JLINK_IsHalted()
T7F84 048:775.024 - 0.325ms returns FALSE
T7F84 048:884.204 JLINK_IsHalted()
T7F84 048:884.572 - 0.365ms returns FALSE
T7F84 048:884.604 JLINK_IsHalted()
T7F84 048:884.876 - 0.270ms returns FALSE
T7F84 048:993.756 JLINK_IsHalted()
T7F84 048:994.128 - 0.370ms returns FALSE
T7F84 048:994.168 JLINK_IsHalted()
T7F84 048:994.440 - 0.275ms returns FALSE
T7F84 049:102.388 JLINK_IsHalted()
T7F84 049:102.720 - 0.332ms returns FALSE
T7F84 049:102.744 JLINK_IsHalted()
T7F84 049:103.020 - 0.279ms returns FALSE
T7F84 049:211.816 JLINK_IsHalted()
T7F84 049:212.216 - 0.399ms returns FALSE
T7F84 049:212.248 JLINK_IsHalted()
T7F84 049:212.532 - 0.281ms returns FALSE
T7F84 049:321.000 JLINK_IsHalted()
T7F84 049:321.348 - 0.347ms returns FALSE
T7F84 049:321.384 JLINK_IsHalted()
T7F84 049:321.672 - 0.287ms returns FALSE
T7F84 049:430.612 JLINK_IsHalted()
T7F84 049:430.920 - 0.308ms returns FALSE
T7F84 049:430.944 JLINK_IsHalted()
T7F84 049:431.196 - 0.253ms returns FALSE
T3768 049:515.864 JLINK_IsHalted()
T3768 049:516.200 - 0.336ms returns FALSE
T3768 049:516.224 JLINK_IsHalted()
T3768 049:516.480 - 0.255ms returns FALSE
T7F84 049:540.620 JLINK_IsHalted()
T7F84 049:541.024 - 0.401ms returns FALSE
T7F84 049:541.056 JLINK_IsHalted()
T7F84 049:541.312 - 0.255ms returns FALSE
T7F84 049:649.740 JLINK_IsHalted()
T7F84 049:650.232 - 0.489ms returns FALSE
T7F84 049:650.264 JLINK_IsHalted()
T7F84 049:650.536 - 0.271ms returns FALSE
T7F84 049:758.544 JLINK_IsHalted()
T7F84 049:758.900 - 0.354ms returns FALSE
T7F84 049:758.928 JLINK_IsHalted()
T7F84 049:759.196 - 0.266ms returns FALSE
T7F84 049:868.904 JLINK_IsHalted()
T7F84 049:869.240 - 0.338ms returns FALSE
T7F84 049:869.268 JLINK_IsHalted()
T7F84 049:869.544 - 0.274ms returns FALSE
T7F84 049:977.336 JLINK_IsHalted()
T7F84 049:977.640 - 0.304ms returns FALSE
T7F84 049:977.668 JLINK_IsHalted()
T7F84 049:977.932 - 0.265ms returns FALSE
T7F84 050:086.800 JLINK_IsHalted()
T7F84 050:087.148 - 0.347ms returns FALSE
T7F84 050:087.176 JLINK_IsHalted()
T7F84 050:087.432 - 0.260ms returns FALSE
T7F84 050:196.112 JLINK_IsHalted()
T7F84 050:196.456 - 0.344ms returns FALSE
T7F84 050:196.472 JLINK_IsHalted()
T7F84 050:196.720 - 0.247ms returns FALSE
T7F84 050:305.824 JLINK_IsHalted()
T7F84 050:309.912 - 4.090ms returns FALSE
T7F84 050:309.944 JLINK_IsHalted()
T7F84 050:310.292 - 0.347ms returns FALSE
T7F84 050:416.076 JLINK_IsHalted()
T7F84 050:416.408 - 0.335ms returns FALSE
T7F84 050:416.440 JLINK_IsHalted()
T7F84 050:416.700 - 0.261ms returns FALSE
T3768 050:516.872 JLINK_IsHalted()
T3768 050:517.216 - 0.345ms returns FALSE
T3768 050:517.248 JLINK_IsHalted()
T3768 050:517.516 - 0.269ms returns FALSE
T7F84 050:524.328 JLINK_IsHalted()
T7F84 050:524.700 - 0.376ms returns FALSE
T7F84 050:524.724 JLINK_IsHalted()
T7F84 050:525.020 - 0.298ms returns FALSE
T7F84 050:634.120 JLINK_IsHalted()
T7F84 050:634.524 - 0.401ms returns FALSE
T7F84 050:634.544 JLINK_IsHalted()
T7F84 050:634.780 - 0.233ms returns FALSE
T7F84 050:742.920 JLINK_IsHalted()
T7F84 050:743.324 - 0.403ms returns FALSE
T7F84 050:743.364 JLINK_IsHalted()
T7F84 050:743.656 - 0.288ms returns FALSE
T7F84 050:853.304 JLINK_IsHalted()
T7F84 050:853.648 - 0.344ms returns FALSE
T7F84 050:853.680 JLINK_IsHalted()
T7F84 050:854.024 - 0.343ms returns FALSE
T7F84 050:962.060 JLINK_IsHalted()
T7F84 050:962.412 - 0.349ms returns FALSE
T7F84 050:962.432 JLINK_IsHalted()
T7F84 050:962.696 - 0.261ms returns FALSE
T7F84 051:072.040 JLINK_IsHalted()
T7F84 051:072.372 - 0.330ms returns FALSE
T7F84 051:072.392 JLINK_IsHalted()
T7F84 051:072.704 - 0.313ms returns FALSE
T7F84 051:181.652 JLINK_IsHalted()
T7F84 051:182.032 - 0.380ms returns FALSE
T7F84 051:182.056 JLINK_IsHalted()
T7F84 051:182.320 - 0.260ms returns FALSE
T7F84 051:290.988 JLINK_IsHalted()
T7F84 051:291.336 - 0.347ms returns FALSE
T7F84 051:291.356 JLINK_IsHalted()
T7F84 051:291.620 - 0.261ms returns FALSE
T7F84 051:399.688 JLINK_IsHalted()
T7F84 051:400.020 - 0.330ms returns FALSE
T7F84 051:400.048 JLINK_IsHalted()
T7F84 051:400.304 - 0.257ms returns FALSE
T7F84 051:508.804 JLINK_IsHalted()
T7F84 051:509.112 - 0.307ms returns FALSE
T7F84 051:509.120 JLINK_IsHalted()
T7F84 051:509.352 - 0.231ms returns FALSE
T3768 051:518.248 JLINK_IsHalted()
T3768 051:518.568 - 0.314ms returns FALSE
T3768 051:518.596 JLINK_IsHalted()
T3768 051:518.844 - 0.248ms returns FALSE
T7F84 051:618.056 JLINK_IsHalted()
T7F84 051:618.568 - 0.515ms returns FALSE
T7F84 051:618.600 JLINK_IsHalted()
T7F84 051:618.876 - 0.274ms returns FALSE
T7F84 051:728.156 JLINK_IsHalted()
T7F84 051:728.500 - 0.344ms returns FALSE
T7F84 051:728.520 JLINK_IsHalted()
T7F84 051:728.776 - 0.254ms returns FALSE
T7F84 051:837.132 JLINK_IsHalted()
T7F84 051:837.444 - 0.310ms returns FALSE
T7F84 051:837.464 JLINK_IsHalted()
T7F84 051:837.708 - 0.247ms returns FALSE
T7F84 051:946.684 JLINK_IsHalted()
T7F84 051:947.016 - 0.331ms returns FALSE
T7F84 051:947.036 JLINK_IsHalted()
T7F84 051:947.272 - 0.236ms returns FALSE
T7F84 052:056.288 JLINK_IsHalted()
T7F84 052:056.620 - 0.331ms returns FALSE
T7F84 052:056.640 JLINK_IsHalted()
T7F84 052:056.896 - 0.254ms returns FALSE
T7F84 052:164.924 JLINK_IsHalted()
T7F84 052:165.248 - 0.322ms returns FALSE
T7F84 052:165.276 JLINK_IsHalted()
T7F84 052:165.604 - 0.326ms returns FALSE
T7F84 052:274.488 JLINK_IsHalted()
T7F84 052:274.848 - 0.357ms returns FALSE
T7F84 052:274.880 JLINK_IsHalted()
T7F84 052:275.180 - 0.299ms returns FALSE
T7F84 052:383.724 JLINK_IsHalted()
T7F84 052:384.060 - 0.332ms returns FALSE
T7F84 052:384.092 JLINK_IsHalted()
T7F84 052:384.372 - 0.278ms returns FALSE
T7F84 052:493.320 JLINK_IsHalted()
T7F84 052:493.672 - 0.350ms returns FALSE
T7F84 052:493.692 JLINK_IsHalted()
T7F84 052:494.008 - 0.314ms returns FALSE
T3768 052:519.600 JLINK_IsHalted()
T3768 052:519.908 - 0.307ms returns FALSE
T3768 052:519.924 JLINK_IsHalted()
T3768 052:520.168 - 0.243ms returns FALSE
T7F84 052:602.656 JLINK_IsHalted()
T7F84 052:603.032 - 0.372ms returns FALSE
T7F84 052:603.072 JLINK_IsHalted()
T7F84 052:603.356 - 0.283ms returns FALSE
T7F84 052:711.976 JLINK_IsHalted()
T7F84 052:712.296 - 0.320ms returns FALSE
T7F84 052:712.328 JLINK_IsHalted()
T7F84 052:712.592 - 0.261ms returns FALSE
T7F84 052:821.896 JLINK_IsHalted()
T7F84 052:822.216 - 0.318ms returns FALSE
T7F84 052:822.244 JLINK_IsHalted()
T7F84 052:822.508 - 0.263ms returns FALSE
T7F84 052:930.464 JLINK_IsHalted()
T7F84 052:930.776 - 0.308ms returns FALSE
T7F84 052:930.800 JLINK_IsHalted()
T7F84 052:931.048 - 0.249ms returns FALSE
T7F84 053:039.924 JLINK_IsHalted()
T7F84 053:040.236 - 0.310ms returns FALSE
T7F84 053:040.264 JLINK_IsHalted()
T7F84 053:040.532 - 0.265ms returns FALSE
T7F84 053:149.236 JLINK_IsHalted()
T7F84 053:149.856 - 0.620ms returns FALSE
T7F84 053:149.892 JLINK_IsHalted()
T7F84 053:150.184 - 0.293ms returns FALSE
T7F84 053:258.780 JLINK_IsHalted()
T7F84 053:259.080 - 0.296ms returns FALSE
T7F84 053:259.096 JLINK_IsHalted()
T7F84 053:259.356 - 0.258ms returns FALSE
T7F84 053:368.224 JLINK_IsHalted()
T7F84 053:368.524 - 0.300ms returns FALSE
T7F84 053:368.536 JLINK_IsHalted()
T7F84 053:368.776 - 0.234ms returns FALSE
T7F84 053:477.528 JLINK_IsHalted()
T7F84 053:477.848 - 0.316ms returns FALSE
T7F84 053:477.868 JLINK_IsHalted()
T7F84 053:478.136 - 0.265ms returns FALSE
T3768 053:519.380 JLINK_IsHalted()
T3768 053:519.720 - 0.338ms returns FALSE
T3768 053:519.748 JLINK_IsHalted()
T3768 053:520.032 - 0.282ms returns FALSE
T7F84 053:587.384 JLINK_IsHalted()
T7F84 053:587.720 - 0.338ms returns FALSE
T7F84 053:587.752 JLINK_IsHalted()
T7F84 053:588.020 - 0.263ms returns FALSE
T7F84 053:696.844 JLINK_IsHalted()
T7F84 053:697.184 - 0.334ms returns FALSE
T7F84 053:697.208 JLINK_IsHalted()
T7F84 053:697.480 - 0.268ms returns FALSE
T7F84 053:806.088 JLINK_IsHalted()
T7F84 053:806.420 - 0.328ms returns FALSE
T7F84 053:806.444 JLINK_IsHalted()
T7F84 053:806.712 - 0.262ms returns FALSE
T7F84 053:915.048 JLINK_IsHalted()
T7F84 053:915.412 - 0.365ms returns FALSE
T7F84 053:915.448 JLINK_IsHalted()
T7F84 053:915.744 - 0.294ms returns FALSE
T7F84 054:024.248 JLINK_IsHalted()
T7F84 054:024.596 - 0.344ms returns FALSE
T7F84 054:024.616 JLINK_IsHalted()
T7F84 054:024.888 - 0.272ms returns FALSE
T7F84 054:134.464 JLINK_IsHalted()
T7F84 054:134.808 - 0.342ms returns FALSE
T7F84 054:134.828 JLINK_IsHalted()
T7F84 054:135.084 - 0.255ms returns FALSE
T7F84 054:243.592 JLINK_IsHalted()
T7F84 054:244.020 - 0.427ms returns FALSE
T7F84 054:244.032 JLINK_IsHalted()
T7F84 054:244.308 - 0.269ms returns FALSE
T7F84 054:352.884 JLINK_IsHalted()
T7F84 054:353.236 - 0.349ms returns FALSE
T7F84 054:353.268 JLINK_IsHalted()
T7F84 054:353.544 - 0.276ms returns FALSE
T7F84 054:462.156 JLINK_IsHalted()
T7F84 054:462.508 - 0.350ms returns FALSE
T7F84 054:462.540 JLINK_IsHalted()
T7F84 054:462.816 - 0.275ms returns FALSE
T3768 054:519.424 JLINK_IsHalted()
T3768 054:519.816 - 0.389ms returns FALSE
T3768 054:519.892 JLINK_IsHalted()
T3768 054:520.236 - 0.339ms returns FALSE
T7F84 054:572.392 JLINK_IsHalted()
T7F84 054:572.928 - 0.535ms returns FALSE
T7F84 054:572.968 JLINK_IsHalted()
T7F84 054:573.224 - 0.258ms returns FALSE
T7F84 054:680.608 JLINK_IsHalted()
T7F84 054:681.024 - 0.415ms returns FALSE
T7F84 054:681.048 JLINK_IsHalted()
T7F84 054:681.320 - 0.269ms returns FALSE
T7F84 054:790.028 JLINK_IsHalted()
T7F84 054:790.432 - 0.403ms returns FALSE
T7F84 054:790.456 JLINK_IsHalted()
T7F84 054:790.712 - 0.256ms returns FALSE
T7F84 054:899.720 JLINK_IsHalted()
T7F84 054:900.072 - 0.352ms returns FALSE
T7F84 054:900.104 JLINK_IsHalted()
T7F84 054:900.364 - 0.264ms returns FALSE
T7F84 055:008.684 JLINK_IsHalted()
T7F84 055:009.036 - 0.349ms returns FALSE
T7F84 055:009.048 JLINK_IsHalted()
T7F84 055:009.292 - 0.242ms returns FALSE
T7F84 055:118.144 JLINK_IsHalted()
T7F84 055:118.528 - 0.384ms returns FALSE
T7F84 055:118.552 JLINK_IsHalted()
T7F84 055:118.836 - 0.284ms returns FALSE
T7F84 055:227.416 JLINK_IsHalted()
T7F84 055:227.796 - 0.379ms returns FALSE
T7F84 055:227.828 JLINK_IsHalted()
T7F84 055:228.096 - 0.267ms returns FALSE
T7F84 055:336.872 JLINK_IsHalted()
T7F84 055:337.196 - 0.326ms returns FALSE
T7F84 055:337.224 JLINK_IsHalted()
T7F84 055:337.480 - 0.256ms returns FALSE
T7F84 055:446.548 JLINK_IsHalted()
T7F84 055:446.880 - 0.333ms returns FALSE
T7F84 055:446.912 JLINK_IsHalted()
T7F84 055:447.188 - 0.272ms returns FALSE
T3768 055:521.048 JLINK_IsHalted()
T3768 055:521.376 - 0.330ms returns FALSE
T3768 055:521.400 JLINK_IsHalted()
T3768 055:521.664 - 0.263ms returns FALSE
T7F84 055:555.688 JLINK_IsHalted()
T7F84 055:556.020 - 0.333ms returns FALSE
T7F84 055:556.044 JLINK_IsHalted()
T7F84 055:556.312 - 0.262ms returns FALSE
T7F84 055:665.016 JLINK_IsHalted()
T7F84 055:665.356 - 0.335ms returns FALSE
T7F84 055:665.376 JLINK_IsHalted()
T7F84 055:665.644 - 0.267ms returns FALSE
T7F84 055:774.528 JLINK_IsHalted()
T7F84 055:774.840 - 0.308ms returns FALSE
T7F84 055:774.856 JLINK_IsHalted()
T7F84 055:775.096 - 0.242ms returns FALSE
T7F84 055:883.928 JLINK_IsHalted()
T7F84 055:884.256 - 0.327ms returns FALSE
T7F84 055:884.276 JLINK_IsHalted()
T7F84 055:884.536 - 0.266ms returns FALSE
T7F84 055:993.000 JLINK_IsHalted()
T7F84 055:993.364 - 0.365ms returns FALSE
T7F84 055:993.388 JLINK_IsHalted()
T7F84 055:993.652 - 0.265ms returns FALSE
T7F84 056:102.612 JLINK_IsHalted()
T7F84 056:103.020 - 0.413ms returns FALSE
T7F84 056:103.048 JLINK_IsHalted()
T7F84 056:103.304 - 0.257ms returns FALSE
T7F84 056:211.852 JLINK_IsHalted()
T7F84 056:212.184 - 0.337ms returns FALSE
T7F84 056:212.204 JLINK_IsHalted()
T7F84 056:212.468 - 0.260ms returns FALSE
T7F84 056:321.868 JLINK_IsHalted()
T7F84 056:327.916 - 6.049ms returns FALSE
T7F84 056:327.988 JLINK_IsHalted()
T7F84 056:328.232 - 0.287ms returns FALSE
T7F84 056:431.192 JLINK_IsHalted()
T7F84 056:431.500 - 0.303ms returns FALSE
T7F84 056:431.512 JLINK_IsHalted()
T7F84 056:431.756 - 0.241ms returns FALSE
T3768 056:522.408 JLINK_IsHalted()
T3768 056:522.816 - 0.409ms returns FALSE
T3768 056:522.848 JLINK_IsHalted()
T3768 056:523.136 - 0.286ms returns FALSE
T7F84 056:540.864 JLINK_IsHalted()
T7F84 056:541.240 - 0.377ms returns FALSE
T7F84 056:541.272 JLINK_IsHalted()
T7F84 056:541.536 - 0.262ms returns FALSE
T7F84 056:649.504 JLINK_IsHalted()
T7F84 056:649.824 - 0.324ms returns FALSE
T7F84 056:649.844 JLINK_IsHalted()
T7F84 056:650.104 - 0.259ms returns FALSE
T7F84 056:759.116 JLINK_IsHalted()
T7F84 056:759.444 - 0.325ms returns FALSE
T7F84 056:759.464 JLINK_IsHalted()
T7F84 056:759.732 - 0.263ms returns FALSE
T7F84 056:868.864 JLINK_IsHalted()
T7F84 056:869.204 - 0.344ms returns FALSE
T7F84 056:869.228 JLINK_IsHalted()
T7F84 056:869.664 - 0.434ms returns FALSE
T7F84 056:978.860 JLINK_IsHalted()
T7F84 056:979.192 - 0.332ms returns FALSE
T7F84 056:979.232 JLINK_IsHalted()
T7F84 056:979.496 - 0.262ms returns FALSE
T7F84 057:087.316 JLINK_IsHalted()
T7F84 057:087.656 - 0.341ms returns FALSE
T7F84 057:087.672 JLINK_IsHalted()
T7F84 057:087.944 - 0.267ms returns FALSE
T7F84 057:196.712 JLINK_IsHalted()
T7F84 057:197.064 - 0.350ms returns FALSE
T7F84 057:197.088 JLINK_IsHalted()
T7F84 057:197.336 - 0.253ms returns FALSE
T7F84 057:305.960 JLINK_IsHalted()
T7F84 057:306.324 - 0.361ms returns FALSE
T7F84 057:306.360 JLINK_IsHalted()
T7F84 057:306.648 - 0.286ms returns FALSE
T7F84 057:414.860 JLINK_IsHalted()
T7F84 057:415.180 - 0.322ms returns FALSE
T7F84 057:415.208 JLINK_IsHalted()
T7F84 057:415.464 - 0.257ms returns FALSE
T3768 057:523.096 JLINK_IsHalted()
T3768 057:523.432 - 0.330ms returns FALSE
T3768 057:523.448 JLINK_IsHalted()
T3768 057:523.704 - 0.253ms returns FALSE
T7F84 057:524.248 JLINK_IsHalted()
T7F84 057:524.512 - 0.260ms returns FALSE
T7F84 057:524.532 JLINK_IsHalted()
T7F84 057:524.768 - 0.239ms returns FALSE
T7F84 057:634.272 JLINK_IsHalted()
T7F84 057:634.624 - 0.349ms returns FALSE
T7F84 057:634.648 JLINK_IsHalted()
T7F84 057:634.920 - 0.270ms returns FALSE
T7F84 057:742.892 JLINK_IsHalted()
T7F84 057:743.232 - 0.336ms returns FALSE
T7F84 057:743.256 JLINK_IsHalted()
T7F84 057:743.572 - 0.311ms returns FALSE
T7F84 057:852.692 JLINK_IsHalted()
T7F84 057:853.032 - 0.338ms returns FALSE
T7F84 057:853.056 JLINK_IsHalted()
T7F84 057:853.324 - 0.267ms returns FALSE
T7F84 057:961.684 JLINK_IsHalted()
T7F84 057:962.008 - 0.326ms returns FALSE
T7F84 057:962.040 JLINK_IsHalted()
T7F84 057:962.296 - 0.256ms returns FALSE
T7F84 058:071.208 JLINK_IsHalted()
T7F84 058:071.576 - 0.365ms returns FALSE
T7F84 058:071.608 JLINK_IsHalted()
T7F84 058:071.860 - 0.254ms returns FALSE
T7F84 058:180.856 JLINK_IsHalted()
T7F84 058:181.228 - 0.375ms returns FALSE
T7F84 058:181.272 JLINK_IsHalted()
T7F84 058:181.560 - 0.289ms returns FALSE
T7F84 058:290.664 JLINK_IsHalted()
T7F84 058:291.016 - 0.350ms returns FALSE
T7F84 058:291.032 JLINK_IsHalted()
T7F84 058:291.276 - 0.245ms returns FALSE
T7F84 058:399.564 JLINK_IsHalted()
T7F84 058:399.912 - 0.348ms returns FALSE
T7F84 058:399.944 JLINK_IsHalted()
T7F84 058:400.204 - 0.260ms returns FALSE
T7F84 058:508.832 JLINK_IsHalted()
T7F84 058:509.192 - 0.357ms returns FALSE
T7F84 058:509.216 JLINK_IsHalted()
T7F84 058:509.484 - 0.272ms returns FALSE
T3768 058:523.252 JLINK_IsHalted()
T3768 058:523.584 - 0.335ms returns FALSE
T3768 058:523.608 JLINK_IsHalted()
T3768 058:523.872 - 0.260ms returns FALSE
T7F84 058:618.456 JLINK_IsHalted()
T7F84 058:618.804 - 0.346ms returns FALSE
T7F84 058:618.836 JLINK_IsHalted()
T7F84 058:619.116 - 0.284ms returns FALSE
T7F84 058:728.140 JLINK_IsHalted()
T7F84 058:728.480 - 0.335ms returns FALSE
T7F84 058:728.500 JLINK_IsHalted()
T7F84 058:728.768 - 0.264ms returns FALSE
T7F84 058:837.768 JLINK_IsHalted()
T7F84 058:838.124 - 0.357ms returns FALSE
T7F84 058:838.156 JLINK_IsHalted()
T7F84 058:838.424 - 0.272ms returns FALSE
T7F84 058:946.188 JLINK_IsHalted()
T7F84 058:946.560 - 0.376ms returns FALSE
T7F84 058:946.584 JLINK_IsHalted()
T7F84 058:946.848 - 0.260ms returns FALSE
T7F84 059:055.992 JLINK_IsHalted()
T7F84 059:056.328 - 0.336ms returns FALSE
T7F84 059:056.344 JLINK_IsHalted()
T7F84 059:056.616 - 0.268ms returns FALSE
T7F84 059:165.420 JLINK_IsHalted()
T7F84 059:165.720 - 0.299ms returns FALSE
T7F84 059:165.740 JLINK_IsHalted()
T7F84 059:166.008 - 0.267ms returns FALSE
T7F84 059:274.156 JLINK_IsHalted()
T7F84 059:274.552 - 0.394ms returns FALSE
T7F84 059:274.584 JLINK_IsHalted()
T7F84 059:274.880 - 0.293ms returns FALSE
T7F84 059:384.024 JLINK_IsHalted()
T7F84 059:384.384 - 0.355ms returns FALSE
T7F84 059:384.408 JLINK_IsHalted()
T7F84 059:384.664 - 0.253ms returns FALSE
T7F84 059:492.876 JLINK_IsHalted()
T7F84 059:493.204 - 0.324ms returns FALSE
T7F84 059:493.228 JLINK_IsHalted()
T7F84 059:493.544 - 0.316ms returns FALSE
T3768 059:524.276 JLINK_IsHalted()
T3768 059:524.640 - 0.363ms returns FALSE
T3768 059:524.660 JLINK_IsHalted()
T3768 059:524.904 - 0.242ms returns FALSE
T7F84 059:603.124 JLINK_IsHalted()
T7F84 059:603.464 - 0.336ms returns FALSE
T7F84 059:603.476 JLINK_IsHalted()
T7F84 059:603.724 - 0.246ms returns FALSE
T7F84 059:712.128 JLINK_IsHalted()
T7F84 059:712.460 - 0.331ms returns FALSE
T7F84 059:712.492 JLINK_IsHalted()
T7F84 059:712.760 - 0.267ms returns FALSE
T7F84 059:822.752 JLINK_IsHalted()
T7F84 059:823.144 - 0.384ms returns FALSE
T7F84 059:823.180 JLINK_IsHalted()
T7F84 059:823.488 - 0.303ms returns FALSE
T7F84 059:930.420 JLINK_IsHalted()
T7F84 059:930.744 - 0.326ms returns FALSE
T7F84 059:930.772 JLINK_IsHalted()
T7F84 059:931.040 - 0.266ms returns FALSE
T7F84 060:040.640 JLINK_IsHalted()
T7F84 060:041.016 - 0.374ms returns FALSE
T7F84 060:041.036 JLINK_IsHalted()
T7F84 060:041.292 - 0.250ms returns FALSE
T7F84 060:149.152 JLINK_IsHalted()
T7F84 060:149.556 - 0.398ms returns FALSE
T7F84 060:149.580 JLINK_IsHalted()
T7F84 060:149.880 - 0.295ms returns FALSE
T7F84 060:258.792 JLINK_IsHalted()
T7F84 060:259.180 - 0.390ms returns FALSE
T7F84 060:259.200 JLINK_IsHalted()
T7F84 060:259.468 - 0.268ms returns FALSE
T7F84 060:368.172 JLINK_IsHalted()
T7F84 060:368.480 - 0.312ms returns FALSE
T7F84 060:368.512 JLINK_IsHalted()
T7F84 060:368.768 - 0.258ms returns FALSE
T7F84 060:477.448 JLINK_IsHalted()
T7F84 060:477.804 - 0.356ms returns FALSE
T7F84 060:477.832 JLINK_IsHalted()
T7F84 060:478.092 - 0.265ms returns FALSE
T3768 060:524.616 JLINK_IsHalted()
T3768 060:525.016 - 0.402ms returns FALSE
T3768 060:525.048 JLINK_IsHalted()
T3768 060:525.332 - 0.284ms returns FALSE
T7F84 060:587.064 JLINK_IsHalted()
T7F84 060:587.436 - 0.370ms returns FALSE
T7F84 060:587.476 JLINK_IsHalted()
T7F84 060:587.752 - 0.271ms returns FALSE
T7F84 060:696.800 JLINK_IsHalted()
T7F84 060:697.120 - 0.320ms returns FALSE
T7F84 060:697.140 JLINK_IsHalted()
T7F84 060:697.396 - 0.251ms returns FALSE
T7F84 060:806.348 JLINK_IsHalted()
T7F84 060:806.688 - 0.339ms returns FALSE
T7F84 060:806.708 JLINK_IsHalted()
T7F84 060:806.996 - 0.288ms returns FALSE
T7F84 060:915.584 JLINK_IsHalted()
T7F84 060:916.020 - 0.435ms returns FALSE
T7F84 060:916.052 JLINK_IsHalted()
T7F84 060:916.320 - 0.271ms returns FALSE
T7F84 061:024.436 JLINK_IsHalted()
T7F84 061:024.744 - 0.305ms returns FALSE
T7F84 061:024.776 JLINK_IsHalted()
T7F84 061:025.036 - 0.262ms returns FALSE
T7F84 061:133.544 JLINK_IsHalted()
T7F84 061:133.848 - 0.307ms returns FALSE
T7F84 061:133.868 JLINK_IsHalted()
T7F84 061:134.124 - 0.256ms returns FALSE
T7F84 061:243.464 JLINK_IsHalted()
T7F84 061:243.816 - 0.355ms returns FALSE
T7F84 061:243.840 JLINK_IsHalted()
T7F84 061:244.200 - 0.358ms returns FALSE
T7F84 061:352.608 JLINK_IsHalted()
T7F84 061:353.012 - 0.407ms returns FALSE
T7F84 061:353.048 JLINK_IsHalted()
T7F84 061:353.304 - 0.256ms returns FALSE
T7F84 061:462.040 JLINK_IsHalted()
T7F84 061:462.412 - 0.370ms returns FALSE
T7F84 061:462.444 JLINK_IsHalted()
T7F84 061:462.728 - 0.281ms returns FALSE
T3768 061:526.472 JLINK_IsHalted()
T3768 061:526.824 - 0.350ms returns FALSE
T3768 061:526.856 JLINK_IsHalted()
T3768 061:527.116 - 0.262ms returns FALSE
T7F84 061:572.128 JLINK_IsHalted()
T7F84 061:572.520 - 0.390ms returns FALSE
T7F84 061:572.536 JLINK_IsHalted()
T7F84 061:572.820 - 0.278ms returns FALSE
T7F84 061:680.648 JLINK_IsHalted()
T7F84 061:681.064 - 0.412ms returns FALSE
T7F84 061:681.096 JLINK_IsHalted()
T7F84 061:681.388 - 0.292ms returns FALSE
T7F84 061:790.648 JLINK_IsHalted()
T7F84 061:791.016 - 0.361ms returns FALSE
T7F84 061:791.048 JLINK_IsHalted()
T7F84 061:791.308 - 0.266ms returns FALSE
T7F84 061:900.032 JLINK_IsHalted()
T7F84 061:900.364 - 0.335ms returns FALSE
T7F84 061:900.392 JLINK_IsHalted()
T7F84 061:900.664 - 0.271ms returns FALSE
T7F84 062:009.216 JLINK_IsHalted()
T7F84 062:009.548 - 0.335ms returns FALSE
T7F84 062:009.576 JLINK_IsHalted()
T7F84 062:009.832 - 0.256ms returns FALSE
T7F84 062:119.020 JLINK_IsHalted()
T7F84 062:119.348 - 0.327ms returns FALSE
T7F84 062:119.560 JLINK_IsHalted()
T7F84 062:119.816 - 0.254ms returns FALSE
T7F84 062:228.300 JLINK_IsHalted()
T7F84 062:228.628 - 0.327ms returns FALSE
T7F84 062:228.648 JLINK_IsHalted()
T7F84 062:228.904 - 0.253ms returns FALSE
T7F84 062:337.600 JLINK_IsHalted()
T7F84 062:337.940 - 0.337ms returns FALSE
T7F84 062:337.960 JLINK_IsHalted()
T7F84 062:338.232 - 0.271ms returns FALSE
T7F84 062:446.284 JLINK_IsHalted()
T7F84 062:446.668 - 0.385ms returns FALSE
T7F84 062:446.700 JLINK_IsHalted()
T7F84 062:447.016 - 0.311ms returns FALSE
T3768 062:526.988 JLINK_IsHalted()
T3768 062:527.308 - 0.322ms returns FALSE
T3768 062:527.336 JLINK_IsHalted()
T3768 062:527.592 - 0.256ms returns FALSE
T7F84 062:555.976 JLINK_IsHalted()
T7F84 062:556.288 - 0.319ms returns FALSE
T7F84 062:556.312 JLINK_IsHalted()
T7F84 062:556.564 - 0.250ms returns FALSE
T7F84 062:665.432 JLINK_IsHalted()
T7F84 062:665.772 - 0.338ms returns FALSE
T7F84 062:665.800 JLINK_IsHalted()
T7F84 062:666.048 - 0.250ms returns FALSE
T7F84 062:774.840 JLINK_IsHalted()
T7F84 062:775.176 - 0.327ms returns FALSE
T7F84 062:775.192 JLINK_IsHalted()
T7F84 062:775.480 - 0.287ms returns FALSE
T7F84 062:883.604 JLINK_IsHalted()
T7F84 062:884.012 - 0.409ms returns FALSE
T7F84 062:884.032 JLINK_IsHalted()
T7F84 062:884.288 - 0.254ms returns FALSE
T7F84 062:992.980 JLINK_IsHalted()
T7F84 062:993.304 - 0.330ms returns FALSE
T7F84 062:993.324 JLINK_IsHalted()
T7F84 062:993.560 - 0.238ms returns FALSE
T7F84 063:103.712 JLINK_IsHalted()
T7F84 063:104.008 - 0.300ms returns FALSE
T7F84 063:104.024 JLINK_IsHalted()
T7F84 063:104.276 - 0.252ms returns FALSE
T7F84 063:212.116 JLINK_IsHalted()
T7F84 063:212.424 - 0.309ms returns FALSE
T7F84 063:212.440 JLINK_IsHalted()
T7F84 063:212.712 - 0.265ms returns FALSE
T7F84 063:322.036 JLINK_IsHalted()
T7F84 063:322.408 - 0.375ms returns FALSE
T7F84 063:322.432 JLINK_IsHalted()
T7F84 063:322.712 - 0.279ms returns FALSE
T7F84 063:431.700 JLINK_IsHalted()
T7F84 063:432.040 - 0.337ms returns FALSE
T7F84 063:432.064 JLINK_IsHalted()
T7F84 063:432.352 - 0.289ms returns FALSE
T3768 063:528.416 JLINK_IsHalted()
T3768 063:528.724 - 0.310ms returns FALSE
T3768 063:528.748 JLINK_IsHalted()
T3768 063:529.024 - 0.275ms returns FALSE
T7F84 063:540.328 JLINK_IsHalted()
T7F84 063:540.608 - 0.281ms returns FALSE
T7F84 063:540.632 JLINK_IsHalted()
T7F84 063:540.888 - 0.254ms returns FALSE
T7F84 063:650.592 JLINK_IsHalted()
T7F84 063:650.924 - 0.333ms returns FALSE
T7F84 063:650.952 JLINK_IsHalted()
T7F84 063:651.208 - 0.257ms returns FALSE
T7F84 063:758.540 JLINK_IsHalted()
T7F84 063:758.880 - 0.339ms returns FALSE
T7F84 063:758.900 JLINK_IsHalted()
T7F84 063:759.168 - 0.267ms returns FALSE
T7F84 063:868.468 JLINK_IsHalted()
T7F84 063:871.072 - 2.604ms returns FALSE
T7F84 063:871.104 JLINK_IsHalted()
T7F84 063:871.380 - 0.278ms returns FALSE
T7F84 063:978.728 JLINK_IsHalted()
T7F84 063:979.060 - 0.327ms returns FALSE
T7F84 063:979.084 JLINK_IsHalted()
T7F84 063:979.368 - 0.281ms returns FALSE
T7F84 064:086.740 JLINK_IsHalted()
T7F84 064:087.060 - 0.323ms returns FALSE
T7F84 064:087.092 JLINK_IsHalted()
T7F84 064:087.372 - 0.278ms returns FALSE
T7F84 064:197.044 JLINK_IsHalted()
T7F84 064:197.428 - 0.384ms returns FALSE
T7F84 064:197.464 JLINK_IsHalted()
T7F84 064:197.740 - 0.277ms returns FALSE
T7F84 064:305.912 JLINK_IsHalted()
T7F84 064:306.284 - 0.370ms returns FALSE
T7F84 064:306.316 JLINK_IsHalted()
T7F84 064:306.604 - 0.284ms returns FALSE
T7F84 064:415.608 JLINK_IsHalted()
T7F84 064:416.008 - 0.394ms returns FALSE
T7F84 064:416.020 JLINK_IsHalted()
T7F84 064:416.264 - 0.238ms returns FALSE
T7F84 064:524.236 JLINK_IsHalted()
T7F84 064:524.736 - 0.498ms returns FALSE
T7F84 064:528.376 JLINK_IsHalted()
T7F84 064:528.660 - 0.278ms returns FALSE
T3768 064:528.984 JLINK_IsHalted()
T3768 064:529.240 - 0.257ms returns FALSE
T3768 064:530.156 JLINK_IsHalted()
T3768 064:530.440 - 0.284ms returns FALSE
T7F84 064:633.656 JLINK_IsHalted()
T7F84 064:634.016 - 0.362ms returns FALSE
T7F84 064:634.040 JLINK_IsHalted()
T7F84 064:634.296 - 0.253ms returns FALSE
T7F84 064:743.480 JLINK_IsHalted()
T7F84 064:743.872 - 0.385ms returns FALSE
T7F84 064:743.912 JLINK_IsHalted()
T7F84 064:744.204 - 0.295ms returns FALSE
T7F84 064:852.808 JLINK_IsHalted()
T7F84 064:853.376 - 0.569ms returns FALSE
T7F84 064:853.408 JLINK_IsHalted()
T7F84 064:853.688 - 0.278ms returns FALSE
T7F84 064:961.656 JLINK_IsHalted()
T7F84 064:962.016 - 0.354ms returns FALSE
T7F84 064:962.048 JLINK_IsHalted()
T7F84 064:962.328 - 0.279ms returns FALSE
T7F84 065:071.832 JLINK_IsHalted()
T7F84 065:072.172 - 0.336ms returns FALSE
T7F84 065:072.204 JLINK_IsHalted()
T7F84 065:072.456 - 0.253ms returns FALSE
T7F84 065:180.480 JLINK_IsHalted()
T7F84 065:180.864 - 0.385ms returns FALSE
T7F84 065:180.896 JLINK_IsHalted()
T7F84 065:181.160 - 0.264ms returns FALSE
T7F84 065:289.992 JLINK_IsHalted()
T7F84 065:290.328 - 0.340ms returns FALSE
T7F84 065:290.360 JLINK_IsHalted()
T7F84 065:290.624 - 0.262ms returns FALSE
T7F84 065:399.852 JLINK_IsHalted()
T7F84 065:400.200 - 0.342ms returns FALSE
T7F84 065:400.232 JLINK_IsHalted()
T7F84 065:400.500 - 0.265ms returns FALSE
T7F84 065:509.324 JLINK_IsHalted()
T7F84 065:509.684 - 0.357ms returns FALSE
T7F84 065:509.716 JLINK_IsHalted()
T7F84 065:510.008 - 0.295ms returns FALSE
T3768 065:530.648 JLINK_IsHalted()
T3768 065:531.016 - 0.362ms returns FALSE
T3768 065:531.040 JLINK_IsHalted()
T3768 065:531.336 - 0.290ms returns FALSE
T7F84 065:618.856 JLINK_IsHalted()
T7F84 065:619.188 - 0.331ms returns FALSE
T7F84 065:619.220 JLINK_IsHalted()
T7F84 065:619.480 - 0.263ms returns FALSE
T7F84 065:728.792 JLINK_IsHalted()
T7F84 065:729.112 - 0.320ms returns FALSE
T7F84 065:729.132 JLINK_IsHalted()
T7F84 065:729.428 - 0.290ms returns FALSE
T7F84 065:837.140 JLINK_IsHalted()
T7F84 065:837.528 - 0.392ms returns FALSE
T7F84 065:837.548 JLINK_IsHalted()
T7F84 065:837.876 - 0.321ms returns FALSE
T7F84 065:946.988 JLINK_IsHalted()
T7F84 065:947.328 - 0.337ms returns FALSE
T7F84 065:947.352 JLINK_IsHalted()
T7F84 065:947.628 - 0.269ms returns FALSE
T7F84 066:055.968 JLINK_IsHalted()
T7F84 066:056.296 - 0.326ms returns FALSE
T7F84 066:056.328 JLINK_IsHalted()
T7F84 066:056.632 - 0.308ms returns FALSE
T7F84 066:165.128 JLINK_IsHalted()
T7F84 066:165.452 - 0.328ms returns FALSE
T7F84 066:165.492 JLINK_IsHalted()
T7F84 066:165.760 - 0.269ms returns FALSE
T7F84 066:274.868 JLINK_IsHalted()
T7F84 066:275.200 - 0.332ms returns FALSE
T7F84 066:275.224 JLINK_IsHalted()
T7F84 066:275.480 - 0.254ms returns FALSE
T7F84 066:384.352 JLINK_IsHalted()
T7F84 066:384.704 - 0.354ms returns FALSE
T7F84 066:384.724 JLINK_IsHalted()
T7F84 066:385.016 - 0.293ms returns FALSE
T7F84 066:493.868 JLINK_IsHalted()
T7F84 066:494.220 - 0.347ms returns FALSE
T7F84 066:494.232 JLINK_IsHalted()
T7F84 066:494.496 - 0.262ms returns FALSE
T3768 066:532.008 JLINK_IsHalted()
T3768 066:532.340 - 0.334ms returns FALSE
T3768 066:532.360 JLINK_IsHalted()
T3768 066:532.616 - 0.251ms returns FALSE
T7F84 066:602.792 JLINK_IsHalted()
T7F84 066:603.180 - 0.388ms returns FALSE
T7F84 066:603.212 JLINK_IsHalted()
T7F84 066:603.512 - 0.295ms returns FALSE
T7F84 066:712.104 JLINK_IsHalted()
T7F84 066:712.424 - 0.316ms returns FALSE
T7F84 066:712.440 JLINK_IsHalted()
T7F84 066:712.704 - 0.261ms returns FALSE
T7F84 066:822.100 JLINK_IsHalted()
T7F84 066:822.412 - 0.310ms returns FALSE
T7F84 066:822.432 JLINK_IsHalted()
T7F84 066:822.688 - 0.256ms returns FALSE
T7F84 066:930.648 JLINK_IsHalted()
T7F84 066:931.064 - 0.418ms returns FALSE
T7F84 066:931.116 JLINK_IsHalted()
T7F84 066:931.432 - 0.313ms returns FALSE
T7F84 067:039.928 JLINK_IsHalted()
T7F84 067:040.436 - 0.510ms returns FALSE
T7F84 067:040.468 JLINK_IsHalted()
T7F84 067:040.728 - 0.264ms returns FALSE
T7F84 067:149.384 JLINK_IsHalted()
T7F84 067:149.816 - 0.435ms returns FALSE
T7F84 067:149.848 JLINK_IsHalted()
T7F84 067:150.120 - 0.268ms returns FALSE
T7F84 067:258.672 JLINK_IsHalted()
T7F84 067:259.120 - 0.454ms returns FALSE
T7F84 067:259.152 JLINK_IsHalted()
T7F84 067:259.400 - 0.248ms returns FALSE
T7F84 067:368.400 JLINK_IsHalted()
T7F84 067:368.712 - 0.307ms returns FALSE
T7F84 067:368.720 JLINK_IsHalted()
T7F84 067:369.000 - 0.270ms returns FALSE
T7F84 067:477.920 JLINK_IsHalted()
T7F84 067:478.264 - 0.344ms returns FALSE
T7F84 067:478.288 JLINK_IsHalted()
T7F84 067:478.512 - 0.228ms returns FALSE
T3768 067:532.856 JLINK_IsHalted()
T3768 067:533.168 - 0.311ms returns FALSE
T3768 067:533.200 JLINK_IsHalted()
T3768 067:533.456 - 0.254ms returns FALSE
T7F84 067:587.040 JLINK_IsHalted()
T7F84 067:587.408 - 0.371ms returns FALSE
T7F84 067:587.432 JLINK_IsHalted()
T7F84 067:587.688 - 0.255ms returns FALSE
T7F84 067:696.120 JLINK_IsHalted()
T7F84 067:696.440 - 0.321ms returns FALSE
T7F84 067:696.464 JLINK_IsHalted()
T7F84 067:696.720 - 0.261ms returns FALSE
T7F84 067:805.864 JLINK_IsHalted()
T7F84 067:806.256 - 0.391ms returns FALSE
T7F84 067:806.288 JLINK_IsHalted()
T7F84 067:806.576 - 0.286ms returns FALSE
T7F84 067:914.848 JLINK_IsHalted()
T7F84 067:915.176 - 0.322ms returns FALSE
T7F84 067:915.192 JLINK_IsHalted()
T7F84 067:915.472 - 0.273ms returns FALSE
T7F84 068:024.184 JLINK_IsHalted()
T7F84 068:024.784 - 0.594ms returns FALSE
T7F84 068:024.808 JLINK_IsHalted()
T7F84 068:025.048 - 0.247ms returns FALSE
T7F84 068:133.696 JLINK_IsHalted()
T7F84 068:134.024 - 0.328ms returns FALSE
T7F84 068:134.056 JLINK_IsHalted()
T7F84 068:134.408 - 0.351ms returns FALSE
T7F84 068:243.024 JLINK_IsHalted()
T7F84 068:243.384 - 0.364ms returns FALSE
T7F84 068:243.408 JLINK_IsHalted()
T7F84 068:243.680 - 0.270ms returns FALSE
T7F84 068:352.592 JLINK_IsHalted()
T7F84 068:352.912 - 0.323ms returns FALSE
T7F84 068:352.944 JLINK_IsHalted()
T7F84 068:353.232 - 0.281ms returns FALSE
T7F84 068:462.000 JLINK_IsHalted()
T7F84 068:462.328 - 0.327ms returns FALSE
T7F84 068:462.352 JLINK_IsHalted()
T7F84 068:462.616 - 0.262ms returns FALSE
T3768 068:534.304 JLINK_IsHalted()
T3768 068:534.640 - 0.334ms returns FALSE
T3768 068:534.672 JLINK_IsHalted()
T3768 068:535.024 - 0.351ms returns FALSE
T7F84 068:572.144 JLINK_IsHalted()
T7F84 068:572.520 - 0.371ms returns FALSE
T7F84 068:572.560 JLINK_IsHalted()
T7F84 068:572.832 - 0.279ms returns FALSE
T7F84 068:681.808 JLINK_IsHalted()
T7F84 068:682.232 - 0.431ms returns FALSE
T7F84 068:682.280 JLINK_IsHalted()
T7F84 068:682.560 - 0.284ms returns FALSE
T7F84 068:790.400 JLINK_IsHalted()
T7F84 068:790.736 - 0.342ms returns FALSE
T7F84 068:790.768 JLINK_IsHalted()
T7F84 068:791.040 - 0.270ms returns FALSE
T7F84 068:900.360 JLINK_IsHalted()
T7F84 068:900.752 - 0.391ms returns FALSE
T7F84 068:900.784 JLINK_IsHalted()
T7F84 068:901.048 - 0.262ms returns FALSE
T7F84 069:008.616 JLINK_IsHalted()
T7F84 069:009.000 - 0.387ms returns FALSE
T7F84 069:009.032 JLINK_IsHalted()
T7F84 069:009.312 - 0.280ms returns FALSE
T7F84 069:118.080 JLINK_IsHalted()
T7F84 069:118.440 - 0.355ms returns FALSE
T7F84 069:118.496 JLINK_IsHalted()
T7F84 069:118.808 - 0.313ms returns FALSE
T7F84 069:228.224 JLINK_IsHalted()
T7F84 069:228.536 - 0.312ms returns FALSE
T7F84 069:228.560 JLINK_IsHalted()
T7F84 069:228.848 - 0.290ms returns FALSE
T7F84 069:337.112 JLINK_IsHalted()
T7F84 069:337.464 - 0.352ms returns FALSE
T7F84 069:337.488 JLINK_IsHalted()
T7F84 069:337.760 - 0.264ms returns FALSE
T7F84 069:447.448 JLINK_IsHalted()
T7F84 069:447.792 - 0.343ms returns FALSE
T7F84 069:447.808 JLINK_IsHalted()
T7F84 069:448.072 - 0.258ms returns FALSE
T3768 069:534.872 JLINK_IsHalted()
T3768 069:535.184 - 0.314ms returns FALSE
T3768 069:535.200 JLINK_IsHalted()
T3768 069:535.432 - 0.232ms returns FALSE
T7F84 069:556.464 JLINK_IsHalted()
T7F84 069:556.816 - 0.348ms returns FALSE
T7F84 069:556.840 JLINK_IsHalted()
T7F84 069:557.104 - 0.268ms returns FALSE
T7F84 069:665.520 JLINK_IsHalted()
T7F84 069:665.880 - 0.359ms returns FALSE
T7F84 069:665.904 JLINK_IsHalted()
T7F84 069:666.224 - 0.320ms returns FALSE
T7F84 069:775.032 JLINK_IsHalted()
T7F84 069:775.408 - 0.376ms returns FALSE
T7F84 069:775.440 JLINK_IsHalted()
T7F84 069:775.696 - 0.262ms returns FALSE
T7F84 069:883.560 JLINK_IsHalted()
T7F84 069:884.016 - 0.460ms returns FALSE
T7F84 069:884.064 JLINK_IsHalted()
T7F84 069:884.360 - 0.296ms returns FALSE
T7F84 069:993.032 JLINK_IsHalted()
T7F84 069:993.376 - 0.344ms returns FALSE
T7F84 069:993.392 JLINK_IsHalted()
T7F84 069:993.640 - 0.238ms returns FALSE
T7F84 070:102.808 JLINK_IsHalted()
T7F84 070:103.200 - 0.389ms returns FALSE
T7F84 070:103.216 JLINK_IsHalted()
T7F84 070:103.496 - 0.270ms returns FALSE
T7F84 070:211.728 JLINK_IsHalted()
T7F84 070:212.088 - 0.354ms returns FALSE
T7F84 070:212.136 JLINK_IsHalted()
T7F84 070:212.448 - 0.312ms returns FALSE
T7F84 070:322.048 JLINK_IsHalted()
T7F84 070:322.392 - 0.343ms returns FALSE
T7F84 070:322.416 JLINK_IsHalted()
T7F84 070:322.688 - 0.268ms returns FALSE
T7F84 070:431.240 JLINK_IsHalted()
T7F84 070:431.560 - 0.320ms returns FALSE
T7F84 070:431.576 JLINK_IsHalted()
T7F84 070:431.824 - 0.245ms returns FALSE
T3768 070:535.704 JLINK_IsHalted()
T3768 070:536.080 - 0.372ms returns FALSE
T3768 070:536.088 JLINK_IsHalted()
T3768 070:536.336 - 0.254ms returns FALSE
T7F84 070:540.056 JLINK_IsHalted()
T7F84 070:540.344 - 0.289ms returns FALSE
T7F84 070:540.368 JLINK_IsHalted()
T7F84 070:540.632 - 0.264ms returns FALSE
T7F84 070:650.064 JLINK_IsHalted()
T7F84 070:650.400 - 0.343ms returns FALSE
T7F84 070:650.416 JLINK_IsHalted()
T7F84 070:650.696 - 0.269ms returns FALSE
T7F84 070:758.736 JLINK_IsHalted()
T7F84 070:759.120 - 0.384ms returns FALSE
T7F84 070:759.152 JLINK_IsHalted()
T7F84 070:759.408 - 0.260ms returns FALSE
T7F84 070:867.976 JLINK_IsHalted()
T7F84 070:868.344 - 0.371ms returns FALSE
T7F84 070:868.368 JLINK_IsHalted()
T7F84 070:868.624 - 0.256ms returns FALSE
T7F84 070:978.144 JLINK_IsHalted()
T7F84 070:978.488 - 0.347ms returns FALSE
T7F84 070:978.528 JLINK_IsHalted()
T7F84 070:978.800 - 0.273ms returns FALSE
T7F84 071:087.008 JLINK_IsHalted()
T7F84 071:087.400 - 0.388ms returns FALSE
T7F84 071:087.424 JLINK_IsHalted()
T7F84 071:087.688 - 0.267ms returns FALSE
T7F84 071:196.672 JLINK_IsHalted()
T7F84 071:197.000 - 0.326ms returns FALSE
T7F84 071:197.016 JLINK_IsHalted()
T7F84 071:197.280 - 0.261ms returns FALSE
T7F84 071:306.480 JLINK_IsHalted()
T7F84 071:307.088 - 0.598ms returns FALSE
T7F84 071:307.120 JLINK_IsHalted()
T7F84 071:307.408 - 0.286ms returns FALSE
T7F84 071:415.800 JLINK_IsHalted()
T7F84 071:416.112 - 0.311ms returns FALSE
T7F84 071:416.136 JLINK_IsHalted()
T7F84 071:416.408 - 0.273ms returns FALSE
T7F84 071:525.088 JLINK_IsHalted()
T7F84 071:525.496 - 0.412ms returns FALSE
T7F84 071:525.520 JLINK_IsHalted()
T7F84 071:525.776 - 0.253ms returns FALSE
T3768 071:535.896 JLINK_IsHalted()
T3768 071:536.248 - 0.355ms returns FALSE
T3768 071:536.280 JLINK_IsHalted()
T3768 071:536.528 - 0.252ms returns FALSE
T7F84 071:633.792 JLINK_IsHalted()
T7F84 071:634.280 - 0.482ms returns FALSE
T7F84 071:634.304 JLINK_IsHalted()
T7F84 071:634.592 - 0.286ms returns FALSE
T7F84 071:743.816 JLINK_IsHalted()
T7F84 071:744.176 - 0.360ms returns FALSE
T7F84 071:744.200 JLINK_IsHalted()
T7F84 071:744.488 - 0.285ms returns FALSE
T7F84 071:852.784 JLINK_IsHalted()
T7F84 071:853.096 - 0.314ms returns FALSE
T7F84 071:853.120 JLINK_IsHalted()
T7F84 071:853.392 - 0.265ms returns FALSE
T7F84 071:961.688 JLINK_IsHalted()
T7F84 071:962.000 - 0.311ms returns FALSE
T7F84 071:962.064 JLINK_IsHalted()
T7F84 071:962.352 - 0.282ms returns FALSE
T7F84 072:071.824 JLINK_IsHalted()
T7F84 072:072.176 - 0.343ms returns FALSE
T7F84 072:072.200 JLINK_IsHalted()
T7F84 072:072.464 - 0.264ms returns FALSE
T7F84 072:180.720 JLINK_IsHalted()
T7F84 072:181.072 - 0.360ms returns FALSE
T7F84 072:181.104 JLINK_IsHalted()
T7F84 072:181.360 - 0.257ms returns FALSE
T7F84 072:290.000 JLINK_IsHalted()
T7F84 072:290.352 - 0.352ms returns FALSE
T7F84 072:290.368 JLINK_IsHalted()
T7F84 072:290.624 - 0.257ms returns FALSE
T7F84 072:400.000 JLINK_IsHalted()
T7F84 072:401.600 - 1.596ms returns FALSE
T7F84 072:401.624 JLINK_IsHalted()
T7F84 072:401.968 - 0.342ms returns FALSE
T7F84 072:509.424 JLINK_IsHalted()
T7F84 072:509.776 - 0.343ms returns FALSE
T7F84 072:509.800 JLINK_IsHalted()
T7F84 072:510.064 - 0.257ms returns FALSE
T3768 072:536.528 JLINK_IsHalted()
T3768 072:536.848 - 0.325ms returns FALSE
T3768 072:536.872 JLINK_IsHalted()
T3768 072:537.168 - 0.297ms returns FALSE
T7F84 072:617.928 JLINK_IsHalted()
T7F84 072:618.256 - 0.332ms returns FALSE
T7F84 072:618.288 JLINK_IsHalted()
T7F84 072:618.576 - 0.279ms returns FALSE
T7F84 072:727.256 JLINK_IsHalted()
T7F84 072:727.576 - 0.318ms returns FALSE
T7F84 072:727.600 JLINK_IsHalted()
T7F84 072:727.848 - 0.250ms returns FALSE
T7F84 072:837.792 JLINK_IsHalted()
T7F84 072:838.176 - 0.382ms returns FALSE
T7F84 072:838.216 JLINK_IsHalted()
T7F84 072:838.512 - 0.292ms returns FALSE
T7F84 072:946.824 JLINK_IsHalted()
T7F84 072:947.216 - 0.388ms returns FALSE
T7F84 072:947.232 JLINK_IsHalted()
T7F84 072:947.480 - 0.251ms returns FALSE
T7F84 073:056.432 JLINK_IsHalted()
T7F84 073:056.760 - 0.322ms returns FALSE
T7F84 073:056.784 JLINK_IsHalted()
T7F84 073:057.024 - 0.245ms returns FALSE
T7F84 073:165.000 JLINK_IsHalted()
T7F84 073:165.336 - 0.344ms returns FALSE
T7F84 073:165.376 JLINK_IsHalted()
T7F84 073:165.664 - 0.288ms returns FALSE
T7F84 073:274.320 JLINK_IsHalted()
T7F84 073:274.784 - 0.461ms returns FALSE
T7F84 073:274.832 JLINK_IsHalted()
T7F84 073:275.160 - 0.323ms returns FALSE
T7F84 073:383.704 JLINK_IsHalted()
T7F84 073:384.008 - 0.302ms returns FALSE
T7F84 073:384.032 JLINK_IsHalted()
T7F84 073:384.304 - 0.266ms returns FALSE
T7F84 073:492.944 JLINK_IsHalted()
T7F84 073:493.320 - 0.373ms returns FALSE
T7F84 073:493.344 JLINK_IsHalted()
T7F84 073:493.608 - 0.261ms returns FALSE
T3768 073:537.376 JLINK_IsHalted()
T3768 073:537.720 - 0.350ms returns FALSE
T3768 073:537.752 JLINK_IsHalted()
T3768 073:538.032 - 0.271ms returns FALSE
T7F84 073:602.896 JLINK_IsHalted()
T7F84 073:603.232 - 0.333ms returns FALSE
T7F84 073:603.272 JLINK_IsHalted()
T7F84 073:603.568 - 0.292ms returns FALSE
T7F84 073:711.968 JLINK_IsHalted()
T7F84 073:712.304 - 0.331ms returns FALSE
T7F84 073:712.320 JLINK_IsHalted()
T7F84 073:712.592 - 0.265ms returns FALSE
T7F84 073:821.872 JLINK_IsHalted()
T7F84 073:822.192 - 0.329ms returns FALSE
T7F84 073:822.216 JLINK_IsHalted()
T7F84 073:822.456 - 0.243ms returns FALSE
T7F84 073:931.368 JLINK_IsHalted()
T7F84 073:931.696 - 0.326ms returns FALSE
T7F84 073:931.704 JLINK_IsHalted()
T7F84 073:931.992 - 0.288ms returns FALSE
T7F84 074:039.792 JLINK_IsHalted()
T7F84 074:040.104 - 0.314ms returns FALSE
T7F84 074:040.112 JLINK_IsHalted()
T7F84 074:040.360 - 0.243ms returns FALSE
T7F84 074:149.168 JLINK_IsHalted()
T7F84 074:149.520 - 0.343ms returns FALSE
T7F84 074:149.536 JLINK_IsHalted()
T7F84 074:149.816 - 0.281ms returns FALSE
T7F84 074:259.408 JLINK_IsHalted()
T7F84 074:259.760 - 0.351ms returns FALSE
T7F84 074:259.784 JLINK_IsHalted()
T7F84 074:260.048 - 0.268ms returns FALSE
T7F84 074:368.224 JLINK_IsHalted()
T7F84 074:368.584 - 0.357ms returns FALSE
T7F84 074:368.592 JLINK_IsHalted()
T7F84 074:368.864 - 0.266ms returns FALSE
T7F84 074:477.328 JLINK_IsHalted()
T7F84 074:477.648 - 0.319ms returns FALSE
T7F84 074:477.664 JLINK_IsHalted()
T7F84 074:477.904 - 0.241ms returns FALSE
T3768 074:537.688 JLINK_IsHalted()
T3768 074:538.064 - 0.370ms returns FALSE
T3768 074:538.096 JLINK_IsHalted()
T3768 074:538.352 - 0.258ms returns FALSE
T7F84 074:586.624 JLINK_IsHalted()
T7F84 074:586.992 - 0.376ms returns FALSE
T7F84 074:587.016 JLINK_IsHalted()
T7F84 074:587.296 - 0.278ms returns FALSE
T7F84 074:696.720 JLINK_IsHalted()
T7F84 074:697.088 - 0.367ms returns FALSE
T7F84 074:697.120 JLINK_IsHalted()
T7F84 074:697.384 - 0.266ms returns FALSE
T7F84 074:807.160 JLINK_IsHalted()
T7F84 074:807.512 - 0.352ms returns FALSE
T7F84 074:807.536 JLINK_IsHalted()
T7F84 074:807.784 - 0.245ms returns FALSE
T7F84 074:915.056 JLINK_IsHalted()
T7F84 074:915.400 - 0.345ms returns FALSE
T7F84 074:915.424 JLINK_IsHalted()
T7F84 074:915.704 - 0.281ms returns FALSE
T7F84 075:025.016 JLINK_IsHalted()
T7F84 075:025.384 - 0.364ms returns FALSE
T7F84 075:025.416 JLINK_IsHalted()
T7F84 075:025.696 - 0.280ms returns FALSE
T7F84 075:134.160 JLINK_IsHalted()
T7F84 075:134.488 - 0.329ms returns FALSE
T7F84 075:134.512 JLINK_IsHalted()
T7F84 075:134.856 - 0.346ms returns FALSE
T7F84 075:243.560 JLINK_IsHalted()
T7F84 075:244.024 - 0.468ms returns FALSE
T7F84 075:244.048 JLINK_IsHalted()
T7F84 075:244.336 - 0.282ms returns FALSE
T7F84 075:352.568 JLINK_IsHalted()
T7F84 075:352.928 - 0.356ms returns FALSE
T7F84 075:352.960 JLINK_IsHalted()
T7F84 075:353.264 - 0.299ms returns FALSE
T7F84 075:461.808 JLINK_IsHalted()
T7F84 075:462.216 - 0.406ms returns FALSE
T7F84 075:462.240 JLINK_IsHalted()
T7F84 075:462.512 - 0.275ms returns FALSE
T3768 075:539.056 JLINK_IsHalted()
T3768 075:539.408 - 0.344ms returns FALSE
T3768 075:539.424 JLINK_IsHalted()
T3768 075:539.696 - 0.267ms returns FALSE
T7F84 075:571.720 JLINK_IsHalted()
T7F84 075:572.024 - 0.305ms returns FALSE
T7F84 075:572.048 JLINK_IsHalted()
T7F84 075:572.312 - 0.271ms returns FALSE
T7F84 075:680.592 JLINK_IsHalted()
T7F84 075:680.912 - 0.321ms returns FALSE
T7F84 075:680.944 JLINK_IsHalted()
T7F84 075:681.264 - 0.315ms returns FALSE
T7F84 075:790.672 JLINK_IsHalted()
T7F84 075:791.000 - 0.326ms returns FALSE
T7F84 075:791.032 JLINK_IsHalted()
T7F84 075:791.416 - 0.380ms returns FALSE
T7F84 075:899.240 JLINK_IsHalted()
T7F84 075:899.576 - 0.335ms returns FALSE
T7F84 075:899.608 JLINK_IsHalted()
T7F84 075:899.920 - 0.310ms returns FALSE
T7F84 076:009.328 JLINK_IsHalted()
T7F84 076:009.648 - 0.322ms returns FALSE
T7F84 076:009.680 JLINK_IsHalted()
T7F84 076:010.000 - 0.317ms returns FALSE
T7F84 076:119.160 JLINK_IsHalted()
T7F84 076:119.568 - 0.406ms returns FALSE
T7F84 076:119.600 JLINK_IsHalted()
T7F84 076:119.856 - 0.258ms returns FALSE
T7F84 076:227.664 JLINK_IsHalted()
T7F84 076:228.000 - 0.337ms returns FALSE
T7F84 076:228.024 JLINK_IsHalted()
T7F84 076:228.520 - 0.490ms returns FALSE
T7F84 076:336.688 JLINK_IsHalted()
T7F84 076:337.016 - 0.336ms returns FALSE
T7F84 076:337.040 JLINK_IsHalted()
T7F84 076:337.312 - 0.269ms returns FALSE
T7F84 076:446.968 JLINK_IsHalted()
T7F84 076:447.312 - 0.345ms returns FALSE
T7F84 076:447.344 JLINK_IsHalted()
T7F84 076:447.632 - 0.280ms returns FALSE
T3768 076:540.016 JLINK_IsHalted()
T3768 076:540.376 - 0.365ms returns FALSE
T3768 076:540.408 JLINK_IsHalted()
T3768 076:540.712 - 0.302ms returns FALSE
T7F84 076:556.000 JLINK_IsHalted()
T7F84 076:556.360 - 0.356ms returns FALSE
T7F84 076:556.392 JLINK_IsHalted()
T7F84 076:556.800 - 0.410ms returns FALSE
T7F84 076:665.104 JLINK_IsHalted()
T7F84 076:665.424 - 0.316ms returns FALSE
T7F84 076:665.448 JLINK_IsHalted()
T7F84 076:665.800 - 0.350ms returns FALSE
T7F84 076:775.104 JLINK_IsHalted()
T7F84 076:775.432 - 0.327ms returns FALSE
T7F84 076:775.448 JLINK_IsHalted()
T7F84 076:775.720 - 0.264ms returns FALSE
T7F84 076:883.952 JLINK_IsHalted()
T7F84 076:884.288 - 0.341ms returns FALSE
T7F84 076:884.320 JLINK_IsHalted()
T7F84 076:884.592 - 0.277ms returns FALSE
T7F84 076:993.296 JLINK_IsHalted()
T7F84 076:993.752 - 0.455ms returns FALSE
T7F84 076:993.776 JLINK_IsHalted()
T7F84 076:994.064 - 0.278ms returns FALSE
T7F84 077:102.560 JLINK_IsHalted()
T7F84 077:103.024 - 0.459ms returns FALSE
T7F84 077:103.048 JLINK_IsHalted()
T7F84 077:103.440 - 0.387ms returns FALSE
T7F84 077:211.744 JLINK_IsHalted()
T7F84 077:212.112 - 0.365ms returns FALSE
T7F84 077:212.144 JLINK_IsHalted()
T7F84 077:212.424 - 0.284ms returns FALSE
T7F84 077:321.440 JLINK_IsHalted()
T7F84 077:321.896 - 0.453ms returns FALSE
T7F84 077:321.920 JLINK_IsHalted()
T7F84 077:322.264 - 0.344ms returns FALSE
T7F84 077:430.760 JLINK_IsHalted()
T7F84 077:431.088 - 0.327ms returns FALSE
T7F84 077:431.104 JLINK_IsHalted()
T7F84 077:431.368 - 0.260ms returns FALSE
T7F84 077:541.240 JLINK_IsHalted()
T7F84 077:541.744 - 0.499ms returns FALSE
T7F84 077:541.776 JLINK_IsHalted()
T7F84 077:542.072 - 0.302ms returns FALSE
T3768 077:545.040 JLINK_IsHalted()
T3768 077:545.376 - 0.337ms returns FALSE
T3768 077:545.400 JLINK_IsHalted()
T3768 077:545.784 - 0.383ms returns FALSE
T7F84 077:649.576 JLINK_IsHalted()
T7F84 077:650.008 - 0.436ms returns FALSE
T7F84 077:650.048 JLINK_IsHalted()
T7F84 077:650.344 - 0.291ms returns FALSE
T7F84 077:759.152 JLINK_IsHalted()
T7F84 077:759.536 - 0.379ms returns FALSE
T7F84 077:759.568 JLINK_IsHalted()
T7F84 077:759.840 - 0.279ms returns FALSE
T7F84 077:867.920 JLINK_IsHalted()
T7F84 077:868.256 - 0.336ms returns FALSE
T7F84 077:868.296 JLINK_IsHalted()
T7F84 077:868.576 - 0.282ms returns FALSE
T7F84 077:978.384 JLINK_IsHalted()
T7F84 077:978.736 - 0.354ms returns FALSE
T7F84 077:978.752 JLINK_IsHalted()
T7F84 077:979.024 - 0.270ms returns FALSE
T7F84 078:087.096 JLINK_IsHalted()
T7F84 078:087.440 - 0.343ms returns FALSE
T7F84 078:087.472 JLINK_IsHalted()
T7F84 078:087.744 - 0.271ms returns FALSE
T7F84 078:196.160 JLINK_IsHalted()
T7F84 078:196.504 - 0.348ms returns FALSE
T7F84 078:196.528 JLINK_IsHalted()
T7F84 078:196.792 - 0.261ms returns FALSE
T7F84 078:305.960 JLINK_IsHalted()
T7F84 078:306.288 - 0.325ms returns FALSE
T7F84 078:306.320 JLINK_IsHalted()
T7F84 078:306.584 - 0.269ms returns FALSE
T7F84 078:414.976 JLINK_IsHalted()
T7F84 078:415.392 - 0.411ms returns FALSE
T7F84 078:415.432 JLINK_IsHalted()
T7F84 078:415.744 - 0.311ms returns FALSE
T7F84 078:524.688 JLINK_IsHalted()
T7F84 078:525.120 - 0.428ms returns FALSE
T7F84 078:525.136 JLINK_IsHalted()
T7F84 078:525.424 - 0.276ms returns FALSE
T3768 078:547.296 JLINK_IsHalted()
T3768 078:547.656 - 0.360ms returns FALSE
T3768 078:547.696 JLINK_IsHalted()
T3768 078:548.000 - 0.297ms returns FALSE
T7F84 078:634.040 JLINK_IsHalted()
T7F84 078:634.328 - 0.289ms returns FALSE
T7F84 078:634.344 JLINK_IsHalted()
T7F84 078:634.576 - 0.237ms returns FALSE
T7F84 078:743.664 JLINK_IsHalted()
T7F84 078:744.016 - 0.348ms returns FALSE
T7F84 078:744.048 JLINK_IsHalted()
T7F84 078:744.312 - 0.269ms returns FALSE
T7F84 078:852.648 JLINK_IsHalted()
T7F84 078:853.040 - 0.398ms returns FALSE
T7F84 078:853.072 JLINK_IsHalted()
T7F84 078:853.352 - 0.279ms returns FALSE
T7F84 078:961.936 JLINK_IsHalted()
T7F84 078:962.280 - 0.339ms returns FALSE
T7F84 078:962.296 JLINK_IsHalted()
T7F84 078:962.544 - 0.250ms returns FALSE
T7F84 079:071.984 JLINK_IsHalted()
T7F84 079:079.744 - 7.760ms returns FALSE
T7F84 079:079.816 JLINK_IsHalted()
T7F84 079:080.496 - 0.681ms returns FALSE
T7F84 079:181.520 JLINK_IsHalted()
T7F84 079:181.888 - 0.374ms returns FALSE
T7F84 079:181.920 JLINK_IsHalted()
T7F84 079:182.240 - 0.318ms returns FALSE
T7F84 079:290.496 JLINK_IsHalted()
T7F84 079:290.824 - 0.327ms returns FALSE
T7F84 079:290.832 JLINK_IsHalted()
T7F84 079:291.080 - 0.243ms returns FALSE
T7F84 079:399.792 JLINK_IsHalted()
T7F84 079:400.216 - 0.428ms returns FALSE
T7F84 079:400.248 JLINK_IsHalted()
T7F84 079:400.664 - 0.416ms returns FALSE
T7F84 079:509.240 JLINK_IsHalted()
T7F84 079:509.632 - 0.387ms returns FALSE
T7F84 079:509.672 JLINK_IsHalted()
T7F84 079:510.000 - 0.324ms returns FALSE
T3768 079:548.880 JLINK_IsHalted()
T3768 079:549.272 - 0.390ms returns FALSE
T3768 079:549.304 JLINK_IsHalted()
T3768 079:549.576 - 0.266ms returns FALSE
T7F84 079:618.040 JLINK_IsHalted()
T7F84 079:618.400 - 0.353ms returns FALSE
T7F84 079:618.424 JLINK_IsHalted()
T7F84 079:618.696 - 0.271ms returns FALSE
T7F84 079:728.184 JLINK_IsHalted()
T7F84 079:728.656 - 0.467ms returns FALSE
T7F84 079:728.728 JLINK_IsHalted()
T7F84 079:729.048 - 0.319ms returns FALSE
T7F84 079:837.568 JLINK_IsHalted()
T7F84 079:838.000 - 0.438ms returns FALSE
T7F84 079:838.032 JLINK_IsHalted()
T7F84 079:838.320 - 0.277ms returns FALSE
T7F84 079:946.792 JLINK_IsHalted()
T7F84 079:947.336 - 0.540ms returns FALSE
T7F84 079:947.352 JLINK_IsHalted()
T7F84 079:947.616 - 0.264ms returns FALSE
T7F84 080:056.072 JLINK_IsHalted()
T7F84 080:056.496 - 0.422ms returns FALSE
T7F84 080:056.512 JLINK_IsHalted()
T7F84 080:056.784 - 0.277ms returns FALSE
T7F84 080:165.576 JLINK_IsHalted()
T7F84 080:165.896 - 0.323ms returns FALSE
T7F84 080:165.912 JLINK_IsHalted()
T7F84 080:166.184 - 0.269ms returns FALSE
T7F84 080:274.632 JLINK_IsHalted()
T7F84 080:274.992 - 0.359ms returns FALSE
T7F84 080:275.008 JLINK_IsHalted()
T7F84 080:275.272 - 0.261ms returns FALSE
T7F84 080:383.728 JLINK_IsHalted()
T7F84 080:384.096 - 0.363ms returns FALSE
T7F84 080:384.136 JLINK_IsHalted()
T7F84 080:384.416 - 0.283ms returns FALSE
T7F84 080:493.696 JLINK_IsHalted()
T7F84 080:494.040 - 0.345ms returns FALSE
T7F84 080:494.056 JLINK_IsHalted()
T7F84 080:494.312 - 0.254ms returns FALSE
T3768 080:548.912 JLINK_IsHalted()
T3768 080:549.256 - 0.340ms returns FALSE
T3768 080:549.272 JLINK_IsHalted()
T3768 080:549.552 - 0.273ms returns FALSE
T7F84 080:602.576 JLINK_IsHalted()
T7F84 080:603.000 - 0.419ms returns FALSE
T7F84 080:603.024 JLINK_IsHalted()
T7F84 080:603.344 - 0.316ms returns FALSE
T7F84 080:711.952 JLINK_IsHalted()
T7F84 080:712.312 - 0.358ms returns FALSE
T7F84 080:712.336 JLINK_IsHalted()
T7F84 080:712.592 - 0.260ms returns FALSE
T7F84 080:821.608 JLINK_IsHalted()
T7F84 080:821.984 - 0.375ms returns FALSE
T7F84 080:822.000 JLINK_IsHalted()
T7F84 080:822.232 - 0.233ms returns FALSE
T7F84 080:930.440 JLINK_IsHalted()
T7F84 080:930.776 - 0.339ms returns FALSE
T7F84 080:930.792 JLINK_IsHalted()
T7F84 080:931.032 - 0.245ms returns FALSE
T7F84 081:040.536 JLINK_IsHalted()
T7F84 081:040.864 - 0.323ms returns FALSE
T7F84 081:040.880 JLINK_IsHalted()
T7F84 081:041.160 - 0.272ms returns FALSE
T7F84 081:149.152 JLINK_IsHalted()
T7F84 081:149.488 - 0.330ms returns FALSE
T7F84 081:149.512 JLINK_IsHalted()
T7F84 081:149.776 - 0.263ms returns FALSE
T7F84 081:258.976 JLINK_IsHalted()
T7F84 081:259.248 - 0.280ms returns FALSE
T7F84 081:259.272 JLINK_IsHalted()
T7F84 081:260.016 - 0.741ms returns FALSE
T7F84 081:368.096 JLINK_IsHalted()
T7F84 081:368.400 - 0.299ms returns FALSE
T7F84 081:368.408 JLINK_IsHalted()
T7F84 081:368.656 - 0.239ms returns FALSE
T7F84 081:477.304 JLINK_IsHalted()
T7F84 081:477.616 - 0.313ms returns FALSE
T7F84 081:477.640 JLINK_IsHalted()
T7F84 081:477.880 - 0.246ms returns FALSE
T3768 081:549.144 JLINK_IsHalted()
T3768 081:549.520 - 0.372ms returns FALSE
T3768 081:549.552 JLINK_IsHalted()
T3768 081:549.816 - 0.266ms returns FALSE
T7F84 081:586.960 JLINK_IsHalted()
T7F84 081:587.376 - 0.423ms returns FALSE
T7F84 081:587.408 JLINK_IsHalted()
T7F84 081:587.696 - 0.289ms returns FALSE
T7F84 081:696.536 JLINK_IsHalted()
T7F84 081:696.888 - 0.352ms returns FALSE
T7F84 081:696.920 JLINK_IsHalted()
T7F84 081:697.232 - 0.302ms returns FALSE
T7F84 081:805.776 JLINK_IsHalted()
T7F84 081:806.120 - 0.339ms returns FALSE
T7F84 081:806.168 JLINK_IsHalted()
T7F84 081:806.448 - 0.278ms returns FALSE
T7F84 081:915.640 JLINK_IsHalted()
T7F84 081:916.040 - 0.399ms returns FALSE
T7F84 081:916.072 JLINK_IsHalted()
T7F84 081:916.344 - 0.270ms returns FALSE
T7F84 082:024.264 JLINK_IsHalted()
T7F84 082:024.640 - 0.375ms returns FALSE
T7F84 082:024.720 JLINK_IsHalted()
T7F84 082:024.992 - 0.265ms returns FALSE
T7F84 082:133.912 JLINK_IsHalted()
T7F84 082:134.256 - 0.347ms returns FALSE
T7F84 082:134.280 JLINK_IsHalted()
T7F84 082:134.520 - 0.244ms returns FALSE
T7F84 082:243.056 JLINK_IsHalted()
T7F84 082:243.496 - 0.440ms returns FALSE
T7F84 082:243.536 JLINK_IsHalted()
T7F84 082:243.816 - 0.279ms returns FALSE
T7F84 082:352.960 JLINK_IsHalted()
T7F84 082:353.440 - 0.479ms returns FALSE
T7F84 082:353.472 JLINK_IsHalted()
T7F84 082:353.832 - 0.354ms returns FALSE
T7F84 082:462.040 JLINK_IsHalted()
T7F84 082:462.512 - 0.469ms returns FALSE
T7F84 082:462.544 JLINK_IsHalted()
T7F84 082:462.816 - 0.272ms returns FALSE
T3768 082:550.984 JLINK_IsHalted()
T3768 082:551.336 - 0.354ms returns FALSE
T3768 082:551.352 JLINK_IsHalted()
T3768 082:551.592 - 0.236ms returns FALSE
T7F84 082:571.048 JLINK_IsHalted()
T7F84 082:571.376 - 0.332ms returns FALSE
T7F84 082:571.392 JLINK_IsHalted()
T7F84 082:571.632 - 0.243ms returns FALSE
T7F84 082:681.264 JLINK_IsHalted()
T7F84 082:681.720 - 0.459ms returns FALSE
T7F84 082:681.768 JLINK_IsHalted()
T7F84 082:682.048 - 0.284ms returns FALSE
T7F84 082:790.704 JLINK_IsHalted()
T7F84 082:791.024 - 0.309ms returns FALSE
T7F84 082:791.040 JLINK_IsHalted()
T7F84 082:791.296 - 0.256ms returns FALSE
T7F84 082:899.560 JLINK_IsHalted()
T7F84 082:899.888 - 0.330ms returns FALSE
T7F84 082:899.912 JLINK_IsHalted()
T7F84 082:900.168 - 0.258ms returns FALSE
T7F84 083:008.512 JLINK_IsHalted()
T7F84 083:008.832 - 0.317ms returns FALSE
T7F84 083:008.864 JLINK_IsHalted()
T7F84 083:009.152 - 0.283ms returns FALSE
T7F84 083:118.344 JLINK_IsHalted()
T7F84 083:118.712 - 0.370ms returns FALSE
T7F84 083:118.736 JLINK_IsHalted()
T7F84 083:119.024 - 0.285ms returns FALSE
T7F84 083:228.256 JLINK_IsHalted()
T7F84 083:228.600 - 0.346ms returns FALSE
T7F84 083:228.624 JLINK_IsHalted()
T7F84 083:228.912 - 0.282ms returns FALSE
T7F84 083:336.816 JLINK_IsHalted()
T7F84 083:337.168 - 0.359ms returns FALSE
T7F84 083:337.200 JLINK_IsHalted()
T7F84 083:337.496 - 0.293ms returns FALSE
T7F84 083:446.200 JLINK_IsHalted()
T7F84 083:446.600 - 0.393ms returns FALSE
T7F84 083:446.640 JLINK_IsHalted()
T7F84 083:447.024 - 0.384ms returns FALSE
T3768 083:551.288 JLINK_IsHalted()
T3768 083:551.704 - 0.416ms returns FALSE
T3768 083:551.736 JLINK_IsHalted()
T3768 083:552.024 - 0.286ms returns FALSE
T7F84 083:555.864 JLINK_IsHalted()
T7F84 083:556.368 - 0.503ms returns FALSE
T7F84 083:556.392 JLINK_IsHalted()
T7F84 083:556.744 - 0.347ms returns FALSE
T7F84 083:665.824 JLINK_IsHalted()
T7F84 083:666.232 - 0.411ms returns FALSE
T7F84 083:666.264 JLINK_IsHalted()
T7F84 083:666.568 - 0.298ms returns FALSE
T7F84 083:774.352 JLINK_IsHalted()
T7F84 083:774.696 - 0.333ms returns FALSE
T7F84 083:774.720 JLINK_IsHalted()
T7F84 083:774.992 - 0.276ms returns FALSE
T7F84 083:883.624 JLINK_IsHalted()
T7F84 083:883.992 - 0.369ms returns FALSE
T7F84 083:884.024 JLINK_IsHalted()
T7F84 083:884.376 - 0.352ms returns FALSE
T7F84 083:993.776 JLINK_IsHalted()
T7F84 083:996.104 - 2.319ms returns FALSE
T7F84 083:996.136 JLINK_IsHalted()
T7F84 083:996.816 - 0.673ms returns FALSE
T7F84 084:102.512 JLINK_IsHalted()
T7F84 084:103.056 - 0.543ms returns FALSE
T7F84 084:103.080 JLINK_IsHalted()
T7F84 084:103.456 - 0.377ms returns FALSE
T7F84 084:211.640 JLINK_IsHalted()
T7F84 084:212.008 - 0.360ms returns FALSE
T7F84 084:212.024 JLINK_IsHalted()
T7F84 084:212.304 - 0.269ms returns FALSE
T7F84 084:321.912 JLINK_IsHalted()
T7F84 084:323.856 - 1.933ms returns FALSE
T7F84 084:323.888 JLINK_IsHalted()
T7F84 084:325.432 - 1.547ms returns FALSE
T7F84 084:430.712 JLINK_IsHalted()
T7F84 084:432.696 - 1.984ms returns FALSE
T7F84 084:432.728 JLINK_IsHalted()
T7F84 084:433.128 - 0.396ms returns FALSE
T7F84 084:540.040 JLINK_IsHalted()
T7F84 084:540.408 - 0.367ms returns FALSE
T7F84 084:540.432 JLINK_IsHalted()
T7F84 084:540.736 - 0.296ms returns FALSE
T3768 084:553.840 JLINK_IsHalted()
T3768 084:554.296 - 0.449ms returns FALSE
T3768 084:554.328 JLINK_IsHalted()
T3768 084:554.640 - 0.312ms returns FALSE
T7F84 084:649.808 JLINK_IsHalted()
T7F84 084:650.448 - 0.650ms returns FALSE
T7F84 084:650.480 JLINK_IsHalted()
T7F84 084:650.768 - 0.293ms returns FALSE
T7F84 084:758.904 JLINK_IsHalted()
T7F84 084:761.888 - 2.978ms returns FALSE
T7F84 084:761.928 JLINK_IsHalted()
T7F84 084:762.256 - 0.327ms returns FALSE
T7F84 084:868.840 JLINK_IsHalted()
T7F84 084:869.200 - 0.354ms returns FALSE
T7F84 084:869.224 JLINK_IsHalted()
T7F84 084:869.520 - 0.298ms returns FALSE
T7F84 084:978.440 JLINK_IsHalted()
T7F84 084:978.856 - 0.415ms returns FALSE
T7F84 084:978.888 JLINK_IsHalted()
T7F84 084:979.184 - 0.289ms returns FALSE
T7F84 085:086.904 JLINK_IsHalted()
T7F84 085:089.696 - 2.795ms returns FALSE
T7F84 085:089.736 JLINK_IsHalted()
T7F84 085:092.208 - 2.472ms returns FALSE
T7F84 085:196.944 JLINK_IsHalted()
T7F84 085:197.312 - 0.369ms returns FALSE
T7F84 085:197.344 JLINK_IsHalted()
T7F84 085:197.616 - 0.278ms returns FALSE
T7F84 085:306.160 JLINK_IsHalted()
T7F84 085:306.520 - 0.357ms returns FALSE
T7F84 085:306.544 JLINK_IsHalted()
T7F84 085:306.832 - 0.278ms returns FALSE
T7F84 085:414.896 JLINK_IsHalted()
T7F84 085:415.248 - 0.355ms returns FALSE
T7F84 085:415.272 JLINK_IsHalted()
T7F84 085:415.552 - 0.281ms returns FALSE
T7F84 085:524.176 JLINK_IsHalted()
T7F84 085:524.528 - 0.350ms returns FALSE
T7F84 085:524.560 JLINK_IsHalted()
T7F84 085:524.840 - 0.284ms returns FALSE
T3768 085:555.352 JLINK_IsHalted()
T3768 085:557.232 - 1.875ms returns FALSE
T3768 085:557.264 JLINK_IsHalted()
T3768 085:557.632 - 0.359ms returns FALSE
T7F84 085:633.904 JLINK_IsHalted()
T7F84 085:634.272 - 0.366ms returns FALSE
T7F84 085:634.304 JLINK_IsHalted()
T7F84 085:634.584 - 0.283ms returns FALSE
T7F84 085:743.280 JLINK_IsHalted()
T7F84 085:747.920 - 4.639ms returns FALSE
T7F84 085:747.984 JLINK_IsHalted()
T7F84 085:748.304 - 0.330ms returns FALSE
T7F84 085:852.624 JLINK_IsHalted()
T7F84 085:853.304 - 0.681ms returns FALSE
T7F84 085:853.336 JLINK_IsHalted()
T7F84 085:853.648 - 0.305ms returns FALSE
T7F84 085:962.712 JLINK_IsHalted()
T7F84 085:963.152 - 0.440ms returns FALSE
T7F84 085:963.184 JLINK_IsHalted()
T7F84 085:963.840 - 0.654ms returns FALSE
T7F84 086:071.232 JLINK_IsHalted()
T7F84 086:071.584 - 0.351ms returns FALSE
T7F84 086:071.608 JLINK_IsHalted()
T7F84 086:072.016 - 0.400ms returns FALSE
T7F84 086:180.560 JLINK_IsHalted()
T7F84 086:180.896 - 0.334ms returns FALSE
T7F84 086:180.920 JLINK_IsHalted()
T7F84 086:181.200 - 0.278ms returns FALSE
T7F84 086:290.704 JLINK_IsHalted()
T7F84 086:291.240 - 0.525ms returns FALSE
T7F84 086:291.264 JLINK_IsHalted()
T7F84 086:291.536 - 0.274ms returns FALSE
T7F84 086:400.072 JLINK_IsHalted()
T7F84 086:400.496 - 0.419ms returns FALSE
T7F84 086:400.520 JLINK_IsHalted()
T7F84 086:400.808 - 0.284ms returns FALSE
T7F84 086:508.584 JLINK_IsHalted()
T7F84 086:509.008 - 0.420ms returns FALSE
T7F84 086:509.024 JLINK_IsHalted()
T7F84 086:509.304 - 0.280ms returns FALSE
T3768 086:559.400 JLINK_IsHalted()
T3768 086:559.808 - 0.409ms returns FALSE
T3768 086:559.840 JLINK_IsHalted()
T3768 086:561.704 - 1.862ms returns FALSE
T7F84 086:618.768 JLINK_IsHalted()
T7F84 086:623.448 - 4.677ms returns FALSE
T7F84 086:623.504 JLINK_IsHalted()
T7F84 086:624.008 - 0.499ms returns FALSE
T7F84 086:727.824 JLINK_IsHalted()
T7F84 086:728.224 - 0.402ms returns FALSE
T7F84 086:728.248 JLINK_IsHalted()
T7F84 086:728.520 - 0.269ms returns FALSE
T7F84 086:836.752 JLINK_IsHalted()
T7F84 086:837.160 - 0.406ms returns FALSE
T7F84 086:837.200 JLINK_IsHalted()
T7F84 086:837.480 - 0.281ms returns FALSE
T7F84 086:946.328 JLINK_IsHalted()
T7F84 086:946.768 - 0.433ms returns FALSE
T7F84 086:946.808 JLINK_IsHalted()
T7F84 086:947.232 - 0.425ms returns FALSE
T7F84 087:056.144 JLINK_IsHalted()
T7F84 087:056.496 - 0.350ms returns FALSE
T7F84 087:056.528 JLINK_IsHalted()
T7F84 087:056.800 - 0.274ms returns FALSE
T7F84 087:165.328 JLINK_IsHalted()
T7F84 087:165.872 - 0.537ms returns FALSE
T7F84 087:165.904 JLINK_IsHalted()
T7F84 087:166.176 - 0.278ms returns FALSE
T7F84 087:275.024 JLINK_IsHalted()
T7F84 087:275.472 - 0.439ms returns FALSE
T7F84 087:275.504 JLINK_IsHalted()
T7F84 087:275.792 - 0.291ms returns FALSE
T7F84 087:384.352 JLINK_IsHalted()
T7F84 087:384.736 - 0.382ms returns FALSE
T7F84 087:384.760 JLINK_IsHalted()
T7F84 087:385.064 - 0.299ms returns FALSE
T7F84 087:493.296 JLINK_IsHalted()
T7F84 087:493.648 - 0.356ms returns FALSE
T7F84 087:493.680 JLINK_IsHalted()
T7F84 087:493.984 - 0.303ms returns FALSE
T3768 087:562.304 JLINK_IsHalted()
T3768 087:562.688 - 0.383ms returns FALSE
T3768 087:562.736 JLINK_IsHalted()
T3768 087:563.056 - 0.322ms returns FALSE
T7F84 087:602.480 JLINK_IsHalted()
T7F84 087:602.872 - 0.391ms returns FALSE
T7F84 087:602.896 JLINK_IsHalted()
T7F84 087:603.184 - 0.280ms returns FALSE
T7F84 087:711.792 JLINK_IsHalted()
T7F84 087:712.176 - 0.379ms returns FALSE
T7F84 087:712.208 JLINK_IsHalted()
T7F84 087:712.496 - 0.285ms returns FALSE
T7F84 087:821.992 JLINK_IsHalted()
T7F84 087:822.344 - 0.355ms returns FALSE
T7F84 087:822.376 JLINK_IsHalted()
T7F84 087:822.640 - 0.270ms returns FALSE
T7F84 087:931.568 JLINK_IsHalted()
T7F84 087:932.008 - 0.434ms returns FALSE
T7F84 087:932.040 JLINK_IsHalted()
T7F84 087:932.344 - 0.306ms returns FALSE
T7F84 088:040.016 JLINK_IsHalted()
T7F84 088:040.368 - 0.349ms returns FALSE
T7F84 088:040.384 JLINK_IsHalted()
T7F84 088:040.648 - 0.258ms returns FALSE
T7F84 088:149.296 JLINK_IsHalted()
T7F84 088:149.632 - 0.342ms returns FALSE
T7F84 088:149.664 JLINK_IsHalted()
T7F84 088:149.984 - 0.319ms returns FALSE
T7F84 088:258.824 JLINK_IsHalted()
T7F84 088:259.296 - 0.471ms returns FALSE
T7F84 088:259.328 JLINK_IsHalted()
T7F84 088:259.600 - 0.274ms returns FALSE
T7F84 088:368.256 JLINK_IsHalted()
T7F84 088:368.632 - 0.376ms returns FALSE
T7F84 088:368.664 JLINK_IsHalted()
T7F84 088:369.008 - 0.344ms returns FALSE
T7F84 088:477.304 JLINK_IsHalted()
T7F84 088:477.672 - 0.364ms returns FALSE
T7F84 088:477.696 JLINK_IsHalted()
T7F84 088:477.976 - 0.283ms returns FALSE
T3768 088:564.064 JLINK_IsHalted()
T3768 088:564.400 - 0.328ms returns FALSE
T3768 088:564.424 JLINK_IsHalted()
T3768 088:564.672 - 0.248ms returns FALSE
T7F84 088:587.496 JLINK_IsHalted()
T7F84 088:587.856 - 0.359ms returns FALSE
T7F84 088:587.880 JLINK_IsHalted()
T7F84 088:588.144 - 0.266ms returns FALSE
T7F84 088:696.928 JLINK_IsHalted()
T7F84 088:697.296 - 0.375ms returns FALSE
T7F84 088:697.320 JLINK_IsHalted()
T7F84 088:697.584 - 0.261ms returns FALSE
T7F84 088:805.632 JLINK_IsHalted()
T7F84 088:806.040 - 0.407ms returns FALSE
T7F84 088:806.072 JLINK_IsHalted()
T7F84 088:806.392 - 0.322ms returns FALSE
T7F84 088:915.664 JLINK_IsHalted()
T7F84 088:915.984 - 0.317ms returns FALSE
T7F84 088:916.008 JLINK_IsHalted()
T7F84 088:916.296 - 0.286ms returns FALSE
T7F84 089:024.688 JLINK_IsHalted()
T7F84 089:025.016 - 0.333ms returns FALSE
T7F84 089:025.048 JLINK_IsHalted()
T7F84 089:025.320 - 0.267ms returns FALSE
T7F84 089:134.176 JLINK_IsHalted()
T7F84 089:134.528 - 0.353ms returns FALSE
T7F84 089:134.552 JLINK_IsHalted()
T7F84 089:134.840 - 0.286ms returns FALSE
T7F84 089:243.024 JLINK_IsHalted()
T7F84 089:243.400 - 0.371ms returns FALSE
T7F84 089:243.424 JLINK_IsHalted()
T7F84 089:243.704 - 0.277ms returns FALSE
T7F84 089:352.536 JLINK_IsHalted()
T7F84 089:352.912 - 0.376ms returns FALSE
T7F84 089:352.960 JLINK_IsHalted()
T7F84 089:353.264 - 0.299ms returns FALSE
T7F84 089:461.872 JLINK_IsHalted()
T7F84 089:462.232 - 0.362ms returns FALSE
T7F84 089:462.256 JLINK_IsHalted()
T7F84 089:462.520 - 0.264ms returns FALSE
T3768 089:564.392 JLINK_IsHalted()
T3768 089:564.720 - 0.324ms returns FALSE
T3768 089:564.736 JLINK_IsHalted()
T3768 089:565.040 - 0.308ms returns FALSE
T7F84 089:571.896 JLINK_IsHalted()
T7F84 089:572.256 - 0.357ms returns FALSE
T7F84 089:572.272 JLINK_IsHalted()
T7F84 089:572.536 - 0.262ms returns FALSE
T7F84 089:680.376 JLINK_IsHalted()
T7F84 089:680.880 - 0.500ms returns FALSE
T7F84 089:680.904 JLINK_IsHalted()
T7F84 089:681.184 - 0.284ms returns FALSE
T7F84 089:789.864 JLINK_IsHalted()
T7F84 089:790.224 - 0.362ms returns FALSE
T7F84 089:790.256 JLINK_IsHalted()
T7F84 089:790.536 - 0.275ms returns FALSE
T7F84 089:899.672 JLINK_IsHalted()
T7F84 089:900.040 - 0.365ms returns FALSE
T7F84 089:900.064 JLINK_IsHalted()
T7F84 089:900.328 - 0.263ms returns FALSE
T7F84 090:009.552 JLINK_IsHalted()
T7F84 090:010.000 - 0.444ms returns FALSE
T7F84 090:010.032 JLINK_IsHalted()
T7F84 090:010.320 - 0.286ms returns FALSE
T7F84 090:117.952 JLINK_IsHalted()
T7F84 090:118.352 - 0.401ms returns FALSE
T7F84 090:118.384 JLINK_IsHalted()
T7F84 090:118.640 - 0.267ms returns FALSE
T7F84 090:227.824 JLINK_IsHalted()
T7F84 090:228.192 - 0.376ms returns FALSE
T7F84 090:228.216 JLINK_IsHalted()
T7F84 090:228.488 - 0.266ms returns FALSE
T7F84 090:336.800 JLINK_IsHalted()
T7F84 090:337.144 - 0.350ms returns FALSE
T7F84 090:337.176 JLINK_IsHalted()
T7F84 090:337.456 - 0.277ms returns FALSE
T7F84 090:446.528 JLINK_IsHalted()
T7F84 090:446.864 - 0.340ms returns FALSE
T7F84 090:446.888 JLINK_IsHalted()
T7F84 090:447.152 - 0.266ms returns FALSE
T7F84 090:555.408 JLINK_IsHalted()
T7F84 090:555.760 - 0.349ms returns FALSE
T7F84 090:555.776 JLINK_IsHalted()
T7F84 090:556.040 - 0.260ms returns FALSE
T3768 090:565.336 JLINK_IsHalted()
T3768 090:565.672 - 0.329ms returns FALSE
T3768 090:565.696 JLINK_IsHalted()
T3768 090:566.000 - 0.299ms returns FALSE
T7F84 090:665.504 JLINK_IsHalted()
T7F84 090:665.840 - 0.334ms returns FALSE
T7F84 090:665.864 JLINK_IsHalted()
T7F84 090:666.152 - 0.290ms returns FALSE
T7F84 090:775.096 JLINK_IsHalted()
T7F84 090:775.424 - 0.329ms returns FALSE
T7F84 090:775.440 JLINK_IsHalted()
T7F84 090:775.760 - 0.317ms returns FALSE
T7F84 090:883.728 JLINK_IsHalted()
T7F84 090:884.080 - 0.356ms returns FALSE
T7F84 090:884.104 JLINK_IsHalted()
T7F84 090:884.368 - 0.263ms returns FALSE
T7F84 090:994.264 JLINK_IsHalted()
T7F84 090:994.584 - 0.317ms returns FALSE
T7F84 090:994.632 JLINK_IsHalted()
T7F84 090:994.992 - 0.361ms returns FALSE
T7F84 091:103.264 JLINK_IsHalted()
T7F84 091:103.600 - 0.331ms returns FALSE
T7F84 091:103.616 JLINK_IsHalted()
T7F84 091:103.936 - 0.313ms returns FALSE
T7F84 091:211.872 JLINK_IsHalted()
T7F84 091:212.208 - 0.340ms returns FALSE
T7F84 091:212.240 JLINK_IsHalted()
T7F84 091:212.528 - 0.291ms returns FALSE
T7F84 091:321.872 JLINK_IsHalted()
T7F84 091:322.264 - 0.386ms returns FALSE
T7F84 091:322.320 JLINK_IsHalted()
T7F84 091:322.672 - 0.356ms returns FALSE
T7F84 091:431.856 JLINK_IsHalted()
T7F84 091:432.200 - 0.345ms returns FALSE
T7F84 091:432.240 JLINK_IsHalted()
T7F84 091:432.520 - 0.276ms returns FALSE
T7F84 091:539.792 JLINK_IsHalted()
T7F84 091:540.104 - 0.315ms returns FALSE
T7F84 091:540.112 JLINK_IsHalted()
T7F84 091:540.352 - 0.236ms returns FALSE
T3768 091:567.024 JLINK_IsHalted()
T3768 091:567.392 - 0.370ms returns FALSE
T3768 091:567.432 JLINK_IsHalted()
T3768 091:567.720 - 0.289ms returns FALSE
T7F84 091:649.344 JLINK_IsHalted()
T7F84 091:650.000 - 0.662ms returns FALSE
T7F84 091:650.032 JLINK_IsHalted()
T7F84 091:650.376 - 0.342ms returns FALSE
T7F84 091:759.112 JLINK_IsHalted()
T7F84 091:759.472 - 0.366ms returns FALSE
T7F84 091:759.504 JLINK_IsHalted()
T7F84 091:759.792 - 0.284ms returns FALSE
T7F84 091:868.336 JLINK_IsHalted()
T7F84 091:868.688 - 0.344ms returns FALSE
T7F84 091:868.720 JLINK_IsHalted()
T7F84 091:869.008 - 0.285ms returns FALSE
T7F84 091:978.608 JLINK_IsHalted()
T7F84 091:979.048 - 0.438ms returns FALSE
T7F84 091:979.064 JLINK_IsHalted()
T7F84 091:979.336 - 0.264ms returns FALSE
T7F84 092:086.928 JLINK_IsHalted()
T7F84 092:087.408 - 0.469ms returns FALSE
T7F84 092:087.432 JLINK_IsHalted()
T7F84 092:087.712 - 0.280ms returns FALSE
T7F84 092:196.856 JLINK_IsHalted()
T7F84 092:197.224 - 0.367ms returns FALSE
T7F84 092:197.248 JLINK_IsHalted()
T7F84 092:197.544 - 0.289ms returns FALSE
T7F84 092:306.536 JLINK_IsHalted()
T7F84 092:306.992 - 0.461ms returns FALSE
T7F84 092:307.024 JLINK_IsHalted()
T7F84 092:307.296 - 0.273ms returns FALSE
T7F84 092:415.728 JLINK_IsHalted()
T7F84 092:416.248 - 0.523ms returns FALSE
T7F84 092:416.288 JLINK_IsHalted()
T7F84 092:416.608 - 0.314ms returns FALSE
T7F84 092:524.520 JLINK_IsHalted()
T7F84 092:524.848 - 0.331ms returns FALSE
T7F84 092:524.872 JLINK_IsHalted()
T7F84 092:525.136 - 0.258ms returns FALSE
T3768 092:568.496 JLINK_IsHalted()
T3768 092:568.848 - 0.347ms returns FALSE
T3768 092:568.872 JLINK_IsHalted()
T3768 092:569.136 - 0.273ms returns FALSE
T7F84 092:634.472 JLINK_IsHalted()
T7F84 092:634.832 - 0.359ms returns FALSE
T7F84 092:634.864 JLINK_IsHalted()
T7F84 092:635.152 - 0.290ms returns FALSE
T7F84 092:743.376 JLINK_IsHalted()
T7F84 092:743.736 - 0.360ms returns FALSE
T7F84 092:743.784 JLINK_IsHalted()
T7F84 092:744.064 - 0.285ms returns FALSE
T7F84 092:852.680 JLINK_IsHalted()
T7F84 092:853.032 - 0.352ms returns FALSE
T7F84 092:853.088 JLINK_IsHalted()
T7F84 092:853.392 - 0.296ms returns FALSE
T7F84 092:962.080 JLINK_IsHalted()
T7F84 092:962.424 - 0.346ms returns FALSE
T7F84 092:962.448 JLINK_IsHalted()
T7F84 092:962.720 - 0.268ms returns FALSE
T7F84 093:071.960 JLINK_IsHalted()
T7F84 093:072.368 - 0.406ms returns FALSE
T7F84 093:072.392 JLINK_IsHalted()
T7F84 093:072.664 - 0.273ms returns FALSE
T7F84 093:181.240 JLINK_IsHalted()
T7F84 093:181.552 - 0.310ms returns FALSE
T7F84 093:181.576 JLINK_IsHalted()
T7F84 093:181.992 - 0.412ms returns FALSE
T7F84 093:290.544 JLINK_IsHalted()
T7F84 093:290.904 - 0.363ms returns FALSE
T7F84 093:290.944 JLINK_IsHalted()
T7F84 093:291.216 - 0.271ms returns FALSE
T7F84 093:399.416 JLINK_IsHalted()
T7F84 093:399.792 - 0.370ms returns FALSE
T7F84 093:399.816 JLINK_IsHalted()
T7F84 093:400.080 - 0.265ms returns FALSE
T7F84 093:508.792 JLINK_IsHalted()
T7F84 093:509.200 - 0.394ms returns FALSE
T7F84 093:509.232 JLINK_IsHalted()
T7F84 093:509.528 - 0.298ms returns FALSE
T3768 093:570.304 JLINK_IsHalted()
T3768 093:570.656 - 0.351ms returns FALSE
T3768 093:570.688 JLINK_IsHalted()
T3768 093:570.976 - 0.290ms returns FALSE
T7F84 093:618.288 JLINK_IsHalted()
T7F84 093:618.648 - 0.361ms returns FALSE
T7F84 093:618.680 JLINK_IsHalted()
T7F84 093:618.984 - 0.296ms returns FALSE
T7F84 093:728.080 JLINK_IsHalted()
T7F84 093:728.456 - 0.371ms returns FALSE
T7F84 093:728.496 JLINK_IsHalted()
T7F84 093:728.776 - 0.283ms returns FALSE
T7F84 093:836.760 JLINK_IsHalted()
T7F84 093:837.144 - 0.386ms returns FALSE
T7F84 093:837.176 JLINK_IsHalted()
T7F84 093:837.440 - 0.267ms returns FALSE
T7F84 093:946.400 JLINK_IsHalted()
T7F84 093:946.768 - 0.360ms returns FALSE
T7F84 093:946.800 JLINK_IsHalted()
T7F84 093:947.064 - 0.269ms returns FALSE
T7F84 094:055.544 JLINK_IsHalted()
T7F84 094:055.984 - 0.442ms returns FALSE
T7F84 094:056.024 JLINK_IsHalted()
T7F84 094:056.336 - 0.303ms returns FALSE
T7F84 094:166.192 JLINK_IsHalted()
T7F84 094:166.512 - 0.319ms returns FALSE
T7F84 094:166.528 JLINK_IsHalted()
T7F84 094:166.792 - 0.260ms returns FALSE
T7F84 094:274.408 JLINK_IsHalted()
T7F84 094:274.744 - 0.337ms returns FALSE
T7F84 094:274.776 JLINK_IsHalted()
T7F84 094:275.064 - 0.289ms returns FALSE
T7F84 094:384.176 JLINK_IsHalted()
T7F84 094:385.072 - 0.892ms returns FALSE
T7F84 094:385.112 JLINK_IsHalted()
T7F84 094:385.448 - 0.336ms returns FALSE
T7F84 094:492.960 JLINK_IsHalted()
T7F84 094:493.784 - 0.824ms returns FALSE
T7F84 094:493.808 JLINK_IsHalted()
T7F84 094:494.112 - 0.296ms returns FALSE
T3768 094:571.176 JLINK_IsHalted()
T3768 094:571.624 - 0.448ms returns FALSE
T3768 094:571.648 JLINK_IsHalted()
T3768 094:572.008 - 0.356ms returns FALSE
T7F84 094:603.056 JLINK_IsHalted()
T7F84 094:603.408 - 0.355ms returns FALSE
T7F84 094:603.440 JLINK_IsHalted()
T7F84 094:603.712 - 0.277ms returns FALSE
T7F84 094:712.232 JLINK_IsHalted()
T7F84 094:712.608 - 0.378ms returns FALSE
T7F84 094:712.632 JLINK_IsHalted()
T7F84 094:712.976 - 0.345ms returns FALSE
T7F84 094:822.000 JLINK_IsHalted()
T7F84 094:822.344 - 0.346ms returns FALSE
T7F84 094:822.360 JLINK_IsHalted()
T7F84 094:822.640 - 0.271ms returns FALSE
T7F84 094:930.560 JLINK_IsHalted()
T7F84 094:930.992 - 0.428ms returns FALSE
T7F84 094:931.016 JLINK_IsHalted()
T7F84 094:931.288 - 0.274ms returns FALSE
T7F84 095:039.768 JLINK_IsHalted()
T7F84 095:040.176 - 0.409ms returns FALSE
T7F84 095:040.216 JLINK_IsHalted()
T7F84 095:040.528 - 0.303ms returns FALSE
T7F84 095:149.856 JLINK_IsHalted()
T7F84 095:151.328 - 1.471ms returns FALSE
T7F84 095:151.360 JLINK_IsHalted()
T7F84 095:151.648 - 0.290ms returns FALSE
T7F84 095:258.568 JLINK_IsHalted()
T7F84 095:259.424 - 0.855ms returns FALSE
T7F84 095:259.464 JLINK_IsHalted()
T7F84 095:259.800 - 0.337ms returns FALSE
T7F84 095:368.352 JLINK_IsHalted()
T7F84 095:369.456 - 1.096ms returns FALSE
T7F84 095:369.488 JLINK_IsHalted()
T7F84 095:369.824 - 0.340ms returns FALSE
T7F84 095:477.864 JLINK_IsHalted()
T7F84 095:478.240 - 0.378ms returns FALSE
T7F84 095:478.272 JLINK_IsHalted()
T7F84 095:478.544 - 0.264ms returns FALSE
T3768 095:572.288 JLINK_IsHalted()
T3768 095:572.688 - 0.395ms returns FALSE
T3768 095:572.720 JLINK_IsHalted()
T3768 095:572.984 - 0.269ms returns FALSE
T7F84 095:587.568 JLINK_IsHalted()
T7F84 095:587.992 - 0.421ms returns FALSE
T7F84 095:588.040 JLINK_IsHalted()
T7F84 095:588.336 - 0.297ms returns FALSE
T7F84 095:696.056 JLINK_IsHalted()
T7F84 095:696.448 - 0.389ms returns FALSE
T7F84 095:696.488 JLINK_IsHalted()
T7F84 095:696.784 - 0.296ms returns FALSE
T7F84 095:805.832 JLINK_IsHalted()
T7F84 095:806.168 - 0.334ms returns FALSE
T7F84 095:806.192 JLINK_IsHalted()
T7F84 095:806.448 - 0.258ms returns FALSE
T7F84 095:914.784 JLINK_IsHalted()
T7F84 095:915.216 - 0.433ms returns FALSE
T7F84 095:915.248 JLINK_IsHalted()
T7F84 095:915.552 - 0.302ms returns FALSE
T7F84 096:024.912 JLINK_IsHalted()
T7F84 096:025.264 - 0.342ms returns FALSE
T7F84 096:025.280 JLINK_IsHalted()
T7F84 096:025.544 - 0.260ms returns FALSE
T7F84 096:133.512 JLINK_IsHalted()
T7F84 096:134.000 - 0.489ms returns FALSE
T7F84 096:134.032 JLINK_IsHalted()
T7F84 096:134.288 - 0.264ms returns FALSE
T7F84 096:242.984 JLINK_IsHalted()
T7F84 096:243.320 - 0.335ms returns FALSE
T7F84 096:243.344 JLINK_IsHalted()
T7F84 096:243.616 - 0.270ms returns FALSE
T7F84 096:353.392 JLINK_IsHalted()
T7F84 096:353.736 - 0.342ms returns FALSE
T7F84 096:353.768 JLINK_IsHalted()
T7F84 096:354.048 - 0.280ms returns FALSE
T7F84 096:461.816 JLINK_IsHalted()
T7F84 096:462.128 - 0.314ms returns FALSE
T7F84 096:462.152 JLINK_IsHalted()
T7F84 096:462.408 - 0.254ms returns FALSE
T7F84 096:571.064 JLINK_IsHalted()
T7F84 096:571.416 - 0.355ms returns FALSE
T7F84 096:571.440 JLINK_IsHalted()
T7F84 096:571.728 - 0.287ms returns FALSE
T3768 096:572.848 JLINK_IsHalted()
T3768 096:573.144 - 0.294ms returns FALSE
T3768 096:573.168 JLINK_IsHalted()
T3768 096:573.408 - 0.247ms returns FALSE
T7F84 096:680.400 JLINK_IsHalted()
T7F84 096:680.728 - 0.322ms returns FALSE
T7F84 096:680.752 JLINK_IsHalted()
T7F84 096:681.008 - 0.253ms returns FALSE
T7F84 096:789.952 JLINK_IsHalted()
T7F84 096:790.296 - 0.348ms returns FALSE
T7F84 096:790.328 JLINK_IsHalted()
T7F84 096:790.608 - 0.280ms returns FALSE
T7F84 096:899.184 JLINK_IsHalted()
T7F84 096:899.504 - 0.315ms returns FALSE
T7F84 096:899.528 JLINK_IsHalted()
T7F84 096:899.816 - 0.284ms returns FALSE
T7F84 097:008.712 JLINK_IsHalted()
T7F84 097:009.104 - 0.391ms returns FALSE
T7F84 097:009.136 JLINK_IsHalted()
T7F84 097:009.424 - 0.283ms returns FALSE
T7F84 097:118.360 JLINK_IsHalted()
T7F84 097:118.704 - 0.350ms returns FALSE
T7F84 097:118.728 JLINK_IsHalted()
T7F84 097:118.992 - 0.266ms returns FALSE
T7F84 097:227.600 JLINK_IsHalted()
T7F84 097:227.992 - 0.388ms returns FALSE
T7F84 097:228.024 JLINK_IsHalted()
T7F84 097:228.304 - 0.273ms returns FALSE
T7F84 097:337.464 JLINK_IsHalted()
T7F84 097:337.904 - 0.431ms returns FALSE
T7F84 097:337.936 JLINK_IsHalted()
T7F84 097:338.224 - 0.290ms returns FALSE
T7F84 097:446.696 JLINK_IsHalted()
T7F84 097:447.120 - 0.422ms returns FALSE
T7F84 097:447.144 JLINK_IsHalted()
T7F84 097:447.440 - 0.299ms returns FALSE
T7F84 097:555.448 JLINK_IsHalted()
T7F84 097:555.888 - 0.438ms returns FALSE
T7F84 097:555.920 JLINK_IsHalted()
T7F84 097:556.184 - 0.271ms returns FALSE
T3768 097:574.272 JLINK_IsHalted()
T3768 097:574.712 - 0.441ms returns FALSE
T3768 097:574.736 JLINK_IsHalted()
T3768 097:574.992 - 0.258ms returns FALSE
T7F84 097:664.792 JLINK_IsHalted()
T7F84 097:665.136 - 0.342ms returns FALSE
T7F84 097:665.160 JLINK_IsHalted()
T7F84 097:665.416 - 0.255ms returns FALSE
T7F84 097:774.776 JLINK_IsHalted()
T7F84 097:775.152 - 0.367ms returns FALSE
T7F84 097:775.176 JLINK_IsHalted()
T7F84 097:775.448 - 0.275ms returns FALSE
T7F84 097:883.552 JLINK_IsHalted()
T7F84 097:884.144 - 0.594ms returns FALSE
T7F84 097:884.192 JLINK_IsHalted()
T7F84 097:884.512 - 0.318ms returns FALSE
T7F84 097:993.656 JLINK_IsHalted()
T7F84 097:994.000 - 0.342ms returns FALSE
T7F84 097:994.032 JLINK_IsHalted()
T7F84 097:994.320 - 0.284ms returns FALSE
T7F84 098:102.800 JLINK_IsHalted()
T7F84 098:103.152 - 0.349ms returns FALSE
T7F84 098:103.184 JLINK_IsHalted()
T7F84 098:103.504 - 0.314ms returns FALSE
T7F84 098:211.632 JLINK_IsHalted()
T7F84 098:211.984 - 0.343ms returns FALSE
T7F84 098:212.008 JLINK_IsHalted()
T7F84 098:212.288 - 0.283ms returns FALSE
T7F84 098:321.736 JLINK_IsHalted()
T7F84 098:322.080 - 0.339ms returns FALSE
T7F84 098:322.104 JLINK_IsHalted()
T7F84 098:322.392 - 0.280ms returns FALSE
T7F84 098:431.160 JLINK_IsHalted()
T7F84 098:431.528 - 0.364ms returns FALSE
T7F84 098:431.560 JLINK_IsHalted()
T7F84 098:431.864 - 0.303ms returns FALSE
T7F84 098:541.424 JLINK_IsHalted()
T7F84 098:541.872 - 0.454ms returns FALSE
T7F84 098:541.912 JLINK_IsHalted()
T7F84 098:542.216 - 0.298ms returns FALSE
T3768 098:575.248 JLINK_IsHalted()
T3768 098:575.616 - 0.371ms returns FALSE
T3768 098:575.656 JLINK_IsHalted()
T3768 098:575.976 - 0.320ms returns FALSE
T7F84 098:649.752 JLINK_IsHalted()
T7F84 098:650.072 - 0.315ms returns FALSE
T7F84 098:650.096 JLINK_IsHalted()
T7F84 098:650.376 - 0.275ms returns FALSE
T7F84 098:759.288 JLINK_IsHalted()
T7F84 098:759.712 - 0.419ms returns FALSE
T7F84 098:759.736 JLINK_IsHalted()
T7F84 098:760.024 - 0.285ms returns FALSE
T7F84 098:868.368 JLINK_IsHalted()
T7F84 098:868.784 - 0.409ms returns FALSE
T7F84 098:868.816 JLINK_IsHalted()
T7F84 098:869.136 - 0.328ms returns FALSE
T7F84 098:977.296 JLINK_IsHalted()
T7F84 098:977.808 - 0.504ms returns FALSE
T7F84 098:977.848 JLINK_IsHalted()
T7F84 098:978.192 - 0.341ms returns FALSE
T7F84 099:086.608 JLINK_IsHalted()
T7F84 099:086.976 - 0.359ms returns FALSE
T7F84 099:086.992 JLINK_IsHalted()
T7F84 099:087.256 - 0.264ms returns FALSE
T7F84 099:196.784 JLINK_IsHalted()
T7F84 099:197.136 - 0.351ms returns FALSE
T7F84 099:197.136 JLINK_IsHalted()
T7F84 099:197.392 - 0.251ms returns FALSE
T7F84 099:306.080 JLINK_IsHalted()
T7F84 099:306.536 - 0.450ms returns FALSE
T7F84 099:306.560 JLINK_IsHalted()
T7F84 099:306.864 - 0.298ms returns FALSE
T7F84 099:415.696 JLINK_IsHalted()
T7F84 099:416.080 - 0.378ms returns FALSE
T7F84 099:416.112 JLINK_IsHalted()
T7F84 099:416.424 - 0.309ms returns FALSE
T7F84 099:524.464 JLINK_IsHalted()
T7F84 099:524.848 - 0.385ms returns FALSE
T7F84 099:524.872 JLINK_IsHalted()
T7F84 099:525.136 - 0.268ms returns FALSE
T3768 099:577.432 JLINK_IsHalted()
T3768 099:577.848 - 0.413ms returns FALSE
T3768 099:577.880 JLINK_IsHalted()
T3768 099:578.176 - 0.295ms returns FALSE
T7F84 099:633.648 JLINK_IsHalted()
T7F84 099:633.992 - 0.343ms returns FALSE
T7F84 099:634.016 JLINK_IsHalted()
T7F84 099:634.288 - 0.269ms returns FALSE
T7F84 099:743.304 JLINK_IsHalted()
T7F84 099:743.800 - 0.501ms returns FALSE
T7F84 099:743.832 JLINK_IsHalted()
T7F84 099:744.136 - 0.301ms returns FALSE
T7F84 099:852.280 JLINK_IsHalted()
T7F84 099:852.640 - 0.355ms returns FALSE
T7F84 099:852.656 JLINK_IsHalted()
T7F84 099:852.976 - 0.317ms returns FALSE
T7F84 099:961.744 JLINK_IsHalted()
T7F84 099:962.096 - 0.355ms returns FALSE
T7F84 099:962.128 JLINK_IsHalted()
T7F84 099:962.384 - 0.266ms returns FALSE
T7F84 100:072.072 JLINK_IsHalted()
T7F84 100:072.440 - 0.372ms returns FALSE
T7F84 100:072.480 JLINK_IsHalted()
T7F84 100:072.760 - 0.281ms returns FALSE
T7F84 100:180.512 JLINK_IsHalted()
T7F84 100:180.864 - 0.348ms returns FALSE
T7F84 100:180.888 JLINK_IsHalted()
T7F84 100:181.136 - 0.252ms returns FALSE
T7F84 100:290.512 JLINK_IsHalted()
T7F84 100:290.880 - 0.363ms returns FALSE
T7F84 100:290.904 JLINK_IsHalted()
T7F84 100:291.168 - 0.264ms returns FALSE
T7F84 100:399.320 JLINK_IsHalted()
T7F84 100:399.688 - 0.364ms returns FALSE
T7F84 100:399.720 JLINK_IsHalted()
T7F84 100:400.008 - 0.285ms returns FALSE
T7F84 100:508.520 JLINK_IsHalted()
T7F84 100:508.864 - 0.344ms returns FALSE
T7F84 100:508.880 JLINK_IsHalted()
T7F84 100:509.152 - 0.265ms returns FALSE
T3768 100:579.472 JLINK_IsHalted()
T3768 100:579.840 - 0.371ms returns FALSE
T3768 100:579.936 JLINK_IsHalted()
T3768 100:580.240 - 0.304ms returns FALSE
T7F84 100:618.144 JLINK_IsHalted()
T7F84 100:618.488 - 0.347ms returns FALSE
T7F84 100:618.512 JLINK_IsHalted()
T7F84 100:618.832 - 0.308ms returns FALSE
T7F84 100:728.072 JLINK_IsHalted()
T7F84 100:728.416 - 0.346ms returns FALSE
T7F84 100:728.440 JLINK_IsHalted()
T7F84 100:728.728 - 0.288ms returns FALSE
T7F84 100:837.616 JLINK_IsHalted()
T7F84 100:837.976 - 0.363ms returns FALSE
T7F84 100:838.000 JLINK_IsHalted()
T7F84 100:838.288 - 0.281ms returns FALSE
T7F84 100:947.064 JLINK_IsHalted()
T7F84 100:947.408 - 0.339ms returns FALSE
T7F84 100:947.440 JLINK_IsHalted()
T7F84 100:947.696 - 0.260ms returns FALSE
T7F84 101:055.712 JLINK_IsHalted()
T7F84 101:056.040 - 0.329ms returns FALSE
T7F84 101:056.072 JLINK_IsHalted()
T7F84 101:056.368 - 0.297ms returns FALSE
T7F84 101:165.552 JLINK_IsHalted()
T7F84 101:165.912 - 0.363ms returns FALSE
T7F84 101:165.944 JLINK_IsHalted()
T7F84 101:166.240 - 0.293ms returns FALSE
T7F84 101:274.312 JLINK_IsHalted()
T7F84 101:274.672 - 0.360ms returns FALSE
T7F84 101:274.704 JLINK_IsHalted()
T7F84 101:274.984 - 0.280ms returns FALSE
T7F84 101:384.408 JLINK_IsHalted()
T7F84 101:384.880 - 0.475ms returns FALSE
T7F84 101:384.904 JLINK_IsHalted()
T7F84 101:385.176 - 0.272ms returns FALSE
T7F84 101:493.048 JLINK_IsHalted()
T7F84 101:493.400 - 0.350ms returns FALSE
T7F84 101:493.424 JLINK_IsHalted()
T7F84 101:493.736 - 0.310ms returns FALSE
T3768 101:581.352 JLINK_IsHalted()
T3768 101:581.728 - 0.377ms returns FALSE
T3768 101:581.768 JLINK_IsHalted()
T3768 101:582.064 - 0.304ms returns FALSE
T7F84 101:602.656 JLINK_IsHalted()
T7F84 101:603.048 - 0.384ms returns FALSE
T7F84 101:603.088 JLINK_IsHalted()
T7F84 101:603.384 - 0.290ms returns FALSE
T7F84 101:711.760 JLINK_IsHalted()
T7F84 101:712.152 - 0.389ms returns FALSE
T7F84 101:712.192 JLINK_IsHalted()
T7F84 101:712.592 - 0.394ms returns FALSE
T7F84 101:821.104 JLINK_IsHalted()
T7F84 101:821.416 - 0.309ms returns FALSE
T7F84 101:821.440 JLINK_IsHalted()
T7F84 101:821.728 - 0.285ms returns FALSE
T7F84 101:930.776 JLINK_IsHalted()
T7F84 101:931.128 - 0.350ms returns FALSE
T7F84 101:931.152 JLINK_IsHalted()
T7F84 101:931.424 - 0.265ms returns FALSE
T7F84 102:040.592 JLINK_IsHalted()
T7F84 102:041.008 - 0.414ms returns FALSE
T7F84 102:041.040 JLINK_IsHalted()
T7F84 102:041.288 - 0.252ms returns FALSE
T7F84 102:149.664 JLINK_IsHalted()
T7F84 102:150.160 - 0.493ms returns FALSE
T7F84 102:150.184 JLINK_IsHalted()
T7F84 102:150.544 - 0.363ms returns FALSE
T7F84 102:259.248 JLINK_IsHalted()
T7F84 102:259.568 - 0.327ms returns FALSE
T7F84 102:259.592 JLINK_IsHalted()
T7F84 102:259.832 - 0.244ms returns FALSE
T7F84 102:368.080 JLINK_IsHalted()
T7F84 102:368.440 - 0.365ms returns FALSE
T7F84 102:368.472 JLINK_IsHalted()
T7F84 102:368.816 - 0.342ms returns FALSE
T7F84 102:477.528 JLINK_IsHalted()
T7F84 102:477.888 - 0.358ms returns FALSE
T7F84 102:477.912 JLINK_IsHalted()
T7F84 102:478.192 - 0.274ms returns FALSE
T3768 102:583.320 JLINK_IsHalted()
T3768 102:583.856 - 0.532ms returns FALSE
T3768 102:583.896 JLINK_IsHalted()
T3768 102:584.304 - 0.408ms returns FALSE
T7F84 102:587.912 JLINK_IsHalted()
T7F84 102:588.240 - 0.322ms returns FALSE
T7F84 102:588.256 JLINK_IsHalted()
T7F84 102:588.520 - 0.262ms returns FALSE
T7F84 102:696.880 JLINK_IsHalted()
T7F84 102:697.264 - 0.383ms returns FALSE
T7F84 102:697.288 JLINK_IsHalted()
T7F84 102:697.552 - 0.259ms returns FALSE
T7F84 102:805.840 JLINK_IsHalted()
T7F84 102:806.216 - 0.371ms returns FALSE
T7F84 102:806.240 JLINK_IsHalted()
T7F84 102:806.504 - 0.261ms returns FALSE
T7F84 102:915.168 JLINK_IsHalted()
T7F84 102:915.488 - 0.319ms returns FALSE
T7F84 102:915.504 JLINK_IsHalted()
T7F84 102:915.784 - 0.272ms returns FALSE
T7F84 103:025.424 JLINK_IsHalted()
T7F84 103:025.784 - 0.359ms returns FALSE
T7F84 103:025.808 JLINK_IsHalted()
T7F84 103:026.064 - 0.255ms returns FALSE
T7F84 103:133.856 JLINK_IsHalted()
T7F84 103:134.224 - 0.363ms returns FALSE
T7F84 103:134.240 JLINK_IsHalted()
T7F84 103:134.496 - 0.253ms returns FALSE
T7F84 103:242.880 JLINK_IsHalted()
T7F84 103:243.256 - 0.378ms returns FALSE
T7F84 103:243.280 JLINK_IsHalted()
T7F84 103:243.560 - 0.279ms returns FALSE
T7F84 103:352.920 JLINK_IsHalted()
T7F84 103:353.280 - 0.358ms returns FALSE
T7F84 103:353.304 JLINK_IsHalted()
T7F84 103:353.584 - 0.277ms returns FALSE
T7F84 103:461.832 JLINK_IsHalted()
T7F84 103:462.232 - 0.401ms returns FALSE
T7F84 103:462.272 JLINK_IsHalted()
T7F84 103:462.608 - 0.329ms returns FALSE
T7F84 103:571.728 JLINK_IsHalted()
T7F84 103:572.080 - 0.349ms returns FALSE
T7F84 103:572.112 JLINK_IsHalted()
T7F84 103:572.384 - 0.276ms returns FALSE
T3768 103:585.088 JLINK_IsHalted()
T3768 103:585.464 - 0.368ms returns FALSE
T3768 103:585.488 JLINK_IsHalted()
T3768 103:585.776 - 0.280ms returns FALSE
T7F84 103:680.792 JLINK_IsHalted()
T7F84 103:681.136 - 0.345ms returns FALSE
T7F84 103:681.168 JLINK_IsHalted()
T7F84 103:681.432 - 0.269ms returns FALSE
T7F84 103:790.144 JLINK_IsHalted()
T7F84 103:790.520 - 0.379ms returns FALSE
T7F84 103:790.544 JLINK_IsHalted()
T7F84 103:790.840 - 0.291ms returns FALSE
T7F84 103:900.344 JLINK_IsHalted()
T7F84 103:900.696 - 0.355ms returns FALSE
T7F84 103:900.728 JLINK_IsHalted()
T7F84 103:901.008 - 0.273ms returns FALSE
T7F84 104:008.704 JLINK_IsHalted()
T7F84 104:009.304 - 0.595ms returns FALSE
T7F84 104:009.328 JLINK_IsHalted()
T7F84 104:009.672 - 0.337ms returns FALSE
T7F84 104:118.320 JLINK_IsHalted()
T7F84 104:118.688 - 0.367ms returns FALSE
T7F84 104:118.712 JLINK_IsHalted()
T7F84 104:118.992 - 0.274ms returns FALSE
T7F84 104:228.384 JLINK_IsHalted()
T7F84 104:228.768 - 0.383ms returns FALSE
T7F84 104:228.792 JLINK_IsHalted()
T7F84 104:229.072 - 0.277ms returns FALSE
T7F84 104:336.744 JLINK_IsHalted()
T7F84 104:337.104 - 0.356ms returns FALSE
T7F84 104:337.128 JLINK_IsHalted()
T7F84 104:337.392 - 0.269ms returns FALSE
T7F84 104:446.320 JLINK_IsHalted()
T7F84 104:446.648 - 0.333ms returns FALSE
T7F84 104:446.680 JLINK_IsHalted()
T7F84 104:446.976 - 0.293ms returns FALSE
T7F84 104:556.320 JLINK_IsHalted()
T7F84 104:556.776 - 0.455ms returns FALSE
T7F84 104:556.816 JLINK_IsHalted()
T7F84 104:557.152 - 0.336ms returns FALSE
T3768 104:585.520 JLINK_IsHalted()
T3768 104:586.016 - 0.493ms returns FALSE
T3768 104:586.040 JLINK_IsHalted()
T3768 104:586.312 - 0.266ms returns FALSE
T7F84 104:665.672 JLINK_IsHalted()
T7F84 104:666.024 - 0.351ms returns FALSE
T7F84 104:666.056 JLINK_IsHalted()
T7F84 104:666.320 - 0.268ms returns FALSE
T7F84 104:774.952 JLINK_IsHalted()
T7F84 104:775.288 - 0.338ms returns FALSE
T7F84 104:775.320 JLINK_IsHalted()
T7F84 104:775.584 - 0.265ms returns FALSE
T7F84 104:884.416 JLINK_IsHalted()
T7F84 104:884.776 - 0.354ms returns FALSE
T7F84 104:884.792 JLINK_IsHalted()
T7F84 104:885.064 - 0.268ms returns FALSE
T7F84 104:993.816 JLINK_IsHalted()
T7F84 104:994.192 - 0.370ms returns FALSE
T7F84 104:994.216 JLINK_IsHalted()
T7F84 104:994.504 - 0.289ms returns FALSE
T7F84 105:102.576 JLINK_IsHalted()
T7F84 105:103.056 - 0.479ms returns FALSE
T7F84 105:103.080 JLINK_IsHalted()
T7F84 105:103.384 - 0.307ms returns FALSE
T7F84 105:212.112 JLINK_IsHalted()
T7F84 105:212.552 - 0.438ms returns FALSE
T7F84 105:212.584 JLINK_IsHalted()
T7F84 105:212.864 - 0.278ms returns FALSE
T7F84 105:321.072 JLINK_IsHalted()
T7F84 105:321.488 - 0.414ms returns FALSE
T7F84 105:321.512 JLINK_IsHalted()
T7F84 105:321.784 - 0.276ms returns FALSE
T7F84 105:430.464 JLINK_IsHalted()
T7F84 105:430.816 - 0.350ms returns FALSE
T7F84 105:430.840 JLINK_IsHalted()
T7F84 105:431.128 - 0.288ms returns FALSE
T7F84 105:540.448 JLINK_IsHalted()
T7F84 105:540.856 - 0.408ms returns FALSE
T7F84 105:540.880 JLINK_IsHalted()
T7F84 105:541.136 - 0.257ms returns FALSE
T3768 105:586.928 JLINK_IsHalted()
T3768 105:587.344 - 0.411ms returns FALSE
T3768 105:587.376 JLINK_IsHalted()
T3768 105:587.664 - 0.283ms returns FALSE
T7F84 105:649.232 JLINK_IsHalted()
T7F84 105:649.576 - 0.346ms returns FALSE
T7F84 105:649.600 JLINK_IsHalted()
T7F84 105:649.856 - 0.256ms returns FALSE
T7F84 105:759.792 JLINK_IsHalted()
T7F84 105:760.168 - 0.369ms returns FALSE
T7F84 105:760.192 JLINK_IsHalted()
T7F84 105:760.456 - 0.262ms returns FALSE
T7F84 105:868.176 JLINK_IsHalted()
T7F84 105:868.544 - 0.363ms returns FALSE
T7F84 105:868.568 JLINK_IsHalted()
T7F84 105:868.848 - 0.272ms returns FALSE
T7F84 105:978.560 JLINK_IsHalted()
T7F84 105:978.984 - 0.421ms returns FALSE
T7F84 105:979.112 JLINK_IsHalted()
T7F84 105:979.384 - 0.278ms returns FALSE
T7F84 106:087.400 JLINK_IsHalted()
T7F84 106:087.760 - 0.353ms returns FALSE
T7F84 106:087.784 JLINK_IsHalted()
T7F84 106:088.128 - 0.343ms returns FALSE
T7F84 106:196.352 JLINK_IsHalted()
T7F84 106:196.728 - 0.374ms returns FALSE
T7F84 106:196.760 JLINK_IsHalted()
T7F84 106:197.024 - 0.265ms returns FALSE
T7F84 106:306.208 JLINK_IsHalted()
T7F84 106:306.552 - 0.345ms returns FALSE
T7F84 106:306.576 JLINK_IsHalted()
T7F84 106:306.856 - 0.279ms returns FALSE
T7F84 106:415.168 JLINK_IsHalted()
T7F84 106:415.624 - 0.450ms returns FALSE
T7F84 106:415.648 JLINK_IsHalted()
T7F84 106:416.192 - 0.542ms returns FALSE
T7F84 106:524.128 JLINK_IsHalted()
T7F84 106:524.456 - 0.331ms returns FALSE
T7F84 106:524.472 JLINK_IsHalted()
T7F84 106:524.744 - 0.264ms returns FALSE
T3768 106:588.152 JLINK_IsHalted()
T3768 106:588.528 - 0.380ms returns FALSE
T3768 106:588.560 JLINK_IsHalted()
T3768 106:589.008 - 0.444ms returns FALSE
T7F84 106:633.968 JLINK_IsHalted()
T7F84 106:636.840   
  ***** Error: 
T7F84 106:636.872   Communication timed out: Requested 4 bytes, received 0 bytes !
T7F84 106:636.896 - 2.928ms returns ERROR
T7F84 106:636.912 JLINK_IsHalted()
T7F84 106:639.016 - 2.102ms returns ERROR
T8B10 106:679.696 JLINK_Halt()
T8B10 106:679.896   
  ***** Warning: 
T8B10 106:679.928   CPU could not be halted
T8B10 106:679.944 - 0.249ms returns 0x01
T8B10 106:679.960 JLINK_ReadReg(XPSR)
T8B10 106:680.008   CPU is running
T8B10 106:680.016   
  ***** Error: 
T8B10 106:680.032   Cannot read register 16 (XPSR) while CPU is running
T8B10 106:680.048 - 0.084ms returns 0x00000000
T8B10 106:693.352 JLINK_Close()
T8B10 106:776.936 - 83.586ms
T8B10 106:780.720   
T8B10 106:780.888   Closed
