"source_file","scenario","segment","snapshot_id","begin_source_line","end_source_line","begin_frame","end_frame","threshold","roi_width","roi_height","roi_y_first","roi_y_last","row_count","expected_row_count","dark_left_count","dark_center_count","dark_right_count","d128_left_percent_exact","d128_center_percent_exact","d128_right_percent_exact","d128_left_percent_firmware","d128_center_percent_firmware","d128_right_percent_firmware","complete","status","content_sha256"
"太阳能板边缘中心旋转扫描.txt","太阳能板边缘中心旋转扫描","1","太阳能板边缘中心旋转扫描:s1:orphan1",,"14",,"1653",,"200","24","88","111","12","24","710","632","665","88.30845771144278","78.60696517412936","83.96464646464646","88","78","83","False","incomplete_row_count","35A2D74D9B18DAC0729C0A167F990A088759206DD7FABE5D805FCBDA6D9E4BC7"
"太阳能板边缘中心旋转扫描.txt","太阳能板边缘中心旋转扫描","1","太阳能板边缘中心旋转扫描:s1:b2","15","41","1687","1687","128","200","24","88","111","24","24","1274","1177","1179","79.22885572139303","73.19651741293532","74.43181818181819","79","73","74","True","complete","09EE6D2D753F47FE7401E5395F07F5F3E223FE1F3C34DF42283630D744F655AC"
"太阳能板边缘中心旋转扫描.txt","太阳能板边缘中心旋转扫描","1","太阳能板边缘中心旋转扫描:s1:b3","42","68","1722","1722","128","200","24","88","111","24","24","1272","1176","1177","79.1044776119403","73.13432835820896","74.30555555555556","79","73","74","True","complete","1571F52166E308708E655B5075A14F2B21E346E1185FB4A6B84733FC951FA831"
"太阳能板边缘中心旋转扫描.txt","太阳能板边缘中心旋转扫描","1","太阳能板边缘中心旋转扫描:s1:b4","69","95","1756","1756","128","200","24","88","111","24","24","1278","1250","1169","79.4776119402985","77.7363184079602","73.80050505050505","79","77","73","True","complete","FB8A67A75188D2FEC82F274E8BAEDD6A057E7B1B02C5B7B6C2C64F93405C20D6"
"太阳能板边缘中心旋转扫描.txt","太阳能板边缘中心旋转扫描","1","太阳能板边缘中心旋转扫描:s1:b5","96","124","1791","1791","128","200","24","88","111","24","24","1276","1230","1169","79.35323383084577","76.49253731343283","73.80050505050505","79","76","73","True","complete","4738C220833DF342AB769F13A95BB026C51DFF4F961B7006B9A7E8A0F58180A0"
"太阳能板边缘中心旋转扫描.txt","太阳能板边缘中心旋转扫描","1","太阳能板边缘中心旋转扫描:s1:b6","125","153","1825","1825","128","200","24","88","111","24","24","1284","1148","1325","79.85074626865672","71.39303482587064","83.6489898989899","79","71","83","True","complete","6669594F34C84FC51678D798D1607CC85996792398D6698A465D8E1A5B05756E"
"太阳能板边缘中心旋转扫描.txt","太阳能板边缘中心旋转扫描","1","太阳能板边缘中心旋转扫描:s1:b7","154","180","1860","1860","128","200","24","88","111","24","24","1226","1410","1441","76.24378109452736","87.68656716417911","90.97222222222223","76","87","90","True","complete","74F8A83AE2430E9FAB98C791A28A2A38F1A8D397C4DE1E389B85CF4C2EB2B0F0"
"太阳能板边缘中心旋转扫描.txt","太阳能板边缘中心旋转扫描","1","太阳能板边缘中心旋转扫描:s1:b8","181","210","1894","1894","128","200","24","88","111","24","24","1353","1385","1434","84.14179104477611","86.1318407960199","90.53030303030303","84","86","90","True","complete","ADEF8C9B36CE64F18720BE93AC8CC84D97D1BD11BA38D862DBB778F4B287CD6C"
"太阳能板边缘中心旋转扫描.txt","太阳能板边缘中心旋转扫描","1","太阳能板边缘中心旋转扫描:s1:b9","211","240","1929","1929","128","200","24","88","111","24","24","1438","1230","833","89.42786069651741","76.49253731343283","52.58838383838384","89","76","52","True","complete","3AE88B103E0A9239D497F267CA7EEAB57587CA1422BBAD21CA345BFF508BA21D"
"太阳能板边缘中心旋转扫描.txt","太阳能板边缘中心旋转扫描","1","太阳能板边缘中心旋转扫描:s1:b10","241","268","1964","1964","128","200","24","88","111","24","24","1422","1182","39","88.43283582089552","73.50746268656717","2.462121212121212","88","73","2","True","complete","FBD51FE5598BA1488A8072C1E88763B4461F58D7EBA2DCF88993ED5123EDB7C9"
"太阳能板边缘中心旋转扫描.txt","太阳能板边缘中心旋转扫描","1","太阳能板边缘中心旋转扫描:s1:b11","269","295","1999","1999","128","200","24","88","111","24","24","1495","684","0","92.9726368159204","42.53731343283582","0","92","42","0","True","complete","6AD3EF6D8902D94E7A7030025DA7A2BFF2774AA80176D72F7327FAF1EF940EE5"
"太阳能板边缘中心旋转扫描.txt","太阳能板边缘中心旋转扫描","1","太阳能板边缘中心旋转扫描:s1:b12","296","322","2033","2033","128","200","24","88","111","24","24","1293","123","6","80.41044776119404","7.649253731343284","0.3787878787878788","80","7","0","True","complete","594378B19FDFF03E9C704DB265CD1DDFE0BF594E93E71C2CC8D0E11753C8F8A7"
"太阳能板边缘中心旋转扫描.txt","太阳能板边缘中心旋转扫描","1","太阳能板边缘中心旋转扫描:s1:b13","323","349","2068","2068","128","200","24","88","111","24","24","483","170","6","30.03731343283582","10.572139303482587","0.3787878787878788","30","10","0","True","complete","A9FDB3072891B68071AC2237836DACDA2DC8A21555FC08E9A96613257C09D7B5"
"太阳能板边缘中心旋转扫描.txt","太阳能板边缘中心旋转扫描","1","太阳能板边缘中心旋转扫描:s1:b14","350","377","2103","2103","128","200","24","88","111","24","24","129","218","23","8.022388059701493","13.557213930348258","1.452020202020202","8","13","1","True","complete","10A5726273758FD1E648A9E4E47F2EE4F21AAC883482B997F28E83AC2184B049"
"太阳能板边缘中心旋转扫描.txt","太阳能板边缘中心旋转扫描","1","太阳能板边缘中心旋转扫描:s1:b15","378","404","2137","2137","128","200","24","88","111","24","24","269","190","74","16.728855721393035","11.81592039800995","4.671717171717172","16","11","4","True","complete","9EE9E97A512D4EB609C9D0559E9C85077C9BF70B7600A65D12B340450BC1D07F"
"太阳能板边缘中心旋转扫描.txt","太阳能板边缘中心旋转扫描","1","太阳能板边缘中心旋转扫描:s1:b16","405","431","2172","2172","128","200","24","88","111","24","24","229","209","72","14.24129353233831","12.997512437810945","4.545454545454546","14","12","4","True","complete","607FC732C4082BEE4995DFB0FE7966DBFB814A75EBC6701D5F8C1BC4E537729E"
"太阳能板边缘中心旋转扫描.txt","太阳能板边缘中心旋转扫描","1","太阳能板边缘中心旋转扫描:s1:b17","432","458","2206","2206","128","200","24","88","111","24","24","189","245","51","11.753731343283581","15.2363184079602","3.2196969696969697","11","15","3","True","complete","3CD5BF7D2E944D68244F844CDC791DEB37DEA8CA6E43686587D3A457322FC8E7"
"太阳能板边缘中心旋转扫描.txt","太阳能板边缘中心旋转扫描","1","太阳能板边缘中心旋转扫描:s1:b18","459","485","2241","2241","128","200","24","88","111","24","24","179","140","322","11.131840796019901","8.706467661691542","20.328282828282827","11","8","20","True","complete","4712FFE123A89766BD02F1D7C4005F4CC3C3961653D9C7F7CAFD2490141F8A12"
"太阳能板边缘中心旋转扫描.txt","太阳能板边缘中心旋转扫描","1","太阳能板边缘中心旋转扫描:s1:b19","486","513","2275","2275","128","200","24","88","111","24","24","132","296","1354","8.208955223880597","18.407960199004975","85.47979797979798","8","18","85","True","complete","CD71BC8E2126264028CEEBD5EFBE5EE859E4FA5153E709F7EEDDC206373C5540"
"太阳能板边缘中心旋转扫描.txt","太阳能板边缘中心旋转扫描","1","太阳能板边缘中心旋转扫描:s1:b20","515","541","2311","2311","128","200","24","88","111","24","24","188","1470","1324","11.691542288557214","91.41791044776119","83.58585858585859","11","91","83","True","complete","BD736EF347ABF1AD7ECEF29861EE8DAD129E56FF3F48F8ED9CA3EF330B970880"
"太阳能板边缘中心旋转扫描.txt","太阳能板边缘中心旋转扫描","1","太阳能板边缘中心旋转扫描:s1:b21","542","568","2345","2345","128","200","24","88","111","24","24","1231","1460","1414","76.55472636815921","90.79601990049751","89.26767676767676","76","90","89","True","complete","B7E80B5B7A23668EB4A846A772ECC8008E4448ED7B85EFEEEF389FC7781449E5"
"太阳能板边缘中心旋转扫描.txt","太阳能板边缘中心旋转扫描","1","太阳能板边缘中心旋转扫描:s1:b22","569","595","2379","2379","128","200","24","88","111","24","24","1549","1489","1389","96.33084577114428","92.59950248756219","87.68939393939394","96","92","87","True","complete","20CA3DC504F5F4D32128A25A796643779505BB1AC3ADDFF81B1BF9C64F183AA0"
"太阳能板边缘中心旋转扫描.txt","太阳能板边缘中心旋转扫描","1","太阳能板边缘中心旋转扫描:s1:b23","596","622","2414","2414","128","200","24","88","111","24","24","1525","1498","1439","94.83830845771145","93.1592039800995","90.8459595959596","94","93","90","True","complete","036EF071C3C2AF38F5340EBAC67DDDD65AC33C404ED2AE673E3164429C371338"
"太阳能板边缘中心旋转扫描.txt","太阳能板边缘中心旋转扫描","1","太阳能板边缘中心旋转扫描:s1:b24","623","649","2449","2449","128","200","24","88","111","24","24","1523","1496","1447","94.7139303482587","93.03482587064677","91.3510101010101","94","93","91","True","complete","A6F2045AD54A09655E6AC7826292B648B31D455C7DD63423CCA065CAE847E701"
"太阳能板边缘中心旋转扫描.txt","太阳能板边缘中心旋转扫描","1","太阳能板边缘中心旋转扫描:s1:b25","651","677","2483","2483","128","200","24","88","111","24","24","1488","1451","1485","92.53731343283582","90.2363184079602","93.75","92","90","93","True","complete","1A7514CDA9CA2CC8356622198CA5DB8712E12A3F12A1992C4D6A479D90D993E3"
"太阳能板边缘中心旋转扫描.txt","太阳能板边缘中心旋转扫描","1","太阳能板边缘中心旋转扫描:s1:b26","678","704","2519","2519","128","200","24","88","111","24","24","1481","1445","1450","92.10199004975124","89.863184079602","91.54040404040404","92","89","91","True","complete","7BEE161BC5730539F1FB318871C8E8206EF5AAF144CCC39F1EB2E9950A75C6FA"
"太阳能板边缘中心旋转扫描.txt","太阳能板边缘中心旋转扫描","1","太阳能板边缘中心旋转扫描:s1:b27","705","731","2553","2553","128","200","24","88","111","24","24","1494","1440","1458","92.91044776119404","89.55223880597015","92.04545454545455","92","89","92","True","complete","285746A2CABBA5D0E16F424192C08AE7F191180AF8C1ADA0696FF17F7DCB5F43"
"太阳能板边缘中心旋转扫描.txt","太阳能板边缘中心旋转扫描","1","太阳能板边缘中心旋转扫描:s1:b28","732","758","2587","2587","128","200","24","88","111","24","24","1496","1428","1456","93.03482587064677","88.80597014925372","91.91919191919192","93","88","91","True","complete","110323AE35A6596EE7C630F417D45AF071F312DAED4B645795F544D13B34BDD1"
"太阳能板边缘中心旋转扫描.txt","太阳能板边缘中心旋转扫描","1","太阳能板边缘中心旋转扫描:s1:b29","759",,"2622",,"128","200","24","88","111","10","24","645","635","626","96.26865671641791","94.77611940298507","94.84848484848484","96","94","94","False","interrupted_by_connection_loss","7358E340847888B14873B0708CBBB891060A321397CD3DD8C954EDDC2051F2BE"
"左转极限.txt","左转极限","1","左转极限:s1:orphan1",,"10",,"242",,"200","24","88","111","8","24","505","480","405","94.21641791044776","89.55223880597015","76.70454545454545","94","89","76","False","incomplete_row_count","F459B19A16476BEA594B9B93560125ACE9625CAD94838089136936EE5F065D27"
"左转极限.txt","左转极限","1","左转极限:s1:b2","11","37","276","276","128","200","24","88","111","24","24","1517","1469","1307","94.3407960199005","91.35572139303483","82.51262626262626","94","91","82","True","complete","045899872D1051AD00AEA82E2C55027DFD0619BDD73D1C416F995631742FA364"
"左转极限.txt","左转极限","1","左转极限:s1:b3","38","64","311","311","128","200","24","88","111","24","24","1519","1469","1308","94.46517412935323","91.35572139303483","82.57575757575758","94","91","82","True","complete","75650D27EF457A3AEA56BB819449BFEDC5B30CFBE092F355B93960CD85F4EDC9"
"左转极限.txt","左转极限","1","左转极限:s1:b4","65","91","346","346","128","200","24","88","111","24","24","1535","1474","1305","95.46019900497512","91.66666666666667","82.38636363636364","95","91","82","True","complete","4D9F030A7353B72E1C33C0BC8750DF4F171867591BAD6F773EFB3B7344ABC0FC"
"左转极限.txt","左转极限","1","左转极限:s1:b5","92","119","381","381","128","200","24","88","111","24","24","1509","1477","1478","93.84328358208955","91.85323383084577","93.3080808080808","93","91","93","True","complete","1C4F987ED31939FD577D3B3228D1EFAAAA1316089B47F9F03A8AD6EE01517E66"
"左转极限.txt","左转极限","1","左转极限:s1:b6","120","146","415","415","128","200","24","88","111","24","24","1435","1503","1393","89.2412935323383","93.47014925373135","87.9419191919192","89","93","87","True","complete","F17527B10B05DF6F7C2613CFCEDB6F7FEF07928FF96EE4E95623A3447CA66D7F"
"左转极限.txt","左转极限","1","左转极限:s1:b7","147","173","450","450","128","200","24","88","111","24","24","1412","1521","1028","87.81094527363184","94.58955223880596","64.8989898989899","87","94","64","True","complete","506BA5D824C7953A54E844B1F667BAC4A8E1D3EBB92B994E8883969DEB2D2C3C"
"左转极限.txt","左转极限","1","左转极限:s1:b8","174","200","484","484","128","200","24","88","111","24","24","1383","1486","455","86.00746268656717","92.41293532338308","28.724747474747474","86","92","28","True","complete","D4036D94CEFF6BC951BA680BE76814C4EA3B451E39A471A8EC4C6E46F6597B45"
"左转极限.txt","左转极限","1","左转极限:s1:b9","201","227","519","519","128","200","24","88","111","24","24","1374","1463","115","85.44776119402985","90.98258706467662","7.26010101010101","85","90","7","True","complete","E4E1A780F22913998512151A7B5450D696569A0D59158D7D306DBE43422857CA"
"左转极限.txt","左转极限","1","左转极限:s1:b10","228","255","553","553","128","200","24","88","111","24","24","1150","1321","341","71.51741293532338","82.15174129353234","21.52777777777778","71","82","21","True","complete","DAEA405109D2EE3D2EB9DB81EEDA50921C2EA38576F86ECE4C37435A295B82F1"
"左转极限.txt","左转极限","1","左转极限:s1:b11","257","283","588","588","128","200","24","88","111","24","24","472","1163","1273","29.35323383084577","72.32587064676616","80.36616161616162","29","72","80","True","complete","90BE92A727B56BD90B097CCDDC77BA373B6B87A1BE406548A8DF74ED5BA6DC58"
"左转极限.txt","左转极限","1","左转极限:s1:b12","284","310","623","623","128","200","24","88","111","24","24","529","841","1326","32.898009950248756","52.30099502487562","83.71212121212122","32","52","83","True","complete","909CCDC484128823CE965BDC7DA15C51F6F08F62C6D92897CE03EB0C47464E47"
"左转极限.txt","左转极限","1","左转极限:s1:b13","311","337","658","658","128","200","24","88","111","24","24","1132","232","1025","70.39800995024876","14.427860696517413","64.70959595959596","70","14","64","True","complete","C2D773FA65EF338A395526764030A6795387764D127C99F2ADEF9EA7126B2F49"
"左转极限.txt","左转极限","1","左转极限:s1:b14","338","364","691","691","128","200","24","88","111","24","24","1271","724","322","79.04228855721394","45.024875621890544","20.328282828282827","79","45","20","True","complete","1F62F3A0170C6EB346E0A9D5FB670CF1B94F38AFC8F763AE3F74B17C4AB7A82C"
"左转极限.txt","左转极限","1","左转极限:s1:b15","365","391","726","726","128","200","24","88","111","24","24","1357","1098","635","84.3905472636816","68.28358208955224","40.08838383838384","84","68","40","True","complete","96AF894A23EA2D439731C333983503C269AEE98751BA4CF50490EA5A2AC7A95B"
"左转极限.txt","左转极限","1","左转极限:s1:b16","393","419","761","761","128","200","24","88","111","24","24","1134","1115","911","70.5223880597015","69.3407960199005","57.51262626262626","70","69","57","True","complete","DE0C0FBA8AF7FB4711E60D34DC9A37D886371793C5511AB8341D4C6C8E723CCA"
"左转极限.txt","左转极限","1","左转极限:s1:b17","420","446","796","796","128","200","24","88","111","24","24","1131","1117","923","70.33582089552239","69.46517412935323","58.27020202020202","70","69","58","True","complete","680FA16025D607574AEFAA3C60F3ED1F28F7861632738D67107B27390F774E4A"
"左转极限.txt","左转极限","1","左转极限:s1:b18","447","473","831","831","128","200","24","88","111","24","24","1134","1115","913","70.5223880597015","69.3407960199005","57.638888888888886","70","69","57","True","complete","38DE4B9185EF540518BB55A14462AE3CD7B611FB21C38B6F88F6DE597366D92A"
"左转极限.txt","左转极限","1","左转极限:s1:b19","474","500","865","865","128","200","24","88","111","24","24","1135","1140","945","70.58457711442786","70.8955223880597","59.65909090909091","70","70","59","True","complete","18C43016AECACF7B09C0B5B3BEAF76B14D66E61C763ABFEBE3CCA82289A24DAE"
"左转极限.txt","左转极限","1","左转极限:s1:b20","501","531","900","900","128","200","24","88","111","24","24","1145","1192","1052","71.20646766169155","74.12935323383084","66.41414141414141","71","74","66","True","complete","0836BF8BBB73D9F1A24CF3650677501E401A17C36F38454D7533C2043A0C5D99"
"左转极限.txt","左转极限","1","左转极限:s1:b21","532","559","934","934","128","200","24","88","111","24","24","1019","1247","1109","63.37064676616915","77.54975124378109","70.01262626262626","63","77","70","True","complete","EA4620B6DCC1FE253839D32BFBE91B1B8C8A59200811E8E803AC15C9B2829E45"
"左转极限.txt","左转极限","1","左转极限:s1:b22","560","586","969","969","128","200","24","88","111","24","24","1042","1245","1083","64.80099502487562","77.42537313432835","68.37121212121212","64","77","68","True","complete","A00ECBC8EA9151C08DF72F99630765C2A695BF0C5D98375CA8D8B052562EF703"
"左转极限.txt","左转极限","1","左转极限:s1:b23","587","613","1003","1003","128","200","24","88","111","24","24","297","705","1167","18.470149253731343","43.843283582089555","73.67424242424242","18","43","73","True","complete","6097A9D7F2BFD990C4B264FC394D55243D2A9E3AB9EF249D8507C47A4F34D2C7"
"左转极限.txt","左转极限","1","左转极限:s1:b24","614","641","1038","1038","128","200","24","88","111","24","24","1432","534","424","89.05472636815921","33.208955223880594","26.767676767676768","89","33","26","True","complete","25B2C0A88DFA518609A63C59A40CCD449B83A272F9E0F89F45D2F15B8CF0FCAF"
"左转极限.txt","左转极限","1","左转极限:s1:b25","643","669","1073","1073","128","200","24","88","111","24","24","1231","1315","731","76.55472636815921","81.77860696517413","46.148989898989896","76","81","46","True","complete","B6C5A29C9F545834E8E0964BCA691F0334DE9ABFDF9CE4390AB994379B42E0B0"
"左转极限.txt","左转极限","1","左转极限:s1:b26","671","697","1108","1108","128","200","24","88","111","24","24","1557","1432","1392","96.82835820895522","89.05472636815921","87.87878787878788","96","89","87","True","complete","23FD1679ABBE02A19E6E937DAAB7A70870F0C1628AA4146B9FAAFA6C69449EEA"
"左转极限.txt","左转极限","1","左转极限:s1:b27","698","724","1141","1141","128","200","24","88","111","24","24","902","1482","1397","56.09452736318408","92.16417910447761","88.19444444444444","56","92","88","True","complete","60EBE83AEE22AD9F36DB58B5BCB1C9210361ADC9A30BA55E31E8A07A3F490398"
"左转极限.txt","左转极限","1","左转极限:s1:b28","725","751","1176","1176","128","200","24","88","111","24","24","1366","1496","1506","84.95024875621891","93.03482587064677","95.07575757575758","84","93","95","True","complete","1F0993D7817E8C6CA216047BD9F5149A42761D94C0BAF44AAD5A0C583B973571"
"左转极限.txt","左转极限","1","左转极限:s1:b29","752","778","1211","1211","128","200","24","88","111","24","24","1393","1489","1492","86.62935323383084","92.59950248756219","94.1919191919192","86","92","94","True","complete","7217B1B4319F85FA3106B4A1DCCC55BE895EADF9AE16E3A75A3CC13C8A90D2D3"
"左转极限.txt","左转极限","1","左转极限:s1:b30","779","805","1246","1246","128","200","24","88","111","24","24","1393","1491","1473","86.62935323383084","92.72388059701493","92.99242424242425","86","92","92","True","complete","20E484847A066D0097F1606ACB5EAF749A527A9D7E61DC4DA231357F36347BF2"
"左转极限.txt","左转极限","1","左转极限:s1:b31","807","833","1281","1281","128","200","24","88","111","24","24","1393","1493","1471","86.62935323383084","92.84825870646766","92.86616161616162","86","92","92","True","complete","4E4921FBEE0C28933EABC72330A84588457ED34AA1947FDA5D4961EA00FBC87B"
"左转极限.txt","左转极限","1","左转极限:s1:b32","834",,"1315",,"128","200","24","88","111","10","24","588","621","624","87.76119402985074","92.68656716417911","94.54545454545455","87","92","94","False","interrupted_by_connection_loss","AEDD5C1414A14158B237A355C89ABF2A6DC801EBF0B7FFD4C168355BFB7FF116"
"safe.txt","safe","1","safe:s1:b1","2","28","903","903","128","200","24","88","111","24","24","1478","1217","1502","91.91542288557214","75.68407960199005","94.82323232323232","91","75","94","True","complete","01E5D974BA54E744810064FD4BC41E3384AABE15CF87A2AA4025B17FD84D01E2"
"safe.txt","safe","1","safe:s1:b2","29","56","937","937","128","200","24","88","111","24","24","1480","1218","1501","92.03980099502488","75.74626865671642","94.76010101010101","92","75","94","True","complete","AA061D0F55894CE25E41CB5B6A7974FB1960887947F235C1137A2EC38087CCC4"
"safe.txt","safe","1","safe:s1:b3","57","83","971","971","128","200","24","88","111","24","24","1478","1218","1499","91.91542288557214","75.74626865671642","94.63383838383838","91","75","94","True","complete","3CBB69507B4785C31A389FC046C8FB2262F1EF2A7D78C6047A223B146F3963C1"
"safe.txt","safe","1","safe:s1:b4","84","110","1006","1006","128","200","24","88","111","24","24","1479","1217","1500","91.9776119402985","75.68407960199005","94.6969696969697","91","75","94","True","complete","31302DD86F58EB5C0AAFBAAA93700E18CCDA93A7B6652EA02CC0F76323601E4D"
"safe.txt","safe","1","safe:s1:b5","111","137","1041","1041","128","200","24","88","111","24","24","1480","1219","1502","92.03980099502488","75.80845771144278","94.82323232323232","92","75","94","True","complete","9BE1479EA6552D68C8D6230DCCCDDD38502307A07F1E1C35C02FB73F44B08297"
"safe.txt","safe","1","safe:s1:b6","139","165","1076","1076","128","200","24","88","111","24","24","1480","1215","1502","92.03980099502488","75.55970149253731","94.82323232323232","92","75","94","True","complete","3A2C75AE31262DCCEF31A85E44AEC7EEEAC94F7CD93E9D09863C9606CB22DC90"
"safe.txt","safe","1","safe:s1:b7","166","192","1111","1111","128","200","24","88","111","24","24","1480","1217","1502","92.03980099502488","75.68407960199005","94.82323232323232","92","75","94","True","complete","07ABD7D92F44A93D68C9A1AA97C8659D82B00362234FA4EB8E4A4D0C5E38CE72"
"safe.txt","safe","1","safe:s1:b8","193","219","1145","1145","128","200","24","88","111","24","24","1479","1217","1504","91.9776119402985","75.68407960199005","94.94949494949495","91","75","94","True","complete","83F4F783FF75B5B40C269180AEDF3740413886B64718C2FC7BCB8135976F502A"
"safe.txt","safe","1","safe:s1:b9","220","246","1179","1179","128","200","24","88","111","24","24","1482","1220","1504","92.16417910447761","75.87064676616916","94.94949494949495","92","75","94","True","complete","B289217D88B55C1A1E6A6E920B4F23A1DCE458D18CAC0A530046EAC159C8F436"
"safe.txt","safe","1","safe:s1:b10","247","273","1214","1214","128","200","24","88","111","24","24","1481","1217","1504","92.10199004975124","75.68407960199005","94.94949494949495","92","75","94","True","complete","9C7E64C4A5B83AFD13E20541D8F108D8BB922344FD7F1EBF8F52696065764CEB"
"safe.txt","safe","1","safe:s1:b11","275","301","1248","1248","128","200","24","88","111","24","24","1481","1220","1504","92.10199004975124","75.87064676616916","94.94949494949495","92","75","94","True","complete","8DFF868C012B02F45FC6CE18CA5664EC7D6C7954C96E23FF10B7CFB9742B066B"
"safe.txt","safe","1","safe:s1:b12","302","328","1283","1283","128","200","24","88","111","24","24","1482","1221","1505","92.16417910447761","75.93283582089552","95.01262626262626","92","75","95","True","complete","022128C02132B85A8D3147993E17CFA91D5C571AFFB87FD2E0F71AEFA40547D2"
"safe.txt","safe","1","safe:s1:b13","329","355","1318","1318","128","200","24","88","111","24","24","1480","1218","1504","92.03980099502488","75.74626865671642","94.94949494949495","92","75","94","True","complete","B5A9853DF3B40EEE42DC9060C0665466758C2C90579D975F821EECB84B4C6DD5"
"safe.txt","safe","1","safe:s1:b14","356","382","1352","1352","128","200","24","88","111","24","24","1482","1217","1500","92.16417910447761","75.68407960199005","94.6969696969697","92","75","94","True","complete","F7A328D83ED433CC88ADC96FC92453E0C025AFFD546E49E23794F861B8F86807"
"safe.txt","safe","1","safe:s1:b15","383","409","1387","1387","128","200","24","88","111","24","24","1487","1231","1506","92.47512437810946","76.55472636815921","95.07575757575758","92","76","95","True","complete","32FC3A244F322621131E172C8FD29123CE1140299BD6BEFB37401A33A85331CE"
"safe.txt","safe","1","safe:s1:b16","411","439","1421","1421","128","200","24","88","111","24","24","1547","1295","1524","96.20646766169155","80.53482587064677","96.21212121212122","96","80","96","True","complete","822A4FA79FCA03E9A436BE3E90AF52EFE600A86537315829D9D2B620E7DD73E3"
"safe.txt","safe","1","safe:s1:b17","440","466","1457","1457","128","200","24","88","111","24","24","1556","1325","1522","96.76616915422886","82.40049751243781","96.08585858585859","96","82","96","True","complete","E5955E2EF3FD174BA66C7613055FBDA28B2382CE90DFC56A81A2BBC85F2B1C4B"
"safe.txt","safe","1","safe:s1:b18","467","494","1491","1491","128","200","24","88","111","24","24","1543","1327","1525","95.95771144278606","82.52487562189054","96.27525252525253","95","82","96","True","complete","FE6771C96F38C6BAC7F816917B6ECB4A595E308A636DFA81DBBCF4C8A58D6BE8"
"safe.txt","safe","1","safe:s1:b19","495","522","1525","1525","128","200","24","88","111","24","24","1560","1332","1526","97.01492537313433","82.83582089552239","96.33838383838383","97","82","96","True","complete","03C0764DEFAE5D16E3CB21FD228550E23D81CD0A3B55C18B0FF0F6C5D176335A"
"safe.txt","safe","1","safe:s1:b20","523","549","1560","1560","128","200","24","88","111","24","24","1518","1244","1323","94.40298507462687","77.363184079602","83.52272727272727","94","77","83","True","complete","775CE9BC321F269B4D971E0499E86D4FC0623309762CD2658FD3829CEB70E087"
"safe.txt","safe","1","safe:s1:b21","550","576","1594","1594","128","200","24","88","111","24","24","1506","1217","1527","93.65671641791045","75.68407960199005","96.40151515151516","93","75","96","True","complete","8B2EECC1061A9ED7364ED288641DF9546D68419758628B8982C925E301620176"
"safe.txt","safe","1","safe:s1:b22","577","604","1630","1630","128","200","24","88","111","24","24","1514","1201","1525","94.1542288557214","74.68905472636816","96.27525252525253","94","74","96","True","complete","177186C8707032A0475A4E7F87597CDD8219010688223F2397D306CF650764AC"
"safe.txt","safe","1","safe:s1:b23","605","631","1664","1664","128","200","24","88","111","24","24","1558","1086","1522","96.8905472636816","67.53731343283582","96.08585858585859","96","67","96","True","complete","8D6D2BF5BDADFE61E6A6D928AC17FDA6A214160FB74F192C6E3B7EAC19F0A2BD"
"safe.txt","safe","1","safe:s1:b24","632","658","1698","1698","128","200","24","88","111","24","24","1561","1122","1463","97.07711442786069","69.77611940298507","92.36111111111111","97","69","92","True","complete","FD9995A9FB161D666408A19D9F871B530D21F25E8BE1DAD36C4F5B6FE73E6C23"
"safe.txt","safe","1","safe:s1:b25","659","685","1733","1733","128","200","24","88","111","24","24","1564","1193","1428","97.2636815920398","74.19154228855722","90.15151515151516","97","74","90","True","complete","6FF5F1B766A3886C7D84302CF20B9A1AC11DAA1F88C815DEB2DC7C11A14AEAF3"
"safe.txt","safe","1","safe:s1:b26","686","712","1768","1768","128","200","24","88","111","24","24","1555","1177","1473","96.70398009950249","73.19651741293532","92.99242424242425","96","73","92","True","complete","265864FB9CE87250D3BE16CAD20E0252B007D1D163F0BA2771A88C88BCC2EB08"
"safe.txt","safe","1","safe:s1:b27","713","740","1803","1803","128","200","24","88","111","24","24","1531","1078","1518","95.21144278606965","67.03980099502488","95.83333333333333","95","67","95","True","complete","E11D15D8CF1C345B52E92AD9FAB7B3B0CF1459E561C4F2AB07A2F923DC52AD55"
"safe.txt","safe","1","safe:s1:b28","741","767","1837","1837","128","200","24","88","111","24","24","1472","1111","1513","91.54228855721394","69.09203980099502","95.51767676767676","91","69","95","True","complete","1C025ED51BB2A6EAC4CFF8A05BEFA2AE29D4304037A062936CC5C8878675E21C"
"safe.txt","safe","1","safe:s1:b29","768","794","1872","1872","128","200","24","88","111","24","24","1562","1245","1519","97.13930348258707","77.42537313432835","95.89646464646465","97","77","95","True","complete","5191C8E56FEA2081B546A84BE30A13E7C3EDD51547C8256C28A8C4DD285CFB00"
"safe.txt","safe","1","safe:s1:b30","795","821","1906","1906","128","200","24","88","111","24","24","1543","1235","1509","95.95771144278606","76.80348258706468","95.26515151515152","95","76","95","True","complete","857BB6F1491FDA9A687199F85566C04BC1A6F23FE73B87D8C18B48F6EF69524D"
"safe.txt","safe","1","safe:s1:b31","822","849","1941","1941","128","200","24","88","111","24","24","1547","1245","1513","96.20646766169155","77.42537313432835","95.51767676767676","96","77","95","True","complete","9637BC4693C56D89079E7A62B027D7CBFB35E9E5F59A6F07B94687C14692F2D7"
"safe.txt","safe","1","safe:s1:b32","850","877","1976","1976","128","200","24","88","111","24","24","1524","1157","1497","94.77611940298507","71.95273631840796","94.50757575757575","94","71","94","True","complete","9EB59CD2CC8EE2A55900836F6708A435D99C6A4F0CEF48AE2B7540CD0489A96B"
"safe.txt","safe","1","safe:s1:b33","878","904","2010","2010","128","200","24","88","111","24","24","1565","1197","1369","97.32587064676616","74.44029850746269","86.42676767676768","97","74","86","True","complete","B41B0BAE40AACF06371F339469CA3B5FFFF3512E8E1228993C20284C8230E5B5"
"safe.txt","safe","1","safe:s1:b34","905","931","2045","2045","128","200","24","88","111","24","24","1554","1189","1382","96.64179104477611","73.94278606965175","87.24747474747475","96","73","87","True","complete","22329579BB20A0689C2F2553FA0BCF4EF2D7014B5DA9F6FF31FF877466A8D784"
"safe.txt","safe","1","safe:s1:b35","932","958","2080","2080","128","200","24","88","111","24","24","1545","1202","1520","96.08208955223881","74.75124378109453","95.95959595959596","96","74","95","True","complete","4EC5AE4CF738C17BEDA3E9CD6F6B029BC97A639D8078271063FB656E5B6052D7"
"safe.txt","safe","1","safe:s1:b36","959","985","2114","2114","128","200","24","88","111","24","24","1548","1224","1532","96.26865671641791","76.11940298507463","96.71717171717172","96","76","96","True","complete","E56E1AC0DDFC59DD6789EC8236D6722FE1845F137D660F54200258E1D06787E0"
"safe.txt","safe","1","safe:s1:b37","986","1013","2149","2149","128","200","24","88","111","24","24","1475","1151","1495","91.72885572139303","71.57960199004975","94.38131313131314","91","71","94","True","complete","D2BA566B241D929C3EE1BF487591FCC69DB06FBE04B8372C86AF51F046B8322B"
"safe.txt","safe","1","safe:s1:b38","1014","1040","2183","2183","128","200","24","88","111","24","24","1463","1152","1516","90.98258706467662","71.64179104477611","95.70707070707071","90","71","95","True","complete","B729A32BD08EB833FF6F299E33E95FC6323E6D699EAAB39922F5D4CE4AA60648"
"safe.txt","safe","1","safe:s1:b39","1041","1068","2218","2218","128","200","24","88","111","24","24","1372","1219","1348","85.32338308457712","75.80845771144278","85.1010101010101","85","75","85","True","complete","1B902D16C08FEF61168DA2FD1BEA1878D6815F5F8A688E7C320B6AB967C4E827"
"safe.txt","safe","1","safe:s1:b40","1069","1097","2252","2252","128","200","24","88","111","24","24","1105","1301","1468","68.71890547263682","80.90796019900498","92.67676767676768","68","80","92","True","complete","D94FCEFA96936CA5D97F3F50EC233B269C547F120ADE3F8948E64FDDEDF989C5"
"safe.txt","safe","1","safe:s1:b41","1098","1124","2287","2287","128","200","24","88","111","24","24","1460","1189","1439","90.79601990049751","73.94278606965175","90.8459595959596","90","73","90","True","complete","C09E6E2B05F9B35698D478418D587CB5139D2F52BFCC290AAF17EA0ADADE31EE"
"safe.txt","safe","1","safe:s1:b42","1125","1151","2322","2322","128","200","24","88","111","24","24","1567","1185","1491","97.45024875621891","73.69402985074628","94.12878787878788","97","73","94","True","complete","7D366B9D6B3758DB6BE0B19C7FADA2C470D00733D98F96BE6EB88A9E4BE86A18"
"safe.txt","safe","1","safe:s1:b43","1152","1179","2356","2356","128","200","24","88","111","24","24","1529","1206","1513","95.08706467661692","75","95.51767676767676","95","75","95","True","complete","B1DA4B49B0F5C548A76C182776E7304BEEFF99AE9E209F9DEC0BAD61314B6DD4"
"safe.txt","safe","1","safe:s1:b44","1180","1206","2391","2391","128","200","24","88","111","24","24","1513","1203","1509","94.09203980099502","74.81343283582089","95.26515151515152","94","74","95","True","complete","8DC0C9A99BEBC477258055BBCA637270DB867DB38C3B77D135B96511F3923E72"
"safe.txt","safe","1","safe:s1:b45","1207","1233","2426","2426","128","200","24","88","111","24","24","1512","1202","1509","94.02985074626865","74.75124378109453","95.26515151515152","94","74","95","True","complete","F275513D468CF5E73A01494A081B1763A1E7BA6FC7B973A978A3919DD7A3CAA8"
"safe.txt","safe","1","safe:s1:b46","1234",,"2460",,"128","200","24","88","111","12","24","764","597","765","95.02487562189054","74.25373134328358","96.5909090909091","95","74","96","False","interrupted_by_connection_loss","9CFB58AFD93AABA86E4ED66ED4A05628C723AB6677A520D185075B2ABCFDF6F1"
"两太阳能板过度.txt","两太阳能板过度","1","两太阳能板过度:s1:orphan1",,"24",,"997",,"200","24","88","111","22","24","1344","1324","1355","91.18046132971506","89.8236092265943","93.31955922865014","91","89","93","False","incomplete_row_count","B5F5B8E54C2F7CCA29C6B2A3B2AE02D7B95F7B087CB8EB781490C0000E73A813"
"两太阳能板过度.txt","两太阳能板过度","1","两太阳能板过度:s1:b2","25","51","1032","1032","128","200","24","88","111","24","24","1476","1449","1483","91.7910447761194","90.11194029850746","93.62373737373737","91","90","93","True","complete","A7925FE1A6D50ABD970421BC5FC23ECC079EC7B52FCFD19722BEBE357F4BB5F4"
"两太阳能板过度.txt","两太阳能板过度","1","两太阳能板过度:s1:b3","52","78","1066","1066","128","200","24","88","111","24","24","1476","1450","1487","91.7910447761194","90.17412935323384","93.87626262626263","91","90","93","True","complete","7DBF7184C21E7B1AADE56AE022CFBEA82ECB06817E4AD7CCD64F7452F881CA9D"
"两太阳能板过度.txt","两太阳能板过度","1","两太阳能板过度:s1:b4","80","106","1101","1101","128","200","24","88","111","24","24","1488","1445","1465","92.53731343283582","89.863184079602","92.48737373737374","92","89","92","True","complete","F8BCC039403F519BE2AA6DBE7B2BD5CBC3388CED16DE1DD059A978FD815A9F97"
"两太阳能板过度.txt","两太阳能板过度","1","两太阳能板过度:s1:b5","107","133","1136","1136","128","200","24","88","111","24","24","1519","1499","1465","94.46517412935323","93.22139303482587","92.48737373737374","94","93","92","True","complete","590DCC5E4F234B8D31C6C5FA941E3AAC01BC40EA80ADB44AC09DC070D531552C"
"两太阳能板过度.txt","两太阳能板过度","1","两太阳能板过度:s1:b6","134","161","1171","1171","128","200","24","88","111","24","24","1498","1453","1478","93.1592039800995","90.36069651741293","93.3080808080808","93","90","93","True","complete","BFD138FE0AFDF87892B5B525BAC271854287DA929F606EE020FF5F16F91DA27E"
"两太阳能板过度.txt","两太阳能板过度","1","两太阳能板过度:s1:b7","162","188","1205","1205","128","200","24","88","111","24","24","1487","1466","1466","92.47512437810946","91.16915422885572","92.55050505050505","92","91","92","True","complete","66D06291CF2B6029E288ADB92D9C581EF5DF4657CE9928E23A7433AF4EC46C65"
"两太阳能板过度.txt","两太阳能板过度","1","两太阳能板过度:s1:b8","189","215","1240","1240","128","200","24","88","111","24","24","1485","1449","1449","92.35074626865672","90.11194029850746","91.47727272727273","92","90","91","True","complete","C4DD54F6AA64F7161AA18B32519CFDE2FCF6A33A72E2FCCB66D2248F241F8214"
"两太阳能板过度.txt","两太阳能板过度","1","两太阳能板过度:s1:b9","217","243","1275","1275","128","200","24","88","111","24","24","1464","1428","1442","91.04477611940298","88.80597014925372","91.03535353535354","91","88","91","True","complete","42D6BD25AF33971DE4773DE927BA4CECC68278AABD74EAA43CB1FAF3AF796B49"
"两太阳能板过度.txt","两太阳能板过度","1","两太阳能板过度:s1:b10","244","270","1309","1309","128","200","24","88","111","24","24","1468","1434","1403","91.29353233830845","89.17910447761194","88.57323232323232","91","89","88","True","complete","C644EBC0389BDA9FAB4F1CA4EA82FC606BBFAB00E466437847DE8B7651CC9CC3"
"两太阳能板过度.txt","两太阳能板过度","1","两太阳能板过度:s1:b11","271","297","1344","1344","128","200","24","88","111","24","24","1433","1416","1426","89.11691542288557","88.05970149253731","90.02525252525253","89","88","90","True","complete","B2D01823770B7C53123908575DA5DEEF339C9C7ADA3AADD5229038E4E11D1CF3"
"两太阳能板过度.txt","两太阳能板过度","1","两太阳能板过度:s1:b12","298","324","1378","1378","128","200","24","88","111","24","24","1350","1369","1409","83.95522388059702","85.136815920398","88.95202020202021","83","85","88","True","complete","3DB53286AC18ACBFB02F8A86D41A6E2309EC3F9C0B96DFA1B89C6AB20C476105"
"两太阳能板过度.txt","两太阳能板过度","1","两太阳能板过度:s1:b13","325","352","1413","1413","128","200","24","88","111","24","24","1295","1330","1394","80.53482587064677","82.71144278606965","88.0050505050505","80","82","88","True","complete","4C25A6B55D69A499CF502A68C37CF86D5DCD11A045E39EF0A257FB60E494FADA"
"两太阳能板过度.txt","两太阳能板过度","1","两太阳能板过度:s1:b14","354","380","1448","1448","128","200","24","88","111","24","24","205","248","531","12.748756218905474","15.422885572139304","33.52272727272727","12","15","33","True","complete","D3A69AE0C0437EF77DE53C048FB54D2698296E80A4F1583193BB30993799A7A8"
"两太阳能板过度.txt","两太阳能板过度","1","两太阳能板过度:s1:b15","381","407","1482","1482","128","200","24","88","111","24","24","0","0","0","0","0","0","0","0","0","True","complete","23BAEB3CB670697EF0357770771958D691EFF1C7C9A2AE1C247E31AB488F3A70"
"两太阳能板过度.txt","两太阳能板过度","1","两太阳能板过度:s1:b16","408","435","1517","1517","128","200","24","88","111","24","24","953","805","510","59.266169154228855","50.06218905472637","32.196969696969695","59","50","32","True","complete","D7FFC2D9B2E59C02386676A80E2C1B36070529397DC55E42B2C8AE054A1D27F0"
"两太阳能板过度.txt","两太阳能板过度","1","两太阳能板过度:s1:b17","436","462","1552","1552","128","200","24","88","111","24","24","1498","1470","1384","93.1592039800995","91.41791044776119","87.37373737373737","93","91","87","True","complete","0EE05508C96F7CF000332B5788744C572638E830DEA8754CABF93E6623858812"
"两太阳能板过度.txt","两太阳能板过度","1","两太阳能板过度:s1:b18","463","489","1586","1586","128","200","24","88","111","24","24","1542","1454","1436","95.8955223880597","90.42288557213931","90.65656565656566","95","90","90","True","complete","F3FAD2D2A5BBE246AA797CB13C95540DF4B89A4F3674B23DD4F95B084DA0FF98"
"两太阳能板过度.txt","两太阳能板过度","1","两太阳能板过度:s1:b19","491","517","1621","1621","128","200","24","88","111","24","24","1459","1567","1484","90.73383084577114","97.45024875621891","93.68686868686869","90","97","93","True","complete","BCDCA939EC15E8F52DF665BCF8213D5B38E1E9F1B46867F64C1F64583A40BA9A"
"两太阳能板过度.txt","两太阳能板过度","1","两太阳能板过度:s1:b20","518","544","1655","1655","128","200","24","88","111","24","24","1481","1593","1485","92.10199004975124","99.06716417910448","93.75","92","99","93","True","complete","F8F24313DECB9D9093FF2B2EF6958BFF28AEBEA6826D85C419615DCC2371F550"
"两太阳能板过度.txt","两太阳能板过度","1","两太阳能板过度:s1:b21","545","571","1690","1690","128","200","24","88","111","24","24","1473","1530","1477","91.6044776119403","95.14925373134328","93.2449494949495","91","95","93","True","complete","24B399D5FF91A4EC3EF6F0161EB9450289483CC6DDC73E30CC2A4BE64618DB30"
"两太阳能板过度.txt","两太阳能板过度","1","两太阳能板过度:s1:b22","572","598","1724","1724","128","200","24","88","111","24","24","1512","1496","1507","94.02985074626865","93.03482587064677","95.13888888888889","94","93","95","True","complete","16E7C9DB6D71BD262DFCA47034810D007039F85B00B7E744F2DC949D78CEAB0E"
"两太阳能板过度.txt","两太阳能板过度","1","两太阳能板过度:s1:b23","599","626","1760","1760","128","200","24","88","111","24","24","1512","1504","1496","94.02985074626865","93.53233830845771","94.44444444444444","94","93","94","True","complete","6FC9A215C4385EACE4E81D896833857A7CCA728E0D89A4AFF63D04021FFC8D2B"
"两太阳能板过度.txt","两太阳能板过度","1","两太阳能板过度:s1:b24","628","655","1794","1794","128","200","24","88","111","24","24","1116","1090","1301","69.40298507462687","67.7860696517413","82.13383838383838","69","67","82","True","complete","BD082AC4CAD931E5F63CE606AD5014CE1F35B980C4E3F92E04D54FEB335C717E"
"两太阳能板过度.txt","两太阳能板过度","1","两太阳能板过度:s1:b25","656","682","1828","1828","128","200","24","88","111","24","24","1476","1492","1470","91.7910447761194","92.7860696517413","92.8030303030303","91","92","92","True","complete","F636042FE2B1CF92DED0B3857FBED9138E0B0375093BF975F19AA2D6B9742EFF"
"两太阳能板过度.txt","两太阳能板过度","1","两太阳能板过度:s1:b26","683","709","1863","1863","128","200","24","88","111","24","24","1508","1437","1473","93.78109452736318","89.36567164179104","92.99242424242425","93","89","92","True","complete","90AFBB4C6C73809F23F66475441F5E16DC42266E7C07E143022E225935816AFE"
"两太阳能板过度.txt","两太阳能板过度","1","两太阳能板过度:s1:b27","710","736","1897","1897","128","200","24","88","111","24","24","1496","1470","1423","93.03482587064677","91.41791044776119","89.83585858585859","93","91","89","True","complete","BB0F5C29E8BBD059522844127947F47BA7BBA8B80069E66219556A9198FB10FC"
"两太阳能板过度.txt","两太阳能板过度","1","两太阳能板过度:s1:b28","738","764","1933","1933","128","200","24","88","111","24","24","1492","1467","1424","92.7860696517413","91.23134328358209","89.8989898989899","92","91","89","True","complete","3F48F58062481D12543E74FD6F750DE9A47C51CFF538E32021D62F5DDD836471"
"两太阳能板过度.txt","两太阳能板过度","1","两太阳能板过度:s1:b29","765","791","1967","1967","128","200","24","88","111","24","24","1485","1467","1427","92.35074626865672","91.23134328358209","90.08838383838383","92","91","90","True","complete","39C048AE17A112A5AD05CB71BE5E74EF0C5943DF8DFA32E3865C6F2D7ACC8674"
"两太阳能板过度.txt","两太阳能板过度","1","两太阳能板过度:s1:b30","792","818","2002","2002","128","200","24","88","111","24","24","1488","1467","1423","92.53731343283582","91.23134328358209","89.83585858585859","92","91","89","True","complete","12C269AB0ACF9DC37C3601C2994F54A310964902482BB80A8FC90F6B509AD559"
"两太阳能板过度.txt","两太阳能板过度","1","两太阳能板过度:s1:b31","819",,"2036",,"128","200","24","88","111","16","24","981","993","983","91.51119402985074","92.63059701492537","93.08712121212122","91","92","93","False","interrupted_by_connection_loss","E0D2660CA30F042E17A04D6CD65D1E4476D275F665158E3A93A73C6EAF431E0A"
"两太阳能板带角度过度.txt","两太阳能板带角度过度","1","两太阳能板带角度过度:s1:orphan1",,"14",,"620",,"200","24","88","111","12","24","752","734","732","93.53233830845771","91.29353233830845","92.42424242424242","93","91","92","False","incomplete_row_count","5AA0E601E2749838D86389F2274B5DB4F648F7D39EB266DD34EAB5764F64154F"
"两太阳能板带角度过度.txt","两太阳能板带角度过度","1","两太阳能板带角度过度:s1:b2","15","41","654","654","128","200","24","88","111","24","24","1517","1489","1483","94.3407960199005","92.59950248756219","93.62373737373737","94","92","93","True","complete","AD7B2C12BFA253C7EAFE411004810F5DB81A2B0A1A09629E392D16B1C0D40A33"
"两太阳能板带角度过度.txt","两太阳能板带角度过度","1","两太阳能板带角度过度:s1:b3","42","68","689","689","128","200","24","88","111","24","24","1511","1489","1488","93.96766169154229","92.59950248756219","93.93939393939394","93","92","93","True","complete","3D846179A02C72C8D53EE169D45C83C8DE70304B1880A9FB854C80E8947426CC"
"两太阳能板带角度过度.txt","两太阳能板带角度过度","1","两太阳能板带角度过度:s1:b4","70","96","724","724","128","200","24","88","111","24","24","1532","1511","1507","95.27363184079601","93.96766169154229","95.13888888888889","95","93","95","True","complete","2943AE7F25AC9C6EDAC8120C9ADB84A538CDFB8242F99D1EBC89A02FB2DED095"
"两太阳能板带角度过度.txt","两太阳能板带角度过度","1","两太阳能板带角度过度:s1:b5","97","123","758","758","128","200","24","88","111","24","24","1524","1507","1501","94.77611940298507","93.71890547263682","94.76010101010101","94","93","94","True","complete","C2CFF487442550768BEBCF095B0C0DE43EF0458D7D10F81A70A69548A3B7ABF4"
"两太阳能板带角度过度.txt","两太阳能板带角度过度","1","两太阳能板带角度过度:s1:b6","124","150","793","793","128","200","24","88","111","24","24","1522","1512","1500","94.65174129353234","94.02985074626865","94.6969696969697","94","94","94","True","complete","77CE823F0FCE1952B91F38963EE0E0C15404453769957E901D10BAA9B53E797E"
"两太阳能板带角度过度.txt","两太阳能板带角度过度","1","两太阳能板带角度过度:s1:b7","151","177","827","827","128","200","24","88","111","24","24","1511","1506","1456","93.96766169154229","93.65671641791045","91.91919191919192","93","93","91","True","complete","79D58B987125556C0B1AE7380FF37B3779F10DE6E6A3AE1D33173726B1C4BBD9"
"两太阳能板带角度过度.txt","两太阳能板带角度过度","1","两太阳能板带角度过度:s1:b8","178","204","862","862","128","200","24","88","111","24","24","1492","1461","1431","92.7860696517413","90.85820895522389","90.3409090909091","92","90","90","True","complete","4E106CB5784F194200F18040FD6FF3C11A0BAA262E80C04F98C6F4B92578AEAA"
"两太阳能板带角度过度.txt","两太阳能板带角度过度","1","两太阳能板带角度过度:s1:b9","206","232","896","896","128","200","24","88","111","24","24","1467","1446","1385","91.23134328358209","89.92537313432835","87.43686868686869","91","89","87","True","complete","921C53B2EE810708558AC39B1989B1CC739168A48D0387461F0B5C2403736828"
"两太阳能板带角度过度.txt","两太阳能板带角度过度","1","两太阳能板带角度过度:s1:b10","233","260","931","931","128","200","24","88","111","24","24","1476","1441","672","91.7910447761194","89.61442786069652","42.42424242424242","91","89","42","True","complete","43D819E8DE16BF22389553A614F458E8AE2B20E70BB4B21EB7C38C7D811A5921"
"两太阳能板带角度过度.txt","两太阳能板带角度过度","1","两太阳能板带角度过度:s1:b11","261","287","966","966","128","200","24","88","111","24","24","1318","369","0","81.96517412935323","22.94776119402985","0","81","22","0","True","complete","3DEC6F1B66340FC206BF79C848E2D2CE63D2442852823BA30A7328B5D80BCF39"
"两太阳能板带角度过度.txt","两太阳能板带角度过度","1","两太阳能板带角度过度:s1:b12","288","315","1001","1001","128","200","24","88","111","24","24","133","12","547","8.271144278606965","0.746268656716418","34.532828282828284","8","0","34","True","complete","7BD716469981A5E7D7B95F2312E32CBEC6F16B318EA3E215D22E5C9827DDAF0E"
"两太阳能板带角度过度.txt","两太阳能板带角度过度","1","两太阳能板带角度过度:s1:b13","316","343","1035","1035","128","200","24","88","111","24","24","146","993","1394","9.07960199004975","61.75373134328358","88.0050505050505","9","61","88","True","complete","E5B8A38C3DC6E5AACB37EF3C5DAEF1F974F8F3F90D32D829C43D3FD4999D331E"
"两太阳能板带角度过度.txt","两太阳能板带角度过度","1","两太阳能板带角度过度:s1:b14","344","370","1070","1070","128","200","24","88","111","24","24","1100","1455","1422","68.40796019900498","90.48507462686567","89.77272727272727","68","90","89","True","complete","BF5264BBC747A9AE2069DE42A90CE88252E6C9CF53512F7DE09FE9690ACFD611"
"两太阳能板带角度过度.txt","两太阳能板带角度过度","1","两太阳能板带角度过度:s1:b15","371","397","1104","1104","128","200","24","88","111","24","24","1476","1481","1487","91.7910447761194","92.10199004975124","93.87626262626263","91","92","93","True","complete","DC0A25228C26028BB9E9BC75EBAE9AA679373EF95DDEA64B68A8A089AA2E107A"
"两太阳能板带角度过度.txt","两太阳能板带角度过度","1","两太阳能板带角度过度:s1:b16","398","425","1139","1139","128","200","24","88","111","24","24","1500","1503","1501","93.28358208955224","93.47014925373135","94.76010101010101","93","93","94","True","complete","2541AB276E8BDC75E0C5521EBCE3FE9884A9BD79DE778431C62DFAC427CBCBB8"
"两太阳能板带角度过度.txt","两太阳能板带角度过度","1","两太阳能板带角度过度:s1:b17","426","452","1173","1173","128","200","24","88","111","24","24","1531","1492","1491","95.21144278606965","92.7860696517413","94.12878787878788","95","92","94","True","complete","EE648F4F4DE2B0B84D7883546045E05DEB26FB860A306E3192BAC3295B162773"
"两太阳能板带角度过度.txt","两太阳能板带角度过度","1","两太阳能板带角度过度:s1:b18","453","479","1209","1209","128","200","24","88","111","24","24","1523","1505","1484","94.7139303482587","93.59452736318408","93.68686868686869","94","93","93","True","complete","A309D33C109DB4E8F3ECB90E46F0E9E3B3A4A95746159214A0D9842AA18FE208"
"两太阳能板带角度过度.txt","两太阳能板带角度过度","1","两太阳能板带角度过度:s1:b19","480","506","1242","1242","128","200","24","88","111","24","24","1493","1455","1434","92.84825870646766","90.48507462686567","90.53030303030303","92","90","90","True","complete","78491F06DE07E32C569A47C9C364EA98E9C43D59E173B5AC667E698CFA36A08D"
"两太阳能板带角度过度.txt","两太阳能板带角度过度","1","两太阳能板带角度过度:s1:b20","507","533","1277","1277","128","200","24","88","111","24","24","1443","1326","1158","89.73880597014926","82.46268656716418","73.10606060606061","89","82","73","True","complete","87D411B967C8B236A08FED7798C8FD0ABEC00AFBECF79DF94A0CA58BC1A67107"
"两太阳能板带角度过度.txt","两太阳能板带角度过度","1","两太阳能板带角度过度:s1:b21","534","561","1312","1312","128","200","24","88","111","24","24","1444","1336","1149","89.80099502487562","83.08457711442786","72.53787878787878","89","83","72","True","complete","17C31C650FE8EFEB7A90B16AEA2FE6A395FF0E498A9BDBED31930318E259BBF5"
"两太阳能板带角度过度.txt","两太阳能板带角度过度","1","两太阳能板带角度过度:s1:b22","562","588","1347","1347","128","200","24","88","111","24","24","1442","1338","1146","89.67661691542288","83.2089552238806","72.34848484848484","89","83","72","True","complete","201D5461CFD83A1B454B393BA3E0E2A4492D6A95D51C84D4542C97EA1E2350B7"
"两太阳能板带角度过度.txt","两太阳能板带角度过度","1","两太阳能板带角度过度:s1:b23","589","615","1381","1381","128","200","24","88","111","24","24","1440","1340","1147","89.55223880597015","83.33333333333333","72.41161616161617","89","83","72","True","complete","14C2E76E43B57B5144F55191A8DBE3AE89B43C61ABE6B6F1CAFC6FC886B2688C"
"两太阳能板带角度过度.txt","两太阳能板带角度过度","1","两太阳能板带角度过度:s1:b24","616","642","1416","1416","128","200","24","88","111","24","24","1440","1339","1144","89.55223880597015","83.27114427860697","72.22222222222223","89","83","72","True","complete","DEB03F402F36711D698B9B6E730B5BF97360288B41B04EB0C0E2C0118674FA1E"
"两太阳能板带角度过度.txt","两太阳能板带角度过度","1","两太阳能板带角度过度:s1:b25","643","669","1450","1450","128","200","24","88","111","24","24","1439","1338","1142","89.49004975124379","83.2089552238806","72.0959595959596","89","83","72","True","complete","56718E899225C5FB564001FBB02E7EDBF3A9CD0025E8946C24F83761C3E594DA"
"两太阳能板带角度过度.txt","两太阳能板带角度过度","1","两太阳能板带角度过度:s1:b26","670","697","1485","1485","128","200","24","88","111","24","24","1439","1339","1143","89.49004975124379","83.27114427860697","72.1590909090909","89","83","72","True","complete","499F9EEC66A7936304ADC1B1121B599108A2FC4BE64B7AFFA4CB0BB3F1588A83"
"两太阳能板带角度过度.txt","两太阳能板带角度过度","1","两太阳能板带角度过度:s1:b27","698","724","1519","1519","128","200","24","88","111","24","24","1439","1337","1142","89.49004975124379","83.14676616915423","72.0959595959596","89","83","72","True","complete","C0A99F6A79966F97125060DC0A3DE4A86CA77F4D2B7A4482AFB6E4F17D106905"
"两太阳能板带角度过度.txt","两太阳能板带角度过度","1","两太阳能板带角度过度:s1:b28","725",,"1555",,"128","200","24","88","111","10","24","605","516","470","90.29850746268657","77.01492537313433","71.21212121212122","90","77","71","False","interrupted_by_connection_loss","41C21CDDCB87A520905B7593E1225168D147520CBE007EE88409D94536F62273"
"太阳能板直角边源.txt","太阳能板直角边源","1","太阳能板直角边源:s1:orphan1",,"19",,"811",,"200","24","88","111","17","24","0","654","794","0","57.41878841088674","70.76648841354724","0","57","70","False","incomplete_row_count","C009120F6F14FC7F827C983AB28501F0A1901D5B571311A4F3CEC114978EE73C"
"太阳能板直角边源.txt","太阳能板直角边源","1","太阳能板直角边源:s1:b2","20","46","839","839","128","200","24","88","111","24","24","35","239","1346","2.1766169154228856","14.86318407960199","84.97474747474747","2","14","84","True","complete","D9006859CED3E000CD55272644BC7373C2C0F09BEACD4148CFFE027130B3B575"
"太阳能板直角边源.txt","太阳能板直角边源","1","太阳能板直角边源:s1:b3","47","74","872","872","128","200","24","88","111","24","24","42","246","1350","2.611940298507463","15.298507462686567","85.22727272727273","2","15","85","True","complete","CF79FBCF0DA8B9B58F0DE7B541757C7BE3316DDD2D0ED4DCAC0F8E4FD1E05F14"
"太阳能板直角边源.txt","太阳能板直角边源","1","太阳能板直角边源:s1:b4","75","101","904","904","128","200","24","88","111","24","24","37","248","1358","2.300995024875622","15.422885572139304","85.73232323232324","2","15","85","True","complete","C29210BB4F28A4A23BAA3121A7451B22BA0854FE1D22256C5B6D32923F7E145A"
"太阳能板直角边源.txt","太阳能板直角边源","1","太阳能板直角边源:s1:b5","102","128","936","936","128","200","24","88","111","24","24","38","242","1355","2.36318407960199","15.049751243781095","85.54292929292929","2","15","85","True","complete","E7DF82082170C375372C6D7AFEFB8A4E2DA4824AE5610CC20B05BB82290A274F"
"太阳能板直角边源.txt","太阳能板直角边源","1","太阳能板直角边源:s1:b6","129","155","970","970","128","200","24","88","111","24","24","90","257","1362","5.597014925373134","15.982587064676617","85.98484848484848","5","15","85","True","complete","51554908A688BFC4AA90D2BD545B7465B9894EADD1E4887FD6F6E522B763A8FF"
"太阳能板直角边源.txt","太阳能板直角边源","1","太阳能板直角边源:s1:b7","156","182","1004","1004","128","200","24","88","111","24","24","146","253","1359","9.07960199004975","15.733830845771145","85.79545454545455","9","15","85","True","complete","A446867858694E5CAB56628CF58F5DE38C041AC2EB53503C1407A3B5A9F62C75"
"太阳能板直角边源.txt","太阳能板直角边源","1","太阳能板直角边源:s1:b8","183","210","1038","1038","128","200","24","88","111","24","24","147","269","1368","9.14179104477612","16.728855721393035","86.36363636363636","9","16","86","True","complete","891C7F398499F5A2D62073723592AB0712A7673F8A6C4C4B15CA43BD64660318"
"太阳能板直角边源.txt","太阳能板直角边源","1","太阳能板直角边源:s1:b9","211","237","1066","1066","128","200","24","88","111","24","24","158","265","1369","9.82587064676617","16.480099502487562","86.42676767676768","9","16","86","True","complete","7487D10437B24BB5CC385B483180D0385CCFB6CF5A9096409650801FEBD96013"
"太阳能板直角边源.txt","太阳能板直角边源","1","太阳能板直角边源:s1:b10","238",,"1098",,"128","200","24","88","111","2","24","9","14","94","6.7164179104477615","10.447761194029852","71.21212121212122","6","10","71","False","interrupted_by_connection_loss","69E9803E9F68C71189CD7D1B325A8D480B5F59620DBDCBAAE16ACAECF153248F"
"太阳能板直角边源.txt","太阳能板直角边源","2","太阳能板直角边源:s2:b1","242","268","487","487","128","200","24","88","111","24","24","1551","1236","1332","96.45522388059702","76.86567164179104","84.0909090909091","96","76","84","True","complete","0E8A153B5063E260DBFEB572154DA9BBCBD8537A9ABAEC1D1D6D73A98FEA1DF6"
"太阳能板直角边源.txt","太阳能板直角边源","2","太阳能板直角边源:s2:b2","270","296","521","521","128","200","24","88","111","24","24","1544","1289","1523","96.01990049751244","80.16169154228855","96.1489898989899","96","80","96","True","complete","45A7CA0A1C3B66422627F9003B96F4798FF746F33ABCC1FCB75A733505AF5865"
"太阳能板直角边源.txt","太阳能板直角边源","2","太阳能板直角边源:s2:b3","297","323","557","557","128","200","24","88","111","24","24","1498","1155","1532","93.1592039800995","71.82835820895522","96.71717171717172","93","71","96","True","complete","51BF58C89E8B4FBD23DC2ED7447AF78D6469014555C10516D2AB7A794D4C0BDB"
"太阳能板直角边源.txt","太阳能板直角边源","2","太阳能板直角边源:s2:b4","324","350","590","590","128","200","24","88","111","24","24","1489","1208","1526","92.59950248756219","75.12437810945273","96.33838383838383","92","75","96","True","complete","51FF037625EA53DB681A9245BA347D364D1F8A2D7990733EDC0DA0167379BAD6"
"太阳能板直角边源.txt","太阳能板直角边源","2","太阳能板直角边源:s2:b5","351","377","626","626","128","200","24","88","111","24","24","1560","1147","1519","97.01492537313433","71.33084577114428","95.89646464646465","97","71","95","True","complete","43A814ED478E4B0A2256668F5BC67EE7C45890430188EB0C1E415BA67F8AD256"
"太阳能板直角边源.txt","太阳能板直角边源","2","太阳能板直角边源:s2:b6","378","405","660","660","128","200","24","88","111","24","24","1568","1185","1493","97.51243781094527","73.69402985074628","94.2550505050505","97","73","94","True","complete","14F88F2F58E8D3C86F699D028F4323BE75D08DB36F95093E9CC1EAF8ECC93D95"
"太阳能板直角边源.txt","太阳能板直角边源","2","太阳能板直角边源:s2:b7","406","432","695","695","128","200","24","88","111","24","24","1501","1410","1027","93.3457711442786","87.68656716417911","64.83585858585859","93","87","64","True","complete","E4C570265860EDCA286E684EFFA745B1E739FC85A4AE8D55D3C86AD2F421DA35"
"太阳能板直角边源.txt","太阳能板直角边源","2","太阳能板直角边源:s2:b8","433","463","729","729","128","200","24","88","111","24","24","1575","1354","956","97.94776119402985","84.20398009950249","60.35353535353536","97","84","60","True","complete","6ABD3EDEEEFBACCF20EC156F17207F6DDD5A6516D1ACD41D1A583C7DAE404F4C"
"太阳能板直角边源.txt","太阳能板直角边源","2","太阳能板直角边源:s2:b9","464","490","764","764","128","200","24","88","111","24","24","1490","1214","1503","92.66169154228855","75.49751243781094","94.88636363636364","92","75","94","True","complete","F65C8B7FA32257E9CFA174B913AA9DE74A53083E724691357447C8D1C3D7DF23"
"太阳能板直角边源.txt","太阳能板直角边源","2","太阳能板直角边源:s2:b10","491","517","799","799","128","200","24","88","111","24","24","1476","1222","1501","91.7910447761194","75.9950248756219","94.76010101010101","91","75","94","True","complete","7F59B3525A6E14A6936D7C3CA09B8B359E76D314E77B702A2E6E1A7FB391BC77"
"太阳能板直角边源.txt","太阳能板直角边源","2","太阳能板直角边源:s2:b11","518","544","833","833","128","200","24","88","111","24","24","1477","1218","1501","91.85323383084577","75.74626865671642","94.76010101010101","91","75","94","True","complete","654ED20CFFAE53B720FC5D5DF928C7DB28135BC96698FEAAA4B021F9086E48F1"
"太阳能板直角边源.txt","太阳能板直角边源","2","太阳能板直角边源:s2:b12","545","571","868","868","128","200","24","88","111","24","24","1478","1218","1502","91.91542288557214","75.74626865671642","94.82323232323232","91","75","94","True","complete","6DAF3CE5CB4B3CDBB2A405AE15B9F0BC8D49FAF6BD17C967975C1983F1C89E90"
"太阳能板直角边源.txt","太阳能板直角边源","2","太阳能板直角边源:s2:b13","573","599","903","903","128","200","24","88","111","24","24","1478","1217","1502","91.91542288557214","75.68407960199005","94.82323232323232","91","75","94","True","complete","01E5D974BA54E744810064FD4BC41E3384AABE15CF87A2AA4025B17FD84D01E2"
"太阳能板直角边源.txt","太阳能板直角边源","2","太阳能板直角边源:s2:b14","600","627","937","937","128","200","24","88","111","24","24","1480","1218","1501","92.03980099502488","75.74626865671642","94.76010101010101","92","75","94","True","complete","AA061D0F55894CE25E41CB5B6A7974FB1960887947F235C1137A2EC38087CCC4"
"太阳能板直角边源.txt","太阳能板直角边源","2","太阳能板直角边源:s2:b15","628","654","971","971","128","200","24","88","111","24","24","1478","1218","1499","91.91542288557214","75.74626865671642","94.63383838383838","91","75","94","True","complete","3CBB69507B4785C31A389FC046C8FB2262F1EF2A7D78C6047A223B146F3963C1"
"太阳能板直角边源.txt","太阳能板直角边源","2","太阳能板直角边源:s2:b16","655","681","1006","1006","128","200","24","88","111","24","24","1479","1217","1500","91.9776119402985","75.68407960199005","94.6969696969697","91","75","94","True","complete","31302DD86F58EB5C0AAFBAAA93700E18CCDA93A7B6652EA02CC0F76323601E4D"
"太阳能板直角边源.txt","太阳能板直角边源","2","太阳能板直角边源:s2:b17","682","708","1041","1041","128","200","24","88","111","24","24","1480","1219","1502","92.03980099502488","75.80845771144278","94.82323232323232","92","75","94","True","complete","9BE1479EA6552D68C8D6230DCCCDDD38502307A07F1E1C35C02FB73F44B08297"
"太阳能板直角边源.txt","太阳能板直角边源","2","太阳能板直角边源:s2:b18","710","736","1076","1076","128","200","24","88","111","24","24","1480","1215","1502","92.03980099502488","75.55970149253731","94.82323232323232","92","75","94","True","complete","3A2C75AE31262DCCEF31A85E44AEC7EEEAC94F7CD93E9D09863C9606CB22DC90"
"太阳能板直角边源.txt","太阳能板直角边源","2","太阳能板直角边源:s2:b19","737","763","1111","1111","128","200","24","88","111","24","24","1480","1217","1502","92.03980099502488","75.68407960199005","94.82323232323232","92","75","94","True","complete","07ABD7D92F44A93D68C9A1AA97C8659D82B00362234FA4EB8E4A4D0C5E38CE72"
"太阳能板直角边源.txt","太阳能板直角边源","2","太阳能板直角边源:s2:b20","764","790","1145","1145","128","200","24","88","111","24","24","1479","1217","1504","91.9776119402985","75.68407960199005","94.94949494949495","91","75","94","True","complete","83F4F783FF75B5B40C269180AEDF3740413886B64718C2FC7BCB8135976F502A"
"太阳能板直角边源.txt","太阳能板直角边源","2","太阳能板直角边源:s2:b21","791","817","1179","1179","128","200","24","88","111","24","24","1482","1220","1504","92.16417910447761","75.87064676616916","94.94949494949495","92","75","94","True","complete","B289217D88B55C1A1E6A6E920B4F23A1DCE458D18CAC0A530046EAC159C8F436"
"太阳能板直角边源.txt","太阳能板直角边源","2","太阳能板直角边源:s2:b22","818","844","1214","1214","128","200","24","88","111","24","24","1481","1217","1504","92.10199004975124","75.68407960199005","94.94949494949495","92","75","94","True","complete","9C7E64C4A5B83AFD13E20541D8F108D8BB922344FD7F1EBF8F52696065764CEB"
"太阳能板直角边源.txt","太阳能板直角边源","2","太阳能板直角边源:s2:b23","846","872","1248","1248","128","200","24","88","111","24","24","1481","1220","1504","92.10199004975124","75.87064676616916","94.94949494949495","92","75","94","True","complete","8DFF868C012B02F45FC6CE18CA5664EC7D6C7954C96E23FF10B7CFB9742B066B"
"太阳能板直角边源.txt","太阳能板直角边源","2","太阳能板直角边源:s2:b24","873","899","1283","1283","128","200","24","88","111","24","24","1482","1221","1505","92.16417910447761","75.93283582089552","95.01262626262626","92","75","95","True","complete","022128C02132B85A8D3147993E17CFA91D5C571AFFB87FD2E0F71AEFA40547D2"
"太阳能板直角边源.txt","太阳能板直角边源","2","太阳能板直角边源:s2:b25","900","926","1318","1318","128","200","24","88","111","24","24","1480","1218","1504","92.03980099502488","75.74626865671642","94.94949494949495","92","75","94","True","complete","B5A9853DF3B40EEE42DC9060C0665466758C2C90579D975F821EECB84B4C6DD5"
"太阳能板直角边源.txt","太阳能板直角边源","2","太阳能板直角边源:s2:b26","927","953","1352","1352","128","200","24","88","111","24","24","1482","1217","1500","92.16417910447761","75.68407960199005","94.6969696969697","92","75","94","True","complete","F7A328D83ED433CC88ADC96FC92453E0C025AFFD546E49E23794F861B8F86807"
"太阳能板直角边源.txt","太阳能板直角边源","2","太阳能板直角边源:s2:b27","954","980","1387","1387","128","200","24","88","111","24","24","1487","1231","1506","92.47512437810946","76.55472636815921","95.07575757575758","92","76","95","True","complete","32FC3A244F322621131E172C8FD29123CE1140299BD6BEFB37401A33A85331CE"
"太阳能板直角边源.txt","太阳能板直角边源","2","太阳能板直角边源:s2:b28","982","1010","1421","1421","128","200","24","88","111","24","24","1547","1295","1524","96.20646766169155","80.53482587064677","96.21212121212122","96","80","96","True","complete","822A4FA79FCA03E9A436BE3E90AF52EFE600A86537315829D9D2B620E7DD73E3"
"太阳能板直角边源.txt","太阳能板直角边源","2","太阳能板直角边源:s2:b29","1011","1037","1457","1457","128","200","24","88","111","24","24","1556","1325","1522","96.76616915422886","82.40049751243781","96.08585858585859","96","82","96","True","complete","E5955E2EF3FD174BA66C7613055FBDA28B2382CE90DFC56A81A2BBC85F2B1C4B"
"太阳能板直角边源.txt","太阳能板直角边源","2","太阳能板直角边源:s2:b30","1038","1065","1491","1491","128","200","24","88","111","24","24","1543","1327","1525","95.95771144278606","82.52487562189054","96.27525252525253","95","82","96","True","complete","FE6771C96F38C6BAC7F816917B6ECB4A595E308A636DFA81DBBCF4C8A58D6BE8"
"太阳能板直角边源.txt","太阳能板直角边源","2","太阳能板直角边源:s2:b31","1066","1093","1525","1525","128","200","24","88","111","24","24","1560","1332","1526","97.01492537313433","82.83582089552239","96.33838383838383","97","82","96","True","complete","03C0764DEFAE5D16E3CB21FD228550E23D81CD0A3B55C18B0FF0F6C5D176335A"
"太阳能板直角边源.txt","太阳能板直角边源","2","太阳能板直角边源:s2:b32","1094","1120","1560","1560","128","200","24","88","111","24","24","1518","1244","1323","94.40298507462687","77.363184079602","83.52272727272727","94","77","83","True","complete","775CE9BC321F269B4D971E0499E86D4FC0623309762CD2658FD3829CEB70E087"
"太阳能板直角边源.txt","太阳能板直角边源","2","太阳能板直角边源:s2:b33","1121","1147","1594","1594","128","200","24","88","111","24","24","1506","1217","1527","93.65671641791045","75.68407960199005","96.40151515151516","93","75","96","True","complete","8B2EECC1061A9ED7364ED288641DF9546D68419758628B8982C925E301620176"
"太阳能板直角边源.txt","太阳能板直角边源","2","太阳能板直角边源:s2:b34","1148","1175","1630","1630","128","200","24","88","111","24","24","1514","1201","1525","94.1542288557214","74.68905472636816","96.27525252525253","94","74","96","True","complete","177186C8707032A0475A4E7F87597CDD8219010688223F2397D306CF650764AC"
"太阳能板直角边源.txt","太阳能板直角边源","2","太阳能板直角边源:s2:b35","1176","1202","1664","1664","128","200","24","88","111","24","24","1558","1086","1522","96.8905472636816","67.53731343283582","96.08585858585859","96","67","96","True","complete","8D6D2BF5BDADFE61E6A6D928AC17FDA6A214160FB74F192C6E3B7EAC19F0A2BD"
"太阳能板直角边源.txt","太阳能板直角边源","2","太阳能板直角边源:s2:b36","1203","1229","1698","1698","128","200","24","88","111","24","24","1561","1122","1463","97.07711442786069","69.77611940298507","92.36111111111111","97","69","92","True","complete","FD9995A9FB161D666408A19D9F871B530D21F25E8BE1DAD36C4F5B6FE73E6C23"
"太阳能板直角边源.txt","太阳能板直角边源","2","太阳能板直角边源:s2:b37","1230","1256","1733","1733","128","200","24","88","111","24","24","1564","1193","1428","97.2636815920398","74.19154228855722","90.15151515151516","97","74","90","True","complete","6FF5F1B766A3886C7D84302CF20B9A1AC11DAA1F88C815DEB2DC7C11A14AEAF3"
"太阳能板直角边源.txt","太阳能板直角边源","2","太阳能板直角边源:s2:b38","1257","1283","1768","1768","128","200","24","88","111","24","24","1555","1177","1473","96.70398009950249","73.19651741293532","92.99242424242425","96","73","92","True","complete","265864FB9CE87250D3BE16CAD20E0252B007D1D163F0BA2771A88C88BCC2EB08"
"太阳能板直角边源.txt","太阳能板直角边源","2","太阳能板直角边源:s2:b39","1284","1311","1803","1803","128","200","24","88","111","24","24","1531","1078","1518","95.21144278606965","67.03980099502488","95.83333333333333","95","67","95","True","complete","E11D15D8CF1C345B52E92AD9FAB7B3B0CF1459E561C4F2AB07A2F923DC52AD55"
"太阳能板直角边源.txt","太阳能板直角边源","2","太阳能板直角边源:s2:b40","1312","1338","1837","1837","128","200","24","88","111","24","24","1472","1111","1513","91.54228855721394","69.09203980099502","95.51767676767676","91","69","95","True","complete","1C025ED51BB2A6EAC4CFF8A05BEFA2AE29D4304037A062936CC5C8878675E21C"
"太阳能板直角边源.txt","太阳能板直角边源","2","太阳能板直角边源:s2:b41","1339","1365","1872","1872","128","200","24","88","111","24","24","1562","1245","1519","97.13930348258707","77.42537313432835","95.89646464646465","97","77","95","True","complete","5191C8E56FEA2081B546A84BE30A13E7C3EDD51547C8256C28A8C4DD285CFB00"
"太阳能板直角边源.txt","太阳能板直角边源","2","太阳能板直角边源:s2:b42","1366","1392","1906","1906","128","200","24","88","111","24","24","1543","1235","1509","95.95771144278606","76.80348258706468","95.26515151515152","95","76","95","True","complete","857BB6F1491FDA9A687199F85566C04BC1A6F23FE73B87D8C18B48F6EF69524D"
"太阳能板直角边源.txt","太阳能板直角边源","2","太阳能板直角边源:s2:b43","1393","1420","1941","1941","128","200","24","88","111","24","24","1547","1245","1513","96.20646766169155","77.42537313432835","95.51767676767676","96","77","95","True","complete","9637BC4693C56D89079E7A62B027D7CBFB35E9E5F59A6F07B94687C14692F2D7"
"太阳能板直角边源.txt","太阳能板直角边源","2","太阳能板直角边源:s2:b44","1421","1448","1976","1976","128","200","24","88","111","24","24","1524","1157","1497","94.77611940298507","71.95273631840796","94.50757575757575","94","71","94","True","complete","9EB59CD2CC8EE2A55900836F6708A435D99C6A4F0CEF48AE2B7540CD0489A96B"
"太阳能板直角边源.txt","太阳能板直角边源","2","太阳能板直角边源:s2:b45","1449","1475","2010","2010","128","200","24","88","111","24","24","1565","1197","1369","97.32587064676616","74.44029850746269","86.42676767676768","97","74","86","True","complete","B41B0BAE40AACF06371F339469CA3B5FFFF3512E8E1228993C20284C8230E5B5"
"太阳能板直角边源.txt","太阳能板直角边源","2","太阳能板直角边源:s2:b46","1476","1502","2045","2045","128","200","24","88","111","24","24","1554","1189","1382","96.64179104477611","73.94278606965175","87.24747474747475","96","73","87","True","complete","22329579BB20A0689C2F2553FA0BCF4EF2D7014B5DA9F6FF31FF877466A8D784"
"太阳能板直角边源.txt","太阳能板直角边源","2","太阳能板直角边源:s2:b47","1503","1529","2080","2080","128","200","24","88","111","24","24","1545","1202","1520","96.08208955223881","74.75124378109453","95.95959595959596","96","74","95","True","complete","4EC5AE4CF738C17BEDA3E9CD6F6B029BC97A639D8078271063FB656E5B6052D7"
"太阳能板直角边源.txt","太阳能板直角边源","2","太阳能板直角边源:s2:b48","1530","1556","2114","2114","128","200","24","88","111","24","24","1548","1224","1532","96.26865671641791","76.11940298507463","96.71717171717172","96","76","96","True","complete","E56E1AC0DDFC59DD6789EC8236D6722FE1845F137D660F54200258E1D06787E0"
"太阳能板直角边源.txt","太阳能板直角边源","2","太阳能板直角边源:s2:b49","1557","1584","2149","2149","128","200","24","88","111","24","24","1475","1151","1495","91.72885572139303","71.57960199004975","94.38131313131314","91","71","94","True","complete","D2BA566B241D929C3EE1BF487591FCC69DB06FBE04B8372C86AF51F046B8322B"
"太阳能板直角边源.txt","太阳能板直角边源","2","太阳能板直角边源:s2:b50","1585","1611","2183","2183","128","200","24","88","111","24","24","1463","1152","1516","90.98258706467662","71.64179104477611","95.70707070707071","90","71","95","True","complete","B729A32BD08EB833FF6F299E33E95FC6323E6D699EAAB39922F5D4CE4AA60648"
"太阳能板直角边源.txt","太阳能板直角边源","2","太阳能板直角边源:s2:b51","1612","1639","2218","2218","128","200","24","88","111","24","24","1372","1219","1348","85.32338308457712","75.80845771144278","85.1010101010101","85","75","85","True","complete","1B902D16C08FEF61168DA2FD1BEA1878D6815F5F8A688E7C320B6AB967C4E827"
"太阳能板直角边源.txt","太阳能板直角边源","2","太阳能板直角边源:s2:b52","1640","1668","2252","2252","128","200","24","88","111","24","24","1105","1301","1468","68.71890547263682","80.90796019900498","92.67676767676768","68","80","92","True","complete","D94FCEFA96936CA5D97F3F50EC233B269C547F120ADE3F8948E64FDDEDF989C5"
"太阳能板直角边源.txt","太阳能板直角边源","2","太阳能板直角边源:s2:b53","1669","1695","2287","2287","128","200","24","88","111","24","24","1460","1189","1439","90.79601990049751","73.94278606965175","90.8459595959596","90","73","90","True","complete","C09E6E2B05F9B35698D478418D587CB5139D2F52BFCC290AAF17EA0ADADE31EE"
"太阳能板直角边源.txt","太阳能板直角边源","2","太阳能板直角边源:s2:b54","1696","1722","2322","2322","128","200","24","88","111","24","24","1567","1185","1491","97.45024875621891","73.69402985074628","94.12878787878788","97","73","94","True","complete","7D366B9D6B3758DB6BE0B19C7FADA2C470D00733D98F96BE6EB88A9E4BE86A18"
"太阳能板直角边源.txt","太阳能板直角边源","2","太阳能板直角边源:s2:b55","1723","1750","2356","2356","128","200","24","88","111","24","24","1529","1206","1513","95.08706467661692","75","95.51767676767676","95","75","95","True","complete","B1DA4B49B0F5C548A76C182776E7304BEEFF99AE9E209F9DEC0BAD61314B6DD4"
"太阳能板直角边源.txt","太阳能板直角边源","2","太阳能板直角边源:s2:b56","1751","1777","2391","2391","128","200","24","88","111","24","24","1513","1203","1509","94.09203980099502","74.81343283582089","95.26515151515152","94","74","95","True","complete","8DC0C9A99BEBC477258055BBCA637270DB867DB38C3B77D135B96511F3923E72"
"太阳能板直角边源.txt","太阳能板直角边源","2","太阳能板直角边源:s2:b57","1778","1804","2426","2426","128","200","24","88","111","24","24","1512","1202","1509","94.02985074626865","74.75124378109453","95.26515151515152","94","74","95","True","complete","F275513D468CF5E73A01494A081B1763A1E7BA6FC7B973A978A3919DD7A3CAA8"
"太阳能板直角边源.txt","太阳能板直角边源","2","太阳能板直角边源:s2:b58","1805",,"2460",,"128","200","24","88","111","12","24","764","597","765","95.02487562189054","74.25373134328358","96.5909090909091","95","74","96","False","interrupted_by_connection_loss","9CFB58AFD93AABA86E4ED66ED4A05628C723AB6677A520D185075B2ABCFDF6F1"
"太阳能板直角边源.txt","太阳能板直角边源","3","太阳能板直角边源:s3:b1","1826","1855","3","3","128","200","24","88","111","24","24","1522","1482","1320","94.65174129353234","92.16417910447761","83.33333333333333","94","92","83","True","complete","398BB92D8840509E09A70AA7A163F1E77EC52F9818CAACB8BDABD36FB5AE83AB"
"太阳能板直角边源.txt","太阳能板直角边源","3","太阳能板直角边源:s3:b2","1856","1882","173","173","128","200","24","88","111","24","24","1517","1469","1308","94.3407960199005","91.35572139303483","82.57575757575758","94","91","82","True","complete","473A1590E71D21521EB65A3D316FD43738C0BE8B844D0FC240C26F6C3B6779C7"
"太阳能板直角边源.txt","太阳能板直角边源","3","太阳能板直角边源:s3:b3","1883","1910","207","207","128","200","24","88","111","24","24","1517","1469","1309","94.3407960199005","91.35572139303483","82.63888888888889","94","91","82","True","complete","BD1F37F5790785E5D5AE9654E8A7FB130166523CF92C65B00D93470979CCDA4B"
"太阳能板直角边源.txt","太阳能板直角边源","3","太阳能板直角边源:s3:b4","1911","1937","242","242","128","200","24","88","111","24","24","1517","1468","1308","94.3407960199005","91.29353233830845","82.57575757575758","94","91","82","True","complete","002B1E4C14F970A88FA95E01404B9E2632B4C912226B8B65852281B93DF90AC2"
"太阳能板直角边源.txt","太阳能板直角边源","3","太阳能板直角边源:s3:b5","1938","1964","276","276","128","200","24","88","111","24","24","1517","1469","1307","94.3407960199005","91.35572139303483","82.51262626262626","94","91","82","True","complete","045899872D1051AD00AEA82E2C55027DFD0619BDD73D1C416F995631742FA364"
"太阳能板直角边源.txt","太阳能板直角边源","3","太阳能板直角边源:s3:b6","1965","1991","311","311","128","200","24","88","111","24","24","1519","1469","1308","94.46517412935323","91.35572139303483","82.57575757575758","94","91","82","True","complete","75650D27EF457A3AEA56BB819449BFEDC5B30CFBE092F355B93960CD85F4EDC9"
"太阳能板直角边源.txt","太阳能板直角边源","3","太阳能板直角边源:s3:b7","1992","2018","346","346","128","200","24","88","111","24","24","1535","1474","1305","95.46019900497512","91.66666666666667","82.38636363636364","95","91","82","True","complete","4D9F030A7353B72E1C33C0BC8750DF4F171867591BAD6F773EFB3B7344ABC0FC"
"太阳能板直角边源.txt","太阳能板直角边源","3","太阳能板直角边源:s3:b8","2019","2046","381","381","128","200","24","88","111","24","24","1509","1477","1478","93.84328358208955","91.85323383084577","93.3080808080808","93","91","93","True","complete","1C4F987ED31939FD577D3B3228D1EFAAAA1316089B47F9F03A8AD6EE01517E66"
"太阳能板直角边源.txt","太阳能板直角边源","3","太阳能板直角边源:s3:b9","2047","2073","415","415","128","200","24","88","111","24","24","1435","1503","1393","89.2412935323383","93.47014925373135","87.9419191919192","89","93","87","True","complete","F17527B10B05DF6F7C2613CFCEDB6F7FEF07928FF96EE4E95623A3447CA66D7F"
"太阳能板直角边源.txt","太阳能板直角边源","3","太阳能板直角边源:s3:b10","2074","2100","450","450","128","200","24","88","111","24","24","1412","1521","1028","87.81094527363184","94.58955223880596","64.8989898989899","87","94","64","True","complete","506BA5D824C7953A54E844B1F667BAC4A8E1D3EBB92B994E8883969DEB2D2C3C"
"太阳能板直角边源.txt","太阳能板直角边源","3","太阳能板直角边源:s3:b11","2101","2127","484","484","128","200","24","88","111","24","24","1383","1486","455","86.00746268656717","92.41293532338308","28.724747474747474","86","92","28","True","complete","D4036D94CEFF6BC951BA680BE76814C4EA3B451E39A471A8EC4C6E46F6597B45"
"太阳能板直角边源.txt","太阳能板直角边源","3","太阳能板直角边源:s3:b12","2128","2154","519","519","128","200","24","88","111","24","24","1374","1463","115","85.44776119402985","90.98258706467662","7.26010101010101","85","90","7","True","complete","E4E1A780F22913998512151A7B5450D696569A0D59158D7D306DBE43422857CA"
"太阳能板直角边源.txt","太阳能板直角边源","3","太阳能板直角边源:s3:b13","2155","2182","553","553","128","200","24","88","111","24","24","1150","1321","341","71.51741293532338","82.15174129353234","21.52777777777778","71","82","21","True","complete","DAEA405109D2EE3D2EB9DB81EEDA50921C2EA38576F86ECE4C37435A295B82F1"
"太阳能板直角边源.txt","太阳能板直角边源","3","太阳能板直角边源:s3:b14","2184","2210","588","588","128","200","24","88","111","24","24","472","1163","1273","29.35323383084577","72.32587064676616","80.36616161616162","29","72","80","True","complete","90BE92A727B56BD90B097CCDDC77BA373B6B87A1BE406548A8DF74ED5BA6DC58"
"太阳能板直角边源.txt","太阳能板直角边源","3","太阳能板直角边源:s3:b15","2211","2237","623","623","128","200","24","88","111","24","24","529","841","1326","32.898009950248756","52.30099502487562","83.71212121212122","32","52","83","True","complete","909CCDC484128823CE965BDC7DA15C51F6F08F62C6D92897CE03EB0C47464E47"
"太阳能板直角边源.txt","太阳能板直角边源","3","太阳能板直角边源:s3:b16","2238","2264","658","658","128","200","24","88","111","24","24","1132","232","1025","70.39800995024876","14.427860696517413","64.70959595959596","70","14","64","True","complete","C2D773FA65EF338A395526764030A6795387764D127C99F2ADEF9EA7126B2F49"
"太阳能板直角边源.txt","太阳能板直角边源","3","太阳能板直角边源:s3:b17","2265","2291","691","691","128","200","24","88","111","24","24","1271","724","322","79.04228855721394","45.024875621890544","20.328282828282827","79","45","20","True","complete","1F62F3A0170C6EB346E0A9D5FB670CF1B94F38AFC8F763AE3F74B17C4AB7A82C"
"太阳能板直角边源.txt","太阳能板直角边源","3","太阳能板直角边源:s3:b18","2292","2318","726","726","128","200","24","88","111","24","24","1357","1098","635","84.3905472636816","68.28358208955224","40.08838383838384","84","68","40","True","complete","96AF894A23EA2D439731C333983503C269AEE98751BA4CF50490EA5A2AC7A95B"
"太阳能板直角边源.txt","太阳能板直角边源","3","太阳能板直角边源:s3:b19","2320","2346","761","761","128","200","24","88","111","24","24","1134","1115","911","70.5223880597015","69.3407960199005","57.51262626262626","70","69","57","True","complete","DE0C0FBA8AF7FB4711E60D34DC9A37D886371793C5511AB8341D4C6C8E723CCA"
"太阳能板直角边源.txt","太阳能板直角边源","3","太阳能板直角边源:s3:b20","2347","2373","796","796","128","200","24","88","111","24","24","1131","1117","923","70.33582089552239","69.46517412935323","58.27020202020202","70","69","58","True","complete","680FA16025D607574AEFAA3C60F3ED1F28F7861632738D67107B27390F774E4A"
"太阳能板直角边源.txt","太阳能板直角边源","3","太阳能板直角边源:s3:b21","2374","2400","831","831","128","200","24","88","111","24","24","1134","1115","913","70.5223880597015","69.3407960199005","57.638888888888886","70","69","57","True","complete","38DE4B9185EF540518BB55A14462AE3CD7B611FB21C38B6F88F6DE597366D92A"
"太阳能板直角边源.txt","太阳能板直角边源","3","太阳能板直角边源:s3:b22","2401","2427","865","865","128","200","24","88","111","24","24","1135","1140","945","70.58457711442786","70.8955223880597","59.65909090909091","70","70","59","True","complete","18C43016AECACF7B09C0B5B3BEAF76B14D66E61C763ABFEBE3CCA82289A24DAE"
"太阳能板直角边源.txt","太阳能板直角边源","3","太阳能板直角边源:s3:b23","2428","2458","900","900","128","200","24","88","111","24","24","1145","1192","1052","71.20646766169155","74.12935323383084","66.41414141414141","71","74","66","True","complete","0836BF8BBB73D9F1A24CF3650677501E401A17C36F38454D7533C2043A0C5D99"
"太阳能板直角边源.txt","太阳能板直角边源","3","太阳能板直角边源:s3:b24","2459","2486","934","934","128","200","24","88","111","24","24","1019","1247","1109","63.37064676616915","77.54975124378109","70.01262626262626","63","77","70","True","complete","EA4620B6DCC1FE253839D32BFBE91B1B8C8A59200811E8E803AC15C9B2829E45"
"太阳能板直角边源.txt","太阳能板直角边源","3","太阳能板直角边源:s3:b25","2487","2513","969","969","128","200","24","88","111","24","24","1042","1245","1083","64.80099502487562","77.42537313432835","68.37121212121212","64","77","68","True","complete","A00ECBC8EA9151C08DF72F99630765C2A695BF0C5D98375CA8D8B052562EF703"
"太阳能板直角边源.txt","太阳能板直角边源","3","太阳能板直角边源:s3:b26","2514","2540","1003","1003","128","200","24","88","111","24","24","297","705","1167","18.470149253731343","43.843283582089555","73.67424242424242","18","43","73","True","complete","6097A9D7F2BFD990C4B264FC394D55243D2A9E3AB9EF249D8507C47A4F34D2C7"
"太阳能板直角边源.txt","太阳能板直角边源","3","太阳能板直角边源:s3:b27","2541","2568","1038","1038","128","200","24","88","111","24","24","1432","534","424","89.05472636815921","33.208955223880594","26.767676767676768","89","33","26","True","complete","25B2C0A88DFA518609A63C59A40CCD449B83A272F9E0F89F45D2F15B8CF0FCAF"
"太阳能板直角边源.txt","太阳能板直角边源","3","太阳能板直角边源:s3:b28","2570","2596","1073","1073","128","200","24","88","111","24","24","1231","1315","731","76.55472636815921","81.77860696517413","46.148989898989896","76","81","46","True","complete","B6C5A29C9F545834E8E0964BCA691F0334DE9ABFDF9CE4390AB994379B42E0B0"
"太阳能板直角边源.txt","太阳能板直角边源","3","太阳能板直角边源:s3:b29","2598","2624","1108","1108","128","200","24","88","111","24","24","1557","1432","1392","96.82835820895522","89.05472636815921","87.87878787878788","96","89","87","True","complete","23FD1679ABBE02A19E6E937DAAB7A70870F0C1628AA4146B9FAAFA6C69449EEA"
"太阳能板直角边源.txt","太阳能板直角边源","3","太阳能板直角边源:s3:b30","2625","2651","1141","1141","128","200","24","88","111","24","24","902","1482","1397","56.09452736318408","92.16417910447761","88.19444444444444","56","92","88","True","complete","60EBE83AEE22AD9F36DB58B5BCB1C9210361ADC9A30BA55E31E8A07A3F490398"
"太阳能板直角边源.txt","太阳能板直角边源","3","太阳能板直角边源:s3:b31","2652","2678","1176","1176","128","200","24","88","111","24","24","1366","1496","1506","84.95024875621891","93.03482587064677","95.07575757575758","84","93","95","True","complete","1F0993D7817E8C6CA216047BD9F5149A42761D94C0BAF44AAD5A0C583B973571"
"太阳能板直角边源.txt","太阳能板直角边源","3","太阳能板直角边源:s3:b32","2679","2705","1211","1211","128","200","24","88","111","24","24","1393","1489","1492","86.62935323383084","92.59950248756219","94.1919191919192","86","92","94","True","complete","7217B1B4319F85FA3106B4A1DCCC55BE895EADF9AE16E3A75A3CC13C8A90D2D3"
"太阳能板直角边源.txt","太阳能板直角边源","3","太阳能板直角边源:s3:b33","2706","2732","1246","1246","128","200","24","88","111","24","24","1393","1491","1473","86.62935323383084","92.72388059701493","92.99242424242425","86","92","92","True","complete","20E484847A066D0097F1606ACB5EAF749A527A9D7E61DC4DA231357F36347BF2"
"太阳能板直角边源.txt","太阳能板直角边源","3","太阳能板直角边源:s3:b34","2734","2760","1281","1281","128","200","24","88","111","24","24","1393","1493","1471","86.62935323383084","92.84825870646766","92.86616161616162","86","92","92","True","complete","4E4921FBEE0C28933EABC72330A84588457ED34AA1947FDA5D4961EA00FBC87B"
"太阳能板直角边源.txt","太阳能板直角边源","3","太阳能板直角边源:s3:b35","2761",,"1315",,"128","200","24","88","111","10","24","588","621","624","87.76119402985074","92.68656716417911","94.54545454545455","87","92","94","False","interrupted_by_connection_loss","AEDD5C1414A14158B237A355C89ABF2A6DC801EBF0B7FFD4C168355BFB7FF116"
"太阳能板直角边源.txt","太阳能板直角边源","4","太阳能板直角边源:s4:orphan1",,"2789",,"1315",,"200","24","88","111","13","24","749","809","785","85.9931113662457","92.88174512055109","91.4918414918415","85","92","91","False","incomplete_row_count","C243FB3BC61148DA5454AC9C758AEEEEEE2F027BDC4285D23C57C231E23813D6"
"太阳能板直角边源.txt","太阳能板直角边源","4","太阳能板直角边源:s4:b2","2791","2818","3990","3990","128","200","24","88","111","24","24","309","325","562","19.21641791044776","20.21144278606965","35.47979797979798","19","20","35","True","complete","2ED97FA0B21C76F1EE37D77427E63402996828972904DA0CCC04463A3DAFCF91"
"太阳能板直角边源.txt","太阳能板直角边源","4","太阳能板直角边源:s4:b3","2819","2845","4024","4024","128","200","24","88","111","24","24","309","325","566","19.21641791044776","20.21144278606965","35.73232323232323","19","20","35","True","complete","406D3353B583B2C3EE4B7588D4BFFBFF19C1AC024939F0905A1BCA9697B5D38A"
"太阳能板直角边源.txt","太阳能板直角边源","4","太阳能板直角边源:s4:b4","2846","2872","4059","4059","128","200","24","88","111","24","24","309","327","569","19.21641791044776","20.33582089552239","35.92171717171717","19","20","35","True","complete","DAE0E79AFE3B8C0127FA30DD66EDCF98E41D95D07948E736677E876E45C75E5C"
"太阳能板直角边源.txt","太阳能板直角边源","4","太阳能板直角边源:s4:b5","2873",,"4093",,"128","200","24","88","111","20","24","89","84","333","6.641791044776119","6.268656716417911","25.227272727272727","6","6","25","False","interrupted_by_restart","398FD89A9F615EA8A04E0DB46DB058F2E04FEFDE14ECBCD2CB025ABE1C183B68"
"太阳能板直角边源.txt","太阳能板直角边源","5","太阳能板直角边源:s5:b1","2901","2927","3","3","128","200","24","88","111","24","24","303","315","563","18.84328358208955","19.58955223880597","35.542929292929294","18","19","35","True","complete","5DF5C8AFDB8F4CAB8775CFE07CC2F61FFD9115020E4DBF30CF49EEE12DA40A6A"
"太阳能板直角边源.txt","太阳能板直角边源","5","太阳能板直角边源:s5:b2","2928","2954","36","36","128","200","24","88","111","24","24","301","313","556","18.718905472636816","19.465174129353233","35.101010101010104","18","19","35","True","complete","6FF73D24FCC90CD67245092876FAB5EF1323EED8AE45F9B1CD60C896E0E05C44"
"太阳能板直角边源.txt","太阳能板直角边源","5","太阳能板直角边源:s5:b3","2955","2981","71","71","128","200","24","88","111","24","24","300","314","554","18.65671641791045","19.5273631840796","34.974747474747474","18","19","34","True","complete","80C2B88BB71E270A79EE3A3C4BB29F607D4A37B75DE88EC4B129B8EB86DB5B2D"
"太阳能板直角边源.txt","太阳能板直角边源","5","太阳能板直角边源:s5:b4","2982","3008","106","106","128","200","24","88","111","24","24","302","313","556","18.781094527363184","19.465174129353233","35.101010101010104","18","19","35","True","complete","90046EF32EA7B470F21BB1E391A9A2633C1A69FC0BA365AC25AB9FDEA9169226"
"太阳能板直角边源.txt","太阳能板直角边源","5","太阳能板直角边源:s5:b5","3009","3035","140","140","128","200","24","88","111","24","24","299","312","556","18.59452736318408","19.402985074626866","35.101010101010104","18","19","35","True","complete","0AEE2F5D1593E343606CD44C038DD45E13513F45422AB890984FF9845133C200"
"太阳能板直角边源.txt","太阳能板直角边源","5","太阳能板直角边源:s5:b6","3037","3063","176","176","128","200","24","88","111","24","24","302","313","556","18.781094527363184","19.465174129353233","35.101010101010104","18","19","35","True","complete","A8DC90129AAF8DD5B52DD7352F4A0AE808567DDD7BAC74968578959BC5CFAD48"
"太阳能板直角边源.txt","太阳能板直角边源","5","太阳能板直角边源:s5:b7","3064","3090","210","210","128","200","24","88","111","24","24","302","313","555","18.781094527363184","19.465174129353233","35.03787878787879","18","19","35","True","complete","D18BDE2152333CC1FB3CCD3F06EE70862DE16EA4DA968E0A49DB116378E7B962"
"太阳能板直角边源.txt","太阳能板直角边源","5","太阳能板直角边源:s5:b8","3091","3117","245","245","128","200","24","88","111","24","24","300","312","555","18.65671641791045","19.402985074626866","35.03787878787879","18","19","35","True","complete","0B541DF0F0C03512DB5BE3E23A45AFD70D7189AA6FBE217286EB73CC4CB91005"
"太阳能板直角边源.txt","太阳能板直角边源","5","太阳能板直角边源:s5:b9","3118","3144","279","279","128","200","24","88","111","24","24","299","313","556","18.59452736318408","19.465174129353233","35.101010101010104","18","19","35","True","complete","AD129F0D5FC025802EAB18011859539B7CD43E76EA0C9244358913D53B5205F2"
"太阳能板直角边源.txt","太阳能板直角边源","5","太阳能板直角边源:s5:b10","3145","3171","314","314","128","200","24","88","111","24","24","301","314","556","18.718905472636816","19.5273631840796","35.101010101010104","18","19","35","True","complete","FBB606B6B926D3FF5252023F148C435E900A613C7F5F09EA121841E0A06C8275"
"太阳能板直角边源.txt","太阳能板直角边源","5","太阳能板直角边源:s5:b11","3173","3199","349","349","128","200","24","88","111","24","24","302","312","555","18.781094527363184","19.402985074626866","35.03787878787879","18","19","35","True","complete","D4770D36E6BCED06A02F0310FF60365583C85BD1023C208FDBFF716656B88292"
"太阳能板直角边源.txt","太阳能板直角边源","5","太阳能板直角边源:s5:b12","3200","3226","383","383","128","200","24","88","111","24","24","302","312","556","18.781094527363184","19.402985074626866","35.101010101010104","18","19","35","True","complete","E100C652211E59E78D24CAC65DFE895DDF4F15BF833F401CFFE0654B59B0EDE5"
"太阳能板直角边源.txt","太阳能板直角边源","5","太阳能板直角边源:s5:b13","3227","3253","418","418","128","200","24","88","111","24","24","299","313","555","18.59452736318408","19.465174129353233","35.03787878787879","18","19","35","True","complete","1FA8364AB76A4B0C520BC0BE20401BAF701C9891D9B16B444458BC8B6F6AF7C5"
"太阳能板直角边源.txt","太阳能板直角边源","5","太阳能板直角边源:s5:b14","3254","3280","452","452","128","200","24","88","111","24","24","303","316","556","18.84328358208955","19.65174129353234","35.101010101010104","18","19","35","True","complete","423CF4C3220714A9C3A9B2B283EBE747BCE898CB44E213F72EBA7125E1B80969"
"太阳能板直角边源.txt","太阳能板直角边源","5","太阳能板直角边源:s5:b15","3281","3307","487","487","128","200","24","88","111","24","24","300","312","554","18.65671641791045","19.402985074626866","34.974747474747474","18","19","34","True","complete","510A0F18689F3B74A9F9B75058BB5A528EB0379E1AD404C4A70B10DF218C1871"
"太阳能板直角边源.txt","太阳能板直角边源","5","太阳能板直角边源:s5:b16","3309","3335","521","521","128","200","24","88","111","24","24","300","313","555","18.65671641791045","19.465174129353233","35.03787878787879","18","19","35","True","complete","3FF5DCEA5334EF4CC81870EF702D964C621B5FD367270271E192FCAC73B2908E"
"太阳能板直角边源.txt","太阳能板直角边源","5","太阳能板直角边源:s5:b17","3336","3362","556","556","128","200","24","88","111","24","24","300","312","554","18.65671641791045","19.402985074626866","34.974747474747474","18","19","34","True","complete","C9C2655A7775A6E0D782D3BAFAE63EE52604FD2E45DE03E24668FF84DDF80108"
"太阳能板直角边源.txt","太阳能板直角边源","5","太阳能板直角边源:s5:b18","3363","3389","591","591","128","200","24","88","111","24","24","299","312","555","18.59452736318408","19.402985074626866","35.03787878787879","18","19","35","True","complete","7E21C6AC39F4BB9651DFF9F9B57A0D9CB12E19780052FF597D528B7514AC5179"
"太阳能板直角边源.txt","太阳能板直角边源","5","太阳能板直角边源:s5:b19","3390","3416","626","626","128","200","24","88","111","24","24","1293","1508","1584","80.41044776119404","93.78109452736318","100","80","93","100","True","complete","A1E310C49AA3F8E7025B9F142D46A72B0B6D7167BF390EDDF94BB628FA411126"
"太阳能板直角边源.txt","太阳能板直角边源","5","太阳能板直角边源:s5:b20","3418","3444","660","660","128","200","24","88","111","24","24","1389","1496","1584","86.38059701492537","93.03482587064677","100","86","93","100","True","complete","542BF57236B2B1EF6A7D33504451DB03F58119ECDC768378B71999627A3FC0C6"
"太阳能板直角边源.txt","太阳能板直角边源","5","太阳能板直角边源:s5:b21","3445","3471","695","695","128","200","24","88","111","24","24","1472","1385","1484","91.54228855721394","86.1318407960199","93.68686868686869","91","86","93","True","complete","1F43DCE61E012AAA4B811B7D5279B1ADF2583D02476E8464A02C36D8A0E7A6FF"
"太阳能板直角边源.txt","太阳能板直角边源","5","太阳能板直角边源:s5:b22","3472","3498","730","730","128","200","24","88","111","24","24","1471","1386","1479","91.48009950248756","86.19402985074628","93.37121212121212","91","86","93","True","complete","D4726A6E720BD3D124C4F5A1081DC0FD63293588E53DB6976AF71BF4C8BBB109"
"太阳能板直角边源.txt","太阳能板直角边源","5","太阳能板直角边源:s5:b23","3499","3525","764","764","128","200","24","88","111","24","24","1471","1386","1479","91.48009950248756","86.19402985074628","93.37121212121212","91","86","93","True","complete","B4E9ED857D439208325CAA48EE559ACEB01515A14FB5206D462189B117D68688"
"太阳能板直角边源.txt","太阳能板直角边源","5","太阳能板直角边源:s5:b24","3526","3552","798","798","128","200","24","88","111","24","24","1472","1389","1479","91.54228855721394","86.38059701492537","93.37121212121212","91","86","93","True","complete","B205A12D844DEE8FE1B0080470DBAB09725EF042A573C52156526E339214BC30"
"太阳能板直角边源.txt","太阳能板直角边源","5","太阳能板直角边源:s5:b25","3554","3580","833","833","128","200","24","88","111","24","24","1472","1393","1492","91.54228855721394","86.62935323383084","94.1919191919192","91","86","94","True","complete","7DB4D3B426E96C8B5822C740CBF88D9BA55409FCB0A655A38AE624C01CCAEE5E"
"太阳能板直角边源.txt","太阳能板直角边源","5","太阳能板直角边源:s5:b26","3581","3607","867","867","128","200","24","88","111","24","24","1470","1392","1498","91.41791044776119","86.56716417910448","94.57070707070707","91","86","94","True","complete","F774E7C854C456AC765C2A8FD8530D044669E741F15300FD3880E1C55BA6C71B"
"太阳能板直角边源.txt","太阳能板直角边源","5","太阳能板直角边源:s5:b27","3608","3634","902","902","128","200","24","88","111","24","24","1470","1393","1488","91.41791044776119","86.62935323383084","93.93939393939394","91","86","93","True","complete","99E374F3FA0204E3EA60E47A32107A5FF739392DCC51564E72D76DBC1C5E5992"
"太阳能板直角边源.txt","太阳能板直角边源","5","太阳能板直角边源:s5:b28","3635",,"937",,"128","200","24","88","111","16","24","983","940","1009","91.69776119402985","87.68656716417911","95.54924242424242","91","87","95","False","interrupted_by_restart","D2F5C4661D2ABEC895CBC856927751AF5404E861E8668621912E159552722950"
"太阳能板直角边源.txt","太阳能板直角边源","6","太阳能板直角边源:s6:b1","3659","3685","3","3","128","200","24","88","111","24","24","1475","1389","1495","91.72885572139303","86.38059701492537","94.38131313131314","91","86","94","True","complete","0AD0A889BA96937EC74B62B3CB9021A08BB3C7B1EBA75DECE3D3846A737C41E5"
"太阳能板直角边源.txt","太阳能板直角边源","6","太阳能板直角边源:s6:b2","3687","3713","37","37","128","200","24","88","111","24","24","1474","1389","1487","91.66666666666667","86.38059701492537","93.87626262626263","91","86","93","True","complete","E3FD1771AADAA370EFC1020A6F42323E19C570B6EC2F936F310450B7F75C1CB1"
"太阳能板直角边源.txt","太阳能板直角边源","6","太阳能板直角边源:s6:b3","3714","3740","72","72","128","200","24","88","111","24","24","1474","1388","1487","91.66666666666667","86.31840796019901","93.87626262626263","91","86","93","True","complete","E3CBB34151DA764E7AB0D206706F5C26AA6CE634A342F4511E1A50ED0F2E2780"
"太阳能板直角边源.txt","太阳能板直角边源","6","太阳能板直角边源:s6:b4","3741","3767","106","106","128","200","24","88","111","24","24","1471","1387","1484","91.48009950248756","86.25621890547264","93.68686868686869","91","86","93","True","complete","910ABE6250C85699C01910176DDC4C8F9A559C4006BA9180FFDFF0DA1966ECDA"
"太阳能板直角边源.txt","太阳能板直角边源","6","太阳能板直角边源:s6:b5","3768","3794","140","140","128","200","24","88","111","24","24","1471","1387","1482","91.48009950248756","86.25621890547264","93.56060606060606","91","86","93","True","complete","806399C40EF4F44BDBEDD499C4EA27025859A86B422A5244D633472D9BF944A1"
"太阳能板直角边源.txt","太阳能板直角边源","6","太阳能板直角边源:s6:b6","3795","3821","175","175","128","200","24","88","111","24","24","1470","1388","1485","91.41791044776119","86.31840796019901","93.75","91","86","93","True","complete","39A6FC0AFF4039F3EF77D9B3E936F313D9014EFA3840E1703CCED1BE1372130B"
"太阳能板直角边源.txt","太阳能板直角边源","6","太阳能板直角边源:s6:b7","3823","3849","210","210","128","200","24","88","111","24","24","1471","1385","1484","91.48009950248756","86.1318407960199","93.68686868686869","91","86","93","True","complete","78111520F8317485EE004097B3E2D9432D18AB8C00B86FC41D87F8DBC0DFF884"
"太阳能板直角边源.txt","太阳能板直角边源","6","太阳能板直角边源:s6:b8","3850","3876","244","244","128","200","24","88","111","24","24","1470","1385","1484","91.41791044776119","86.1318407960199","93.68686868686869","91","86","93","True","complete","30613FAFB18DECCC82822BF32D18F162E82F52875F66E8BD8D6A59D96BA138FB"
"太阳能板直角边源.txt","太阳能板直角边源","6","太阳能板直角边源:s6:b9","3877","3903","279","279","128","200","24","88","111","24","24","1470","1386","1460","91.41791044776119","86.19402985074628","92.17171717171718","91","86","92","True","complete","4A7418D5503D784C18341C21A3F6E20C95AE141DBA5B23DAD82E65A532301BBD"
"太阳能板直角边源.txt","太阳能板直角边源","6","太阳能板直角边源:s6:b10","3904","3932","314","314","128","200","24","88","111","24","24","1475","1402","1533","91.72885572139303","87.18905472636816","96.78030303030303","91","87","96","True","complete","FAE993D80C5F510F340D0E348948EF907EBEE97D2690D2611219E0CC4F641396"
"太阳能板直角边源.txt","太阳能板直角边源","6","太阳能板直角边源:s6:b11","3933","3959","348","348","128","200","24","88","111","24","24","1471","1394","1532","91.48009950248756","86.69154228855722","96.71717171717172","91","86","96","True","complete","029D0B0892C8D06CC03626B16AFE0897D39632C28E1A806466E609DE9E34306F"
"太阳能板直角边源.txt","太阳能板直角边源","6","太阳能板直角边源:s6:b12","3960","3986","383","383","128","200","24","88","111","24","24","1471","1388","1483","91.48009950248756","86.31840796019901","93.62373737373737","91","86","93","True","complete","667EFD7EABD5F7AF7239C0560379B1F46771A598C8E6FF114FE2111C24315758"
"太阳能板直角边源.txt","太阳能板直角边源","6","太阳能板直角边源:s6:b13","3987","4013","417","417","128","200","24","88","111","24","24","1469","1387","1483","91.35572139303483","86.25621890547264","93.62373737373737","91","86","93","True","complete","E0F5EE3B8E450A64BF17E9652B305E1CC10822008725DB7DD5B08788178322FA"
"太阳能板直角边源.txt","太阳能板直角边源","6","太阳能板直角边源:s6:b14","4015","4041","452","452","128","200","24","88","111","24","24","1468","1388","1482","91.29353233830845","86.31840796019901","93.56060606060606","91","86","93","True","complete","06F01158CDDE2144AA14D362768208ADF265779E63EBA134AA491BFF5239A446"
"太阳能板直角边源.txt","太阳能板直角边源","6","太阳能板直角边源:s6:b15","4042","4068","486","486","128","200","24","88","111","24","24","1469","1386","1482","91.35572139303483","86.19402985074628","93.56060606060606","91","86","93","True","complete","3403BD3F85644597E274CBAAC1FED6A94F607E91EFD94FC79D88A345CA2846B3"
"太阳能板直角边源.txt","太阳能板直角边源","6","太阳能板直角边源:s6:b16","4069","4095","521","521","128","200","24","88","111","24","24","1468","1387","1488","91.29353233830845","86.25621890547264","93.93939393939394","91","86","93","True","complete","2F28442DBAE785D94F14F2F8A21E6E3F01D2ED007F73E4E9A426E6506BA3CA62"
"太阳能板直角边源.txt","太阳能板直角边源","6","太阳能板直角边源:s6:b17","4096","4122","556","556","128","200","24","88","111","24","24","1472","1389","1494","91.54228855721394","86.38059701492537","94.31818181818181","91","86","94","True","complete","5D4BF1A8E94A4EFCDCAE7D8A7B653B7C1A5D014369D9E417B668BB6170CE15A7"
"太阳能板直角边源.txt","太阳能板直角边源","6","太阳能板直角边源:s6:b18","4123","4149","591","591","128","200","24","88","111","24","24","1459","1407","1496","90.73383084577114","87.5","94.44444444444444","90","87","94","True","complete","01FE751C3353EB37497B90B1A8D1348120F932F9CD5B8F2A927AF28800CEAD6E"
"太阳能板直角边源.txt","太阳能板直角边源","6","太阳能板直角边源:s6:b19","4151","4177","625","625","128","200","24","88","111","24","24","1466","1396","1502","91.16915422885572","86.81592039800995","94.82323232323232","91","86","94","True","complete","AE1DBD35746AB701B4DB61E5E2A1CC0CE485087F05B2A046E609A329F355D575"
"太阳能板直角边源.txt","太阳能板直角边源","6","太阳能板直角边源:s6:b20","4178","4204","660","660","128","200","24","88","111","24","24","1467","1396","1497","91.23134328358209","86.81592039800995","94.50757575757575","91","86","94","True","complete","929C9A5013201BBAB2780E5654BA94A8CEB1DDC72B0B82E07A7270DC91F497B0"
"太阳能板直角边源.txt","太阳能板直角边源","6","太阳能板直角边源:s6:b21","4205","4231","694","694","128","200","24","88","111","24","24","1464","1403","1497","91.04477611940298","87.25124378109453","94.50757575757575","91","87","94","True","complete","C194861DEC6125D8F88E4EE5175472191047BE939F84D923ECFD940D0F364835"
"太阳能板直角边源.txt","太阳能板直角边源","6","太阳能板直角边源:s6:b22","4232","4261","729","729","128","200","24","88","111","24","24","1435","1425","1482","89.2412935323383","88.61940298507463","93.56060606060606","89","88","93","True","complete","B76AA5128322DD8F81E6D679CEB7A3AAEDF81305A89291823A5B7C80D4527B43"
"太阳能板直角边源.txt","太阳能板直角边源","6","太阳能板直角边源:s6:b23","4262","4290","764","764","128","200","24","88","111","24","24","1472","1380","1489","91.54228855721394","85.82089552238806","94.00252525252525","91","85","94","True","complete","2D45517D19DD855241026274A82BDD9831A3B0121BB940F768E00D5B233FFA0F"
"太阳能板直角边源.txt","太阳能板直角边源","6","太阳能板直角边源:s6:b24","4291","4318","798","798","128","200","24","88","111","24","24","1297","1165","1377","80.6592039800995","72.45024875621891","86.93181818181819","80","72","86","True","complete","8BD8D9250B1C7BCACA01C94FC396D0EEF2A3E12DBAE77AA65EC999951D0220BE"
"太阳能板直角边源.txt","太阳能板直角边源","6","太阳能板直角边源:s6:b25","4320","4347","833","833","128","200","24","88","111","24","24","1468","1356","1468","91.29353233830845","84.32835820895522","92.67676767676768","91","84","92","True","complete","9F4E7129CE3BA849C08E4B73D88E1E820EBF5320E0A814A812F0DB17B8B56177"
"太阳能板直角边源.txt","太阳能板直角边源","6","太阳能板直角边源:s6:b26","4348","4374","868","868","128","200","24","88","111","24","24","1031","987","1329","64.11691542288557","61.38059701492537","83.90151515151516","64","61","83","True","complete","CB6A71CF87A6E02438D50EC419C9F3CE2FBB500FE80C29E5B46658FB00F2092E"
"太阳能板直角边源.txt","太阳能板直角边源","6","太阳能板直角边源:s6:b27","4375","4401","902","902","128","200","24","88","111","24","24","158","152","460","9.82587064676617","9.45273631840796","29.04040404040404","9","9","29","True","complete","7484C6978DC0C7470B15186E91BD3472D2A61773728BACBED95678900843EDA0"
"太阳能板直角边源.txt","太阳能板直角边源","6","太阳能板直角边源:s6:b28","4402","4428","937","937","128","200","24","88","111","24","24","402","289","33","25","17.9726368159204","2.0833333333333335","25","17","2","True","complete","C799B312FC434AC9C529200A8246687308749DB917BE5639C9D3DC1590E140FC"
"太阳能板直角边源.txt","太阳能板直角边源","6","太阳能板直角边源:s6:b29","4429","4455","971","971","128","200","24","88","111","24","24","487","442","159","30.286069651741293","27.487562189054728","10.037878787878787","30","27","10","True","complete","1AB8D98ACE026974929E192EAEC523F8A55EA5982EA43B676A65D757B963ECA0"
"太阳能板直角边源.txt","太阳能板直角边源","6","太阳能板直角边源:s6:b30","4456","4483","1006","1006","128","200","24","88","111","24","24","481","413","133","29.912935323383085","25.68407960199005","8.396464646464647","29","25","8","True","complete","3442C38E564F56156828591A22B90120832D4763DD9BA7FFE83C09D91D046B26"
"太阳能板直角边源.txt","太阳能板直角边源","6","太阳能板直角边源:s6:b31","4484","4510","1041","1041","128","200","24","88","111","24","24","391","388","92","24.31592039800995","24.129353233830845","5.808080808080808","24","24","5","True","complete","7FD8D86AFCCC30121642671DDF45CFEE9AC3907614E77800011F40919DB32E94"
"太阳能板直角边源.txt","太阳能板直角边源","6","太阳能板直角边源:s6:b32","4511","4537","1076","1076","128","200","24","88","111","24","24","408","394","99","25.37313432835821","24.502487562189053","6.25","25","24","6","True","complete","33BEAF89A09B9B37F6038F41BBB5692783CFD9C9C87E5A7265AF8EC41D4DABA2"
"太阳能板直角边源.txt","太阳能板直角边源","6","太阳能板直角边源:s6:b33","4538","4564","1110","1110","128","200","24","88","111","24","24","397","389","94","24.68905472636816","24.191542288557216","5.934343434343434","24","24","5","True","complete","D8AF87F8ED3A5B0783EC758B695A1D2CB4A495C2FD3287FE0061C3A35BD82081"
"太阳能板直角边源.txt","太阳能板直角边源","6","太阳能板直角边源:s6:b34","4565","4591","1145","1145","128","200","24","88","111","24","24","390","388","92","24.253731343283583","24.129353233830845","5.808080808080808","24","24","5","True","complete","6EAB8C97179289C0044E726794331110EE3FB6F2916CCD2B1F1814C5FB9DD1BD"
"太阳能板直角边源.txt","太阳能板直角边源","6","太阳能板直角边源:s6:b35","4592","4619","1180","1180","128","200","24","88","111","24","24","387","385","90","24.067164179104477","23.942786069651742","5.681818181818182","24","23","5","True","complete","212F7760C978A73343C238122CD2867E5BF4E3CD779786EEAAE10A8FCCF941C3"
"太阳能板直角边源.txt","太阳能板直角边源","6","太阳能板直角边源:s6:b36","4620",,"1214",,"128","200","24","88","111","16","24","397","387","92","37.03358208955224","36.100746268656714","8.712121212121213","37","36","8","False","interrupted_by_connection_loss","29F58C1B1832795B502081B7C7BDE05945B9D2EBC049035C156CB47F3F3EB1E0"
"太阳能板直角边源.txt","太阳能板直角边源","7","太阳能板直角边源:s7:b1","4644","4669","3","3","128","200","24","88","111","24","24","1244","1045","1118","77.363184079602","64.98756218905473","70.58080808080808","77","64","70","True","complete","E59780318301DEC60F894A87E8CC8F55DE1832AF229040E76C976E4EA8A13894"
"太阳能板直角边源.txt","太阳能板直角边源","7","太阳能板直角边源:s7:b2","4670","4697","201","201","128","200","24","88","111","24","24","1231","1031","1112","76.55472636815921","64.11691542288557","70.20202020202021","76","64","70","True","complete","D2C0F694616045A7F603B66DA8D4F5AFF6A9B71A8D912117EDB6138C471DDF7F"
"太阳能板直角边源.txt","太阳能板直角边源","7","太阳能板直角边源:s7:b3","4698","4724","236","236","128","200","24","88","111","24","24","1229","1030","1116","76.43034825870647","64.05472636815921","70.45454545454545","76","64","70","True","complete","FBB0DCF0535B841B187AD1F1D5EB267717BA0CD2C7FAC22D35661EACB1F1A8FF"
"太阳能板直角边源.txt","太阳能板直角边源","7","太阳能板直角边源:s7:b4","4725","4751","270","270","128","200","24","88","111","24","24","1230","1028","1119","76.49253731343283","63.930348258706466","70.64393939393939","76","63","70","True","complete","B49FB54ED62A50D6A02AB283F100022843E6FBA8BC431DCF5A4D51C38CC98AD7"
"太阳能板直角边源.txt","太阳能板直角边源","7","太阳能板直角边源:s7:b5","4752","4778","305","305","128","200","24","88","111","24","24","1229","1026","1117","76.43034825870647","63.80597014925373","70.51767676767676","76","63","70","True","complete","3FF86C2934DF785148FA895FFE78211C6CDA1373580064B45977E862AA1B09B0"
"太阳能板直角边源.txt","太阳能板直角边源","7","太阳能板直角边源:s7:b6","4779","4805","339","339","128","200","24","88","111","24","24","1230","1027","1119","76.49253731343283","63.8681592039801","70.64393939393939","76","63","70","True","complete","2C7731E9CFABCAA8AF9166F68E3BFC09C9EE19D2EEE61EEA336073FA101F6B66"
"太阳能板直角边源.txt","太阳能板直角边源","7","太阳能板直角边源:s7:b7","4806","4833","375","375","128","200","24","88","111","24","24","1225","1028","1113","76.18159203980099","63.930348258706466","70.26515151515152","76","63","70","True","complete","40DB47A5784884ACD6DB0F6CD06AA36B6857FC2CC05AE84892A85068D913E537"
"太阳能板直角边源.txt","太阳能板直角边源","7","太阳能板直角边源:s7:b8","4834","4860","409","409","128","200","24","88","111","24","24","1223","1027","1108","76.05721393034825","63.8681592039801","69.94949494949495","76","63","69","True","complete","F6A57B4BCB0E811A196C3556A4AF70E443BD6CB596BFB1B4BE21265DBEDAA9B7"
"太阳能板直角边源.txt","太阳能板直角边源","7","太阳能板直角边源:s7:b9","4861","4888","444","444","128","200","24","88","111","24","24","1227","1028","1116","76.30597014925372","63.930348258706466","70.45454545454545","76","63","70","True","complete","9E30A82DE19DC2B1F2B7295987747A2E97AB762A70E463074103C148AE0E7B2F"
"太阳能板直角边源.txt","太阳能板直角边源","7","太阳能板直角边源:s7:b10","4889","4915","479","479","128","200","24","88","111","24","24","1533","1515","1501","95.33582089552239","94.21641791044776","94.76010101010101","95","94","94","True","complete","19F79C4098B9B038F099B1F7787ADD4D989125C4C885368D1F090A4C9E7897FF"
"太阳能板直角边源.txt","太阳能板直角边源","7","太阳能板直角边源:s7:b11","4916","4942","513","513","128","200","24","88","111","24","24","1483","1457","1478","92.22636815920399","90.6094527363184","93.3080808080808","92","90","93","True","complete","0F84854B43984AD31A8122C6B29545AF640BB5D2BC763D76CE72877F1A99F679"
"太阳能板直角边源.txt","太阳能板直角边源","7","太阳能板直角边源:s7:b12","4943","4969","548","548","128","200","24","88","111","24","24","1490","1452","1476","92.66169154228855","90.29850746268657","93.18181818181819","92","90","93","True","complete","B2BF6B9DC8A7EB5092D6DE917A21EBB2F0591301D119F70B645858022EBF4D86"
"太阳能板直角边源.txt","太阳能板直角边源","7","太阳能板直角边源:s7:b13","4971","4997","582","582","128","200","24","88","111","24","24","1491","1453","1476","92.72388059701493","90.36069651741293","93.18181818181819","92","90","93","True","complete","885FC4A2D478BE78D235B9750CD8729CFD713F6DC4AA780D4F6CCCC6CAFF33BE"
"太阳能板直角边源.txt","太阳能板直角边源","7","太阳能板直角边源:s7:b14","4998","5024","616","616","128","200","24","88","111","24","24","1491","1452","1474","92.72388059701493","90.29850746268657","93.05555555555556","92","90","93","True","complete","A6CCDD310B818494768142064A4DC01C9AFF95CF12A900CBE0F384A3333B3749"
"太阳能板直角边源.txt","太阳能板直角边源","7","太阳能板直角边源:s7:b15","5025","5051","651","651","128","200","24","88","111","24","24","1491","1452","1472","92.72388059701493","90.29850746268657","92.92929292929293","92","90","92","True","complete","A98D50CFACCD05ADDE1679B7131EA778D7D4089213C613ED430F2F36C68FC4F8"
"太阳能板直角边源.txt","太阳能板直角边源","7","太阳能板直角边源:s7:b16","5052","5078","686","686","128","200","24","88","111","24","24","1493","1454","1478","92.84825870646766","90.42288557213931","93.3080808080808","92","90","93","True","complete","2D644EACD18E6BA1E9B2DBB70C55328CFEF04DAEF9BAC2E2A3CC9AC4C01B7F3F"
"太阳能板直角边源.txt","太阳能板直角边源","7","太阳能板直角边源:s7:b17","5079","5105","720","720","128","200","24","88","111","24","24","1491","1455","1480","92.72388059701493","90.48507462686567","93.43434343434343","92","90","93","True","complete","4A9079D5C1A1FD0A43E16EEA0B3E3F3BBDAED7A3AEFC0386D5F0F189F3189A10"
"太阳能板直角边源.txt","太阳能板直角边源","7","太阳能板直角边源:s7:b18","5107","5133","755","755","128","200","24","88","111","24","24","1495","1455","1480","92.9726368159204","90.48507462686567","93.43434343434343","92","90","93","True","complete","110A35CDDF0F431E72D45B777629D69049EF6D5F62B0F87D0F26A718F34258E3"
"太阳能板直角边源.txt","太阳能板直角边源","7","太阳能板直角边源:s7:b19","5134","5160","790","790","128","200","24","88","111","24","24","1494","1452","1473","92.91044776119404","90.29850746268657","92.99242424242425","92","90","92","True","complete","803D1F6CB3AC83F342139C0A4D8420EE0D85CAD2EE0802E06526CCF41FFB0F47"
"太阳能板直角边源.txt","太阳能板直角边源","7","太阳能板直角边源:s7:b20","5161","5187","824","824","128","200","24","88","111","24","24","1492","1454","1476","92.7860696517413","90.42288557213931","93.18181818181819","92","90","93","True","complete","AFAB6AC0EAD54EBF8B38DDE8822133F53B233C650C94D0A03039D4B59868C4D5"
"太阳能板直角边源.txt","太阳能板直角边源","7","太阳能板直角边源:s7:b21","5188","5214","859","859","128","200","24","88","111","24","24","1493","1452","1480","92.84825870646766","90.29850746268657","93.43434343434343","92","90","93","True","complete","6DBA8467056C129BA94277C7EF343661FA75909FF70892FCB24F519F656A5F7F"
"太阳能板直角边源.txt","太阳能板直角边源","7","太阳能板直角边源:s7:b22","5215","5241","894","894","128","200","24","88","111","24","24","1477","1455","1490","91.85323383084577","90.48507462686567","94.06565656565657","91","90","94","True","complete","FCF4625C1CE6655A52A59FE9FB11A11AB6AFBC91E8642B8B45E526E8A0A54DCF"
"太阳能板直角边源.txt","太阳能板直角边源","7","太阳能板直角边源:s7:b23","5243","5269","928","928","128","200","24","88","111","24","24","1478","1450","1485","91.91542288557214","90.17412935323384","93.75","91","90","93","True","complete","E25A927F3BC6A9F064E183D91B55467C1A00ECEB949779236F005A0B70B154FD"
"太阳能板直角边源.txt","太阳能板直角边源","7","太阳能板直角边源:s7:b24","5270","5296","963","963","128","200","24","88","111","24","24","1475","1449","1480","91.72885572139303","90.11194029850746","93.43434343434343","91","90","93","True","complete","6A2CC03BFB91C96655A59DB547264C284A3C321FA188946AE5561C342C3D3D44"
"太阳能板直角边源.txt","太阳能板直角边源","7","太阳能板直角边源:s7:b25","5297","5323","997","997","128","200","24","88","111","24","24","1474","1450","1481","91.66666666666667","90.17412935323384","93.49747474747475","91","90","93","True","complete","5DDC34F311C1519455C8EA2DCA5695146B6D3A9BDE256A25723CCD3620290A01"
"太阳能板直角边源.txt","太阳能板直角边源","7","太阳能板直角边源:s7:b26","5324","5350","1032","1032","128","200","24","88","111","24","24","1476","1449","1483","91.7910447761194","90.11194029850746","93.62373737373737","91","90","93","True","complete","A7925FE1A6D50ABD970421BC5FC23ECC079EC7B52FCFD19722BEBE357F4BB5F4"
"太阳能板直角边源.txt","太阳能板直角边源","7","太阳能板直角边源:s7:b27","5351","5377","1066","1066","128","200","24","88","111","24","24","1476","1450","1487","91.7910447761194","90.17412935323384","93.87626262626263","91","90","93","True","complete","7DBF7184C21E7B1AADE56AE022CFBEA82ECB06817E4AD7CCD64F7452F881CA9D"
"太阳能板直角边源.txt","太阳能板直角边源","7","太阳能板直角边源:s7:b28","5379","5405","1101","1101","128","200","24","88","111","24","24","1488","1445","1465","92.53731343283582","89.863184079602","92.48737373737374","92","89","92","True","complete","F8BCC039403F519BE2AA6DBE7B2BD5CBC3388CED16DE1DD059A978FD815A9F97"
"太阳能板直角边源.txt","太阳能板直角边源","7","太阳能板直角边源:s7:b29","5406","5432","1136","1136","128","200","24","88","111","24","24","1519","1499","1465","94.46517412935323","93.22139303482587","92.48737373737374","94","93","92","True","complete","590DCC5E4F234B8D31C6C5FA941E3AAC01BC40EA80ADB44AC09DC070D531552C"
"太阳能板直角边源.txt","太阳能板直角边源","7","太阳能板直角边源:s7:b30","5433","5460","1171","1171","128","200","24","88","111","24","24","1498","1453","1478","93.1592039800995","90.36069651741293","93.3080808080808","93","90","93","True","complete","BFD138FE0AFDF87892B5B525BAC271854287DA929F606EE020FF5F16F91DA27E"
"太阳能板直角边源.txt","太阳能板直角边源","7","太阳能板直角边源:s7:b31","5461","5487","1205","1205","128","200","24","88","111","24","24","1487","1466","1466","92.47512437810946","91.16915422885572","92.55050505050505","92","91","92","True","complete","66D06291CF2B6029E288ADB92D9C581EF5DF4657CE9928E23A7433AF4EC46C65"
"太阳能板直角边源.txt","太阳能板直角边源","7","太阳能板直角边源:s7:b32","5488","5514","1240","1240","128","200","24","88","111","24","24","1485","1449","1449","92.35074626865672","90.11194029850746","91.47727272727273","92","90","91","True","complete","C4DD54F6AA64F7161AA18B32519CFDE2FCF6A33A72E2FCCB66D2248F241F8214"
"太阳能板直角边源.txt","太阳能板直角边源","7","太阳能板直角边源:s7:b33","5516","5542","1275","1275","128","200","24","88","111","24","24","1464","1428","1442","91.04477611940298","88.80597014925372","91.03535353535354","91","88","91","True","complete","42D6BD25AF33971DE4773DE927BA4CECC68278AABD74EAA43CB1FAF3AF796B49"
"太阳能板直角边源.txt","太阳能板直角边源","7","太阳能板直角边源:s7:b34","5543","5569","1309","1309","128","200","24","88","111","24","24","1468","1434","1403","91.29353233830845","89.17910447761194","88.57323232323232","91","89","88","True","complete","C644EBC0389BDA9FAB4F1CA4EA82FC606BBFAB00E466437847DE8B7651CC9CC3"
"太阳能板直角边源.txt","太阳能板直角边源","7","太阳能板直角边源:s7:b35","5570","5596","1344","1344","128","200","24","88","111","24","24","1433","1416","1426","89.11691542288557","88.05970149253731","90.02525252525253","89","88","90","True","complete","B2D01823770B7C53123908575DA5DEEF339C9C7ADA3AADD5229038E4E11D1CF3"
"太阳能板直角边源.txt","太阳能板直角边源","7","太阳能板直角边源:s7:b36","5597","5623","1378","1378","128","200","24","88","111","24","24","1350","1369","1409","83.95522388059702","85.136815920398","88.95202020202021","83","85","88","True","complete","3DB53286AC18ACBFB02F8A86D41A6E2309EC3F9C0B96DFA1B89C6AB20C476105"
"太阳能板直角边源.txt","太阳能板直角边源","7","太阳能板直角边源:s7:b37","5624","5651","1413","1413","128","200","24","88","111","24","24","1295","1330","1394","80.53482587064677","82.71144278606965","88.0050505050505","80","82","88","True","complete","4C25A6B55D69A499CF502A68C37CF86D5DCD11A045E39EF0A257FB60E494FADA"
"太阳能板直角边源.txt","太阳能板直角边源","7","太阳能板直角边源:s7:b38","5653","5679","1448","1448","128","200","24","88","111","24","24","205","248","531","12.748756218905474","15.422885572139304","33.52272727272727","12","15","33","True","complete","D3A69AE0C0437EF77DE53C048FB54D2698296E80A4F1583193BB30993799A7A8"
"太阳能板直角边源.txt","太阳能板直角边源","7","太阳能板直角边源:s7:b39","5680","5706","1482","1482","128","200","24","88","111","24","24","0","0","0","0","0","0","0","0","0","True","complete","23BAEB3CB670697EF0357770771958D691EFF1C7C9A2AE1C247E31AB488F3A70"
"太阳能板直角边源.txt","太阳能板直角边源","7","太阳能板直角边源:s7:b40","5707","5734","1517","1517","128","200","24","88","111","24","24","953","805","510","59.266169154228855","50.06218905472637","32.196969696969695","59","50","32","True","complete","D7FFC2D9B2E59C02386676A80E2C1B36070529397DC55E42B2C8AE054A1D27F0"
"太阳能板直角边源.txt","太阳能板直角边源","7","太阳能板直角边源:s7:b41","5735","5761","1552","1552","128","200","24","88","111","24","24","1498","1470","1384","93.1592039800995","91.41791044776119","87.37373737373737","93","91","87","True","complete","0EE05508C96F7CF000332B5788744C572638E830DEA8754CABF93E6623858812"
"太阳能板直角边源.txt","太阳能板直角边源","7","太阳能板直角边源:s7:b42","5762","5788","1586","1586","128","200","24","88","111","24","24","1542","1454","1436","95.8955223880597","90.42288557213931","90.65656565656566","95","90","90","True","complete","F3FAD2D2A5BBE246AA797CB13C95540DF4B89A4F3674B23DD4F95B084DA0FF98"
"太阳能板直角边源.txt","太阳能板直角边源","7","太阳能板直角边源:s7:b43","5790","5816","1621","1621","128","200","24","88","111","24","24","1459","1567","1484","90.73383084577114","97.45024875621891","93.68686868686869","90","97","93","True","complete","BCDCA939EC15E8F52DF665BCF8213D5B38E1E9F1B46867F64C1F64583A40BA9A"
"太阳能板直角边源.txt","太阳能板直角边源","7","太阳能板直角边源:s7:b44","5817","5843","1655","1655","128","200","24","88","111","24","24","1481","1593","1485","92.10199004975124","99.06716417910448","93.75","92","99","93","True","complete","F8F24313DECB9D9093FF2B2EF6958BFF28AEBEA6826D85C419615DCC2371F550"
"太阳能板直角边源.txt","太阳能板直角边源","7","太阳能板直角边源:s7:b45","5844","5870","1690","1690","128","200","24","88","111","24","24","1473","1530","1477","91.6044776119403","95.14925373134328","93.2449494949495","91","95","93","True","complete","24B399D5FF91A4EC3EF6F0161EB9450289483CC6DDC73E30CC2A4BE64618DB30"
"太阳能板直角边源.txt","太阳能板直角边源","7","太阳能板直角边源:s7:b46","5871","5897","1724","1724","128","200","24","88","111","24","24","1512","1496","1507","94.02985074626865","93.03482587064677","95.13888888888889","94","93","95","True","complete","16E7C9DB6D71BD262DFCA47034810D007039F85B00B7E744F2DC949D78CEAB0E"
"太阳能板直角边源.txt","太阳能板直角边源","7","太阳能板直角边源:s7:b47","5898","5925","1760","1760","128","200","24","88","111","24","24","1512","1504","1496","94.02985074626865","93.53233830845771","94.44444444444444","94","93","94","True","complete","6FC9A215C4385EACE4E81D896833857A7CCA728E0D89A4AFF63D04021FFC8D2B"
"太阳能板直角边源.txt","太阳能板直角边源","7","太阳能板直角边源:s7:b48","5927","5954","1794","1794","128","200","24","88","111","24","24","1116","1090","1301","69.40298507462687","67.7860696517413","82.13383838383838","69","67","82","True","complete","BD082AC4CAD931E5F63CE606AD5014CE1F35B980C4E3F92E04D54FEB335C717E"
"太阳能板直角边源.txt","太阳能板直角边源","7","太阳能板直角边源:s7:b49","5955","5981","1828","1828","128","200","24","88","111","24","24","1476","1492","1470","91.7910447761194","92.7860696517413","92.8030303030303","91","92","92","True","complete","F636042FE2B1CF92DED0B3857FBED9138E0B0375093BF975F19AA2D6B9742EFF"
"太阳能板直角边源.txt","太阳能板直角边源","7","太阳能板直角边源:s7:b50","5982","6008","1863","1863","128","200","24","88","111","24","24","1508","1437","1473","93.78109452736318","89.36567164179104","92.99242424242425","93","89","92","True","complete","90AFBB4C6C73809F23F66475441F5E16DC42266E7C07E143022E225935816AFE"
"太阳能板直角边源.txt","太阳能板直角边源","7","太阳能板直角边源:s7:b51","6009","6035","1897","1897","128","200","24","88","111","24","24","1496","1470","1423","93.03482587064677","91.41791044776119","89.83585858585859","93","91","89","True","complete","BB0F5C29E8BBD059522844127947F47BA7BBA8B80069E66219556A9198FB10FC"
"太阳能板直角边源.txt","太阳能板直角边源","7","太阳能板直角边源:s7:b52","6037","6063","1933","1933","128","200","24","88","111","24","24","1492","1467","1424","92.7860696517413","91.23134328358209","89.8989898989899","92","91","89","True","complete","3F48F58062481D12543E74FD6F750DE9A47C51CFF538E32021D62F5DDD836471"
"太阳能板直角边源.txt","太阳能板直角边源","7","太阳能板直角边源:s7:b53","6064","6090","1967","1967","128","200","24","88","111","24","24","1485","1467","1427","92.35074626865672","91.23134328358209","90.08838383838383","92","91","90","True","complete","39C048AE17A112A5AD05CB71BE5E74EF0C5943DF8DFA32E3865C6F2D7ACC8674"
"太阳能板直角边源.txt","太阳能板直角边源","7","太阳能板直角边源:s7:b54","6091","6117","2002","2002","128","200","24","88","111","24","24","1488","1467","1423","92.53731343283582","91.23134328358209","89.83585858585859","92","91","89","True","complete","12C269AB0ACF9DC37C3601C2994F54A310964902482BB80A8FC90F6B509AD559"
"太阳能板直角边源.txt","太阳能板直角边源","7","太阳能板直角边源:s7:b55","6118",,"2036",,"128","200","24","88","111","16","24","981","993","983","91.51119402985074","92.63059701492537","93.08712121212122","91","92","93","False","interrupted_by_connection_loss","E0D2660CA30F042E17A04D6CD65D1E4476D275F665158E3A93A73C6EAF431E0A"
"太阳能板直角边源.txt","太阳能板直角边源","8","太阳能板直角边源:s8:b1","6143","6172","3","3","128","200","24","88","111","24","24","1509","1474","1482","93.84328358208955","91.66666666666667","93.56060606060606","93","91","93","True","complete","42805D1F9F86B9F8ED4BAF07D3E58FBC46E5E8226EFB32428AB8E6B61D034E80"
"太阳能板直角边源.txt","太阳能板直角边源","8","太阳能板直角边源:s8:b2","6173","6199","100","100","128","200","24","88","111","24","24","1510","1473","1480","93.90547263681592","91.6044776119403","93.43434343434343","93","91","93","True","complete","E0632779E14AE3F86CF67F668735171308EF602BD1AEAB14F4E7DB23694AEFE3"
"太阳能板直角边源.txt","太阳能板直角边源","8","太阳能板直角边源:s8:b3","6200","6226","135","135","128","200","24","88","111","24","24","1508","1483","1485","93.78109452736318","92.22636815920399","93.75","93","92","93","True","complete","6836C9B686E814A264A925BB88B11C7B27B8D89DA1865A4FFEB9E614D05EDF67"
"太阳能板直角边源.txt","太阳能板直角边源","8","太阳能板直角边源:s8:b4","6227","6253","169","169","128","200","24","88","111","24","24","1530","1499","1494","95.14925373134328","93.22139303482587","94.31818181818181","95","93","94","True","complete","B816C71A2A699563C99C56920C875EC6968CB8F04596215108A25E86CEF64922"
"太阳能板直角边源.txt","太阳能板直角边源","8","太阳能板直角边源:s8:b5","6254","6280","204","204","128","200","24","88","111","24","24","1529","1506","1513","95.08706467661692","93.65671641791045","95.51767676767676","95","93","95","True","complete","9C7CEF5667E2FA296F8EC814A0D7987CEE1B06348972992BC1286F356930211A"
"太阳能板直角边源.txt","太阳能板直角边源","8","太阳能板直角边源:s8:b6","6282","6308","239","239","128","200","24","88","111","24","24","1499","1460","1492","93.22139303482587","90.79601990049751","94.1919191919192","93","90","94","True","complete","6743E554C740BD00F933913432CFF6C2627FB133BFA589DD135CDB86267727D2"
"太阳能板直角边源.txt","太阳能板直角边源","8","太阳能板直角边源:s8:b7","6309","6335","273","273","128","200","24","88","111","24","24","1507","1462","1462","93.71890547263682","90.92039800995025","92.29797979797979","93","90","92","True","complete","A2B3E469A30A708EAFD1A7E1874D3499DEC3B5C5F4439E13838175FB06831CE4"
"太阳能板直角边源.txt","太阳能板直角边源","8","太阳能板直角边源:s8:b8","6336","6363","308","308","128","200","24","88","111","24","24","1441","1425","1430","89.61442786069652","88.61940298507463","90.27777777777777","89","88","90","True","complete","F77AD6E192C3D83B378C56C28EF526E18BB3D53E1D75295026EE4807F80CD12C"
"太阳能板直角边源.txt","太阳能板直角边源","8","太阳能板直角边源:s8:b9","6364","6390","343","343","128","200","24","88","111","24","24","1173","570","164","72.94776119402985","35.44776119402985","10.353535353535353","72","35","10","True","complete","70517E6BA3BE6C196518DD454DB1D76441DF14423654F938C6EB127FEEA09E60"
"太阳能板直角边源.txt","太阳能板直角边源","8","太阳能板直角边源:s8:b10","6391","6417","377","377","128","200","24","88","111","24","24","148","3","92","9.203980099502488","0.1865671641791045","5.808080808080808","9","0","5","True","complete","4FC13B1B3E6E106DD500535611B201FA9E77A3F0F736B5BB8037DBCC15C70A8C"
"太阳能板直角边源.txt","太阳能板直角边源","8","太阳能板直角边源:s8:b11","6419","6446","412","412","128","200","24","88","111","24","24","80","717","1224","4.975124378109452","44.58955223880597","77.27272727272727","4","44","77","True","complete","4233707ABB75665700C8845600D3ACA8B14361930FB0F5AABB3BBD6E79FAB950"
"太阳能板直角边源.txt","太阳能板直角边源","8","太阳能板直角边源:s8:b12","6447","6473","447","447","128","200","24","88","111","24","24","986","1405","1458","61.318407960199","87.37562189054727","92.04545454545455","61","87","92","True","complete","4A79B370454BFE7C88B470B522DF0EDA7C4F514C0AD0B1593FD8152A4DDD2F60"
"太阳能板直角边源.txt","太阳能板直角边源","8","太阳能板直角边源:s8:b13","6474","6501","481","481","128","200","24","88","111","24","24","1013","1409","1431","62.99751243781095","87.62437810945273","90.3409090909091","62","87","90","True","complete","606AB5DB6FE5A8667A8E52ABE9DAC2CD9490E2A6A876A92639E272755C563E33"
"太阳能板直角边源.txt","太阳能板直角边源","8","太阳能板直角边源:s8:b14","6503","6529","516","516","128","200","24","88","111","24","24","1542","1527","1503","95.8955223880597","94.96268656716418","94.88636363636364","95","94","94","True","complete","AE52184967A9BD0BACEAC7C86F73952E82078E8CCDFE505E80F1DC74DA037D45"
"太阳能板直角边源.txt","太阳能板直角边源","8","太阳能板直角边源:s8:b15","6531","6557","550","550","128","200","24","88","111","24","24","1535","1515","1496","95.46019900497512","94.21641791044776","94.44444444444444","95","94","94","True","complete","E17DA7C31F78C25E7A80319A818CF80DD498E6E6F3BD3982C1F688425B023671"
"太阳能板直角边源.txt","太阳能板直角边源","8","太阳能板直角边源:s8:b16","6558","6584","585","585","128","200","24","88","111","24","24","1520","1489","1484","94.5273631840796","92.59950248756219","93.68686868686869","94","92","93","True","complete","DB4D05802F614BB2DC43B0D71DDFB283AF58782040541C46303F36089DCA3E42"
"太阳能板直角边源.txt","太阳能板直角边源","8","太阳能板直角边源:s8:b17","6585","6611","620","620","128","200","24","88","111","24","24","1518","1488","1484","94.40298507462687","92.53731343283582","93.68686868686869","94","92","93","True","complete","8DD8100A5D42C54B3D3E34A824063C8D342F03C0B629EA481732712E42A4CD18"
"太阳能板直角边源.txt","太阳能板直角边源","8","太阳能板直角边源:s8:b18","6612","6638","654","654","128","200","24","88","111","24","24","1517","1489","1483","94.3407960199005","92.59950248756219","93.62373737373737","94","92","93","True","complete","AD7B2C12BFA253C7EAFE411004810F5DB81A2B0A1A09629E392D16B1C0D40A33"
"太阳能板直角边源.txt","太阳能板直角边源","8","太阳能板直角边源:s8:b19","6639","6665","689","689","128","200","24","88","111","24","24","1511","1489","1488","93.96766169154229","92.59950248756219","93.93939393939394","93","92","93","True","complete","3D846179A02C72C8D53EE169D45C83C8DE70304B1880A9FB854C80E8947426CC"
"太阳能板直角边源.txt","太阳能板直角边源","8","太阳能板直角边源:s8:b20","6667","6693","724","724","128","200","24","88","111","24","24","1532","1511","1507","95.27363184079601","93.96766169154229","95.13888888888889","95","93","95","True","complete","2943AE7F25AC9C6EDAC8120C9ADB84A538CDFB8242F99D1EBC89A02FB2DED095"
"太阳能板直角边源.txt","太阳能板直角边源","8","太阳能板直角边源:s8:b21","6694","6720","758","758","128","200","24","88","111","24","24","1524","1507","1501","94.77611940298507","93.71890547263682","94.76010101010101","94","93","94","True","complete","C2CFF487442550768BEBCF095B0C0DE43EF0458D7D10F81A70A69548A3B7ABF4"
"太阳能板直角边源.txt","太阳能板直角边源","8","太阳能板直角边源:s8:b22","6721","6747","793","793","128","200","24","88","111","24","24","1522","1512","1500","94.65174129353234","94.02985074626865","94.6969696969697","94","94","94","True","complete","77CE823F0FCE1952B91F38963EE0E0C15404453769957E901D10BAA9B53E797E"
"太阳能板直角边源.txt","太阳能板直角边源","8","太阳能板直角边源:s8:b23","6748","6774","827","827","128","200","24","88","111","24","24","1511","1506","1456","93.96766169154229","93.65671641791045","91.91919191919192","93","93","91","True","complete","79D58B987125556C0B1AE7380FF37B3779F10DE6E6A3AE1D33173726B1C4BBD9"
"太阳能板直角边源.txt","太阳能板直角边源","8","太阳能板直角边源:s8:b24","6775","6801","862","862","128","200","24","88","111","24","24","1492","1461","1431","92.7860696517413","90.85820895522389","90.3409090909091","92","90","90","True","complete","4E106CB5784F194200F18040FD6FF3C11A0BAA262E80C04F98C6F4B92578AEAA"
"太阳能板直角边源.txt","太阳能板直角边源","8","太阳能板直角边源:s8:b25","6803","6829","896","896","128","200","24","88","111","24","24","1467","1446","1385","91.23134328358209","89.92537313432835","87.43686868686869","91","89","87","True","complete","921C53B2EE810708558AC39B1989B1CC739168A48D0387461F0B5C2403736828"
"太阳能板直角边源.txt","太阳能板直角边源","8","太阳能板直角边源:s8:b26","6830","6857","931","931","128","200","24","88","111","24","24","1476","1441","672","91.7910447761194","89.61442786069652","42.42424242424242","91","89","42","True","complete","43D819E8DE16BF22389553A614F458E8AE2B20E70BB4B21EB7C38C7D811A5921"
"太阳能板直角边源.txt","太阳能板直角边源","8","太阳能板直角边源:s8:b27","6858","6884","966","966","128","200","24","88","111","24","24","1318","369","0","81.96517412935323","22.94776119402985","0","81","22","0","True","complete","3DEC6F1B66340FC206BF79C848E2D2CE63D2442852823BA30A7328B5D80BCF39"
"太阳能板直角边源.txt","太阳能板直角边源","8","太阳能板直角边源:s8:b28","6885","6912","1001","1001","128","200","24","88","111","24","24","133","12","547","8.271144278606965","0.746268656716418","34.532828282828284","8","0","34","True","complete","7BD716469981A5E7D7B95F2312E32CBEC6F16B318EA3E215D22E5C9827DDAF0E"
"太阳能板直角边源.txt","太阳能板直角边源","8","太阳能板直角边源:s8:b29","6913","6940","1035","1035","128","200","24","88","111","24","24","146","993","1394","9.07960199004975","61.75373134328358","88.0050505050505","9","61","88","True","complete","E5B8A38C3DC6E5AACB37EF3C5DAEF1F974F8F3F90D32D829C43D3FD4999D331E"
"太阳能板直角边源.txt","太阳能板直角边源","8","太阳能板直角边源:s8:b30","6941","6967","1070","1070","128","200","24","88","111","24","24","1100","1455","1422","68.40796019900498","90.48507462686567","89.77272727272727","68","90","89","True","complete","BF5264BBC747A9AE2069DE42A90CE88252E6C9CF53512F7DE09FE9690ACFD611"
"太阳能板直角边源.txt","太阳能板直角边源","8","太阳能板直角边源:s8:b31","6968","6994","1104","1104","128","200","24","88","111","24","24","1476","1481","1487","91.7910447761194","92.10199004975124","93.87626262626263","91","92","93","True","complete","DC0A25228C26028BB9E9BC75EBAE9AA679373EF95DDEA64B68A8A089AA2E107A"
"太阳能板直角边源.txt","太阳能板直角边源","8","太阳能板直角边源:s8:b32","6995","7022","1139","1139","128","200","24","88","111","24","24","1500","1503","1501","93.28358208955224","93.47014925373135","94.76010101010101","93","93","94","True","complete","2541AB276E8BDC75E0C5521EBCE3FE9884A9BD79DE778431C62DFAC427CBCBB8"
"太阳能板直角边源.txt","太阳能板直角边源","8","太阳能板直角边源:s8:b33","7023","7049","1173","1173","128","200","24","88","111","24","24","1531","1492","1491","95.21144278606965","92.7860696517413","94.12878787878788","95","92","94","True","complete","EE648F4F4DE2B0B84D7883546045E05DEB26FB860A306E3192BAC3295B162773"
"太阳能板直角边源.txt","太阳能板直角边源","8","太阳能板直角边源:s8:b34","7050","7076","1209","1209","128","200","24","88","111","24","24","1523","1505","1484","94.7139303482587","93.59452736318408","93.68686868686869","94","93","93","True","complete","A309D33C109DB4E8F3ECB90E46F0E9E3B3A4A95746159214A0D9842AA18FE208"
"太阳能板直角边源.txt","太阳能板直角边源","8","太阳能板直角边源:s8:b35","7077","7103","1242","1242","128","200","24","88","111","24","24","1493","1455","1434","92.84825870646766","90.48507462686567","90.53030303030303","92","90","90","True","complete","78491F06DE07E32C569A47C9C364EA98E9C43D59E173B5AC667E698CFA36A08D"
"太阳能板直角边源.txt","太阳能板直角边源","8","太阳能板直角边源:s8:b36","7104","7130","1277","1277","128","200","24","88","111","24","24","1443","1326","1158","89.73880597014926","82.46268656716418","73.10606060606061","89","82","73","True","complete","87D411B967C8B236A08FED7798C8FD0ABEC00AFBECF79DF94A0CA58BC1A67107"
"太阳能板直角边源.txt","太阳能板直角边源","8","太阳能板直角边源:s8:b37","7131","7158","1312","1312","128","200","24","88","111","24","24","1444","1336","1149","89.80099502487562","83.08457711442786","72.53787878787878","89","83","72","True","complete","17C31C650FE8EFEB7A90B16AEA2FE6A395FF0E498A9BDBED31930318E259BBF5"
"太阳能板直角边源.txt","太阳能板直角边源","8","太阳能板直角边源:s8:b38","7159","7185","1347","1347","128","200","24","88","111","24","24","1442","1338","1146","89.67661691542288","83.2089552238806","72.34848484848484","89","83","72","True","complete","201D5461CFD83A1B454B393BA3E0E2A4492D6A95D51C84D4542C97EA1E2350B7"
"太阳能板直角边源.txt","太阳能板直角边源","8","太阳能板直角边源:s8:b39","7186","7212","1381","1381","128","200","24","88","111","24","24","1440","1340","1147","89.55223880597015","83.33333333333333","72.41161616161617","89","83","72","True","complete","14C2E76E43B57B5144F55191A8DBE3AE89B43C61ABE6B6F1CAFC6FC886B2688C"
"太阳能板直角边源.txt","太阳能板直角边源","8","太阳能板直角边源:s8:b40","7213","7239","1416","1416","128","200","24","88","111","24","24","1440","1339","1144","89.55223880597015","83.27114427860697","72.22222222222223","89","83","72","True","complete","DEB03F402F36711D698B9B6E730B5BF97360288B41B04EB0C0E2C0118674FA1E"
"太阳能板直角边源.txt","太阳能板直角边源","8","太阳能板直角边源:s8:b41","7240","7266","1450","1450","128","200","24","88","111","24","24","1439","1338","1142","89.49004975124379","83.2089552238806","72.0959595959596","89","83","72","True","complete","56718E899225C5FB564001FBB02E7EDBF3A9CD0025E8946C24F83761C3E594DA"
"太阳能板直角边源.txt","太阳能板直角边源","8","太阳能板直角边源:s8:b42","7267","7294","1485","1485","128","200","24","88","111","24","24","1439","1339","1143","89.49004975124379","83.27114427860697","72.1590909090909","89","83","72","True","complete","499F9EEC66A7936304ADC1B1121B599108A2FC4BE64B7AFFA4CB0BB3F1588A83"
"太阳能板直角边源.txt","太阳能板直角边源","8","太阳能板直角边源:s8:b43","7295","7321","1519","1519","128","200","24","88","111","24","24","1439","1337","1142","89.49004975124379","83.14676616915423","72.0959595959596","89","83","72","True","complete","C0A99F6A79966F97125060DC0A3DE4A86CA77F4D2B7A4482AFB6E4F17D106905"
"太阳能板直角边源.txt","太阳能板直角边源","8","太阳能板直角边源:s8:b44","7322",,"1555",,"128","200","24","88","111","10","24","605","516","470","90.29850746268657","77.01492537313433","71.21212121212122","90","77","71","False","interrupted_by_connection_loss","41C21CDDCB87A520905B7593E1225168D147520CBE007EE88409D94536F62273"
"太阳能板直角边源.txt","太阳能板直角边源","9","太阳能板直角边源:s9:b1","7340","7366","3","3","128","200","24","88","111","24","24","1574","604","36","97.88557213930348","37.56218905472637","2.272727272727273","97","37","2","True","complete","57D2FC2E7615A795F2530F1A3A6431BCAFE7610327E2C799C7554B7C90412B0F"
"太阳能板直角边源.txt","太阳能板直角边源","9","太阳能板直角边源:s9:b2","7367","7393","94","94","128","200","24","88","111","24","24","1550","595","22","96.39303482587064","37.00248756218905","1.3888888888888888","96","37","1","True","complete","C6C6C869F79E878AC1704B1C80DA49CD280BC08347794EB996D6EE863C5B7870"
"太阳能板直角边源.txt","太阳能板直角边源","9","太阳能板直角边源:s9:b3","7394","7420","129","129","128","200","24","88","111","24","24","1512","591","2","94.02985074626865","36.75373134328358","0.12626262626262627","94","36","0","True","complete","9D0A07186535088DDA947A397760BE81111825A688D262C6504B75E1F4E84C1C"
"太阳能板直角边源.txt","太阳能板直角边源","9","太阳能板直角边源:s9:b4","7421","7447","164","164","128","200","24","88","111","24","24","1513","567","2","94.09203980099502","35.26119402985075","0.12626262626262627","94","35","0","True","complete","8647F90F9ADDFFD97E135B91A498F0A13CCAE8CD6EE7D54779E1AAAE3712F6A4"
"太阳能板直角边源.txt","太阳能板直角边源","9","太阳能板直角边源:s9:b5","7448","7474","198","198","128","200","24","88","111","24","24","1369","281","23","85.136815920398","17.475124378109452","1.452020202020202","85","17","1","True","complete","65D05D20B4CF79D0E04A409548E50DDF040F804B48BAA0A86D2334706908255A"
"太阳能板直角边源.txt","太阳能板直角边源","9","太阳能板直角边源:s9:b6","7476","7502","233","233","128","200","24","88","111","24","24","978","76","79","60.82089552238806","4.72636815920398","4.987373737373737","60","4","4","True","complete","BA3A4D559ECBDF1CA7019C5C6904E590A88D3B7B8A0C10CCFAB5DC5722AF5BD7"
"太阳能板直角边源.txt","太阳能板直角边源","9","太阳能板直角边源:s9:b7","7503","7529","267","267","128","200","24","88","111","24","24","306","148","82","19.029850746268657","9.203980099502488","5.1767676767676765","19","9","5","True","complete","B274E9C520EF8570024C4234720B8372569795DDCC9444FF68F3A3785FF5E806"
"太阳能板直角边源.txt","太阳能板直角边源","9","太阳能板直角边源:s9:b8","7530","7556","303","303","128","200","24","88","111","24","24","69","290","114","4.291044776119403","18.034825870646767","7.196969696969697","4","18","7","True","complete","6BE889CDFF699BAEA08E6AFA084453E9EC294ACA990443410E57E7ADA0434C4D"
"太阳能板直角边源.txt","太阳能板直角边源","9","太阳能板直角边源:s9:b9","7557","7583","337","337","128","200","24","88","111","24","24","232","309","69","14.427860696517413","19.21641791044776","4.356060606060606","14","19","4","True","complete","1CD2269326A1E253093A9A786D3D1E6526731BB5F5F6A7BB2F6FD976803F7E73"
"太阳能板直角边源.txt","太阳能板直角边源","9","太阳能板直角边源:s9:b10","7584","7610","372","372","128","200","24","88","111","24","24","356","270","84","22.139303482587064","16.791044776119403","5.303030303030303","22","16","5","True","complete","92F0929ED692BAEC23C062DA6C35DE75B94CDE28A3BEEB973DE10C40F8BE711B"
"太阳能板直角边源.txt","太阳能板直角边源","9","太阳能板直角边源:s9:b11","7612","7638","406","406","128","200","24","88","111","24","24","268","185","30","16.666666666666668","11.50497512437811","1.893939393939394","16","11","1","True","complete","0EFFC6D4BA127E587CA143A53C2217B1D32DDEA59854B828B5D38AFE372CF2F8"
"太阳能板直角边源.txt","太阳能板直角边源","9","太阳能板直角边源:s9:b12","7639","7665","441","441","128","200","24","88","111","24","24","226","21","468","14.054726368159203","1.3059701492537314","29.545454545454547","14","1","29","True","complete","C782ECAEC435A27A325657CCBAB1EEFD350C201810035E00807E45BAF2975505"
"太阳能板直角边源.txt","太阳能板直角边源","9","太阳能板直角边源:s9:b13","7666","7692","475","475","128","200","24","88","111","24","24","134","134","1025","8.333333333333334","8.333333333333334","64.70959595959596","8","8","64","True","complete","17D66086979E17F1EFAB0D0A38196D6F4C348DA372C1FD3B38CABBC440F40F85"
"太阳能板直角边源.txt","太阳能板直角边源","9","太阳能板直角边源:s9:b14","7693","7719","510","510","128","200","24","88","111","24","24","21","723","1462","1.3059701492537314","44.96268656716418","92.29797979797979","1","44","92","True","complete","2AFCCE6964A94717EEECAB66316B1308565204208B59768A82BE59BB7F8BBA6C"
"太阳能板直角边源.txt","太阳能板直角边源","9","太阳能板直角边源:s9:b15","7720","7747","544","544","128","200","24","88","111","24","24","155","1253","1409","9.639303482587065","77.92288557213931","88.95202020202021","9","77","88","True","complete","1E6FE128101AE8B1E24C5BFF352901C4263E1F1D7CA83C172F38F53659C10505"
"太阳能板直角边源.txt","太阳能板直角边源","9","太阳能板直角边源:s9:b16","7748","7775","579","579","128","200","24","88","111","24","24","425","1499","1326","26.430348258706466","93.22139303482587","83.71212121212122","26","93","83","True","complete","1960F0BE83764D0889073FA56CDA5886A3C1780CA0F1EA2228D11087C3E726AF"
"太阳能板直角边源.txt","太阳能板直角边源","9","太阳能板直角边源:s9:b17","7776","7802","614","614","128","200","24","88","111","24","24","814","1543","1262","50.62189054726368","95.95771144278606","79.67171717171718","50","95","79","True","complete","F24B9D0F73E0FA8142791666473A6F844E8D5AB90AC6AF72CCA16EA06CCE4CFA"
"太阳能板直角边源.txt","太阳能板直角边源","9","太阳能板直角边源:s9:b18","7803","7829","649","649","128","200","24","88","111","24","24","1153","1478","1299","71.70398009950249","91.91542288557214","82.00757575757575","71","91","82","True","complete","4466F05CE79973A9E6A0FC72743163E5761C4674661AD812A2250C95E10602DF"
"太阳能板直角边源.txt","太阳能板直角边源","9","太阳能板直角边源:s9:b19","7830","7856","683","683","128","200","24","88","111","24","24","1411","1420","1355","87.74875621890547","88.30845771144278","85.54292929292929","87","88","85","True","complete","BE94B023715CF5A49144D2BB61FA6FCBF6AC3047802AD6945CEF3FCAA02A1C98"
"太阳能板直角边源.txt","太阳能板直角边源","9","太阳能板直角边源:s9:b20","7857","7883","717","717","128","200","24","88","111","24","24","1531","1392","1349","95.21144278606965","86.56716417910448","85.16414141414141","95","86","85","True","complete","FEBDF5E0229A322B70BF553970E5E383C38EB77412A74ACC5F961F943A6E9173"
"太阳能板直角边源.txt","太阳能板直角边源","9","太阳能板直角边源:s9:b21","7884","7911","752","752","128","200","24","88","111","24","24","1548","1423","1300","96.26865671641791","88.4950248756219","82.07070707070707","96","88","82","True","complete","EED7BCAF23D4BA23D196B1ED473917FF64A98C70283216AACB84E3472A9C5BBB"
"太阳能板直角边源.txt","太阳能板直角边源","9","太阳能板直角边源:s9:b22","7912","7938","787","787","128","200","24","88","111","24","24","1523","1471","1349","94.7139303482587","91.48009950248756","85.16414141414141","94","91","85","True","complete","D9899236D6AEDA070275051BAC5CCDA4DEFC1DDC3C2A63E0821F0A5F80A4DB44"
"太阳能板直角边源.txt","太阳能板直角边源","9","太阳能板直角边源:s9:b23","7939","7965","822","822","128","200","24","88","111","24","24","1467","1510","1383","91.23134328358209","93.90547263681592","87.31060606060606","91","93","87","True","complete","BD57A187F0B503B414B881DE48A03860731569197D255F083803D4DFD5B53BBF"
"太阳能板直角边源.txt","太阳能板直角边源","9","太阳能板直角边源:s9:b24","7966","7992","857","857","128","200","24","88","111","24","24","1502","1446","1411","93.40796019900498","89.92537313432835","89.07828282828282","93","89","89","True","complete","73A25524A92F3DDB02740A79B5749D7F78ECD2A2E1A3A4C0D536796CFE45646A"
"太阳能板直角边源.txt","太阳能板直角边源","9","太阳能板直角边源:s9:b25","7993","8019","891","891","128","200","24","88","111","24","24","1527","1499","1394","94.96268656716418","93.22139303482587","88.0050505050505","94","93","88","True","complete","F5F65F69979CF6CC41F184640449CC1C5E9ED0E250BDD649CAF49E9AD49BB919"
"太阳能板直角边源.txt","太阳能板直角边源","9","太阳能板直角边源:s9:b26","8020","8047","925","925","128","200","24","88","111","24","24","1516","1438","1410","94.27860696517413","89.42786069651741","89.01515151515152","94","89","89","True","complete","C617EFF592DECE9D150671BA4B85284D893059149A1C7B5924FE1179E9FDCAFE"
"太阳能板直角边源.txt","太阳能板直角边源","9","太阳能板直角边源:s9:b27","8048","8074","960","960","128","200","24","88","111","24","24","1467","1432","1425","91.23134328358209","89.05472636815921","89.96212121212122","91","89","89","True","complete","2A5B79D22D505316BCA341BE7964261BD3010E6A599B7E6A718A1D74FACA3D9C"
"太阳能板直角边源.txt","太阳能板直角边源","9","太阳能板直角边源:s9:b28","8075","8101","994","994","128","200","24","88","111","24","24","1464","1433","1436","91.04477611940298","89.11691542288557","90.65656565656566","91","89","90","True","complete","8499EEA737A59EF0D35E62781F2E46FF50DBD73EDA5FE693CD8F8E4A6B3EB071"
"太阳能板直角边源.txt","太阳能板直角边源","9","太阳能板直角边源:s9:b29","8102","8128","1030","1030","128","200","24","88","111","24","24","1458","1433","1420","90.67164179104478","89.11691542288557","89.64646464646465","90","89","89","True","complete","6F5597EF93BBE3EC632564F3B66ABEBBC52A35C4DB26236C9DF345732E83858C"
"太阳能板直角边源.txt","太阳能板直角边源","9","太阳能板直角边源:s9:b30","8129","8155","1064","1064","128","200","24","88","111","24","24","1456","1433","1419","90.54726368159204","89.11691542288557","89.58333333333333","90","89","89","True","complete","5294FAB8C7D09156B1429259037EC5EE404883DE16FA8B32D7DB60293984DD91"
"太阳能板直角边源.txt","太阳能板直角边源","9","太阳能板直角边源:s9:b31","8156","8183","1098","1098","128","200","24","88","111","24","24","1457","1434","1422","90.6094527363184","89.17910447761194","89.77272727272727","90","89","89","True","complete","F90E29CE980699192620E51458191838BFC43A5B10C285103071585435B52346"
"太阳能板直角边源.txt","太阳能板直角边源","9","太阳能板直角边源:s9:b32","8184","8210","1133","1133","128","200","24","88","111","24","24","1458","1434","1419","90.67164179104478","89.17910447761194","89.58333333333333","90","89","89","True","complete","7B602869870DC62B23D268332402CB8E1B6F60E72BEFA3B4B7EB7FDE29DF0F71"
"太阳能板直角边源.txt","太阳能板直角边源","9","太阳能板直角边源:s9:b33","8211","8237","1168","1168","128","200","24","88","111","24","24","1459","1433","1420","90.73383084577114","89.11691542288557","89.64646464646465","90","89","89","True","complete","3BD45068698C0DE1CC9D4FF3EF222D5FB8739AEDBE1B33216FFDAD3F85C344B7"
"太阳能板直角边源.txt","太阳能板直角边源","9","太阳能板直角边源:s9:b34","8238","8264","1202","1202","128","200","24","88","111","24","24","1458","1432","1427","90.67164179104478","89.05472636815921","90.08838383838383","90","89","90","True","complete","6FFF2CE02776AF505F162CEB7E451B11FB814214D69F92506272048D0381C6B7"
"太阳能板直角边源.txt","太阳能板直角边源","9","太阳能板直角边源:s9:b35","8265","8291","1237","1237","128","200","24","88","111","24","24","1456","1432","1426","90.54726368159204","89.05472636815921","90.02525252525253","90","89","90","True","complete","6CC9D529CE935ADFA32A8F20EEF23335C3E42338B487791BCF4DB19245E781AD"
"太阳能板直角边源.txt","太阳能板直角边源","9","太阳能板直角边源:s9:b36","8292","8319","1271","1271","128","200","24","88","111","24","24","1286","1338","1328","79.97512437810946","83.2089552238806","83.83838383838383","79","83","83","True","complete","B7E9358F180953378ADD05D7AD23C3E372C5CDE156044FD56B0BCD04550B7FBA"
"太阳能板直角边源.txt","太阳能板直角边源","9","太阳能板直角边源:s9:b37","8320","8347","1306","1306","128","200","24","88","111","24","24","1575","1300","1508","97.94776119402985","80.8457711442786","95.20202020202021","97","80","95","True","complete","1A141198D25C4E26C0E499D7A16C71A5A29C502C12C69556AC5ECC72B7999224"
"太阳能板直角边源.txt","太阳能板直角边源","9","太阳能板直角边源:s9:b38","8349","8376","1341","1341","128","200","24","88","111","24","24","1210","1239","1445","75.24875621890547","77.05223880597015","91.22474747474747","75","77","91","True","complete","5E6C004670D3A9EAEFCA3D7BC219AC85FC84D76BBD9B49AC0FA3D6969C59E7C9"
"太阳能板直角边源.txt","太阳能板直角边源","9","太阳能板直角边源:s9:b39","8377","8403","1376","1376","128","200","24","88","111","24","24","1033","1190","1412","64.2412935323383","74.0049751243781","89.14141414141415","64","74","89","True","complete","2B89D6FC6DA5FA687BF6E42599465D26D95D5A12545EA63684ED254108AB2C95"
"太阳能板直角边源.txt","太阳能板直角边源","9","太阳能板直角边源:s9:b40","8404","8432","1410","1410","128","200","24","88","111","24","24","1212","1188","1409","75.3731343283582","73.88059701492537","88.95202020202021","75","73","88","True","complete","F5815C0CA141684D6B20328273970D23BABA97637BA6575631C04838929229CA"
"太阳能板直角边源.txt","太阳能板直角边源","9","太阳能板直角边源:s9:b41","8433","8461","1444","1444","128","200","24","88","111","24","24","1177","1302","1426","73.19651741293532","80.97014925373135","90.02525252525253","73","80","90","True","complete","B6E3C74A1A9DAE9B9D913E7AF9E7454CFAF1CF5AAAF1F8B4516AA53068F6ADAD"
"太阳能板直角边源.txt","太阳能板直角边源","9","太阳能板直角边源:s9:b42","8462","8488","1479","1479","128","200","24","88","111","24","24","1212","1269","1419","75.3731343283582","78.91791044776119","89.58333333333333","75","78","89","True","complete","84C47F127463D9DA353AF7148E89B9BD1FD2D9C0D7E28CB21C2C9CE0D5230ABC"
"太阳能板直角边源.txt","太阳能板直角边源","9","太阳能板直角边源:s9:b43","8489","8515","1514","1514","128","200","24","88","111","24","24","1220","1276","1424","75.87064676616916","79.35323383084577","89.8989898989899","75","79","89","True","complete","F3CA06AF2E2CEE87A0DEFD5763775A6FAF42FB81DB87B6E77B167FBC53AFA83C"
"太阳能板直角边源.txt","太阳能板直角边源","9","太阳能板直角边源:s9:b44","8516","8542","1548","1548","128","200","24","88","111","24","24","1243","1263","1422","77.30099502487562","78.54477611940298","89.77272727272727","77","78","89","True","complete","D7A2730938AC11122D3733C6AFA29348A0988BFCB9BFDCFB17A3131441F27F86"
"太阳能板直角边源.txt","太阳能板直角边源","9","太阳能板直角边源:s9:b45","8543","8569","1584","1584","128","200","24","88","111","24","24","1269","1175","1176","78.91791044776119","73.07213930348259","74.24242424242425","78","73","74","True","complete","792D309BE4EFBDE34D7CC1AA94DB1D4A08AD8891DEE6605530434EBF9F9CE3A3"
"太阳能板直角边源.txt","太阳能板直角边源","9","太阳能板直角边源:s9:b46","8570","8597","1618","1618","128","200","24","88","111","24","24","1270","1177","1179","78.98009950248756","73.19651741293532","74.43181818181819","78","73","74","True","complete","CA016C9FEF1B30615D1C59FD916361F516963377B61E9869BF7009164F7CB8A7"
"太阳能板直角边源.txt","太阳能板直角边源","9","太阳能板直角边源:s9:b47","8598","8624","1653","1653","128","200","24","88","111","24","24","1275","1178","1179","79.2910447761194","73.2587064676617","74.43181818181819","79","73","74","True","complete","B878322FF6A024C95F51D6D388EE2A271BCF5976170D3906A0568A0512A96876"
"太阳能板直角边源.txt","太阳能板直角边源","9","太阳能板直角边源:s9:b48","8625","8651","1687","1687","128","200","24","88","111","24","24","1274","1177","1179","79.22885572139303","73.19651741293532","74.43181818181819","79","73","74","True","complete","09EE6D2D753F47FE7401E5395F07F5F3E223FE1F3C34DF42283630D744F655AC"
"太阳能板直角边源.txt","太阳能板直角边源","9","太阳能板直角边源:s9:b49","8652","8678","1722","1722","128","200","24","88","111","24","24","1272","1176","1177","79.1044776119403","73.13432835820896","74.30555555555556","79","73","74","True","complete","1571F52166E308708E655B5075A14F2B21E346E1185FB4A6B84733FC951FA831"
"太阳能板直角边源.txt","太阳能板直角边源","9","太阳能板直角边源:s9:b50","8679","8705","1756","1756","128","200","24","88","111","24","24","1278","1250","1169","79.4776119402985","77.7363184079602","73.80050505050505","79","77","73","True","complete","FB8A67A75188D2FEC82F274E8BAEDD6A057E7B1B02C5B7B6C2C64F93405C20D6"
"太阳能板直角边源.txt","太阳能板直角边源","9","太阳能板直角边源:s9:b51","8706","8734","1791","1791","128","200","24","88","111","24","24","1276","1230","1169","79.35323383084577","76.49253731343283","73.80050505050505","79","76","73","True","complete","4738C220833DF342AB769F13A95BB026C51DFF4F961B7006B9A7E8A0F58180A0"
"太阳能板直角边源.txt","太阳能板直角边源","9","太阳能板直角边源:s9:b52","8735","8763","1825","1825","128","200","24","88","111","24","24","1284","1148","1325","79.85074626865672","71.39303482587064","83.6489898989899","79","71","83","True","complete","6669594F34C84FC51678D798D1607CC85996792398D6698A465D8E1A5B05756E"
"太阳能板直角边源.txt","太阳能板直角边源","9","太阳能板直角边源:s9:b53","8764","8790","1860","1860","128","200","24","88","111","24","24","1226","1410","1441","76.24378109452736","87.68656716417911","90.97222222222223","76","87","90","True","complete","74F8A83AE2430E9FAB98C791A28A2A38F1A8D397C4DE1E389B85CF4C2EB2B0F0"
"太阳能板直角边源.txt","太阳能板直角边源","9","太阳能板直角边源:s9:b54","8791","8820","1894","1894","128","200","24","88","111","24","24","1353","1385","1434","84.14179104477611","86.1318407960199","90.53030303030303","84","86","90","True","complete","ADEF8C9B36CE64F18720BE93AC8CC84D97D1BD11BA38D862DBB778F4B287CD6C"
"太阳能板直角边源.txt","太阳能板直角边源","9","太阳能板直角边源:s9:b55","8821","8850","1929","1929","128","200","24","88","111","24","24","1438","1230","833","89.42786069651741","76.49253731343283","52.58838383838384","89","76","52","True","complete","3AE88B103E0A9239D497F267CA7EEAB57587CA1422BBAD21CA345BFF508BA21D"
"太阳能板直角边源.txt","太阳能板直角边源","9","太阳能板直角边源:s9:b56","8851","8878","1964","1964","128","200","24","88","111","24","24","1422","1182","39","88.43283582089552","73.50746268656717","2.462121212121212","88","73","2","True","complete","FBD51FE5598BA1488A8072C1E88763B4461F58D7EBA2DCF88993ED5123EDB7C9"
"太阳能板直角边源.txt","太阳能板直角边源","9","太阳能板直角边源:s9:b57","8879","8905","1999","1999","128","200","24","88","111","24","24","1495","684","0","92.9726368159204","42.53731343283582","0","92","42","0","True","complete","6AD3EF6D8902D94E7A7030025DA7A2BFF2774AA80176D72F7327FAF1EF940EE5"
"太阳能板直角边源.txt","太阳能板直角边源","9","太阳能板直角边源:s9:b58","8906","8932","2033","2033","128","200","24","88","111","24","24","1293","123","6","80.41044776119404","7.649253731343284","0.3787878787878788","80","7","0","True","complete","594378B19FDFF03E9C704DB265CD1DDFE0BF594E93E71C2CC8D0E11753C8F8A7"
"太阳能板直角边源.txt","太阳能板直角边源","9","太阳能板直角边源:s9:b59","8933","8959","2068","2068","128","200","24","88","111","24","24","483","170","6","30.03731343283582","10.572139303482587","0.3787878787878788","30","10","0","True","complete","A9FDB3072891B68071AC2237836DACDA2DC8A21555FC08E9A96613257C09D7B5"
"太阳能板直角边源.txt","太阳能板直角边源","9","太阳能板直角边源:s9:b60","8960","8987","2103","2103","128","200","24","88","111","24","24","129","218","23","8.022388059701493","13.557213930348258","1.452020202020202","8","13","1","True","complete","10A5726273758FD1E648A9E4E47F2EE4F21AAC883482B997F28E83AC2184B049"
"太阳能板直角边源.txt","太阳能板直角边源","9","太阳能板直角边源:s9:b61","8988","9014","2137","2137","128","200","24","88","111","24","24","269","190","74","16.728855721393035","11.81592039800995","4.671717171717172","16","11","4","True","complete","9EE9E97A512D4EB609C9D0559E9C85077C9BF70B7600A65D12B340450BC1D07F"
"太阳能板直角边源.txt","太阳能板直角边源","9","太阳能板直角边源:s9:b62","9015","9041","2172","2172","128","200","24","88","111","24","24","229","209","72","14.24129353233831","12.997512437810945","4.545454545454546","14","12","4","True","complete","607FC732C4082BEE4995DFB0FE7966DBFB814A75EBC6701D5F8C1BC4E537729E"
"太阳能板直角边源.txt","太阳能板直角边源","9","太阳能板直角边源:s9:b63","9042","9068","2206","2206","128","200","24","88","111","24","24","189","245","51","11.753731343283581","15.2363184079602","3.2196969696969697","11","15","3","True","complete","3CD5BF7D2E944D68244F844CDC791DEB37DEA8CA6E43686587D3A457322FC8E7"
"太阳能板直角边源.txt","太阳能板直角边源","9","太阳能板直角边源:s9:b64","9069","9095","2241","2241","128","200","24","88","111","24","24","179","140","322","11.131840796019901","8.706467661691542","20.328282828282827","11","8","20","True","complete","4712FFE123A89766BD02F1D7C4005F4CC3C3961653D9C7F7CAFD2490141F8A12"
"太阳能板直角边源.txt","太阳能板直角边源","9","太阳能板直角边源:s9:b65","9096","9123","2275","2275","128","200","24","88","111","24","24","132","296","1354","8.208955223880597","18.407960199004975","85.47979797979798","8","18","85","True","complete","CD71BC8E2126264028CEEBD5EFBE5EE859E4FA5153E709F7EEDDC206373C5540"
"太阳能板直角边源.txt","太阳能板直角边源","9","太阳能板直角边源:s9:b66","9125","9151","2311","2311","128","200","24","88","111","24","24","188","1470","1324","11.691542288557214","91.41791044776119","83.58585858585859","11","91","83","True","complete","BD736EF347ABF1AD7ECEF29861EE8DAD129E56FF3F48F8ED9CA3EF330B970880"
"太阳能板直角边源.txt","太阳能板直角边源","9","太阳能板直角边源:s9:b67","9152","9178","2345","2345","128","200","24","88","111","24","24","1231","1460","1414","76.55472636815921","90.79601990049751","89.26767676767676","76","90","89","True","complete","B7E80B5B7A23668EB4A846A772ECC8008E4448ED7B85EFEEEF389FC7781449E5"
"太阳能板直角边源.txt","太阳能板直角边源","9","太阳能板直角边源:s9:b68","9179","9205","2379","2379","128","200","24","88","111","24","24","1549","1489","1389","96.33084577114428","92.59950248756219","87.68939393939394","96","92","87","True","complete","20CA3DC504F5F4D32128A25A796643779505BB1AC3ADDFF81B1BF9C64F183AA0"
"太阳能板直角边源.txt","太阳能板直角边源","9","太阳能板直角边源:s9:b69","9206","9232","2414","2414","128","200","24","88","111","24","24","1525","1498","1439","94.83830845771145","93.1592039800995","90.8459595959596","94","93","90","True","complete","036EF071C3C2AF38F5340EBAC67DDDD65AC33C404ED2AE673E3164429C371338"
"太阳能板直角边源.txt","太阳能板直角边源","9","太阳能板直角边源:s9:b70","9233","9259","2449","2449","128","200","24","88","111","24","24","1523","1496","1447","94.7139303482587","93.03482587064677","91.3510101010101","94","93","91","True","complete","A6F2045AD54A09655E6AC7826292B648B31D455C7DD63423CCA065CAE847E701"
"太阳能板直角边源.txt","太阳能板直角边源","9","太阳能板直角边源:s9:b71","9261","9287","2483","2483","128","200","24","88","111","24","24","1488","1451","1485","92.53731343283582","90.2363184079602","93.75","92","90","93","True","complete","1A7514CDA9CA2CC8356622198CA5DB8712E12A3F12A1992C4D6A479D90D993E3"
"太阳能板直角边源.txt","太阳能板直角边源","9","太阳能板直角边源:s9:b72","9288","9314","2519","2519","128","200","24","88","111","24","24","1481","1445","1450","92.10199004975124","89.863184079602","91.54040404040404","92","89","91","True","complete","7BEE161BC5730539F1FB318871C8E8206EF5AAF144CCC39F1EB2E9950A75C6FA"
"太阳能板直角边源.txt","太阳能板直角边源","9","太阳能板直角边源:s9:b73","9315","9341","2553","2553","128","200","24","88","111","24","24","1494","1440","1458","92.91044776119404","89.55223880597015","92.04545454545455","92","89","92","True","complete","285746A2CABBA5D0E16F424192C08AE7F191180AF8C1ADA0696FF17F7DCB5F43"
"太阳能板直角边源.txt","太阳能板直角边源","9","太阳能板直角边源:s9:b74","9342","9368","2587","2587","128","200","24","88","111","24","24","1496","1428","1456","93.03482587064677","88.80597014925372","91.91919191919192","93","88","91","True","complete","110323AE35A6596EE7C630F417D45AF071F312DAED4B645795F544D13B34BDD1"
"太阳能板直角边源.txt","太阳能板直角边源","9","太阳能板直角边源:s9:b75","9369",,"2622",,"128","200","24","88","111","10","24","645","635","626","96.26865671641791","94.77611940298507","94.84848484848484","96","94","94","False","interrupted_by_connection_loss","7358E340847888B14873B0708CBBB891060A321397CD3DD8C954EDDC2051F2BE"
"太阳能板直角边源.txt","太阳能板直角边源","10","太阳能板直角边源:s10:b1","9388","9416","3","3","128","200","24","88","111","24","24","24","1316","556","1.492537313432836","81.8407960199005","35.101010101010104","1","81","35","True","complete","758355B80D32B77C0AC5DADF9B55F32DA73E4A36D67472258D871122FC6E8FEF"
"太阳能板直角边源.txt","太阳能板直角边源","10","太阳能板直角边源:s10:b2","9418","9444","119","119","128","200","24","88","111","24","24","22","1307","548","1.3681592039800996","81.28109452736318","34.5959595959596","1","81","34","True","complete","5016CD7D9181ED95CE09B7239C831EFF039556FF967AC9E1CA8E0A4F334142C0"
"太阳能板直角边源.txt","太阳能板直角边源","10","太阳能板直角边源:s10:b3","9445","9471","154","154","128","200","24","88","111","24","24","19","1306","540","1.181592039800995","81.21890547263682","34.09090909090909","1","81","34","True","complete","C466722B2810F736E3D43AF16923D9B49DF1CD50EA9FA5120A84398A13218BA0"
"太阳能板直角边源.txt","太阳能板直角边源","10","太阳能板直角边源:s10:b4","9472","9498","189","189","128","200","24","88","111","24","24","22","1310","550","1.3681592039800996","81.46766169154229","34.72222222222222","1","81","34","True","complete","2ECB86B51E70FCD400458D1D6F64A2452AE3DB0B2A44E6FB181DE2F4BE28E1FD"
"太阳能板直角边源.txt","太阳能板直角边源","10","太阳能板直角边源:s10:b5","9499","9525","219","219","128","200","24","88","111","24","24","19","1307","539","1.181592039800995","81.28109452736318","34.02777777777778","1","81","34","True","complete","26041D82EB1205A343CFC1D3E264FB9E54F2ADE52D86281B6A5BB9A20879277C"
"太阳能板直角边源.txt","太阳能板直角边源","10","太阳能板直角边源:s10:b6","9526","9552","254","254","128","200","24","88","111","24","24","21","1306","544","1.3059701492537314","81.21890547263682","34.343434343434346","1","81","34","True","complete","F04617E10B5BC48ABDF237E0F5C32B543EEF3E5DF95C8340C6FE4DB9EDD6BB4D"
"太阳能板直角边源.txt","太阳能板直角边源","10","太阳能板直角边源:s10:b7","9554","9580","285","285","128","200","24","88","111","24","24","27","1314","556","1.6791044776119404","81.71641791044776","35.101010101010104","1","81","35","True","complete","C68A09EA89B8001A6717A156E1B7B00504408E8544C844FD3FC5FA5A3D527E3E"
"太阳能板直角边源.txt","太阳能板直角边源","10","太阳能板直角边源:s10:b8","9581","9607","318","318","128","200","24","88","111","24","24","27","1314","559","1.6791044776119404","81.71641791044776","35.29040404040404","1","81","35","True","complete","53EC6203A0FAC158EF803E4A9C55154EA1CA86283123A4B25FD433D8BBE49780"
"太阳能板直角边源.txt","太阳能板直角边源","10","太阳能板直角边源:s10:b9","9608","9634","352","352","128","200","24","88","111","24","24","21","1303","543","1.3059701492537314","81.03233830845771","34.28030303030303","1","81","34","True","complete","6000D23FF6DC3C0FB40998F1E958BEC1D72B4E3C08F601A7947F16528F44F052"
"太阳能板直角边源.txt","太阳能板直角边源","10","太阳能板直角边源:s10:b10","9635","9661","387","387","128","200","24","88","111","24","24","24","1312","552","1.492537313432836","81.59203980099502","34.84848484848485","1","81","34","True","complete","0B86CE3496374362D0A12B6D4D785A3F67EC8D221A23B1B969A45C130EFC94E4"
"太阳能板直角边源.txt","太阳能板直角边源","10","太阳能板直角边源:s10:b11","9662","9688","419","419","128","200","24","88","111","24","24","27","1314","557","1.6791044776119404","81.71641791044776","35.16414141414141","1","81","35","True","complete","9C36DBF937821DD8D5ACE053670AB7284A752D4BC33C7D9EF5914BB1C988C8AC"
"太阳能板直角边源.txt","太阳能板直角边源","10","太阳能板直角边源:s10:b12","9690","9716","451","451","128","200","24","88","111","24","24","24","1311","550","1.492537313432836","81.52985074626865","34.72222222222222","1","81","34","True","complete","20A68E5002AF75693F11FB3106EC3DDC597F3F424012FA038CAA10743942942F"
"太阳能板直角边源.txt","太阳能板直角边源","10","太阳能板直角边源:s10:b13","9717","9743","483","483","128","200","24","88","111","24","24","20","1307","542","1.243781094527363","81.28109452736318","34.217171717171716","1","81","34","True","complete","069EBB0B3AB4680F9868696E2AAB09D909E5D4FEBD3C5BC79EDF59D56CE419D3"
"太阳能板直角边源.txt","太阳能板直角边源","10","太阳能板直角边源:s10:b14","9744","9770","513","513","128","200","24","88","111","24","24","24","1312","551","1.492537313432836","81.59203980099502","34.785353535353536","1","81","34","True","complete","BF288B9F550F3E2A4B11E5CC84099DA45E3E623BA61431390CABC9E0DF571B02"
"太阳能板直角边源.txt","太阳能板直角边源","10","太阳能板直角边源:s10:b15","9771","9799","547","547","128","200","24","88","111","24","24","57","1376","433","3.544776119402985","85.57213930348259","27.335858585858585","3","85","27","True","complete","97115B99FDE666E50A31C36CFB2CAB3B07841867B7E117E43928F5D64B46A8DF"
"太阳能板直角边源.txt","太阳能板直角边源","10","太阳能板直角边源:s10:b16","9800","9826","583","583","128","200","24","88","111","24","24","1074","637","0","66.7910447761194","39.614427860696516","0","66","39","0","True","complete","2E8CB51B6AF63E792F9D5C8853352FB835A9B1004E960DD914E226B8A15320D5"
"太阳能板直角边源.txt","太阳能板直角边源","10","太阳能板直角边源:s10:b17","9827","9853","613","613","128","200","24","88","111","24","24","1077","610","0","66.9776119402985","37.93532338308458","0","66","37","0","True","complete","72C31771D143AAF2607D4711F3AF0D514C30FE7C0859C702F41C75BC48059A19"
"太阳能板直角边源.txt","太阳能板直角边源","10","太阳能板直角边源:s10:b18","9855","9881","644","644","128","200","24","88","111","24","24","1082","629","0","67.28855721393035","39.11691542288557","0","67","39","0","True","complete","AAAEEEFE5975D4AF95E8C597A07C5610700B8F272234E12CEDAB204BF3B2E780"
"太阳能板直角边源.txt","太阳能板直角边源","10","太阳能板直角边源:s10:b19","9882","9908","676","676","128","200","24","88","111","24","24","1078","645","0","67.03980099502488","40.11194029850746","0","67","40","0","True","complete","78D6F34E31B8C90210E9ED3383FE89384361D01694AE6037F7245BFD8DDD7100"
"太阳能板直角边源.txt","太阳能板直角边源","10","太阳能板直角边源:s10:b20","9909","9935","711","711","128","200","24","88","111","24","24","1045","685","0","64.98756218905473","42.59950248756219","0","64","42","0","True","complete","6AE7F1302728E652DE46DA232D2DD90C3FA21931178A59F2E2F3096B298E92FA"
"太阳能板直角边源.txt","太阳能板直角边源","10","太阳能板直角边源:s10:b21","9936","9963","746","746","128","200","24","88","111","24","24","904","960","0","56.21890547263681","59.701492537313435","0","56","59","0","True","complete","E54D9B4A3B260ADC2080752967BFAFBE52C4E7F717674351B5376855BE4DF1DD"
"太阳能板直角边源.txt","太阳能板直角边源","10","太阳能板直角边源:s10:b22","9964","9992","780","780","128","200","24","88","111","24","24","380","1407","78","23.6318407960199","87.5","4.924242424242424","23","87","4","True","complete","7A2EF1403F47DF91EC8F62DFB1012A7083B1AD5C3CFDBC715210A88D81E7B819"
"太阳能板直角边源.txt","太阳能板直角边源","10","太阳能板直角边源:s10:b23","9993","10019","811","811","128","200","24","88","111","24","24","0","778","1119","0","48.38308457711443","70.64393939393939","0","48","70","True","complete","CC5D1C29B9CFF59E380EB91FF4454C8A8C6F08267B0A0B7B751E16ACEDCF1117"
"太阳能板直角边源.txt","太阳能板直角边源","10","太阳能板直角边源:s10:b24","10020","10046","839","839","128","200","24","88","111","24","24","35","239","1346","2.1766169154228856","14.86318407960199","84.97474747474747","2","14","84","True","complete","D9006859CED3E000CD55272644BC7373C2C0F09BEACD4148CFFE027130B3B575"
"太阳能板直角边源.txt","太阳能板直角边源","10","太阳能板直角边源:s10:b25","10047","10074","872","872","128","200","24","88","111","24","24","42","246","1350","2.611940298507463","15.298507462686567","85.22727272727273","2","15","85","True","complete","CF79FBCF0DA8B9B58F0DE7B541757C7BE3316DDD2D0ED4DCAC0F8E4FD1E05F14"
"太阳能板直角边源.txt","太阳能板直角边源","10","太阳能板直角边源:s10:b26","10075","10101","904","904","128","200","24","88","111","24","24","37","248","1358","2.300995024875622","15.422885572139304","85.73232323232324","2","15","85","True","complete","C29210BB4F28A4A23BAA3121A7451B22BA0854FE1D22256C5B6D32923F7E145A"
"太阳能板直角边源.txt","太阳能板直角边源","10","太阳能板直角边源:s10:b27","10102","10128","936","936","128","200","24","88","111","24","24","38","242","1355","2.36318407960199","15.049751243781095","85.54292929292929","2","15","85","True","complete","E7DF82082170C375372C6D7AFEFB8A4E2DA4824AE5610CC20B05BB82290A274F"
"太阳能板直角边源.txt","太阳能板直角边源","10","太阳能板直角边源:s10:b28","10129","10155","970","970","128","200","24","88","111","24","24","90","257","1362","5.597014925373134","15.982587064676617","85.98484848484848","5","15","85","True","complete","51554908A688BFC4AA90D2BD545B7465B9894EADD1E4887FD6F6E522B763A8FF"
"太阳能板直角边源.txt","太阳能板直角边源","10","太阳能板直角边源:s10:b29","10156","10182","1004","1004","128","200","24","88","111","24","24","146","253","1359","9.07960199004975","15.733830845771145","85.79545454545455","9","15","85","True","complete","A446867858694E5CAB56628CF58F5DE38C041AC2EB53503C1407A3B5A9F62C75"
"太阳能板直角边源.txt","太阳能板直角边源","10","太阳能板直角边源:s10:b30","10183","10210","1038","1038","128","200","24","88","111","24","24","147","269","1368","9.14179104477612","16.728855721393035","86.36363636363636","9","16","86","True","complete","891C7F398499F5A2D62073723592AB0712A7673F8A6C4C4B15CA43BD64660318"
"太阳能板直角边源.txt","太阳能板直角边源","10","太阳能板直角边源:s10:b31","10211","10237","1066","1066","128","200","24","88","111","24","24","158","265","1369","9.82587064676617","16.480099502487562","86.42676767676768","9","16","86","True","complete","7487D10437B24BB5CC385B483180D0385CCFB6CF5A9096409650801FEBD96013"
"太阳能板直角边源.txt","太阳能板直角边源","10","太阳能板直角边源:s10:b32","10238",,"1098",,"128","200","24","88","111","2","24","9","14","94","6.7164179104477615","10.447761194029852","71.21212121212122","6","10","71","False","interrupted_by_connection_loss","69E9803E9F68C71189CD7D1B325A8D480B5F59620DBDCBAAE16ACAECF153248F"
