source_file,scenario,segment,snapshot_id,begin_frame,content_sha256,status,complete,duplicate_count,is_canonical,is_excluded,exclusion_reason,dark_all,dark_left,dark_center,dark_right,dark_top_half,dark_bottom_half,dark_left_edge,dark_right_edge,row_dark_min,row_dark_max,row_dark_std,column_dark_min,column_dark_max,column_dark_std,center_row_dark_min,center_row_dark_max,center_row_dark_std,center_column_dark_min,center_column_dark_max,center_column_dark_std,white_left_border_mean,white_left_border_max,white_right_border_mean,white_right_border_max,white_top_border_mean,white_top_border_max,white_bottom_border_mean,white_bottom_border_max,internal_white_mean,internal_white_max,row_transition_mean,row_transition_max,longest_white_run_mean,longest_white_run_max,vertical_white_columns_75,horizontal_white_rows_75,dark_bbox_width,dark_bbox_height,white_centroid_x,white_centroid_y,white_cov_xx,white_cov_yy,white_cov_xy,bottom4_dark_left,bottom4_dark_center,bottom4_dark_right,bottom_white_run_mean,bottom_white_run_max,bottom_white_run_std,bottom_edge_valid_percent,bottom_edge_slope,bottom_edge_residual,left_edge_valid_percent,left_edge_slope,left_edge_residual,right_edge_valid_percent,right_edge_slope,right_edge_residual,grid_dark_r1_c1,grid_dark_r1_c2,grid_dark_r1_c3,grid_dark_r1_c4,grid_dark_r1_c5,grid_dark_r2_c1,grid_dark_r2_c2,grid_dark_r2_c3,grid_dark_r2_c4,grid_dark_r2_c5,grid_dark_r3_c1,grid_dark_r3_c2,grid_dark_r3_c3,grid_dark_r3_c4,grid_dark_r3_c5,grid_dark_r4_c1,grid_dark_r4_c2,grid_dark_r4_c3,grid_dark_r4_c4,grid_dark_r4_c5,rate_dark_all,rate_dark_left,rate_dark_center,rate_dark_right,rate_dark_bottom_half,rate_bottom_white_run_mean,rate_bottom_edge_slope,rate_white_centroid_x
太阳能板边缘中心旋转扫描.txt,太阳能板边缘中心旋转扫描,1,太阳能板边缘中心旋转扫描:s1:orphan1,NaN,35A2D74D9B18DAC0729C0A167F990A088759206DD7FABE5D805FCBDA6D9E4BC7,incomplete_row_count,0,1,0,0,,NaN,NaN,NaN,NaN,NaN,NaN,NaN,NaN,NaN,NaN,NaN,NaN,NaN,NaN,NaN,NaN,NaN,NaN,NaN,NaN,NaN,NaN,NaN,NaN,NaN,NaN,NaN,NaN,NaN,NaN,NaN,NaN,NaN,NaN,NaN,NaN,NaN,NaN,NaN,NaN,NaN,NaN,NaN,NaN,NaN,NaN,NaN,NaN,NaN,NaN,NaN,NaN,NaN,NaN,NaN,NaN,NaN,NaN,NaN,NaN,NaN,NaN,NaN,NaN,NaN,NaN,NaN,NaN,NaN,NaN,NaN,NaN,NaN,NaN,NaN,NaN,NaN,NaN,NaN,NaN,NaN,NaN,NaN,NaN,NaN,NaN
太阳能板边缘中心旋转扫描.txt,太阳能板边缘中心旋转扫描,1,太阳能板边缘中心旋转扫描:s1:b2,1687,09EE6D2D753F47FE7401E5395F07F5F3E223FE1F3C34DF42283630D744F655AC,complete,1,2,1,0,,75.625,79.228855721393,73.1965174129353,74.4318181818182,67.625,83.625,72.5,79.7916666666667,17,95.5,22.7883694591933,0,83.3333333333333,17.0176096103689,0,95.5223880597015,31.7240832563721,0,83.3333333333333,19.9987357633493,7.5,83,2.29166666666667,23,3.8125,100,6.52083333333333,100,14.5833333333333,63,7.25,14,17.9791666666667,83,4,8.33333333333333,100,100,49.7938409998711,50.3753251579338,804.818141500587,600.419776009908,-85.898769399887,80.9701492537313,74.6268656716418,75,6.52083333333333,100,19.33956996315,31,0.0221797226498477,15.512738751057,20.8333333333333,-0.512192307692307,34.0552661690693,20.8333333333333,-0.121192307692308,6.97718810454139,95,90.4166666666667,100,92.5,75.8333333333333,38.75,46.25,45.4166666666667,30.4166666666667,61.6666666666667,94.5833333333333,76.6666666666667,79.5833333333333,90,97.5,78.3333333333333,88.3333333333333,77.0833333333333,72.5,81.6666666666667,0,0,0,0,0,0,0,0
太阳能板边缘中心旋转扫描.txt,太阳能板边缘中心旋转扫描,1,太阳能板边缘中心旋转扫描:s1:b3,1722,1571F52166E308708E655B5075A14F2B21E346E1185FB4A6B84733FC951FA831,complete,1,2,1,0,,75.5208333333333,79.1044776119403,73.134328358209,74.3055555555556,67.625,83.4166666666667,72.0833333333333,79.5833333333333,17,95.5,22.736428903312,0,87.5,17.023696309595,0,95.5223880597015,31.7104052017171,0,83.3333333333333,19.9731983466239,7.52083333333333,83,2.3125,23,3.8125,100,6.5625,100,14.6458333333333,62.5,7.41666666666667,16,17.9583333333333,83,4,8.33333333333333,100,100,49.77739762643,50.5013876040703,807.583986343451,602.632413712249,-84.1547727220352,80.9701492537313,74.6268656716418,74.2424242424242,6.5625,100,19.3569747837974,31,0.0164551076643004,15.5438370937048,20.8333333333333,-0.514846153846154,33.9758964335238,20.8333333333333,-0.112346153846154,6.9380500474945,95,90.4166666666667,100,92.5,75.8333333333333,38.3333333333333,46.25,45.4166666666667,30.8333333333333,61.6666666666667,94.5833333333333,76.6666666666667,79.5833333333333,90,97.0833333333333,77.5,88.75,76.6666666666667,72.0833333333333,81.25,-0.00297619047619021,-0.00355366027007814,-0.00177683013503887,-0.0036075036075033,-0.00595238095238122,0.00119047619047622,-0.000163560428158494,-0.000469810669746299
太阳能板边缘中心旋转扫描.txt,太阳能板边缘中心旋转扫描,1,太阳能板边缘中心旋转扫描:s1:b4,1756,FB8A67A75188D2FEC82F274E8BAEDD6A057E7B1B02C5B7B6C2C64F93405C20D6,complete,1,2,1,0,,77.0208333333333,79.4776119402985,77.7363184079602,73.8005050505051,67.3333333333333,86.7083333333333,72.7083333333333,79.1666666666667,16.5,95.5,23.4856474055533,0,87.5,16.0641592730239,0,95.5223880597015,33.2372275125161,0,83.3333333333333,17.6262915149637,7.5625,83.5,2.35416666666667,23.5,3.8125,100,4.91666666666667,100,13.0625,63,6.5,14,18.0208333333333,83.5,4,8.33333333333333,100,100,50.5022847692679,47.9088651503804,859.976211433744,541.547629704239,-71.347891019027,83.2089552238806,88.0597014925373,74.2424242424242,4.91666666666667,100,18.4681732358374,24,-0.0325180403791046,14.1525336775075,20.8333333333333,-0.5175,34.2116208326937,20.8333333333333,-0.115,7.15262189689907,95,90.4166666666667,100,92.5,75.4166666666667,38.3333333333333,46.25,45.4166666666667,29.5833333333333,60.4166666666667,94.5833333333333,77.0833333333333,87.5,90,97.0833333333333,79.1666666666667,89.5833333333333,99.1666666666667,72.0833333333333,80.8333333333333,0.0441176470588235,0.0109745390693594,0.135352648522095,-0.0148544266191325,0.0968137254901962,-0.0484068627450981,-0.00144038670715897,0.0213202100834675
太阳能板边缘中心旋转扫描.txt,太阳能板边缘中心旋转扫描,1,太阳能板边缘中心旋转扫描:s1:b5,1791,4738C220833DF342AB769F13A95BB026C51DFF4F961B7006B9A7E8A0F58180A0,complete,1,2,1,0,,76.5625,79.3532338308458,76.4925373134328,73.8005050505051,67.3333333333333,85.7916666666667,72.7083333333333,79.1666666666667,16.5,95.5,23.4536140257651,0,87.5,16.0775135711283,0,95.5223880597015,33.0277266295533,0,83.3333333333333,17.8509408224228,7.5625,83.5,2.35416666666667,23.5,3.83333333333333,100,5.29166666666667,100,13.5208333333333,63,7.08333333333333,18,18.0833333333333,83.5,3.5,8.33333333333333,100,100,50.3754327191513,48.7304347826087,844.884007555615,567.63416089057,-76.599080426286,82.4626865671642,82.4626865671642,74.2424242424242,5.29166666666667,100,18.4395715058657,28,-0.014882739207471,13.0284170532342,20.8333333333333,-0.5175,34.2116208326937,20.8333333333333,-0.115,7.15262189689907,95,90.4166666666667,100,92.5,75.4166666666667,38.75,46.25,45,29.5833333333333,60.4166666666667,94.1666666666667,76.25,87.5,90,97.0833333333333,79.1666666666667,89.1666666666667,91.6666666666667,72.0833333333333,80.8333333333333,-0.0130952380952384,-0.00355366027007855,-0.0355366027007818,0,-0.0261904761904759,0.0107142857142857,0.000503865747760959,-0.00362434428904623
太阳能板边缘中心旋转扫描.txt,太阳能板边缘中心旋转扫描,1,太阳能板边缘中心旋转扫描:s1:b6,1825,6669594F34C84FC51678D798D1607CC85996792398D6698A465D8E1A5B05756E,complete,1,2,1,0,,78.2708333333333,79.8507462686567,71.3930348258706,83.6489898989899,72.5,84.0416666666667,86.875,96.25,60.5,92,9.49024575512951,0,100,16.2740475118406,32.8358208955224,95.5223880597015,20.4441214979325,4.16666666666667,79.1666666666667,14.2114473909796,3.35416666666667,34.5,0.0208333333333333,0.5,4.39583333333333,100,4.39583333333333,100,18.3541666666667,38.5,7.95833333333333,10,16.375,34.5,3,0,100,100,47.8572151264472,44.2786277043645,624.630492350796,746.1509677547,-150.903093472936,91.044776119403,69.4029850746269,95.4545454545455,4.39583333333333,100,15.7028560022559,21,0.577031357916199,21.7852796980158,16.6666666666667,-2.5415,2.79172885502872,4.16666666666667,0,0,92.5,100,72.9166666666667,38.3333333333333,86.25,67.9166666666667,39.5833333333333,47.0833333333333,97.9166666666667,82.5,62.0833333333333,94.1666666666667,90.4166666666667,78.75,85.8333333333333,91.25,88.3333333333333,62.5,94.5833333333333,92.5,0.0502450980392155,0.0146327187591453,-0.149985367281241,0.289661319073084,-0.0514705882352941,-0.0263480392156862,0.0174092381506962,-0.074065223314826
太阳能板边缘中心旋转扫描.txt,太阳能板边缘中心旋转扫描,1,太阳能板边缘中心旋转扫描:s1:b7,1860,74F8A83AE2430E9FAB98C791A28A2A38F1A8D397C4DE1E389B85CF4C2EB2B0F0,complete,1,2,1,0,,84.9375,76.2437810945274,87.6865671641791,90.9722222222222,82.5,87.375,81.0416666666667,79.1666666666667,80,91.5,3.28141174549587,33.3333333333333,100,15.0299666932283,76.1194029850746,94.0298507462687,4.82635007241015,45.8333333333333,100,14.2583345107433,0.729166666666667,8.5,0,0,3.10416666666667,50,2.3125,62.5,14.3333333333333,20,9.33333333333333,12,6.9375,11,0,0,100,100,42.0108842970037,46.4910698177882,906.859644877536,923.212565395087,163.178537660128,82.089552238806,83.5820895522388,89.3939393939394,2.3125,62.5,8.08569984699121,13.5,0.230226308018824,12.8211569211917,16.6666666666667,-0.6095,0.136930639376292,0,0,0,82.5,64.5833333333333,81.6666666666667,97.9166666666667,89.5833333333333,55,86.25,81.25,98.3333333333333,87.9166666666667,97.0833333333333,76.6666666666667,96.6666666666667,85.8333333333333,88.3333333333333,80.8333333333333,90,96.6666666666667,73.3333333333333,88.3333333333333,0.190476190476191,-0.103056147832267,0.465529495380242,0.209235209235209,0.0952380952380951,-0.0595238095238095,-0.00990871571135357,-0.167038023698386
太阳能板边缘中心旋转扫描.txt,太阳能板边缘中心旋转扫描,1,太阳能板边缘中心旋转扫描:s1:b8,1894,ADEF8C9B36CE64F18720BE93AC8CC84D97D1BD11BA38D862DBB778F4B287CD6C,complete,1,2,1,0,,86.9166666666667,84.1417910447761,86.1318407960199,90.530303030303,88.0833333333333,85.75,77.9166666666667,98.3333333333333,82.5,91.5,2.76887462097269,54.1666666666667,100,12.3775408538182,68.6567164179104,95.5223880597015,9.47526545542891,54.1666666666667,100,13.6157754525008,0.6875,5.5,0.0208333333333333,0.5,1.5,25,3.27083333333333,37.5,12.375,17.5,10.2916666666667,14,4.54166666666667,8,0,0,100,100,43.0872515443459,53.1293270562171,637.876240869831,1001.6397709666,279.935328055717,93.6567164179104,70.1492537313433,86.3636363636364,3.27083333333333,37.5,8.97719421938083,17,-0.236838228262085,12.3412389518916,25,-0.0449836333878887,1.09461061340593,4.16666666666667,0,0,71.6666666666667,82.5,97.0833333333333,83.3333333333333,99.1666666666667,86.6666666666667,88.3333333333333,87.5,88.75,95.8333333333333,88.3333333333333,90.4166666666667,78.75,83.75,98.75,94.5833333333333,80,65.8333333333333,80,97.0833333333333,0.0582107843137252,0.232294410301434,-0.0457272461223297,-0.0129976232917407,-0.0477941176470588,0.0281862745098039,-0.0137371922435562,0.0316578602159485
太阳能板边缘中心旋转扫描.txt,太阳能板边缘中心旋转扫描,1,太阳能板边缘中心旋转扫描:s1:b9,1929,3AE88B103E0A9239D497F267CA7EEAB57587CA1422BBAD21CA345BFF508BA21D,complete,1,2,1,0,,72.9375,89.4278606965174,76.4925373134328,52.5883838383838,74.5,71.375,79.5833333333333,0,68,76,2.30930301926417,0,100,30.104269001988,53.7313432835821,88.0597014925373,12.1354110559709,45.8333333333333,100,16.5669601633408,0.208333333333333,1.5,14.4791666666667,19,14.9583333333333,100,15,100,12.375,21.5,11.25,13,14.4791666666667,19,12,0,89.5,100,69.6005044467913,51.9429661612611,850.133413648522,927.736107504234,-98.2725232656759,88.8059701492537,58.5820895522388,60.9848484848485,15,100,31.2308009141586,21.5,0.305465954338491,14.2554963223985,25,0.00108235294117647,0.372327075271719,100,-0.09105,0.206151619780598,87.0833333333333,83.75,96.25,94.1666666666667,9.58333333333333,88.75,91.6666666666667,77.9166666666667,97.0833333333333,18.75,89.5833333333333,93.75,53.75,90.8333333333333,34.1666666666667,82.0833333333333,100,52.0833333333333,72.5,45,-0.399404761904762,0.151030561478323,-0.275408670931059,-1.08405483405483,-0.410714285714286,0.335119047619048,0.0154944052171593,0.757521511498438
太阳能板边缘中心旋转扫描.txt,太阳能板边缘中心旋转扫描,1,太阳能板边缘中心旋转扫描:s1:b10,1964,FBD51FE5598BA1488A8072C1E88763B4461F58D7EBA2DCF88993ED5123EDB7C9,complete,1,2,1,0,,55.0625,88.4328358208955,73.5074626865672,2.46212121212121,57.4166666666667,52.7083333333333,89.7916666666667,0,50.5,59,2.71194018466805,0,100,41.5762786350868,59.7014925373134,88.0597014925373,9.29748297296793,25,100,29.8680238581062,0.145833333333333,2,33.3333333333333,39.5,33.625,100,32.3541666666667,100,11.4583333333333,19.5,8.125,11,33.3333333333333,39.5,33,0,73.5,100,73.402245348206,51.4402047932918,474.760924368357,898.38573620414,-40.9288278480685,88.0597014925373,65.6716417910448,4.54545454545455,32.3541666666667,100,43.4540771655086,17.5,0.514095765381574,16.2621177199425,12.5,-0.1725,0.117851130197757,100,-0.123,0.734337257484236,86.6666666666667,97.5,96.6666666666667,7.91666666666667,0,82.0833333333333,96.25,82.0833333333333,25,0,92.0833333333333,86.25,65,22.0833333333333,0,92.5,86.6666666666667,74.1666666666667,8.33333333333333,0,-0.510714285714286,-0.0284292821606251,-0.0852878464818762,-1.43217893217893,-0.533333333333333,0.495833333333333,0.00596085174408808,0.10862116861185
太阳能板边缘中心旋转扫描.txt,太阳能板边缘中心旋转扫描,1,太阳能板边缘中心旋转扫描:s1:b11,1999,6AD3EF6D8902D94E7A7030025DA7A2BFF2774AA80176D72F7327FAF1EF940EE5,complete,1,2,1,0,,45.3958333333333,92.9726368159204,42.5373134328358,0,42.1666666666667,48.625,83.5416666666667,0,38,52,4.16501778968659,0,100,44.3865168758948,17.910447761194,68.6567164179104,14.7753655770323,0,100,38.9555974126617,0.166666666666667,2,51.7708333333333,60.5,51.875,100,43.375,100,2.66666666666667,6,4.95833333333333,9,51.7708333333333,60.5,47.5,0,57,100,70.888398497639,47.7962277922466,411.949323410228,901.890116710819,27.9696030324852,90.6716417910448,62.6865671641791,0,43.375,100,49.3399163462873,5,-0.0512877156164283,4.03805009464377,12.5,0.1725,0.117851130197758,100,-0.17645,0.16462059292059,94.1666666666667,99.1666666666667,6.66666666666667,0,0,92.9166666666667,98.75,30,0,0,83.75,98.3333333333333,49.1666666666667,0,0,86.25,99.1666666666667,69.5833333333333,0,0,-0.276190476190476,0.129708599857853,-0.884861407249467,-0.0703463203463203,-0.116666666666667,0.314880952380952,-0.0161538137428001,-0.0718241957304871
太阳能板边缘中心旋转扫描.txt,太阳能板边缘中心旋转扫描,1,太阳能板边缘中心旋转扫描:s1:b12,2033,594378B19FDFF03E9C704DB265CD1DDFE0BF594E93E71C2CC8D0E11753C8F8A7,complete,1,2,1,0,,29.625,80.410447761194,7.64925373134328,0.378787878787879,25.5416666666667,33.7083333333333,94.1666666666667,0,21.5,39,5.16520549698528,0,100,38.4857640441136,0,22.3880597014925,6.66484634912456,0,33.3333333333333,9.13438458561261,0,0,49.7291666666667,69.5,58.9791666666667,100,55.5208333333333,100,20.6458333333333,40.5,5,5,51.3541666666667,69.5,64.5,25,69.5,100,63.6520375709216,47.8659870775092,490.298338717515,895.669384755453,85.3692522399431,93.2835820895522,19.0298507462687,0,55.5208333333333,100,47.1495889127938,15.5,0.983017938263891,17.4211119797187,0,0,0,100,0.35805,9.97191338015692,93.75,7.5,7.91666666666667,7.91666666666667,0,95,35,0,8.33333333333333,0,94.1666666666667,59.1666666666667,0,0,0,93.75,88.75,1.25,0,0,-0.463848039215686,-0.369476148668423,-1.02611940298507,0.0111408199643494,-0.438725490196078,0.357230392156863,0.0304207545258917,-0.212834144903453
太阳能板边缘中心旋转扫描.txt,太阳能板边缘中心旋转扫描,1,太阳能板边缘中心旋转扫描:s1:b13,2068,A9FDB3072891B68071AC2237836DACDA2DC8A21555FC08E9A96613257C09D7B5,complete,1,2,1,0,,13.7291666666667,30.0373134328358,10.5721393034826,0.378787878787879,9.875,17.5833333333333,63.75,0,7.5,22,4.60146282663758,0,87.5,20.8178229532428,0,23.8805970149254,8.46502464038485,0,20.8333333333333,6.62107032813161,5,41.5,47.5625,79.5,67.5625,100,63.2083333333333,100,33.7083333333333,52,3.625,5,53.4166666666667,79.5,83,100,71,100,54.8299332936113,48.4424052161314,738.769397154419,899.181867852753,98.585443212901,61.9402985074627,0,0,63.2083333333333,100,41.5074638602975,33,-0.468090016645659,24.1454528708455,12.5,0.344999999999999,1.53494774186618e-14,100,0.11645,14.7229420512657,5,1.25,34.5833333333333,0,0,35,0,22.9166666666667,0,0,62.9166666666667,0,2.08333333333333,11.25,0,91.6666666666667,6.66666666666667,0,1.25,0,-0.454166666666667,-1.43923240938166,0.0835110163468373,0,-0.460714285714286,0.219642857142857,-0.04146022728313,-0.252060122208866
太阳能板边缘中心旋转扫描.txt,太阳能板边缘中心旋转扫描,1,太阳能板边缘中心旋转扫描:s1:b14,2103,10A5726273758FD1E648A9E4E47F2EE4F21AAC883482B997F28E83AC2184B049,complete,1,2,1,0,,7.70833333333333,8.02238805970149,13.5572139303483,1.4520202020202,9.54166666666667,5.875,4.58333333333333,3.33333333333333,4,11,2.26464637160105,0,25,7.83419308158352,0,28.3582089552239,10.1412025426067,4.16666666666667,20.8333333333333,4.60699148809562,33.3125,63.5,35.1875,70.5,66.6458333333333,100,67.1458333333333,100,23.7916666666667,92,2.83333333333333,5,61.1666666666667,91.5,100,100,97.5,100,50.7085086833717,50.6821081558544,874.912184878225,906.068629047041,-26.0675755529721,8.2089552238806,0.746268656716418,5.3030303030303,67.1458333333333,100,35.2693074403217,52.5,-1.40634180093745,9.15572124106733,83.3333333333333,0.535657894736842,0.716947109551839,100,-0.84925,10.3884745309266,0.416666666666667,51.25,0,0,0,0,17.9166666666667,25.8333333333333,0,0,0,0,29.5833333333333,3.33333333333333,2.5,9.16666666666667,0,0,10,4.16666666666667,-0.17202380952381,-0.628997867803838,0.0852878464818763,0.0306637806637807,-0.33452380952381,0.1125,-0.0268071938369084,-0.117754988863987
太阳能板边缘中心旋转扫描.txt,太阳能板边缘中心旋转扫描,1,太阳能板边缘中心旋转扫描:s1:b15,2137,9EE9E97A512D4EB609C9D0559E9C85077C9BF70B7600A65D12B340450BC1D07F,complete,1,2,1,0,,11.1041666666667,16.728855721393,11.81592039801,4.67171717171717,12.9583333333333,9.25,14.7916666666667,2.91666666666667,0,17.5,5.31400767182659,0,50,8.16707580248866,0,49.2537313432836,16.8799171842367,4.16666666666667,20.8333333333333,4.62145617514141,37.5208333333333,100,37.75,100,53.4375,100,53.6875,100,38.625,100,3.75,8,63.25,100,98,100,95.5,87.5,51.6523324379102,50.7942653936683,847.426744771982,945.55327064431,-72.900883883325,0,0,6.81818181818182,53.6875,100,30.1829334965243,81,-0.833755952843248,5.72792087461332,79.1666666666667,0.967815789473684,4.95853303523289,87.5,-0.707922077922078,18.8438395944595,50,1.66666666666667,0,0,0.833333333333333,16.25,52.9166666666667,2.08333333333333,0,5.83333333333333,0,14.1666666666667,45.4166666666667,5.83333333333333,5.83333333333333,0,0,0,7.91666666666667,13.3333333333333,0.0998774509803921,0.256072578285045,-0.051214515657009,0.0946969696969697,0.0992647058823529,-0.395833333333333,0.0168407602380648,0.0277595221923084
太阳能板边缘中心旋转扫描.txt,太阳能板边缘中心旋转扫描,1,太阳能板边缘中心旋转扫描:s1:b16,2172,607FC732C4082BEE4995DFB0FE7966DBFB814A75EBC6701D5F8C1BC4E537729E,complete,1,2,1,0,,10.625,14.2412935323383,12.9975124378109,4.54545454545455,16.5,4.75,10.4166666666667,0.625,0,63,20.4791781849379,0,54.1666666666667,8.09704797624716,0,100,27.5121551986467,8.33333333333333,54.1666666666667,10.6482437391515,63.8958333333333,100,59.9583333333333,100,44.7916666666667,100,54.5208333333333,100,48.8541666666667,100,2.66666666666667,15,71.7708333333333,100,98,83.3333333333333,93,58.3333333333333,51.135280130255,50.7601094557616,863.691680062551,997.463574756795,-1.51711511566426,0,0,0,54.5208333333333,100,16.1443355197621,90,0.101257506336908,5.07151372671322,50,-1.08351837672282,13.0592976790615,58.3333333333333,-0.0444835164835166,13.5216873302653,0,0,0,10.4166666666667,0,45.8333333333333,39.5833333333333,20,40.8333333333333,8.33333333333333,4.58333333333333,22.9166666666667,16.6666666666667,3.33333333333333,0,0,0,0,0,0,-0.0136904761904762,-0.0710732054015636,0.0337597725657427,-0.00360750360750361,-0.128571428571429,0.0238095238095235,0.0267146702622902,-0.0147729230758634
太阳能板边缘中心旋转扫描.txt,太阳能板边缘中心旋转扫描,1,太阳能板边缘中心旋转扫描:s1:b17,2206,3CD5BF7D2E944D68244F844CDC791DEB37DEA8CA6E43686587D3A457322FC8E7,complete,1,2,1,0,,10.1041666666667,11.7537313432836,15.2363184079602,3.21969696969697,16.625,3.58333333333333,7.70833333333333,0,0,28.5,10.0476897265282,0,45.8333333333333,7.70718731577813,0,52.2388059701493,20.0919904771147,8.33333333333333,45.8333333333333,8.62958994414862,60.4583333333333,100,66.5625,100,40.1041666666667,100,66.7708333333333,100,46.2083333333333,100,1.95833333333333,6,72.125,100,97,91.6666666666667,83,58.3333333333333,51.1152518094529,51.8111743664668,876.307630619077,946.12570663967,13.3702754268557,0,0,0,66.7708333333333,100,21.6463533014385,83,0.681481669738289,4.46588899669368,54.1666666666667,-0.835961538461539,7.84205209528021,58.3333333333333,1.0537032967033,3.80717532922259,0,0,21.25,34.5833333333333,2.5,15.8333333333333,43.3333333333333,46.25,2.5,0,28.75,7.08333333333333,0,0,0,0,0,0,0,0,-0.0153186274509804,-0.0731635937957272,0.0658472344161545,-0.0389928698752228,-0.0343137254901961,0.360294117647059,0.0170654165706288,-0.000589068258887108
太阳能板边缘中心旋转扫描.txt,太阳能板边缘中心旋转扫描,1,太阳能板边缘中心旋转扫描:s1:b18,2241,4712FFE123A89766BD02F1D7C4005F4CC3C3961653D9C7F7CAFD2490141F8A12,complete,1,2,1,0,,13.3541666666667,11.1318407960199,8.70646766169154,20.3282828282828,11.6666666666667,15.0416666666667,2.5,41.25,7.5,23,3.69629416844901,0,62.5,14.3385322025324,0,32.8358208955224,13.1866301778637,0,20.8333333333333,7.73520579648698,34.5833333333333,85.5,20.6666666666667,66,56.0416666666667,100,54.7291666666667,100,31.3958333333333,83.5,4.70833333333333,7,68.6458333333333,85.5,82,100,98,100,48.1783768566323,49.3910534513941,799.76091546667,878.801871297177,-116.034782570459,0,0,59.8484848484849,54.7291666666667,100,37.9145555489376,52.5,0.532280436702544,18.492956682535,100,0.5017,22.4828929195915,37.5,0.594166666666666,0.524110062892033,0,29.5833333333333,39.5833333333333,0,0,0.833333333333333,43.3333333333333,0,0,3.33333333333333,17.9166666666667,1.66666666666667,0,0,42.9166666666667,0,0,0,8.75,79.1666666666667,0.0928571428571429,-0.0177683013503909,-0.186567164179104,0.488816738816739,0.327380952380952,-0.344047619047619,-0.00426289237244986,-0.0839107129377297
太阳能板边缘中心旋转扫描.txt,太阳能板边缘中心旋转扫描,1,太阳能板边缘中心旋转扫描:s1:b19,2275,CD71BC8E2126264028CEEBD5EFBE5EE859E4FA5153E709F7EEDDC206373C5540,complete,1,2,1,0,,37.125,8.2089552238806,18.407960199005,85.479797979798,31.875,42.375,6.875,86.4583333333333,26.5,49,6.6287417653205,0,100,36.9461472594902,0,59.7014925373134,20.642139749423,0,50,18.5936134446128,26.8541666666667,59.5,0,0,44.1875,100,40.1875,100,36.0208333333333,66,7.91666666666667,9,52,59.5,52,0,93.5,100,35.1888667992048,46.935776644481,490.770015404609,888.528008334656,-135.162390910528,0,52.2388059701493,90.530303030303,40.1875,100,44.1984129056463,27.5,-0.687209566973076,19.4112629070138,100,0.59375,12.6018300924407,0,0,0,14.1666666666667,19.5833333333333,0,17.9166666666667,95,20,0,0,60,92.0833333333333,1.25,0,10,92.5,88.75,0,0,50.4166666666667,95.4166666666667,85.4166666666667,0.699142156862745,-0.0859672227099795,0.285338015803336,1.91622103386809,0.803921568627451,-0.427696078431372,-0.0358673530492829,-0.382044413453751
太阳能板边缘中心旋转扫描.txt,太阳能板边缘中心旋转扫描,1,太阳能板边缘中心旋转扫描:s1:b20,2311,BD736EF347ABF1AD7ECEF29861EE8DAD129E56FF3F48F8ED9CA3EF330B970880,complete,1,2,1,0,,62.125,11.6915422885572,91.4179104477612,83.5858585858586,57.875,66.375,0,62.9166666666667,54,71.5,5.51529493870179,0,100,39.2387029551637,65.6716417910448,100,11.1972740269775,58.3333333333333,100,12.9928228418333,31.7708333333333,44,1.5625,5.5,32.0208333333333,100,21.2708333333333,100,4.54166666666667,9.5,7.70833333333333,12,31.7708333333333,44,27.5,0,80.5,100,27.8496442609085,45.8650212847372,802.715710507611,888.32472392543,80.6203129111748,34.3283582089552,99.6268656716418,77.2727272727273,21.2708333333333,100,39.4586604471378,9.5,0.333647152373523,12.1205770871073,100,-0.24465,0.343018270382825,54.1666666666667,0.0447558139534884,1.11872336239901,0,1.66666666666667,87.9166666666667,96.6666666666667,89.1666666666667,0,22.9166666666667,100,97.9166666666667,82.5,0,57.5,98.75,95,68.75,0.416666666666667,84.1666666666667,100,97.0833333333333,62.0833333333333,0.694444444444444,0.0967385295743505,2.02805417357656,-0.0526094276094275,0.666666666666667,-0.525462962962963,0.0283571310929611,-0.203867292730452
太阳能板边缘中心旋转扫描.txt,太阳能板边缘中心旋转扫描,1,太阳能板边缘中心旋转扫描:s1:b21,2345,B7E80B5B7A23668EB4A846A772ECC8008E4448ED7B85EFEEEF389FC7781449E5,complete,1,2,1,0,,85.5208333333333,76.5547263681592,90.7960199004975,89.2676767676768,82.6666666666667,88.375,32.7083333333333,77.2916666666667,80.5,92,3.54007850154505,4.16666666666667,100,21.2168941875822,80.5970149253731,100,4.77422631744762,75,100,8.31871550720625,7.66666666666667,15.5,1.33333333333333,4.5,8.02083333333333,95.8333333333333,0.833333333333333,16.6666666666667,5.47916666666667,11,8.33333333333333,16,8.08333333333333,15.5,4.5,0,100,100,36.6581106973717,43.3156083828589,1352.48936828682,840.000199592811,326.913550069654,94.7761194029851,86.5671641791045,90.530303030303,0.833333333333333,16.6666666666667,2.73912243911441,11,0.0462310047009949,3.92947957741243,95.8333333333333,-0.155113636363636,0.34371020837041,62.5,-0.00574999999999998,1.27953984784462,31.6666666666667,100,100,85.4166666666667,92.9166666666667,50.4166666666667,100,97.0833333333333,84.1666666666667,85,72.0833333333333,97.0833333333333,87.0833333333333,93.75,82.5,89.5833333333333,97.5,79.5833333333333,97.9166666666667,86.6666666666667,0.688112745098039,1.90774070822359,-0.018290898448932,0.16711229946524,0.647058823529412,-0.601102941176471,-0.00845341610801553,0.259072542248919
太阳能板边缘中心旋转扫描.txt,太阳能板边缘中心旋转扫描,1,太阳能板边缘中心旋转扫描:s1:b22,2379,20CA3DC504F5F4D32128A25A796643779505BB1AC3ADDFF81B1BF9C64F183AA0,complete,1,2,1,0,,92.2291666666667,96.3308457711443,92.5995024875622,87.6893939393939,93.0833333333333,91.375,100,92.5,89,94.5,1.25956485469721,66.6666666666667,100,9.25284505871709,89.5522388059701,98.5074626865672,2.42984080769199,70.8333333333333,100,8.10355222549284,0,0,0.25,2.5,0.75,20.8333333333333,0.875,20.8333333333333,7.52083333333333,11,7.75,12,2.75,4.5,0,0,100,100,63.0821668665041,52.6518242219373,592.030728432465,945.001864896949,-153.242456569115,89.9253731343284,95.8955223880597,86.7424242424242,0.875,20.8333333333333,3.33097697282992,8.5,-0.0587199464193607,5.53447295278532,0,0,0,16.6666666666667,-0.161,0.11180339887499,100,91.6666666666667,94.5833333333333,99.1666666666667,77.0833333333333,100,87.5,97.0833333333333,96.25,87.5,100,85,93.3333333333333,91.6666666666667,87.9166666666667,100,82.9166666666667,100,82.0833333333333,90.8333333333333,0.197303921568627,0.581650570676032,0.0530436055019023,-0.0464200831847889,0.0882352941176471,0.00122549019607843,-0.00308679268001046,0.77717812262154
太阳能板边缘中心旋转扫描.txt,太阳能板边缘中心旋转扫描,1,太阳能板边缘中心旋转扫描:s1:b23,2414,036EF071C3C2AF38F5340EBAC67DDDD65AC33C404ED2AE673E3164429C371338,complete,1,2,1,0,,92.9583333333333,94.8383084577114,93.1592039800995,90.8459595959596,93.625,92.2916666666667,85.4166666666667,90,91.5,95.5,1.14128709441755,66.6666666666667,100,9.06916703009519,89.5522388059701,97.0149253731343,2.01290145987551,75,100,9.10855930185476,0,0,0.0416666666666667,1,0.5625,20.8333333333333,0.833333333333333,25,7,8.5,8.625,10,2.0625,2.5,0,0,100,100,54.9284885968303,53.2029843066632,1021.55539972767,841.101614565687,-43.9916031444551,95.1492537313433,92.5373134328358,90.1515151515152,0.833333333333333,25,3.5932966935478,7.5,-0.0831889213182537,7.12124448058998,0,0,0,4.16666666666667,0,0,91.6666666666667,100,91.6666666666667,99.5833333333333,89.1666666666667,92.0833333333333,100,87.5,100,84.5833333333333,91.6666666666667,99.1666666666667,90,96.25,83.75,90.8333333333333,99.1666666666667,88.75,91.25,92.0833333333333,0.0208333333333335,-0.0426439232409385,0.0159914712153518,0.0901875901875899,0.0261904761904763,-0.00119047619047619,-0.000699113568539801,-0.232962236276394
太阳能板边缘中心旋转扫描.txt,太阳能板边缘中心旋转扫描,1,太阳能板边缘中心旋转扫描:s1:b24,2449,A6F2045AD54A09655E6AC7826292B648B31D455C7DD63423CCA065CAE847E701,complete,1,2,1,0,,93.0416666666667,94.7139303482587,93.0348258706468,91.3510101010101,93.4166666666667,92.6666666666667,100,90.2083333333333,90,95.5,1.62130292925344,54.1666666666667,100,11.6893026397317,86.5671641791045,95.5223880597015,2.84099622248836,58.3333333333333,100,12.2746535165234,0,0,0.0833333333333333,2,0.854166666666667,29.1666666666667,1.14583333333333,37.5,6.875,10,7.79166666666667,10,2.3125,4.5,0,0,100,100,57.1901423284085,51.6922676386358,833.082253356684,791.285172430458,-62.4123600321268,94.7761194029851,89.9253731343284,95.4545454545455,1.14583333333333,37.5,5.14884367117467,7.5,-0.163272639655695,11.0181096842565,0,0,0,4.16666666666667,0,0,93.3333333333333,100,90.4166666666667,97.9166666666667,92.5,90.8333333333333,99.5833333333333,91.25,91.6666666666667,86.6666666666667,91.6666666666667,94.1666666666667,90.8333333333333,100,81.25,90.8333333333333,100,85.8333333333333,100,92.0833333333333,0.00238095238095265,-0.00355366027007814,-0.00355366027007814,0.0144300144300148,0.0107142857142853,0.00892857142857144,-0.00228810623821262,0.0646186780450914
太阳能板边缘中心旋转扫描.txt,太阳能板边缘中心旋转扫描,1,太阳能板边缘中心旋转扫描:s1:b25,2483,1A7514CDA9CA2CC8356622198CA5DB8712E12A3F12A1992C4D6A479D90D993E3,complete,1,2,1,0,,92.1666666666667,92.5373134328358,90.2363184079602,93.75,92.2916666666667,92.0416666666667,98.9583333333333,84.1666666666667,86.5,95.5,2.74521982435979,0,100,17.291269344187,74.6268656716418,95.5223880597015,6.81809499044303,8.33333333333333,100,18.5426560115972,0,0,0,0,2.5625,100,3.20833333333333,100,7.83333333333333,13.5,7.25,12,3.41666666666667,7.5,2,0,100,100,55.0024056452475,50.0925069380203,727.552033249066,1123.54853533534,-154.891817423568,86.9402985074627,85.8208955223881,94.6969696969697,3.20833333333333,100,13.7953227453453,11.5,0.175783830314609,27.0359385139378,0,0,0,0,0,0,100,91.25,85.4166666666667,85.4166666666667,85.8333333333333,100,91.6666666666667,100,90.4166666666667,92.9166666666667,95,91.6666666666667,100,89.1666666666667,92.0833333333333,98.3333333333333,75.8333333333333,96.25,90.8333333333333,91.25,-0.0257352941176475,-0.0640181445712613,-0.0823090430201933,0.0705585264408793,-0.0183823529411761,0.0606617647058824,0.00997224911677366,-0.0643451965635586
太阳能板边缘中心旋转扫描.txt,太阳能板边缘中心旋转扫描,1,太阳能板边缘中心旋转扫描:s1:b26,2519,7BEE161BC5730539F1FB318871C8E8206EF5AAF144CCC39F1EB2E9950A75C6FA,complete,1,2,1,0,,91.1666666666667,92.1019900497513,89.863184079602,91.540404040404,94.625,87.7083333333333,100,99.1666666666667,50.5,95,9.82085919674642,0,100,20.5383640968959,4.47761194029851,94.0298507462687,18.3114273212614,0,100,22.8704064838894,0,0,0,0,4.5625,100,6.45833333333333,100,8.83333333333333,49.5,7.08333333333333,16,4.0625,32,5,0,100,100,49.0174931260074,67.7296964725185,679.975651334864,1115.46490368859,-2.84172489593636,73.8805970149254,71.6417910447761,77.6515151515152,6.45833333333333,100,19.2997075887043,46,-0.124287738929819,9.50417959222915,0,0,0,0,0,0,93.75,100,87.0833333333333,100,90.4166666666667,92.5,100,90,100,92.5,92.5,100,90,100,90.4166666666667,85,77.9166666666667,76.25,80.4166666666667,84.5833333333333,-0.0277777777777778,-0.0120923161967935,-0.0103648424543946,-0.0613776655443322,-0.120370370370371,0.0902777777777777,-0.00833532136790078,-0.166247569978892
太阳能板边缘中心旋转扫描.txt,太阳能板边缘中心旋转扫描,1,太阳能板边缘中心旋转扫描:s1:b27,2553,285746A2CABBA5D0E16F424192C08AE7F191180AF8C1ADA0696FF17F7DCB5F43,complete,1,2,1,0,,91.5,92.910447761194,89.5522388059701,92.0454545454545,95.0833333333333,87.9166666666667,99.7916666666667,99.1666666666667,60.5,96,8.65146381180413,0,100,19.9666458334972,28.3582089552239,95.5223880597015,16.1232480332503,0,100,22.1475996251113,0,0,0,0,3.70833333333333,100,5.25,100,8.5,39.5,7.75,20,3.45833333333333,16,4.5,0,100,100,49.6810030544882,69.0004262574595,652.066610632427,981.602134812189,14.9235917018857,79.4776119402985,66.044776119403,78.7878787878788,5.25,100,18.2183848828235,25,-0.118250892363501,17.5551497686232,0,0,0,0,0,0,94.1666666666667,100,91.25,100,92.0833333333333,92.9166666666667,100,90,100,90.4166666666667,92.5,100,90,100,92.5,87.5,78.3333333333333,74.5833333333333,78.3333333333333,85.4166666666667,0.00980392156862773,0.0237781679836109,-0.00914544922446602,0.0148544266191325,0.00612745098039244,-0.0355392156862745,0.000177554310774064,0.0195149978964928
太阳能板边缘中心旋转扫描.txt,太阳能板边缘中心旋转扫描,1,太阳能板边缘中心旋转扫描:s1:b28,2587,110323AE35A6596EE7C630F417D45AF071F312DAED4B645795F544D13B34BDD1,complete,1,2,1,0,,91.25,93.0348258706468,88.8059701492537,91.9191919191919,95.125,87.375,99.7916666666667,98.75,54,96,9.66616690362295,0,100,19.8665986531049,26.865671641791,95.5223880597015,18.6313909875939,0,100,21.7259406195407,0,0,0,0,3.70833333333333,100,5.89583333333333,100,8.75,46,7.83333333333333,18,3.47916666666667,17,5,0,100,100,50.2991146207227,70.0310559006211,640.362731626661,955.719622442551,27.7979664664643,80.5970149253731,61.1940298507463,78.4090909090909,5.89583333333333,100,19.3066112148058,24.5,-0.169215362064378,16.9506021096032,0,0,0,0,0,0,94.5833333333333,100,91.6666666666667,100,92.5,92.5,100,90,100,90,92.5,100,90,100,92.5,87.9166666666667,79.1666666666667,70.4166666666667,76.6666666666667,84.5833333333333,-0.00735294117647059,0.00365817968978674,-0.0219490781387179,-0.00371360665478323,-0.0159313725490197,0.0189950980392157,-0.00149895499120226,0.0181797519480741
太阳能板边缘中心旋转扫描.txt,太阳能板边缘中心旋转扫描,1,太阳能板边缘中心旋转扫描:s1:b29,2622,7358E340847888B14873B0708CBBB891060A321397CD3DD8C954EDDC2051F2BE,interrupted_by_connection_loss,0,2,0,0,,NaN,NaN,NaN,NaN,NaN,NaN,NaN,NaN,NaN,NaN,NaN,NaN,NaN,NaN,NaN,NaN,NaN,NaN,NaN,NaN,NaN,NaN,NaN,NaN,NaN,NaN,NaN,NaN,NaN,NaN,NaN,NaN,NaN,NaN,NaN,NaN,NaN,NaN,NaN,NaN,NaN,NaN,NaN,NaN,NaN,NaN,NaN,NaN,NaN,NaN,NaN,NaN,NaN,NaN,NaN,NaN,NaN,NaN,NaN,NaN,NaN,NaN,NaN,NaN,NaN,NaN,NaN,NaN,NaN,NaN,NaN,NaN,NaN,NaN,NaN,NaN,NaN,NaN,NaN,NaN,NaN,NaN,NaN,NaN,NaN,NaN
左转极限.txt,左转极限,1,左转极限:s1:orphan1,NaN,F459B19A16476BEA594B9B93560125ACE9625CAD94838089136936EE5F065D27,incomplete_row_count,0,1,0,0,,NaN,NaN,NaN,NaN,NaN,NaN,NaN,NaN,NaN,NaN,NaN,NaN,NaN,NaN,NaN,NaN,NaN,NaN,NaN,NaN,NaN,NaN,NaN,NaN,NaN,NaN,NaN,NaN,NaN,NaN,NaN,NaN,NaN,NaN,NaN,NaN,NaN,NaN,NaN,NaN,NaN,NaN,NaN,NaN,NaN,NaN,NaN,NaN,NaN,NaN,NaN,NaN,NaN,NaN,NaN,NaN,NaN,NaN,NaN,NaN,NaN,NaN,NaN,NaN,NaN,NaN,NaN,NaN,NaN,NaN,NaN,NaN,NaN,NaN,NaN,NaN,NaN,NaN,NaN,NaN,NaN,NaN,NaN,NaN,NaN,NaN
左转极限.txt,左转极限,1,左转极限:s1:b2,276,045899872D1051AD00AEA82E2C55027DFD0619BDD73D1C416F995631742FA364,complete,1,2,1,0,,89.4375,94.3407960199005,91.3557213930348,82.5126262626263,90.8333333333333,88.0416666666667,96.25,59.7916666666667,79.5,91.5,3.05497633948,0,100,25.67105206015,88.0597014925373,94.0298507462687,1.70341357375754,0,100,25.0348392854667,0,0,0.791666666666667,7.5,6.5,100,6.9375,100,9.77083333333333,20.5,15.125,16,3.29166666666667,11.5,7,0,100,100,68.2832307494077,55.6727553383072,820.016017826283,999.305326154191,55.1530454344479,94.0298507462687,88.8059701492537,67.8030303030303,6.9375,100,21.9300028369285,16.5,-0.331424278837461,19.4984129198419,0,0,0,20.8333333333333,0.039001743679163,1.05898406678539,95.8333333333333,95,95,85.8333333333333,83.3333333333333,93.3333333333333,95.4166666666667,94.1666666666667,85.8333333333333,84.5833333333333,93.75,95,94.5833333333333,85.8333333333333,82.0833333333333,93.75,92.0833333333333,94.1666666666667,87.0833333333333,62.0833333333333,0,0,0,0,0,0,0,0
左转极限.txt,左转极限,1,左转极限:s1:b3,311,75650D27EF457A3AEA56BB819449BFEDC5B30CFBE092F355B93960CD85F4EDC9,complete,1,2,1,0,,89.5,94.4651741293532,91.3557213930348,82.5757575757576,90.9166666666667,88.0833333333333,96.4583333333333,59.7916666666667,79.5,91.5,3.12075799042198,0,100,25.555525210576,88.0597014925373,94.0298507462687,1.86621233782958,0,100,24.8555743316373,0,0,0.791666666666667,7.5,6.45833333333333,100,6.95833333333333,100,9.70833333333333,20.5,15.0416666666667,16,3.29166666666667,11.5,6.5,0,100,100,68.4583632447954,55.8661145617667,812.758976788363,998.760002495712,49.3783741739358,94.0298507462687,88.4328358208955,67.8030303030303,6.95833333333333,100,21.9333144318268,16.5,-0.33657546996283,19.3933082243802,0,0,0,20.8333333333333,0.039001743679163,1.05898406678539,96.25,95,95,86.25,83.3333333333333,93.3333333333333,95.4166666666667,94.1666666666667,85.8333333333333,84.5833333333333,94.1666666666667,95,94.5833333333333,86.25,82.0833333333333,93.75,92.0833333333333,93.75,87.0833333333333,62.0833333333333,0.00178571428571429,0.00355366027007814,0,0.00180375180375165,0.00119047619047673,0.000595238095238061,-0.000147176889296284,0.00500378558250369
左转极限.txt,左转极限,1,左转极限:s1:b4,346,4D9F030A7353B72E1C33C0BC8750DF4F171867591BAD6F773EFB3B7344ABC0FC,complete,1,2,1,0,,89.875,95.4601990049751,91.6666666666667,82.3863636363636,91.3333333333333,88.4166666666667,96.4583333333333,60.2083333333333,79.5,92,3.30759994426538,0,100,24.9668610624587,86.5671641791045,94.0298507462687,2.52513267643358,0,100,24.2197258003702,0,0,0.979166666666667,7,5.72916666666667,100,6.95833333333333,100,9.14583333333333,20.5,14.9583333333333,16,3.3125,11.5,6.5,0,100,100,69.6455528672167,56.2175702272321,798.340580048607,1012.37762838405,41.7196831671143,95.5223880597015,86.5671641791045,67.8030303030303,6.95833333333333,100,21.9412681726215,17,-0.318691047813985,23.8190324293839,0,0,0,29.1666666666667,0.0372039473684211,0.782810430847726,95.8333333333333,96.25,95,87.9166666666667,82.0833333333333,95,95,94.1666666666667,87.0833333333333,85,94.1666666666667,95.8333333333333,95,87.5,82.5,94.5833333333333,93.3333333333333,93.3333333333333,84.5833333333333,63.3333333333333,0.0107142857142857,0.0284292821606255,0.00888415067519515,-0.00541125541125536,0.00952380952380939,0,0.000510983489967019,0.0339197034977527
左转极限.txt,左转极限,1,左转极限:s1:b5,381,1C4F987ED31939FD577D3B3228D1EFAAAA1316089B47F9F03A8AD6EE01517E66,complete,1,2,1,0,,93,93.8432835820896,91.8532338308458,93.3080808080808,95.5833333333333,90.4166666666667,88.5416666666667,90.625,82.5,96.5,4.41095474235799,0,100,17.2316305059595,88.0597014925373,94.0298507462687,1.52331451665621,0,100,23.3620948709149,0.395833333333333,6.5,0,0,2.22916666666667,100,4.10416666666667,100,6.60416666666667,17.5,11.1666666666667,16,2.47916666666667,9.5,2,0,100,100,50.3738932759033,64.7256728778468,900.763379663963,945.050318489085,-433.538852326307,70.5223880597015,89.5522388059701,91.6666666666667,4.10416666666667,100,14.6406655994862,16.5,0.419755034992475,17.4288730066003,8.33333333333333,0.804999999999999,1.00485917355762e-14,0,0,0,100,98.3333333333333,95,89.5833333333333,96.25,100,97.5,95.8333333333333,88.75,94.5833333333333,97.0833333333333,97.0833333333333,94.5833333333333,87.9166666666667,94.5833333333333,64.5833333333333,95,93.75,85.4166666666667,94.1666666666667,0.0892857142857143,-0.0461975835110163,0.00533049040511742,0.312049062049062,0.0571428571428571,-0.081547619047619,0.021098459508756,-0.550618845466097
左转极限.txt,左转极限,1,左转极限:s1:b6,415,F17527B10B05DF6F7C2613CFCEDB6F7FEF07928FF96EE4E95623A3447CA66D7F,complete,1,2,1,0,,90.2291666666667,89.2412935323383,93.4701492537313,87.9419191919192,93.6666666666667,86.7916666666667,88.125,85.2083333333333,84,95.5,3.92865494923453,50,100,12.6325848182546,89.5522388059701,97.0149253731343,1.90897189099033,50,100,13.3787083148065,0.25,4,0.354166666666667,4.5,1.375,37.5,2.39583333333333,41.6666666666667,9.16666666666667,16,12.25,16,3.97916666666667,8.5,0,0,100,100,50.4494755226023,59.5253545934922,1000.57240784197,916.649694104133,-436.160611334941,77.2388059701492,91.044776119403,88.2575757575758,2.39583333333333,41.6666666666667,6.98263854616887,16,0.114623280758387,10.3691274314764,8.33333333333333,0.46,0,8.33333333333333,-0.115,0,100,97.0833333333333,94.5833333333333,95.8333333333333,77.5,98.3333333333333,96.25,93.75,93.3333333333333,90,74.1666666666667,89.1666666666667,92.9166666666667,93.3333333333333,89.5833333333333,82.9166666666667,72.9166666666667,92.5,92.9166666666667,87.5,-0.0814950980392155,-0.135352648522096,0.0475563359672226,-0.157828282828283,-0.106617647058824,-0.0502450980392157,-0.00897446335982611,0.00222300725585356
左转极限.txt,左转极限,1,左转极限:s1:b7,450,506BA5D824C7953A54E844B1F667BAC4A8E1D3EBB92B994E8883969DEB2D2C3C,complete,1,2,1,0,,82.5208333333333,87.8109452736318,94.589552238806,64.8989898989899,77.125,87.9166666666667,87.9166666666667,46.25,70.5,89,6.49829269662536,25,100,18.0811877823114,91.044776119403,98.5074626865672,2.36247242719943,75,100,8.49015712329815,0.145833333333333,2.5,8.79166666666667,28,9.625,66.6666666666667,1.70833333333333,25,8.54166666666667,13.5,13.375,18,11,28,1,0,100,100,67.1042938171189,40.3016012851739,1020.78319657597,922.94415588809,-498.063424604265,80.5970149253731,91.7910447761194,89.0151515151515,1.70833333333333,25,4.87472171319839,13.5,-0.00543353202818025,6.05046661379998,8.33333333333333,0.345,8.88178419700125e-16,54.1666666666667,-0.508021978021978,1.03305470752545,98.3333333333333,98.75,95.8333333333333,74.1666666666667,0.416666666666667,81.25,98.3333333333333,92.5,93.75,37.9166666666667,77.0833333333333,96.25,89.1666666666667,93.75,86.25,91.25,71.6666666666667,91.6666666666667,92.5,89.5833333333333,-0.220238095238096,-0.0408670931058988,0.0319829424307041,-0.658369408369409,0.0321428571428571,-0.0196428571428571,-0.00343019465104478,0.475851951271902
左转极限.txt,左转极限,1,左转极限:s1:b8,484,D4036D94CEFF6BC951BA680BE76814C4EA3B451E39A471A8EC4C6E46F6597B45,complete,1,2,1,0,,69.25,86.0074626865672,92.4129353233831,28.7247474747475,64.875,73.625,84.5833333333333,2.5,63.5,81,5.38314600113774,0,100,33.1668792027061,89.5522388059701,97.0149253731343,2.28342586049575,75,100,8.29934270900277,0.104166666666667,2.5,21.9583333333333,31,22.8541666666667,100,7.5,100,8.6875,14,11.625,15,21.9583333333333,31,18,0,94.5,100,72.8112105241655,45.2662896194179,781.657725547282,836.437483750508,-93.2757423390892,81.7164179104478,90.2985074626866,61.3636363636364,7.5,100,23.893725245051,13,0.00430290617322558,7.3361744162034,4.16666666666667,0,0,100,-0.2507,1.94340051341857,85.8333333333333,96.25,93.3333333333333,47.0833333333333,0,82.9166666666667,91.25,91.6666666666667,60.4166666666667,0,81.25,87.0833333333333,91.6666666666667,87.5,5,91.6666666666667,72.9166666666667,90.8333333333333,91.25,37.0833333333333,-0.39031862745098,-0.0530436055019023,-0.0640181445712617,-1.06394830659537,-0.420343137254902,0.170343137254902,0.000286365829453113,0.167850491383724
左转极限.txt,左转极限,1,左转极限:s1:b9,519,E4E1A780F22913998512151A7B5450D696569A0D59158D7D306DBE43422857CA,complete,1,2,1,0,,61.5,85.4477611940299,90.9825870646766,7.26010101010101,60.7916666666667,62.2083333333333,91.0416666666667,0,59,67.5,2.31723223208018,0,100,39.8849371029364,88.0597014925373,95.5223880597015,1.55478044465765,83.3333333333333,100,6.38931493935311,0.125,1.5,30.0625,33.5,28.8125,100,24.0625,100,8.3125,11,10.5416666666667,12,30.0625,33.5,30.5,0,77,100,73.4745154343143,49.3412384716732,617.803436527351,868.640248258739,-10.9182747919912,85.8208955223881,91.7910447761194,16.6666666666667,24.0625,100,41.7721393286564,9.5,0.0945395668108045,5.62087401261428,12.5,-0.115,3.5527136788005e-15,100,-0.0690500000000002,1.95262852385545,82.0833333333333,95.4166666666667,93.3333333333333,37.5,0,87.9166666666667,87.5,88.75,35.4166666666667,0,87.5,75.4166666666667,92.5,49.1666666666667,0,90,77.5,91.6666666666667,58.3333333333333,0,-0.221428571428571,-0.0159914712153518,-0.0408670931058992,-0.613275613275613,-0.326190476190476,0.473214285714286,0.00257819030393083,0.0189515688613942
左转极限.txt,左转极限,1,左转极限:s1:b10,553,DAEA405109D2EE3D2EB9DB81EEDA50921C2EA38576F86ECE4C37435A295B82F1,complete,1,2,1,0,,58.5833333333333,71.5174129353234,82.1517412935323,21.5277777777778,58.2083333333333,58.9583333333333,44.375,1.66666666666667,54.5,60.5,1.86306588524229,0,100,31.9232748537323,73.134328358209,92.5373134328358,6.75386728243867,29.1666666666667,100,14.3020486437015,5.4375,11.5,16.375,24,22.5208333333333,100,18.3333333333333,100,19.6041666666667,32,12.2083333333333,16,18.7916666666667,24,19.5,0,92,100,63.4480248324115,50.0481147756102,1034.16006047439,895.075144051793,120.894962821321,87.3134328358209,76.865671641791,12.5,18.3333333333333,100,31.5531775749349,32.5,0.516915488988659,21.8134046419021,95.8333333333333,-0.118599185010922,0.265077957450612,100,-0.1616,0.674449587720841,44.5833333333333,80,94.5833333333333,79.5833333333333,0,56.6666666666667,77.9166666666667,89.5833333333333,50.4166666666667,8.75,72.0833333333333,76.25,88.3333333333333,32.9166666666667,26.6666666666667,86.6666666666667,80.8333333333333,78.75,27.5,19.5833333333333,-0.0857843137254903,-0.409716125256072,-0.259730757974831,0.419637551990493,-0.0955882352941174,-0.168504901960784,0.0124228212405251,-0.294896782408906
左转极限.txt,左转极限,1,左转极限:s1:b11,588,90BE92A727B56BD90B097CCDDC77BA373B6B87A1BE406548A8DF74ED5BA6DC58,complete,1,2,1,0,,60.5833333333333,29.3532338308458,72.3258706467662,80.3661616161616,62.1666666666667,59,13.75,77.0833333333333,56.5,63.5,2.11447735687891,0,100,32.3419362055047,59.7014925373134,88.0597014925373,8.94417625569724,25,100,23.6226371065666,12.6458333333333,25,1.91666666666667,6,19.5208333333333,100,21.2083333333333,100,24.8541666666667,35,10.375,13,22.375,26,19.5,0,100,100,35.2624645425861,51.2271348469529,842.936012511355,909.972976437427,41.1897124989497,35.4477611940299,69.7761194029851,70.0757575757576,21.2083333333333,100,34.2376035675073,31.5,-0.373870689545775,26.3322036480782,62.5,-0.151142857142857,1.18375244087176,58.3333333333333,-0.0849230769230769,0.408984652328024,23.75,47.5,78.75,91.25,70,3.75,62.0833333333333,82.0833333333333,81.25,81.25,1.25,82.9166666666667,77.9166666666667,47.0833333333333,91.6666666666667,7.5,84.5833333333333,82.0833333333333,19.5833333333333,95.4166666666667,0.0571428571428573,-1.2046908315565,-0.280739161336176,1.68109668109668,0.00119047619047612,0.0821428571428571,-0.0254510336724124,-0.805301722566441
左转极限.txt,左转极限,1,左转极限:s1:b12,623,909CCDC484128823CE965BDC7DA15C51F6F08F62C6D92897CE03EB0C47464E47,complete,1,2,1,0,,56.1666666666667,32.8980099502488,52.3009950248756,83.7121212121212,61.3333333333333,51,71.0416666666667,94.375,43,64.5,6.33085382432161,0,95.8333333333333,31.44505013691,32.8358208955224,64.1791044776119,9.5668201357955,0,87.5,24.3851537395328,3.9375,33,0.0416666666666667,1,20.7916666666667,100,26.0625,100,39.8541666666667,53,9,13,32.6666666666667,36.5,21,0,100,100,37.0586296501519,54.0233922962473,451.703457856067,918.60570464232,-75.1476762411859,5.22388059701492,61.9402985074627,67.8030303030303,26.0625,100,34.8858449353961,45.5,-0.460012996242413,23.6186425011972,12.5,-0.287499999999999,0.353553390593274,4.16666666666667,0,0,97.5,5.83333333333333,34.5833333333333,77.5,95.8333333333333,70,0,61.25,77.5,93.3333333333333,36.6666666666667,4.58333333333333,76.25,63.3333333333333,92.9166666666667,5.41666666666667,17.9166666666667,82.9166666666667,36.6666666666667,93.3333333333333,-0.126190476190476,0.101279317697228,-0.572139303482587,0.0955988455988457,-0.228571428571429,0.138690476190476,-0.00246120876276108,0.0513190030733087
左转极限.txt,左转极限,1,左转极限:s1:b13,658,C2D773FA65EF338A395526764030A6795387764D127C99F2ADEF9EA7126B2F49,complete,1,2,1,0,,49.7708333333333,70.3980099502487,14.4278606965174,64.709595959596,52.75,46.7916666666667,83.125,84.375,39.5,56,4.64612780960537,0,95.8333333333333,30.2089939568497,0,41.7910447761194,13.2379449707961,0,37.5,12.7361605050846,1.5,9.5,0.0416666666666667,0.5,26.2708333333333,100,31.2083333333333,100,48.6875,60.5,6.20833333333333,8,43.6875,51,26,0,100,100,51.2956737232408,51.7843939913079,440.765380434659,954.248358331561,-209.740810527311,28.7313432835821,23.8805970149254,74.6212121212121,31.2083333333333,100,36.582604072355,50,-0.032834153070766,28.1988595502515,29.1666666666667,-0.349107142857143,0.223035642799943,8.33333333333333,0,0,70.4166666666667,99.5833333333333,18.75,0,63.75,99.5833333333333,70,0,24.5833333333333,80.8333333333333,98.3333333333333,16.6666666666667,0,57.5,77.5,57.0833333333333,0,3.75,70,87.0833333333333,-0.182738095238095,1.07142857142857,-1.08208955223881,-0.542929292929293,-0.120238095238095,0.147023809523809,0.0122051098049042,0.406772687802541
左转极限.txt,左转极限,1,左转极限:s1:b14,691,1F62F3A0170C6EB346E0A9D5FB670CF1B94F38AFC8F763AE3F74B17C4AB7A82C,complete,1,2,1,0,,48.2708333333333,79.0422885572139,45.0248756218905,20.3282828282828,56.75,39.7916666666667,76.4583333333333,41.0416666666667,29,59,10.2182479212295,0,87.5,27.4334809803468,0,100,41.105592762358,16.6666666666667,66.6666666666667,15.0448055213263,3.04166666666667,18,14.7291666666667,45.5,22.0625,100,33.3333333333333,100,33.9583333333333,71,2.25,4,48.1666666666667,68,27,0,100,100,62.8150822578459,55.4991332364426,596.694983520985,923.700015122254,-179.490866934457,45.8955223880597,0,48.4848484848485,33.3333333333333,100,32.8482288992909,67,0.871848995133143,20.2786188751092,29.1666666666667,-0.575,0.174963553055941,45.8333333333333,-0.218308970099668,10.440394740799,41.6666666666667,100,100,46.6666666666667,0,97.5,100,76.6666666666667,1.25,3.75,100,82.0833333333333,8.33333333333333,0,40,84.5833333333333,7.5,0,1.25,74.1666666666667,-0.0454545454545452,0.261947836574703,0.927182270465852,-1.34488827670646,-0.212121212121212,0.0643939393939394,0.0274146408546639,0.349072985897122
左转极限.txt,左转极限,1,左转极限:s1:b15,726,96AF894A23EA2D439731C333983503C269AEE98751BA4CF50490EA5A2AC7A95B,complete,1,2,1,0,,64.375,84.3905472636816,68.2835820895522,40.0883838383838,93.2083333333333,35.5416666666667,87.9166666666667,28.75,0,100,35.2602898949833,20.8333333333333,91.6666666666667,19.5645915164623,0,100,43.1507954439144,54.1666666666667,79.1666666666667,6.84096733746529,8.35416666666667,100,35.5208333333333,100,0,0,35.625,79.1666666666667,8.41666666666667,100,0.916666666666667,4,35.5208333333333,100,3.5,16.6666666666667,100,91.6666666666667,65.5408622057656,78.0091533180777,681.498564524624,327.985810378764,-257.648265145767,11.1940298507463,0,0,35.625,79.1666666666667,19.5645915164623,100,0.657761194029851,4.08587225992543,4.16666666666667,0,0,70.8333333333333,1.30023284313725,5.459425544686,100,100,100,100,99.1666666666667,100,100,100,95.8333333333333,37.0833333333333,100,100,76.6666666666667,14.1666666666667,0,45.8333333333333,18.75,0,0,0,0.460119047619048,0.152807391613362,0.66453447050462,0.564574314574315,-0.121428571428571,0.0654761904761906,-0.00611679431723693,0.0778794270834215
左转极限.txt,左转极限,1,左转极限:s1:b16,761,DE0C0FBA8AF7FB4711E60D34DC9A37D886371793C5511AB8341D4C6C8E723CCA,complete,1,2,1,0,,65.8333333333333,70.5223880597015,69.3407960199005,57.5126262626263,100,31.6666666666667,69.7916666666667,53.125,0,100,44.7533498058031,50,70.8333333333333,6.43059844142891,0,100,45.9777738914538,62.5,70.8333333333333,2.13958066390536,29.2708333333333,100,33.9791666666667,100,0,0,34.1666666666667,50,29.25,100,0.416666666666667,3,33.9791666666667,100,0,29.1666666666667,100,70.8333333333333,54.6883809290354,83.7195121951219,886.480991791846,129.004917351608,-93.6412162914773,0,0,0,34.1666666666667,50,6.4305984414289,100,0.190310945273632,3.26506017520969,4.16666666666667,0,0,20.8333333333333,2.4265,0.731436941916388,100,100,100,100,100,100,100,100,100,100,81.25,83.3333333333333,79.5833333333333,52.0833333333333,20.4166666666667,0,0,0,0,0,0.0416666666666665,-0.396233120113718,0.0302061122956644,0.497835497835498,-0.110714285714286,-0.0416666666666669,-0.0133557213930348,-0.310070893620863
左转极限.txt,左转极限,1,左转极限:s1:b17,796,680FA16025D607574AEFAA3C60F3ED1F28F7861632738D67107B27390F774E4A,complete,1,2,1,0,,66.0625,70.3358208955224,69.4651741293532,58.270202020202,100,32.125,69.1666666666667,53.9583333333333,0,100,44.8881006068084,50,70.8333333333333,6.03008550384622,0,100,45.9714537656473,62.5,70.8333333333333,2.10069278965115,29.3333333333333,100,33.6875,100,0,0,33.9375,50,29.25,100,0.416666666666667,3,33.6875,100,0,29.1666666666667,100,70.8333333333333,54.3447748256322,83.9111751674806,888.548543009815,124.443535809506,-85.9507424874498,0,0,0,33.9375,50,6.03008550384622,100,0.175180348258706,3.21708560589898,4.16666666666667,0,0,20.8333333333333,2.53,1.20830459735945,100,100,100,100,100,100,100,100,100,100,80,83.3333333333333,80.4166666666667,53.3333333333333,24.1666666666667,0,0,0,0,0,0.00654761904761918,-0.00533049040511701,0.00355366027007814,0.0216450216450217,0.0130952380952382,-0.00654761904761878,-0.00043230277185501,-0.00981731724009316
左转极限.txt,左转极限,1,左转极限:s1:b18,831,38DE4B9185EF540518BB55A14462AE3CD7B611FB21C38B6F88F6DE597366D92A,complete,1,2,1,0,,65.875,70.5223880597015,69.3407960199005,57.6388888888889,100,31.75,69.7916666666667,53.125,0,100,44.7804426449567,50,70.8333333333333,6.3540336573387,0,100,45.9777738914538,62.5,70.8333333333333,2.13958066390536,29.2708333333333,100,33.8958333333333,100,0,0,34.125,50,29.2916666666667,100,0.583333333333333,5,33.8958333333333,100,0,29.1666666666667,100,70.8333333333333,54.6394978555782,83.7553750597228,885.730596016524,128.125104547548,-92.3640385882317,0,0,0,34.125,50,6.35403365733869,100,0.188097014925373,3.22363410247979,4.16666666666667,0,0,20.8333333333333,2.507,0.734846922834958,100,100,100,100,100,100,100,100,100,100,81.25,83.3333333333333,79.5833333333333,51.6666666666667,21.6666666666667,0,0,0,0,0,-0.00535714285714286,0.00533049040511701,-0.00355366027007814,-0.0180375180375181,-0.0107142857142857,0.00535714285714306,0.00036904761904762,0.00842065799845995
左转极限.txt,左转极限,1,左转极限:s1:b19,865,18C43016AECACF7B09C0B5B3BEAF76B14D66E61C763ABFEBE3CCA82289A24DAE,complete,1,2,1,0,,67.0833333333333,70.5845771144279,70.8955223880597,59.6590909090909,100,34.1666666666667,70,56.0416666666667,0,100,44.4941780917231,54.1666666666667,75,5.86287089783772,0,100,44.5571109439856,66.6666666666667,75,3.0335991421021,26.5,100,31.0833333333333,100,0,0,32.9166666666667,45.8333333333333,25.3333333333333,100,0.875,12,31.0833333333333,100,0,29.1666666666667,100,75,54.1848482920934,84.4578976334617,892.459750358489,116.702009305498,-80.4798814159552,0,0,0,32.9166666666667,45.8333333333333,5.86287089783772,100,0.16365671641791,3.41430382412458,8.33333333333333,7.58999999999998,0,20.8333333333333,2.668,1.35646599662505,100,100,100,100,100,100,100,100,100,100,81.6666666666667,87.0833333333333,85.8333333333333,57.0833333333333,30,0,0,0,0,0,0.0355392156862744,0.00182908984489337,0.0457272461223297,0.05941770647653,0.0710784313725489,-0.0355392156862744,-0.000718832309043026,-0.0133720459848491
左转极限.txt,左转极限,1,左转极限:s1:b20,900,0836BF8BBB73D9F1A24CF3650677501E401A17C36F38454D7533C2043A0C5D99,complete,1,2,1,0,,70.6041666666667,71.2064676616915,74.1293532338308,66.4141414141414,100,41.2083333333333,68.9583333333333,63.75,0,100,44.0927824042091,58.3333333333333,75,3.92288299944811,0,100,43.9236759556315,70.8333333333333,75,1.70679492088384,26.2708333333333,100,28.125,100,0,0,29.3958333333333,41.6666666666667,25,100,0.25,2,28.125,100,0,25,100,75,51.9372197628824,86.565186577512,915.736726015749,85.4422127508695,-33.6488259702462,0,0,0,29.3958333333333,41.6666666666667,3.92288299944811,100,0.0676554726368157,3.3851653758179,8.33333333333333,4.94499999999999,0,16.6666666666667,3.21999999999999,3.17214438511238,100,100,100,100,100,100,100,100,100,100,79.5833333333333,95,100,76.6666666666667,60.8333333333333,0,0,0,0,0,0.100595238095238,0.0177683013503911,0.0923951670220325,0.193001443001443,0.201190476190476,-0.100595238095239,-0.00274289267945984,-0.0642179579774551
左转极限.txt,左转极限,1,左转极限:s1:b21,934,EA4620B6DCC1FE253839D32BFBE91B1B8C8A59200811E8E803AC15C9B2829E45,complete,1,2,1,0,,70.3125,63.3706467661692,77.5497512437811,70.0126262626263,78.0833333333333,62.5416666666667,53.75,70.4166666666667,1.5,100,26.8513672633824,45.8333333333333,83.3333333333333,7.50648216991693,0,100,33.5809478980119,70.8333333333333,83.3333333333333,2.28853365734898,18.5208333333333,93,10.875,57.5,10.9166666666667,29.1666666666667,18.7708333333333,54.1666666666667,0.291666666666667,4.5,1.25,6,29.3541666666667,93,0,8.33333333333333,100,100,46.7654059772547,58.2425629290617,977.703525259103,1503.0646998553,-761.271837528806,0,22.0149253731343,69.3181818181818,18.7708333333333,54.1666666666667,14.3731715997884,98.5,-0.47504742076702,4.16598810066091,54.1666666666667,1.62516483516484,6.8133241744395,29.1666666666667,-0.486444780635401,6.41832023710958,100,100,69.5833333333333,15.8333333333333,0,99.1666666666667,100,100,100,96.25,35.4166666666667,87.5,100,100,100,0,3.33333333333333,44.5833333333333,70,84.5833333333333,-0.00857843137254916,-0.230465320456541,0.100599941469125,0.105837789661319,0.627450980392157,-0.3125,-0.0159618498059952,-0.152112170165522
左转极限.txt,左转极限,1,左转极限:s1:b22,969,A00ECBC8EA9151C08DF72F99630765C2A695BF0C5D98375CA8D8B052562EF703,complete,1,2,1,0,,70.2083333333333,64.8009950248756,77.4253731343284,68.3712121212121,77,63.4166666666667,56.0416666666667,66.6666666666667,0,100,27.0618922932738,50,79.1666666666667,6.96152282993236,0,100,33.6553746471709,70.8333333333333,79.1666666666667,2.52817183887423,18.2291666666667,100,15.6666666666667,100,11.5,29.1666666666667,18.2916666666667,50,4.22916666666667,100,0.916666666666667,3,29.7291666666667,100,0,8.33333333333333,100,95.8333333333333,48.2004427733071,57.5463666768014,989.824299875486,1524.76081164992,-775.946718904744,0,22.3880597014925,67.8030303030303,18.2916666666667,50,13.5662626133864,100,-0.446679104477612,3.89662736902542,45.8333333333333,1.60163636363636,4.43120042314525,29.1666666666667,-1.56071428571429,2.15235988190277,100,100,68.3333333333333,14.1666666666667,0,100,100,100,100,87.5,42.0833333333333,89.5833333333333,100,100,100,0,4.58333333333333,45,69.5833333333333,83.3333333333333,-0.00297619047619061,0.0408670931058988,-0.00355366027007814,-0.046897546897547,0.025,-0.0136904761904761,0.00081052332255451,0.0410010513157829
左转极限.txt,左转极限,1,左转极限:s1:b23,1003,6097A9D7F2BFD990C4B264FC394D55243D2A9E3AB9EF249D8507C47A4F34D2C7,complete,1,2,1,0,,45.1875,18.4701492537313,43.8432835820896,73.6742424242424,62.8333333333333,27.5416666666667,33.125,81.0416666666667,16,72.5,19.8723166085714,0,83.3333333333333,24.6807417033476,0,100,43.9702794358864,25,58.3333333333333,10.7670419531889,20.2708333333333,57,7.5,82,16.9375,100,38.7291666666667,100,27.0416666666667,79.5,1.70833333333333,3,53.8541666666667,82,27.5,25,100,100,38.2112004339447,60.5539305603754,630.878122285809,799.175270060673,366.432077075127,47.0149253731343,0,9.46969696969697,38.7291666666667,100,29.677559202874,80.5,-0.878576108797585,13.6822109747156,58.3333333333333,0.0213274255435776,14.0687435023237,20.8333333333333,0.795010768126346,5.03287113050036,0,64.1666666666667,100,100,85,0,3.75,75.4166666666667,100,100,20.4166666666667,0,2.5,50.8333333333333,98.75,71.6666666666667,0,0,0,31.25,-0.735906862745098,-1.36267193444542,-0.987708516242318,0.155971479500891,-1.05514705882353,0.60110294117647,-0.0127028530682345,-0.293801245275364
左转极限.txt,左转极限,1,左转极限:s1:b24,1038,25B2C0A88DFA518609A63C59A40CCD449B83A272F9E0F89F45D2F15B8CF0FCAF,complete,1,2,1,0,,49.7916666666667,89.0547263681592,33.2089552238806,26.7676767676768,53.8333333333333,45.75,100,54.1666666666667,41,56.5,4.84076140854853,0,100,33.2146914999214,2.98507462686567,59.7014925373134,14.8358770402018,0,58.3333333333333,17.2860014032974,0,0,12.625,43.5,25.625,100,28.7916666666667,100,37.5833333333333,53.5,6.83333333333333,11,40.7708333333333,43.5,28,0,100,100,63.8453679184304,52.3326718383547,406.562872584332,883.250999866588,135.942566132235,86.9402985074627,53.3582089552239,1.51515151515152,28.7916666666667,100,36.5329668014601,40.5,0.532689427197241,22.858962645519,0,0,0,33.3333333333333,-0.462738095238094,1.1656032568507,98.3333333333333,72.0833333333333,0.833333333333333,9.16666666666667,97.0833333333333,100,73.3333333333333,30,0,57.5,98.3333333333333,59.1666666666667,62.0833333333333,0,11.25,87.0833333333333,60.4166666666667,56.6666666666667,22.5,0,0.131547619047619,2.01670220326937,-0.303837953091684,-1.34018759018759,0.520238095238095,-0.283928571428571,0.040321872456995,0.732404785271019
左转极限.txt,左转极限,1,左转极限:s1:b25,1073,B6C5A29C9F545834E8E0964BCA691F0334DE9ABFDF9CE4390AB994379B42E0B0,complete,1,2,1,0,,68.2708333333333,76.5547263681592,81.7786069651741,46.1489898989899,68.375,68.1666666666667,85.625,8.75,65.5,72.5,1.750646878372,0,100,28.9540512662598,74.6268656716418,89.5522388059701,3.43690097780234,29.1666666666667,100,15.5705840478879,0,0,15.3541666666667,26,16.2083333333333,100,10.75,100,16.375,25,11.9166666666667,15,16.4791666666667,26,13.5,0,96,100,64.6502373984169,49.6531445373833,919.773666066026,885.54026817652,-259.227483373968,60.8208955223881,81.7164179104478,68.9393939393939,10.75,100,24.7557865368384,23.5,-0.29826690652168,22.4741835250761,0,0,0,100,-0.21485,0.568256242380874,87.9166666666667,91.6666666666667,89.1666666666667,73.3333333333333,0,86.6666666666667,76.6666666666667,80,88.3333333333333,10,88.3333333333333,43.3333333333333,80,87.5,34.1666666666667,85.4166666666667,45,74.5833333333333,97.5,45.8333333333333,0.527976190476191,-0.357142857142857,1.38770433546553,0.553751803751804,0.64047619047619,-0.51547619047619,-0.0237416095348263,0.0229962708567576
左转极限.txt,左转极限,1,左转极限:s1:b26,1108,23FD1679ABBE02A19E6E937DAAB7A70870F0C1628AA4146B9FAAFA6C69449EEA,complete,1,2,1,0,,91.2708333333333,96.8283582089552,89.0547263681592,87.8787878787879,93.5833333333333,88.9583333333333,100,84.375,85,95.5,3.06444961604451,66.6666666666667,100,8.93550370988753,85.0746268656716,92.5373134328358,2.35648606210622,70.8333333333333,100,8.26473727381191,0,0,0,0,0.5,16.6666666666667,1.375,20.8333333333333,8.72916666666667,15,9.16666666666667,14,3.02083333333333,4.5,0,0,100,100,61.4156702366246,59.6139877555256,586.951039649652,828.87319611625,-103.311622779891,88.8059701492537,89.1791044776119,83.7121212121212,1.375,20.8333333333333,3.69173515180113,15,-0.0213407750957904,4.3248290983284,0,0,0,0,0,0,100,100,85,100,90,100,97.5,83.3333333333333,95.4166666666667,84.5833333333333,99.1666666666667,79.5833333333333,93.3333333333333,93.3333333333333,85,97.9166666666667,78.3333333333333,91.6666666666667,89.5833333333333,81.6666666666667,0.657142857142857,0.579246624022743,0.207889125799574,1.19227994227994,0.594047619047619,-0.267857142857143,0.00791217518359685,-0.0924162046226355
左转极限.txt,左转极限,1,左转极限:s1:b27,1141,60EBE83AEE22AD9F36DB58B5BCB1C9210361ADC9A30BA55E31E8A07A3F490398,complete,1,2,1,0,,78.7708333333333,56.0945273631841,92.1641791044776,88.1944444444444,74.75,82.7916666666667,27.5,97.0833333333333,72.5,87,4.72500095851535,20.8333333333333,100,24.0197169003317,73.134328358209,100,9.80452452065169,70.8333333333333,100,8.95774275888959,8.4375,22.5,0,0,10.5833333333333,79.1666666666667,2.20833333333333,79.1666666666667,12.7916666666667,27.5,8.125,15,13.9791666666667,23.5,5.5,0,100,100,28.606723509599,44.0926739770448,797.655491373364,845.516484300749,238.3476397885,89.1791044776119,79.4776119402985,89.0151515151515,2.20833333333333,79.1666666666667,7.59857516250772,15,-0.0768592553629234,13.9598370996115,79.1666666666667,-0.304245614035088,1.10334001442995,0,0,0,11.25,77.0833333333333,100,97.5,84.1666666666667,10.4166666666667,89.5833333333333,100,77.9166666666667,99.5833333333333,45.4166666666667,94.1666666666667,91.6666666666667,73.3333333333333,100,84.1666666666667,92.9166666666667,76.6666666666667,76.6666666666667,92.9166666666667,-0.378787878787879,-1.23435851047791,0.0942258404944971,0.00956535047444144,-0.186868686868687,0.0252525252525253,-0.00168237818991312,-0.994210506879564
左转极限.txt,左转极限,1,左转极限:s1:b28,1176,1F0993D7817E8C6CA216047BD9F5149A42761D94C0BAF44AAD5A0C583B973571,complete,1,2,1,0,,91,84.9502487562189,93.0348258706468,95.0757575757576,93.75,88.25,88.5416666666667,88.75,83,94.5,3.91485465330729,20.8333333333333,100,15.9795549162375,85.0746268656716,100,5.27538651482467,45.8333333333333,100,14.8361572988138,0,0,0.354166666666667,5,1.75,79.1666666666667,3.625,70.8333333333333,8.64583333333333,17,12.375,17,3.20833333333333,6.5,1,0,100,100,36.4600781686209,61.3929146537842,927.022902215027,914.01231974816,441.438832200005,85.4477611940299,86.5671641791045,78.7878787878788,3.625,70.8333333333333,10.6521539410858,16.5,-0.227199756055267,15.0424726715664,0,0,0,12.5,0.5175,0.117851130197758,77.9166666666667,95,99.5833333333333,98.75,100,77.0833333333333,94.5833333333333,95.8333333333333,98.75,100,80,90.4166666666667,93.75,94.1666666666667,99.5833333333333,82.0833333333333,85.4166666666667,92.5,88.75,75.8333333333333,0.349404761904762,0.824449182658138,0.0248756218905474,0.196608946608947,0.155952380952381,0.0404761904761905,-0.00429544287692411,0.224381561686339
左转极限.txt,左转极限,1,左转极限:s1:b29,1211,7217B1B4319F85FA3106B4A1DCCC55BE895EADF9AE16E3A75A3CC13C8A90D2D3,complete,1,2,1,0,,91.125,86.6293532338308,92.5995024875622,94.1919191919192,92.2083333333333,90.0416666666667,92.0833333333333,97.9166666666667,88,93.5,1.44651004294745,0,100,24.2608126901005,91.044776119403,94.0298507462687,1.20365737930139,0,100,24.2286397942748,0,0,0.0208333333333333,0.5,4.72916666666667,100,6.77083333333333,100,8.85416666666667,11.5,14.2083333333333,17,2.47916666666667,3,5.5,0,100,100,41.8040908769198,54.1232904674423,484.477972109556,926.869008305389,87.5098245800935,85.4477611940299,91.044776119403,90.530303030303,6.77083333333333,100,22.51169704949,8.5,-0.233670729244345,28.6712244872829,0,0,0,4.16666666666667,0,0,96.25,75.8333333333333,95,95.8333333333333,97.9166666666667,96.25,77.0833333333333,94.5833333333333,94.5833333333333,98.75,95.8333333333333,76.25,92.9166666666667,93.75,96.25,95.4166666666667,75.4166666666667,90,92.5,92.0833333333333,0.00357142857142857,0.0479744136460551,-0.0124378109452737,-0.0252525252525252,0.0511904761904759,0.0898809523809524,-0.00018488494825937,0.152686077379969
左转极限.txt,左转极限,1,左转极限:s1:b30,1246,20E484847A066D0097F1606ACB5EAF749A527A9D7E61DC4DA231357F36347BF2,complete,1,2,1,0,,90.7708333333333,86.6293532338308,92.7238805970149,92.9924242424242,91.75,89.7916666666667,92.2916666666667,96.6666666666667,88,92.5,1.3185892219459,0,100,24.9576606159846,91.044776119403,94.0298507462687,1.10580098559066,0,100,23.9833618014376,0,0,0.0208333333333333,0.5,5.4375,100,7.1875,100,9.20833333333333,11.5,15.0416666666667,18,2.52083333333333,3,6,0,100,100,43.4962623501253,53.6264599077436,537.218393524529,931.036254133418,75.036487830462,85.0746268656716,91.044776119403,89.3939393939394,7.1875,100,23.38046172274,8,-0.0158601122162713,29.2727155603163,0,0,0,4.16666666666667,0,0,96.6666666666667,75.4166666666667,95,95,96.6666666666667,96.6666666666667,76.25,94.5833333333333,94.1666666666667,97.0833333333333,95.8333333333333,76.25,93.75,92.5,95,95,75.4166666666667,90.8333333333333,92.5,90.8333333333333,-0.0101190476190478,0,0.00355366027007814,-0.0342712842712842,-0.00714285714285674,0.0119047619047619,0.0062231604865164,0.0483477563773014
左转极限.txt,左转极限,1,左转极限:s1:b31,1281,4E4921FBEE0C28933EABC72330A84588457ED34AA1947FDA5D4961EA00FBC87B,complete,1,2,1,0,,90.7708333333333,86.6293532338308,92.8482587064677,92.8661616161616,91.7083333333333,89.8333333333333,92.0833333333333,96.4583333333333,87.5,92.5,1.2767074387102,0,100,24.9646508183107,91.044776119403,94.0298507462687,1.07620896829739,0,100,23.7570427506306,0,0,0.0208333333333333,0.5,5.5,100,7.35416666666667,100,9.20833333333333,12,15.125,18,2.52083333333333,3,6.5,0,100,100,43.6187710561838,53.5872018843851,546.463683588809,930.380669417111,62.8750039634819,85.0746268656716,91.4179104477612,89.3939393939394,7.35416666666667,100,23.4476794849138,8.5,-0.0177208397535108,28.4384496949192,0,0,0,4.16666666666667,0,0,96.6666666666667,76.25,95,95,96.25,96.6666666666667,75.8333333333333,94.5833333333333,93.75,97.0833333333333,95.8333333333333,75.8333333333333,94.1666666666667,92.5,95,94.5833333333333,75.8333333333333,91.25,92.5,90.8333333333333,0,0,0.00355366027007814,-0.00360750360750371,0.00119047619047592,0.0047619047619048,-5.31636439211306e-05,0.00350024874452889
左转极限.txt,左转极限,1,左转极限:s1:b32,1315,AEDD5C1414A14158B237A355C89ABF2A6DC801EBF0B7FFD4C168355BFB7FF116,interrupted_by_connection_loss,0,2,0,0,,NaN,NaN,NaN,NaN,NaN,NaN,NaN,NaN,NaN,NaN,NaN,NaN,NaN,NaN,NaN,NaN,NaN,NaN,NaN,NaN,NaN,NaN,NaN,NaN,NaN,NaN,NaN,NaN,NaN,NaN,NaN,NaN,NaN,NaN,NaN,NaN,NaN,NaN,NaN,NaN,NaN,NaN,NaN,NaN,NaN,NaN,NaN,NaN,NaN,NaN,NaN,NaN,NaN,NaN,NaN,NaN,NaN,NaN,NaN,NaN,NaN,NaN,NaN,NaN,NaN,NaN,NaN,NaN,NaN,NaN,NaN,NaN,NaN,NaN,NaN,NaN,NaN,NaN,NaN,NaN,NaN,NaN,NaN,NaN,NaN,NaN
safe.txt,safe,1,safe:s1:b1,903,01E5D974BA54E744810064FD4BC41E3384AABE15CF87A2AA4025B17FD84D01E2,complete,1,2,1,0,,87.4375,91.9154228855721,75.68407960199,94.8232323232323,84.8333333333333,90.0416666666667,89.7916666666667,99.1666666666667,70,94.5,5.27980669112536,0,100,25.74774245686,32.8358208955224,95.5223880597015,15.2112732127793,0,100,32.7810707256412,0.3125,1,0,0,7.85416666666667,100,3.70833333333333,100,12.25,30,10.5,18,6.5625,21,8.5,0,100,100,48.2253723009742,43.7234119258779,479.570783795014,791.069320026824,-36.2361547802605,88.4328358208955,95.1492537313433,92.8030303030303,3.70833333333333,100,16.6498554243115,10,0.114793979705421,24.2339578875499,33.3333333333333,-0.00410714285714283,0.160217486115414,0,0,0,95.4166666666667,91.25,52.9166666666667,90.8333333333333,91.6666666666667,95,89.5833333333333,47.5,100,94.1666666666667,95.4166666666667,92.5,60,100,92.9166666666667,90.4166666666667,92.5,87.9166666666667,96.6666666666667,92.0833333333333,0,0,0,0,0,0,0,0
safe.txt,safe,1,safe:s1:b2,937,AA061D0F55894CE25E41CB5B6A7974FB1960887947F235C1137A2EC38087CCC4,complete,1,2,1,0,,87.4791666666667,92.0398009950249,75.7462686567164,94.760101010101,84.8333333333333,90.125,90.2083333333333,99.1666666666667,70,94.5,5.32932650665098,0,100,25.6357518876754,32.8358208955224,95.5223880597015,15.267017812467,0,100,32.6711803494825,0.270833333333333,1,0,0,7.83333333333333,100,3.66666666666667,100,12.25,30,10.625,18,6.52083333333333,21,8.5,0,100,100,48.4201372921178,43.5795413441366,474.26145700735,790.795236573948,-39.417899106174,88.4328358208955,95.1492537313433,92.8030303030303,3.66666666666667,100,16.5487874901009,10,0.116255429349948,23.7583825948669,29.1666666666667,-0.00410714285714286,0.171279697261169,0,0,0,95.8333333333333,91.25,52.9166666666667,90.4166666666667,91.25,95,89.5833333333333,47.5,100,94.5833333333333,95.8333333333333,92.5,60,100,92.9166666666667,90.4166666666667,92.5,88.3333333333333,96.6666666666667,92.0833333333333,0.00122549019607815,0.00365817968978632,0.00182908984489337,-0.00185680332739141,0.00245098039215714,-0.00122549019607847,4.29838130743261e-05,0.00572838209245988
safe.txt,safe,1,safe:s1:b3,971,3CBB69507B4785C31A389FC046C8FB2262F1EF2A7D78C6047A223B146F3963C1,complete,1,2,1,0,,87.3958333333333,91.9154228855721,75.7462686567164,94.6338383838384,84.6666666666667,90.125,90,99.1666666666667,69,94.5,5.47122744090802,0,100,25.6831476894344,32.8358208955224,95.5223880597015,15.2416203853367,0,100,32.7596254933638,0.270833333333333,1,0,0,7.85416666666667,100,3.6875,100,12.3333333333333,31,10.625,18,6.5625,21,8.5,0,100,100,48.3882221022468,43.4638878907654,479.579348016684,789.201311953936,-36.634537675922,88.4328358208955,95.1492537313433,92.8030303030303,3.6875,100,16.6151711792742,10,0.122914520526847,24.0601542538615,29.1666666666667,-0.00410714285714286,0.171279697261169,0,0,0,95,91.25,52.9166666666667,90,91.25,95,89.5833333333333,47.5,100,94.1666666666667,95.8333333333333,92.5,60,100,92.9166666666667,90.4166666666667,92.5,88.3333333333333,96.6666666666667,92.0833333333333,-0.00245098039215672,-0.00365817968978632,0,-0.00371360665478323,0,0.000612745098039233,0.000195855622849961,-0.000938682055031095
safe.txt,safe,1,safe:s1:b4,1006,31302DD86F58EB5C0AAFBAAA93700E18CCDA93A7B6652EA02CC0F76323601E4D,complete,1,2,1,0,,87.4166666666667,91.9776119402985,75.68407960199,94.6969696969697,84.7083333333333,90.125,90,99.1666666666667,69.5,94.5,5.42671865516528,0,100,25.7324311382279,32.8358208955224,95.5223880597015,15.2112732127793,0,100,32.7810707256412,0.270833333333333,1,0,0,7.875,100,3.66666666666667,100,12.3125,30.5,10.625,18,6.54166666666667,21,8.5,0,100,100,48.4092648673833,43.4782608695652,478.546867465138,785.813542983763,-40.2169210579243,88.4328358208955,95.1492537313433,93.1818181818182,3.66666666666667,100,16.61717946182,9.5,0.143184896520591,24.3755139298758,29.1666666666667,-0.00410714285714286,0.171279697261169,0,0,0,95.4166666666667,91.25,52.9166666666667,90.4166666666667,91.25,95,89.5833333333333,47.5,100,93.75,95.8333333333333,92.5,60,100,92.9166666666667,90.4166666666667,92.5,87.9166666666667,97.0833333333333,92.0833333333333,0.000595238095238366,0.00177683013503927,-0.00177683013503927,0.00180375180375206,0,-0.000595238095238087,0.000579153599821255,0.000601221861043046
safe.txt,safe,1,safe:s1:b5,1041,9BE1479EA6552D68C8D6230DCCCDDD38502307A07F1E1C35C02FB73F44B08297,complete,1,2,1,0,,87.5208333333333,92.0398009950249,75.8084577114428,94.8232323232323,84.875,90.1666666666667,90.2083333333333,99.1666666666667,70,94.5,5.34968338491546,0,100,25.7105117117311,32.8358208955224,95.5223880597015,15.0930180388068,0,100,32.7139326897539,0.270833333333333,1,0,0,7.85416666666667,100,3.66666666666667,100,12.2083333333333,30,10.7083333333333,20,6.47916666666667,21,8.5,0,100,100,48.3443930839506,43.5871379835959,475.364356663411,785.197268729439,-39.9474330845486,88.4328358208955,95.1492537313433,93.1818181818182,3.66666666666667,100,16.61717946182,9.5,0.143184896520591,24.3755139298758,29.1666666666667,-0.00410714285714286,0.171279697261169,0,0,0,95.8333333333333,91.25,52.9166666666667,91.25,91.6666666666667,95,89.5833333333333,47.5,100,93.75,95.8333333333333,92.5,60,100,92.9166666666667,90.4166666666667,92.5,88.3333333333333,97.0833333333333,92.0833333333333,0.00297619047619061,0.00177683013503887,0.00355366027007814,0.0036075036075033,0.00119047619047592,0,0,-0.00185347952664695
safe.txt,safe,1,safe:s1:b6,1076,3A2C75AE31262DCCEF31A85E44AEC7EEEAC94F7CD93E9D09863C9606CB22DC90,complete,1,2,1,0,,87.4375,92.0398009950249,75.5597014925373,94.8232323232323,84.8333333333333,90.0416666666667,90.2083333333333,99.1666666666667,70,94.5,5.32898656651403,0,100,25.8491923952652,32.8358208955224,95.5223880597015,15.2006573006686,0,100,32.9515344223143,0.270833333333333,1,0,0,7.91666666666667,100,3.66666666666667,100,12.2916666666667,30,10.4583333333333,18,6.5625,21,8.5,0,100,100,48.411210280257,43.6945706251352,473.510575232818,785.941353807101,-40.084876229628,88.4328358208955,95.1492537313433,93.1818181818182,3.66666666666667,100,16.61717946182,9.5,0.143184896520591,24.3755139298758,29.1666666666667,-0.00410714285714286,0.171279697261169,0,0,0,95.8333333333333,91.25,52.9166666666667,90.8333333333333,91.6666666666667,95,89.5833333333333,47.5,100,93.75,95.8333333333333,92.5,59.1666666666667,100,92.9166666666667,90.4166666666667,92.5,87.9166666666667,97.0833333333333,92.0833333333333,-0.00238095238095265,0,-0.00710732054015628,0,-0.00357142857142857,0,0,0.00190906275161069
safe.txt,safe,1,safe:s1:b7,1111,07ABD7D92F44A93D68C9A1AA97C8659D82B00362234FA4EB8E4A4D0C5E38CE72,complete,1,2,1,0,,87.4791666666667,92.0398009950249,75.68407960199,94.8232323232323,84.875,90.0833333333333,90.2083333333333,99.1666666666667,70,94.5,5.24296457514562,0,100,25.7071182544895,32.8358208955224,95.5223880597015,15.2430765890013,0,100,32.8291815855354,0.270833333333333,1,0,0,7.85416666666667,100,3.6875,100,12.25,30,10.5416666666667,18,6.58333333333333,21,8.5,0,100,100,48.3741502855375,43.6880561383202,473.479587465733,790.85584094428,-35.988639620654,88.4328358208955,95.1492537313433,92.8030303030303,3.6875,100,16.6151711792742,10,0.122914520526847,24.0601542538615,29.1666666666667,-0.00410714285714286,0.171279697261169,0,0,0,95.4166666666667,91.25,52.9166666666667,90.8333333333333,91.6666666666667,95.4166666666667,89.5833333333333,47.5,100,94.1666666666667,95.8333333333333,92.5,59.5833333333333,100,92.9166666666667,90.4166666666667,92.5,88.3333333333333,96.6666666666667,92.0833333333333,0.00119047619047592,0,0.00355366027007814,0,0.00119047619047673,0.000595238095238087,-0.000579153599821255,-0.00105885699198568
safe.txt,safe,1,safe:s1:b8,1145,83F4F783FF75B5B40C269180AEDF3740413886B64718C2FC7BCB8135976F502A,complete,1,2,1,0,,87.5,91.9776119402985,75.68407960199,94.9494949494949,84.8333333333333,90.1666666666667,90,99.1666666666667,70,94.5,5.3079104215763,0,100,25.7156095393638,32.8358208955224,95.5223880597015,15.287490163537,0,100,32.8131524700671,0.270833333333333,1,0,0,7.85416666666667,100,3.64583333333333,100,12.2291666666667,30,10.5416666666667,18,6.58333333333333,21,8,0,100,100,48.1624790619765,43.4420289855072,473.493629509917,787.931894559967,-38.288483480203,88.4328358208955,95.1492537313433,93.1818181818182,3.64583333333333,100,16.5507774719082,9.5,0.136025876820967,24.0772941775813,29.1666666666667,-0.00410714285714286,0.171279697261169,0,0,0,95.4166666666667,91.25,52.5,90.8333333333333,91.6666666666667,95,89.5833333333333,47.5,100,94.5833333333333,95.8333333333333,92.5,59.5833333333333,100,92.9166666666667,90.4166666666667,92.5,88.75,97.0833333333333,92.0833333333333,0.000612745098039494,-0.00182908984489295,0,0.00371360665478323,0.00245098039215631,-0.00122549019607841,0.000385628126297647,-0.00622562422238125
safe.txt,safe,1,safe:s1:b9,1179,B289217D88B55C1A1E6A6E920B4F23A1DCE458D18CAC0A530046EAC159C8F436,complete,1,2,1,0,,87.625,92.1641791044776,75.8706467661692,94.9494949494949,84.9583333333333,90.2916666666667,90.625,99.1666666666667,70,95,5.32477801129448,0,100,25.5553545193947,32.8358208955224,95.5223880597015,15.4085745777037,0,100,32.5712870198208,0.270833333333333,1,0,0,7.8125,100,3.625,100,12.1041666666667,30,10.625,18,6.45833333333333,21,8.5,0,100,100,48.3926365835914,43.3757868540477,467.682412758579,781.592549110196,-38.5207443482275,88.8059701492537,95.5223880597015,93.1818181818182,3.625,100,16.5369217042598,9.5,0.133914191135984,24.1164795938744,29.1666666666667,-0.00410714285714286,0.171279697261169,0,0,0,95.8333333333333,91.25,52.9166666666667,90.8333333333333,91.6666666666667,95.4166666666667,89.5833333333333,47.5,100,94.5833333333333,95.8333333333333,92.5,60,100,92.9166666666667,90.8333333333333,92.5,88.75,97.5,92.0833333333333,0.00367647058823529,0.00548726953467928,0.00548726953467969,0,0.00367647058823571,-0.000612745098039233,-6.21084024995111e-05,0.00676933887102393
safe.txt,safe,1,safe:s1:b10,1214,9C7E64C4A5B83AFD13E20541D8F108D8BB922344FD7F1EBF8F52696065764CEB,complete,1,2,1,0,,87.5416666666667,92.1019900497513,75.68407960199,94.9494949494949,84.9583333333333,90.125,90.4166666666667,99.1666666666667,70,94.5,5.2480154979446,0,100,25.6476345609226,32.8358208955224,95.5223880597015,15.2684715938968,0,100,32.7409243384945,0.270833333333333,1,0,0,7.83333333333333,100,3.64583333333333,100,12.1875,30,10.5416666666667,18,6.52083333333333,21,8.5,0,100,100,48.3378430614612,43.6382143376472,467.880690411683,787.413325940011,-41.154700247021,88.4328358208955,95.1492537313433,93.1818181818182,3.64583333333333,100,16.5507774719082,9.5,0.136025876820967,24.0772941775813,29.1666666666667,-0.00410714285714286,0.171279697261169,0,0,0,95.8333333333333,91.25,52.9166666666667,90.8333333333333,91.6666666666667,95.4166666666667,89.5833333333333,47.5,100,94.5833333333333,95.8333333333333,92.5,59.5833333333333,100,92.9166666666667,90.4166666666667,92.5,88.3333333333333,97.0833333333333,92.0833333333333,-0.00238095238095265,-0.00177683013503887,-0.00533049040511742,0,-0.0047619047619049,0.000595238095238112,6.03338767138108e-05,-0.00156552920372032
safe.txt,safe,1,safe:s1:b11,1248,8DFF868C012B02F45FC6CE18CA5664EC7D6C7954C96E23FF10B7CFB9742B066B,complete,1,2,1,0,,87.6041666666667,92.1019900497513,75.8706467661692,94.9494949494949,84.9583333333333,90.25,90.4166666666667,99.1666666666667,70,94.5,5.26881548990536,0,100,25.5195780893232,32.8358208955224,95.5223880597015,15.3013429680499,0,100,32.5066144641178,0.270833333333333,1,0,0,7.83333333333333,100,3.64583333333333,100,12.125,30,10.625,18,6.45833333333333,21,8,0,100,100,48.3205945694861,43.5074899525028,470.025118022795,787.786472311598,-41.9658832444029,88.4328358208955,95.1492537313433,93.1818181818182,3.64583333333333,100,16.5507774719082,9.5,0.136025876820967,24.0772941775813,29.1666666666667,-0.00410714285714286,0.171279697261169,0,0,0,95.8333333333333,91.25,52.9166666666667,90.8333333333333,91.6666666666667,95.4166666666667,89.5833333333333,47.5,100,94.5833333333333,95.8333333333333,92.5,60.4166666666667,100,92.9166666666667,90.4166666666667,92.5,88.75,97.0833333333333,92.0833333333333,0.00183823529411807,0,0.00548726953467969,0,0.00367647058823529,0,0,-0.000507308587501979
safe.txt,safe,1,safe:s1:b12,1283,022128C02132B85A8D3147993E17CFA91D5C571AFFB87FD2E0F71AEFA40547D2,complete,1,2,1,0,,87.6666666666667,92.1641791044776,75.9328358208955,95.0126262626263,85,90.3333333333333,90.625,99.1666666666667,70,94.5,5.30108001027737,0,100,25.5106966759264,32.8358208955224,95.5223880597015,15.3622782557965,0,100,32.4684262546314,0.270833333333333,1,0,0,7.8125,100,3.64583333333333,100,12.0625,30,10.7083333333333,18,6.41666666666667,21,8.5,0,100,100,48.3574969441804,43.397473560517,468.283158120541,783.438780721789,-36.9150924713605,88.8059701492537,95.1492537313433,93.1818181818182,3.64583333333333,100,16.5507774719082,9.5,0.136025876820967,24.0772941775813,29.1666666666667,-0.00410714285714286,0.171279697261169,0,0,0,95.8333333333333,91.25,52.9166666666667,91.25,91.6666666666667,95.4166666666667,89.5833333333333,47.5,100,94.5833333333333,95.8333333333333,92.5,60.4166666666667,100,92.9166666666667,90.8333333333333,92.5,89.1666666666667,97.0833333333333,92.0833333333333,0.00178571428571429,0.00177683013503887,0.00177683013503927,0.00180375180375206,0.00238095238095225,0,0,0.00105435356269388
safe.txt,safe,1,safe:s1:b13,1318,B5A9853DF3B40EEE42DC9060C0665466758C2C90579D975F821EECB84B4C6DD5,complete,1,2,1,0,,87.5416666666667,92.0398009950249,75.7462686567164,94.9494949494949,84.9166666666667,90.1666666666667,90.2083333333333,99.1666666666667,70,94.5,5.25422535279664,0,100,25.5999685384194,32.8358208955224,95.5223880597015,15.267017812467,0,100,32.6711803494825,0.270833333333333,1,0,0,7.83333333333333,100,3.64583333333333,100,12.1875,30,10.625,18,6.5,21,8.5,0,100,100,48.263054402447,43.5509669914207,471.444662838409,788.192297447691,-38.7769689753432,88.4328358208955,95.1492537313433,93.1818181818182,3.64583333333333,100,16.5507774719082,9.5,0.136025876820967,24.0772941775813,29.1666666666667,-0.00410714285714286,0.171279697261169,0,0,0,95.4166666666667,91.25,52.9166666666667,90.8333333333333,91.6666666666667,95.4166666666667,89.5833333333333,47.5,100,94.5833333333333,95.8333333333333,92.5,60,100,92.9166666666667,90.4166666666667,92.5,88.3333333333333,97.0833333333333,92.0833333333333,-0.00357142857142898,-0.00355366027007814,-0.00533049040511742,-0.00180375180375206,-0.0047619047619049,0,0,-0.00269835833523859
safe.txt,safe,1,safe:s1:b14,1352,F7A328D83ED433CC88ADC96FC92453E0C025AFFD546E49E23794F861B8F86807,complete,1,2,1,0,,87.4791666666667,92.1641791044776,75.68407960199,94.6969696969697,84.9166666666667,90.0416666666667,90.4166666666667,99.1666666666667,70,94.5,5.25332020615589,0,100,25.6357518876754,32.8358208955224,95.5223880597015,15.0383728034107,0,100,32.8852219622845,0.270833333333333,1,0,0,7.85416666666667,100,3.64583333333333,100,12.25,30,10.5416666666667,18,6.58333333333333,21,8.5,0,100,100,48.5748208597062,43.7314620559936,470.184309153181,793.289122113719,-42.4216004164589,88.4328358208955,95.1492537313433,92.8030303030303,3.64583333333333,100,16.4662229568455,10,0.119834742462392,23.2732571832051,29.1666666666667,-0.00410714285714286,0.171279697261169,0,0,0,95.8333333333333,91.6666666666667,52.9166666666667,90,91.25,95.4166666666667,90,47.5,100,94.5833333333333,95.8333333333333,92.5,59.5833333333333,100,92.9166666666667,90.4166666666667,92.5,87.9166666666667,96.6666666666667,92.0833333333333,-0.00183823529411765,0.00365817968978632,-0.00182908984489337,-0.00742721330956604,-0.00367647058823529,-2.61228946970625e-17,-0.000476209834075743,0.00916960168409317
safe.txt,safe,1,safe:s1:b15,1387,32FC3A244F322621131E172C8FD29123CE1140299BD6BEFB37401A33A85331CE,complete,1,2,1,0,,88,92.4751243781095,76.5547263681592,95.0757575757576,85.2083333333333,90.7916666666667,91.0416666666667,98.125,72.5,95,5.24404424085076,0,100,25.45153373599,34.3283582089552,95.5223880597015,15.5513081479573,0,100,31.3641502771744,0.4375,1,0,0,7.70833333333333,100,4.20833333333333,100,11.5625,27.5,9.95833333333333,16,6.47916666666667,20.5,8.5,0,100,100,48.5971524288107,42.6705917874396,457.59708298612,804.949172439117,3.81508867809255,91.044776119403,95.5223880597015,91.6666666666667,4.20833333333333,100,17.7956696939123,10,-0.0276628150016926,23.144455967535,45.8333333333333,-0.00209090909090908,0.140835758043906,0,0,0,95.8333333333333,89.1666666666667,42.5,93.75,94.1666666666667,95,92.5,56.25,100,92.9166666666667,95.4166666666667,92.5,63.3333333333333,98.75,93.75,94.5833333333333,91.25,92.5,93.3333333333333,92.5,0.0148809523809527,0.00888415067519556,0.0248756218905474,0.0108225108225107,0.0214285714285718,0.0160714285714286,-0.00421421592754527,0.000638044831558204
safe.txt,safe,1,safe:s1:b16,1421,822A4FA79FCA03E9A436BE3E90AF52EFE600A86537315829D9D2B620E7DD73E3,complete,1,2,1,0,,90.9583333333333,96.2064676616915,80.5348258706468,96.2121212121212,87.8333333333333,94.0833333333333,100,100,85,96,3.75301810914046,0,100,23.6629845320194,62.6865671641791,95.5223880597015,11.8791357472264,0,100,30.561765264053,0,0,0,0,7.6875,100,3.33333333333333,100,9.04166666666667,15,7.33333333333333,8,5.45833333333333,11,3.5,0,100,100,52.1339415973879,38.5794429973953,284.121042779414,748.56611265134,43.8329692332334,95.5223880597015,95.5223880597015,95.8333333333333,3.33333333333333,100,17.075185988721,2,0.092673961421695,28.6059073691335,0,0,0,0,0,0,100,93.3333333333333,45.8333333333333,100,93.75,100,95,56.25,100,94.1666666666667,100,93.75,75,100,94.1666666666667,100,92.5,92.5,100,92.9166666666667,0.0870098039215685,0.109745390693591,0.117061750073164,0.0334224598930482,0.0968137254901958,-0.0257352941176471,0.00353931695362905,0.104023210840504
safe.txt,safe,1,safe:s1:b17,1457,E5955E2EF3FD174BA66C7613055FBDA28B2382CE90DFC56A81A2BBC85F2B1C4B,complete,1,2,1,0,,91.7291666666667,96.7661691542288,82.4004975124378,96.0858585858586,90.2083333333333,93.25,100,100,77.5,96,3.9617167081156,0,100,22.7009509998625,40.2985074626866,94.0298507462687,12.0048479644057,0,100,29.9833435761361,0,0,0,0,6.58333333333333,100,3.875,100,8.27083333333333,22.5,6.16666666666667,10,5.83333333333333,18.5,3.5,0,100,100,50.1715124742098,42.5035593034717,287.171209463575,754.860311454151,20.8460800019554,96.2686567164179,94.0298507462687,95.4545454545455,3.875,100,18.4764382077342,2,0.52537738027755,23.3163750977125,0,0,0,0,0,0,100,95,61.25,100,93.75,99.5833333333333,95,63.75,100,93.75,97.9166666666667,93.75,70,100,94.1666666666667,96.6666666666667,97.5,90,100,92.5,0.0214120370370369,0.0155472636815917,0.0518242122719733,-0.00350729517396194,-0.023148148148148,0.0150462962962963,0.0120195394126626,-0.0545119200882791
safe.txt,safe,1,safe:s1:b18,1491,FE6771C96F38C6BAC7F816917B6ECB4A595E308A636DFA81DBBCF4C8A58D6BE8,complete,1,2,1,0,,91.5625,95.9577114427861,82.5248756218905,96.2752525252525,87.7916666666667,95.3333333333333,100,100,65,96,6.54966394756914,0,100,21.2271714505005,20.8955223880597,95.5223880597015,16.2159674413648,0,100,26.9664221582375,0,0,0,0,5.83333333333333,100,3.27083333333333,100,8.4375,35,6.66666666666667,12,5.72916666666667,26,3,0,100,100,47.7238042062163,39.8067632850241,282.603940008027,644.17839389484,27.4796778668796,97.0149253731343,95.1492537313433,95.4545454545455,3.27083333333333,100,16.9514895400677,1.5,-0.370693826204761,18.6357830222654,0,0,0,0,0,0,95,100,64.1666666666667,95,100,93.3333333333333,89.1666666666667,49.1666666666667,92.0833333333333,100,94.1666666666667,100,85,95,100,95,100,91.25,95,97.9166666666667,-0.00490196078431345,-0.0237781679836113,0.00365817968978632,0.00557040998217464,0.0612745098039219,-0.0177696078431373,-0.0263550354847739,-0.0719914196468695
safe.txt,safe,1,safe:s1:b19,1525,03C0764DEFAE5D16E3CB21FD228550E23D81CD0A3B55C18B0FF0F6C5D176335A,complete,1,2,1,0,,92.0416666666667,97.0149253731343,82.8358208955224,96.3383838383838,89.375,94.7083333333333,100,100,84.5,96.5,3.44496061271946,0,100,22.0565915326708,61.1940298507463,95.5223880597015,10.2748272361829,0,100,29.2703998409586,0,0,0,0,5.91666666666667,100,3.0625,100,7.95833333333333,15.5,6.08333333333333,8,5.625,13,3,0,100,100,48.3030334920676,40.5076257682677,271.853900562223,688.975186555148,26.6876870434864,97.0149253731343,95.5223880597015,96.2121212121212,3.0625,100,16.4796749551556,1.5,-58.041666666666,3.89862104012795e-13,0,0,0,0,0,0,95,100,64.1666666666667,94.1666666666667,100,95,99.1666666666667,52.5,93.75,100,95,100,77.0833333333333,95,98.75,95,100,92.0833333333333,97.5,96.6666666666667,0.0140931372549021,0.0310945273631844,0.00914544922446602,0.00185680332739141,-0.0183823529411765,-0.00612745098039217,-1.69620508354298,0.0170361554662174
safe.txt,safe,1,safe:s1:b20,1560,775CE9BC321F269B4D971E0499E86D4FC0623309762CD2658FD3829CEB70E087,complete,1,2,1,0,,85.1041666666667,94.4029850746269,77.363184079602,83.5227272727273,88.1666666666667,82.0416666666667,96.875,84.7916666666667,60,89.5,6.37075377197929,0,100,24.0735567695928,67.1641791044776,95.5223880597015,9.7293232981782,0,100,31.2750226468324,0.3125,7.5,0.75,10,7.125,100,6.52083333333333,100,13.8333333333333,32.5,7.75,9,10.1458333333333,26,6.5,0,100,100,59.7062234248164,58.6378838552751,525.184036204931,1004.04837670294,275.094677259347,88.4328358208955,88.0597014925373,44.3181818181818,6.52083333333333,100,17.2104419622187,38.5,0.119228554666761,17.4465279978348,4.16666666666667,0,0,12.5,0.92,1.36058575287214e-14,100,92.9166666666667,55.4166666666667,100,93.75,100,92.5,52.9166666666667,100,94.1666666666667,100,92.5,56.25,100,85.8333333333333,93.75,90.8333333333333,89.5833333333333,70.4166666666667,41.25,-0.198214285714286,-0.0746268656716418,-0.15636105188344,-0.366161616161616,-0.361904761904762,0.0988095238095238,1.66173986346665,0.325805426649964
safe.txt,safe,1,safe:s1:b21,1594,8B2EECC1061A9ED7364ED288641DF9546D68419758628B8982C925E301620176,complete,1,2,1,0,,88.5416666666667,93.6567164179104,75.68407960199,96.4015151515152,88.375,88.7083333333333,90.4166666666667,88.125,72.5,95,4.93857193464094,0,100,25.4521850021703,31.3432835820896,95.5223880597015,14.4738929418336,0,100,31.6044462403934,0,0,0,0,7.125,100,3.35416666666667,100,11.4583333333333,27.5,9.91666666666667,14,7.04166666666667,24,7.5,0,100,100,48.6130653266332,46.2687747035573,434.824565954487,702.67874830102,16.7111446560868,92.910447761194,95.5223880597015,96.2121212121212,3.35416666666667,100,16.3372891792833,3,-0.121705758705124,22.5356568771633,0,0,0,0,0,0,95.8333333333333,95,63.75,94.1666666666667,94.5833333333333,95,95,62.9166666666667,93.3333333333333,94.1666666666667,95,87.5,50,92.5,94.1666666666667,95,93.75,93.3333333333333,92.5,93.3333333333333,0.10110294117647,-0.0219490781387184,-0.049385425812116,0.378787878787879,0.196078431372549,-0.0931372549019607,-0.00708630333446722,-0.326269355828919
safe.txt,safe,1,safe:s1:b22,1630,177186C8707032A0475A4E7F87597CDD8219010688223F2397D306CF650764AC,complete,1,2,1,0,,88.3333333333333,94.1542288557214,74.6890547263682,96.2752525252525,86.0416666666667,90.625,90.8333333333333,87.7083333333333,75.5,95,4.2109243709631,0,100,26.315872123647,40.2985074626866,94.0298507462687,12.2563553660074,0,100,33.5481825407357,0,0,0,0,8.41666666666667,100,3.25,100,11.6666666666667,24.5,9.83333333333333,10,7.10416666666667,19.5,8,0,100,100,49.0452261306533,45.3804347826087,432.261090087913,717.249949365379,25.0944161802803,94.0298507462687,90.6716417910448,96.2121212121212,3.25,100,15.9671022065837,3,0.281654654594367,17.942708233046,0,0,0,0,0,0,95,95,63.3333333333333,94.1666666666667,94.1666666666667,95.4166666666667,86.6666666666667,50,92.5,94.1666666666667,95.4166666666667,94.1666666666667,65.8333333333333,93.75,93.75,95.8333333333333,92.5,89.1666666666667,92.5,93.3333333333333,-0.00578703703703691,0.0138197899391928,-0.0276395798783859,-0.00350729517396194,0.0532407407407409,-0.00289351851851851,0.0112044559249859,0.0120044667783365
safe.txt,safe,1,safe:s1:b23,1664,8D6D2BF5BDADFE61E6A6D928AC17FDA6A214160FB74F192C6E3B7EAC19F0A2BD,complete,1,2,1,0,,86.7916666666667,96.8905472636816,67.5373134328358,96.0858585858586,86.4583333333333,87.125,90.2083333333333,88.5416666666667,78,91.5,3.4607006913864,0,100,29.1894204138806,43.2835820895522,82.089552238806,10.1443855943306,0,100,39.6317308688745,0,0,0,0,8.66666666666667,100,8.04166666666667,100,13.2083333333333,22,10.3333333333333,12,8.54166666666667,17.5,9.5,0,100,100,49.0488721208567,49.9039912220546,381.553315546793,1004.28136093143,6.98872767791456,96.2686567164179,62.3134328358209,95.4545454545455,8.04166666666667,100,24.3834855807688,16.5,0.329526588114515,19.4382191013113,0,0,0,0,0,0,95.4166666666667,90.4166666666667,50.8333333333333,95,94.5833333333333,95,95,62.0833333333333,92.5,93.75,95,93.75,63.3333333333333,94.1666666666667,94.5833333333333,95,88.3333333333333,60.4166666666667,92.5,94.1666666666667,-0.0453431372549017,0.0804799531753004,-0.210345332162716,-0.00557040998217464,-0.102941176470588,0.14093137254902,0.00140799804471026,0.000107235005982218
safe.txt,safe,1,safe:s1:b24,1698,FD9995A9FB161D666408A19D9F871B530D21F25E8BE1DAD36C4F5B6FE73E6C23,complete,1,2,1,0,,86.375,97.0771144278607,69.7761194029851,92.3611111111111,86.0833333333333,86.6666666666667,90.2083333333333,88.3333333333333,76,94.5,4.14741931284042,0,100,28.8424490097487,38.8059701492537,95.5223880597015,12.9911522545846,0,100,37.5234444361908,0,0,0,0,8.85416666666666,100,3.20833333333333,100,13.625,24,10,12,8.75,20.5,9.5,0,100,100,49.5128547938469,48.9097194522005,384.255304606572,996.235890744669,24.4859294829415,97.0149253731343,61.5671641791045,92.0454545454545,3.20833333333333,100,15.8549728701266,4,-0.337461255002406,28.8359203386868,0,0,0,0,0,0,95.4166666666667,89.1666666666667,48.3333333333333,94.1666666666667,95,95,92.5,63.3333333333333,93.75,94.1666666666667,95,92.5,66.25,92.5,93.75,95,87.9166666666667,57.5,92.5,93.75,-0.0122549019607845,0.00548726953467969,0.0658472344161546,-0.109551396316102,-0.0134803921568626,-0.142156862745098,-0.0196172895034389,0.0136465492055955
safe.txt,safe,1,safe:s1:b25,1733,6FF5F1B766A3886C7D84302CF20B9A1AC11DAA1F88C815DEB2DC7C11A14AEAF3,complete,1,2,1,0,,87.1875,97.2636815920398,74.1915422885572,90.1515151515152,84.875,89.5,90.8333333333333,88.5416666666667,76.5,94,3.83579394876619,0,100,26.2824919883949,40.2985074626866,95.5223880597015,11.2939873419545,0,100,35.2304134486155,0,0,0,0,7.52083333333333,100,3.08333333333333,100,12.8125,23.5,11,14,7.0625,18,7.5,0,100,100,52.0962536258528,43.9802050194415,435.569871267734,803.811555843439,-11.9248759697986,97.0149253731343,88.0597014925373,90.530303030303,3.08333333333333,100,14.6392503004048,5,-0.281923749189326,25.1825548622664,0,0,0,0,0,0,95,92.5,65.4166666666667,82.5,88.75,96.6666666666667,91.25,49.1666666666667,92.9166666666667,94.5833333333333,95,94.5833333333333,63.3333333333333,93.3333333333333,94.1666666666667,95,92.5,82.5,91.25,93.3333333333333,0.0232142857142857,0.00533049040511701,0.126154939587775,-0.0631313131313131,0.0809523809523808,-0.00357142857142857,0.0015867858803737,0.0738113952001691
safe.txt,safe,1,safe:s1:b26,1768,265864FB9CE87250D3BE16CAD20E0252B007D1D163F0BA2771A88C88BCC2EB08,complete,1,2,1,0,,87.6041666666667,96.7039800995025,73.1965174129353,92.9924242424242,87.3333333333333,87.875,97.5,89.1666666666667,78,95,3.11021866513072,0,100,28.5405929996494,44.7761194029851,95.5223880597015,9.45479957445461,0,100,38.3134547202892,0,0,0.520833333333333,1.5,8.97916666666667,100,3.66666666666667,100,11.875,21,9.625,11,7.52083333333333,16,9,0,100,100,50.2858831975001,48.0306905370844,418.198494176858,846.330712870047,19.3553466574204,96.6417910447761,87.6865671641791,92.4242424242424,3.66666666666667,100,17.0115079123429,3,0.000563625693628088,17.123362658423,0,0,0,45.8333333333333,-0.0125454545454545,0.140835758043906,95,95,55,95,95,95,94.5833333333333,61.25,92.9166666666667,94.5833333333333,93.3333333333333,95,59.5833333333333,95,93.75,94.5833333333333,95,65,92.5,95,0.011904761904762,-0.0159914712153518,-0.0284292821606255,0.0811688311688312,-0.0464285714285714,0.0166666666666667,0.00807106785379869,-0.0517248693815071
safe.txt,safe,1,safe:s1:b27,1803,E11D15D8CF1C345B52E92AD9FAB7B3B0CF1459E561C4F2AB07A2F923DC52AD55,complete,1,2,1,0,,85.9791666666667,95.2114427860697,67.0398009950249,95.8333333333333,85.6666666666667,86.2916666666667,91.0416666666667,87.9166666666667,75,95,4.3923826520829,0,100,27.8873458487336,40.2985074626866,92.5373134328358,12.2123189325278,0,100,36.314969522328,0,0,0,0,7.45833333333333,100,2.60416666666667,100,14.0208333333333,25,11.3333333333333,16,8.39583333333333,19.5,10.5,0,100,100,48.9326274761624,48.691775954519,386.662264425151,983.978839917244,27.2199733638362,94.7761194029851,63.0597014925373,95.4545454545455,2.60416666666667,100,13.5575621821449,4.5,-0.127530067501406,29.9756396355101,0,0,0,0,0,0,97.0833333333333,83.75,49.5833333333333,93.75,94.5833333333333,95,92.5,63.75,92.5,94.1666666666667,95,92.5,62.5,92.5,91.25,95,87.0833333333333,63.75,90,93.3333333333333,-0.0464285714285718,-0.0426439232409381,-0.17590618336887,0.0811688311688312,-0.0452380952380951,-0.0303571428571429,-0.0036598198055724,-0.0386644491810768
safe.txt,safe,1,safe:s1:b28,1837,1C025ED51BB2A6EAC4CFF8A05BEFA2AE29D4304037A062936CC5C8878675E21C,complete,1,2,1,0,,85.3333333333333,91.5422885572139,69.092039800995,95.5176767676768,85.7083333333333,84.9583333333333,90.625,87.9166666666667,74,95.5,4.67339060106738,0,100,28.0675284445773,44.7761194029851,97.0149253731343,11.9846609912974,4.16666666666667,100,34.7031456717333,0,0,0,0,8.95833333333334,100,2.77083333333333,100,14.6666666666667,26,10.8333333333333,14,9.08333333333333,19,10,0,100,100,47.2404636820466,50.19145256917,376.337040409777,1004.9147980533,-5.45360263690441,86.9402985074627,61.9402985074627,96.5909090909091,2.77083333333333,100,14.5917210862937,3.5,-0.716396776358419,17.9428456674742,0,0,0,0,0,0,95.8333333333333,84.5833333333333,52.5,93.3333333333333,93.75,95,92.5,61.6666666666667,93.75,94.1666666666667,95,92.5,59.5833333333333,91.6666666666667,92.9166666666667,94.1666666666667,78.75,60.4166666666667,90.8333333333333,93.75,-0.0189950980392151,-0.107916300848698,0.060359964881475,-0.00928401663695829,-0.0392156862745097,0.00490196078431376,-0.0173196090840298,-0.0497695233563468
safe.txt,safe,1,safe:s1:b29,1872,5191C8E56FEA2081B546A84BE30A13E7C3EDD51547C8256C28A8C4DD285CFB00,complete,1,2,1,0,,90.125,97.1393034825871,77.4253731343284,95.8964646464647,90.5,89.75,100,100,78.5,95.5,3.25125393870012,0,100,25.7471749058751,46.2686567164179,94.0298507462687,9.22492953468223,0,100,36.3831241125188,0,0,0,0,7.125,100,3.27083333333333,100,9.875,21.5,6.25,8,7.52083333333333,17.5,8,0,100,100,47.8553103068083,49.0827371124564,226.93054813209,791.853228110778,25.707360647739,97.0149253731343,87.3134328358209,95.4545454545455,3.27083333333333,100,16.4393920754098,2.5,0.254727219096424,23.4601206376582,0,0,0,0,0,0,95,100,62.5,95,100,96.25,100,62.5,93.75,100,94.5833333333333,96.6666666666667,51.6666666666667,93.75,97.9166666666667,95,100,75.4166666666667,92.5,100,0.136904761904762,0.159914712153518,0.238095238095238,0.0108225108225111,0.136904761904762,0.0142857142857143,0.0277463998701384,0.0175670464217634
safe.txt,safe,1,safe:s1:b30,1906,857BB6F1491FDA9A687199F85566C04BC1A6F23FE73B87D8C18B48F6EF69524D,complete,1,2,1,0,,89.3125,95.9577114427861,76.8034825870647,95.2651515151515,89.5416666666667,89.0833333333333,99.7916666666667,100,64.5,96,5.72904973530211,0,100,26.0076704395413,13.4328358208955,95.5223880597015,14.8471615072626,0,100,35.3421220889243,0,0,0,0,7.52083333333333,100,3,100,10.6875,35.5,7.25,16,7.58333333333333,27.5,8.5,0,100,100,49.7222956889712,48.7159928807526,262.330971197622,756.27296240764,8.05164186808044,96.2686567164179,91.044776119403,95.4545454545455,3,100,16.0107532960048,2,0.464272940105352,22.2234422479563,0,0,0,0,0,0,100,94.5833333333333,61.25,100,92.9166666666667,99.5833333333333,94.5833333333333,59.5833333333333,100,92.9166666666667,98.75,88.3333333333333,50.8333333333333,93.3333333333333,93.3333333333333,97.5,95.8333333333333,80.4166666666667,100,92.5,-0.0238970588235294,-0.0347527070529707,-0.0182908984489316,-0.0185680332739157,-0.0196078431372546,-0.00796568627450979,0.00616310944143905,0.0549113347694961
safe.txt,safe,1,safe:s1:b31,1941,9637BC4693C56D89079E7A62B027D7CBFB35E9E5F59A6F07B94687C14692F2D7,complete,1,2,1,0,,89.6875,96.2064676616915,77.4253731343284,95.5176767676768,90.1666666666667,89.2083333333333,100,100,65.5,96.5,5.60049007948722,0,100,25.8541194674934,13.4328358208955,95.5223880597015,14.7642995744375,0,100,35.2372106318908,0,0,0,0,7.60416666666667,100,2.75,100,10.3125,34.5,6.83333333333333,14,7.375,27.5,8,0,100,100,49.6147403685092,49.433465085639,255.711734654186,739.697368946381,15.3238745329635,96.6417910447761,90.6716417910448,96.2121212121212,2.75,100,15.2590235635072,2,0.71888908155598,13.3885265939093,0,0,0,0,0,0,100,94.5833333333333,64.1666666666667,100,94.5833333333333,100,95,60.4166666666667,100,92.9166666666667,97.5,88.75,52.9166666666667,94.5833333333333,91.6666666666667,97.0833333333333,97.5,78.75,100,93.3333333333333,0.0107142857142857,0.00710732054015669,0.0177683013503907,0.00721500721500701,0.00357142857142817,-0.00714285714285714,0.00727474689858936,-0.00307300915605566
safe.txt,safe,1,safe:s1:b32,1976,9EB59CD2CC8EE2A55900836F6708A435D99C6A4F0CEF48AE2B7540CD0489A96B,complete,1,2,1,0,,87.0416666666667,94.7761194029851,71.952736318408,94.5075757575758,86.2916666666667,87.7916666666667,95.625,91.0416666666667,84,92,1.95000929020455,4.16666666666667,100,23.8454435620547,62.6865671641791,82.089552238806,4.48796481409669,4.16666666666667,100,33.9477937225392,0.145833333333333,1,0.0208333333333333,0.5,6.08333333333333,91.6666666666667,1.14583333333333,45.8333333333333,12.7916666666667,15.5,10.5833333333333,14,7.10416666666667,11,7.5,0,100,100,55.3329347703146,47.2529008807493,345.198224551353,837.325467289825,28.1437534935264,95.8955223880597,78.7313432835821,96.2121212121212,1.14583333333333,45.8333333333333,5.18262078563589,8,0.172743055555555,11.7264635107908,20.8333333333333,-0.0345,0.122474487139159,4.16666666666667,0,0,95,94.5833333333333,56.6666666666667,92.5,93.75,96.25,93.75,60.8333333333333,85,94.5833333333333,100,90.8333333333333,58.3333333333333,94.5833333333333,85.8333333333333,100,92.0833333333333,62.5,100,93.75,-0.0755952380952384,-0.0408670931058992,-0.15636105188344,-0.0288600288600289,-0.0404761904761902,-0.0458333333333333,-0.0156041721714407,0.163376982908724
safe.txt,safe,1,safe:s1:b33,2010,B41B0BAE40AACF06371F339469CA3B5FFFF3512E8E1228993C20284C8230E5B5,complete,1,2,1,0,,86.0625,97.3258706467662,74.4402985074627,86.4267676767677,86.2083333333333,85.9166666666667,95.4166666666667,90.625,83.5,88,1.2006565233057,0,100,24.576243547969,62.6865671641791,85.0746268656716,6.54755641644193,0,100,34.9052915524383,0.0625,1,0.291666666666667,2,6.0625,100,5.27083333333333,100,13.5833333333333,16.5,10.125,12,8.85416666666667,11,6,0,100,100,62.3678932780494,49.8732696432053,304.02087124306,867.945601011293,-23.4823101709408,94.7761194029851,79.1044776119403,87.1212121212121,5.27083333333333,100,19.4560553492821,10,-0.20601228140143,30.8609834634397,8.33333333333333,-0.115,0,29.1666666666667,-0.00374284692417739,0.520195552690558,97.5,96.25,97.9166666666667,46.25,92.9166666666667,97.0833333333333,93.75,95.8333333333333,45,99.5833333333333,96.25,91.6666666666667,84.5833333333333,55.8333333333333,95.4166666666667,100,91.25,93.3333333333333,62.0833333333333,88.75,-0.0287990196078429,0.0749926836406202,0.0731635937957273,-0.23767082590612,-0.0551470588235298,0.121323529411765,-0.011139862851676,0.206910544345143
safe.txt,safe,1,safe:s1:b34,2045,22329579BB20A0689C2F2553FA0BCF4EF2D7014B5DA9F6FF31FF877466A8D784,complete,1,2,1,0,,85.9375,96.6417910447761,73.9427860696517,87.2474747474748,86.2916666666667,85.5833333333333,96.875,84.1666666666667,82.5,89.5,1.40891956755029,0,100,25.6049009776631,64.1791044776119,83.5820895522388,4.69882224193003,0,100,37.3266425308419,0.0625,1,0.3125,1.5,5.45833333333333,100,6.70833333333333,100,13.6875,17.5,8.79166666666667,11,9.4375,13,7,0,100,100,63.6359575656058,50.4541062801933,327.109714463502,858.737986884175,5.66340020014188,95.1492537313433,73.8805970149254,92.0454545454545,6.70833333333333,100,22.4354259802841,9.5,-0.294731532543719,31.9604828040481,8.33333333333333,-0.115,0,29.1666666666667,0.0136680327868852,0.394821573551208,97.0833333333333,94.1666666666667,99.1666666666667,48.3333333333333,92.9166666666667,97.0833333333333,93.75,96.25,47.9166666666667,96.25,99.5833333333333,92.9166666666667,83.75,57.9166666666667,89.1666666666667,100,91.25,88.3333333333333,66.25,86.6666666666667,-0.00357142857142857,-0.01954513148543,-0.0142146410803126,0.0234487734487735,-0.00952380952380939,0.0410714285714286,-0.00253483574692255,0.0362304082158957
safe.txt,safe,1,safe:s1:b35,2080,4EC5AE4CF738C17BEDA3E9CD6F6B029BC97A639D8078271063FB656E5B6052D7,complete,1,2,1,0,,88.8958333333333,96.0820895522388,74.7512437810945,95.959595959596,88.7083333333333,89.0833333333333,99.5833333333333,100,80.5,95.5,3.68598746921207,0,100,26.5937993002651,50.7462686567164,95.5223880597015,10.8338477087008,0,100,35.7613250307953,0.0416666666666667,0.5,0,0,7.6875,100,2.89583333333333,100,11.0625,19.5,8.41666666666667,12,6.5625,13,8,0,100,100,52.4319533879529,46.8472142915409,247.574402085376,707.234901578841,26.8441910549696,96.2686567164179,92.1641791044776,95.4545454545455,2.89583333333333,100,14.8930529289461,3,0.321176316972148,19.7922696484122,8.33333333333333,0,0,0,0,0,99.1666666666667,95,57.0833333333333,100,95,100,93.75,54.1666666666667,100,92.9166666666667,100,87.9166666666667,45.4166666666667,98.75,92.9166666666667,100,94.1666666666667,79.1666666666667,100,92.5,0.0845238095238094,-0.0159914712153518,0.0230987917555081,0.248917748917749,0.1,-0.108928571428571,0.0175973671290248,-0.320114405075798
safe.txt,safe,1,safe:s1:b36,2114,E56E1AC0DDFC59DD6789EC8236D6722FE1845F137D660F54200258E1D06787E0,complete,1,2,1,0,,89.6666666666667,96.2686567164179,76.1194029850746,96.7171717171717,89.5,89.8333333333333,100,100,84.5,95,2.47011118684207,0,100,26.5237744033263,62.6865671641791,94.0298507462687,7.58498107934256,0,100,37.1588161067194,0,0,0,0,8.3125,100,3.41666666666667,100,10.3333333333333,15.5,6.25,8,7.91666666666667,12.5,8,0,100,100,49.3597017344788,48.1416549789621,218.157323779203,834.783641410078,24.1868131318494,95.5223880597015,89.1791044776119,95.4545454545455,3.41666666666667,100,16.7176773810965,2.5,0.104466160555645,15.45991302642,0,0,0,0,0,0,100,94.1666666666667,55.8333333333333,100,96.25,100,95,58.75,100,95,100,94.5833333333333,53.75,100,93.75,100,91.25,71.6666666666667,100,93.3333333333333,0.0226715686274508,0.00548726953467969,0.04023997658765,0.0222816399286986,0.0220588235294113,0.0153186274509804,-0.00637382812989714,-0.0903603427492363
safe.txt,safe,1,safe:s1:b37,2149,D2BA566B241D929C3EE1BF487591FCC69DB06FBE04B8372C86AF51F046B8322B,complete,1,2,1,0,,85.8541666666667,91.728855721393,71.5796019900498,94.3813131313131,85.5416666666667,86.1666666666667,88.3333333333333,88.125,83,90.5,1.88517769123662,8.33333333333333,100,20.9935111182752,62.6865671641791,86.5671641791045,6.24728544947819,8.33333333333333,100,28.5276810195111,0,0,0.104166666666667,1.5,4.8125,91.6666666666667,1.02083333333333,25,14.0416666666667,17,12.25,16,7.54166666666667,12,4,0,100,100,45.3600846648559,48.6072869309086,495.341901113298,829.365978788965,95.574493602244,95.8955223880597,81.7164179104478,88.2575757575758,1.02083333333333,25,3.90728455032784,9.5,-0.0260647653871523,7.41092639509289,0,0,0,8.33333333333333,-0.115,0,94.1666666666667,63.3333333333333,83.75,91.6666666666667,95,94.1666666666667,75,72.5,91.25,94.5833333333333,93.3333333333333,88.75,55.4166666666667,91.6666666666667,92.5,94.1666666666667,85.8333333333333,80,87.9166666666667,92.0833333333333,-0.108928571428571,-0.129708599857854,-0.129708599857854,-0.0667388167388168,-0.104761904761904,-0.0684523809523809,-0.00372945502693708,-0.114274773417797
safe.txt,safe,1,safe:s1:b38,2183,B729A32BD08EB833FF6F299E33E95FC6323E6D699EAAB39922F5D4CE4AA60648,complete,1,2,1,0,,86.0625,90.9825870646766,71.6417910447761,95.7070707070707,85.7916666666667,86.3333333333333,90,91.4583333333333,82.5,92.5,2.21807054813902,8.33333333333333,100,23.568736197243,59.7014925373134,95.5223880597015,7.41712242036576,8.33333333333333,100,32.6978470771022,0.125,1,0.3125,2,5.14583333333333,91.6666666666667,0.708333333333333,20.8333333333333,13.5,17,10.2916666666667,14,8.72916666666667,12.5,5,0,100,100,41.8505081461117,48.4759862221356,394.131614340779,814.946900881628,23.3367685862985,95.1492537313433,79.4776119402985,93.9393939393939,0.708333333333333,20.8333333333333,3.04414523506549,7.5,-0.0504977621457325,6.13371325069909,16.6666666666667,0.046,0.111803398874989,29.1666666666667,-0.01265,0.522601420681153,97.5,47.0833333333333,96.25,94.5833333333333,95.4166666666667,95,62.5,81.6666666666667,93.3333333333333,94.5833333333333,94.1666666666667,73.75,68.3333333333333,92.0833333333333,94.5833333333333,93.3333333333333,78.3333333333333,77.9166666666667,92.5,98.3333333333333,0.00612745098039202,-0.0219490781387184,0.00182908984489295,0.0389928698752233,0.00490196078431345,-0.00919117647058824,-0.000718617551722948,-0.103222838786594
safe.txt,safe,1,safe:s1:b39,2218,1B902D16C08FEF61168DA2FD1BEA1878D6815F5F8A688E7C320B6AB967C4E827,complete,1,2,1,0,,82.0625,85.3233830845771,75.8084577114428,85.1010101010101,82.7083333333333,81.4166666666667,100,79.375,79.5,86.5,1.81965417163477,12.5,100,20.7691536558187,61.1940298507463,89.5522388059701,8.43134736356065,12.5,100,27.3922629982342,0,0,0,0,4.35416666666667,75,3.41666666666667,70.8333333333333,17.9375,20.5,10.8333333333333,14,9.04166666666667,12,4,0,100,100,50.1356959011083,50.3105590062112,629.856121108568,859.440645639047,68.3444056041021,95.5223880597015,73.5074626865672,83.3333333333333,3.41666666666667,70.8333333333333,11.9815720219999,13.5,-0.526968602456075,18.9042826672225,0,0,0,0,0,0,92.9166666666667,52.0833333333333,91.6666666666667,100,77.9166666666667,93.3333333333333,48.3333333333333,92.5,100,78.3333333333333,95,53.3333333333333,79.1666666666667,100,73.3333333333333,99.1666666666667,71.6666666666667,70.4166666666667,91.25,80.8333333333333,-0.114285714285714,-0.161691542288557,0.119047619047619,-0.303030303030303,-0.14047619047619,0.0773809523809524,-0.0136134525802955,0.23671965014276
safe.txt,safe,1,safe:s1:b40,2252,D94FCEFA96936CA5D97F3F50EC233B269C547F120ADE3F8948E64FDDEDF989C5,complete,1,2,1,0,,80.7083333333333,68.7189054726368,80.907960199005,92.6767676767677,81.2083333333333,80.2083333333333,93.9583333333333,96.4583333333333,79,82,0.943129234847053,20.8333333333333,100,20.1859636761927,65.6716417910448,88.0597014925373,7.35126643678361,50,100,12.87626570491,0.104166666666667,1,0.0208333333333333,0.5,5.5,79.1666666666667,5.72916666666667,79.1666666666667,19.1666666666667,21,13.1666666666667,18,11.625,15.5,3,0,100,100,37.8224817391493,50.8592356089773,390.626279958666,902.132773708454,61.3091913342985,78.7313432835821,69.4029850746269,92.0454545454545,5.72916666666667,79.1666666666667,15.3615776344891,20,-0.314789081223844,21.8599643539565,12.5,0.0575,0.117851130197758,4.16666666666667,0,0,78.3333333333333,60,81.25,90.4166666666667,97.5,92.0833333333333,44.1666666666667,81.6666666666667,89.5833333333333,97.0833333333333,94.5833333333333,40.8333333333333,79.5833333333333,89.1666666666667,98.3333333333333,90.4166666666667,43.75,78.75,97.9166666666667,88.75,-0.0398284313725487,-0.488366988586479,0.149985367281241,0.222816399286988,-0.0355392156862744,0.068014705882353,0.00624057415388917,-0.362153357704677
safe.txt,safe,1,safe:s1:b41,2287,C09E6E2B05F9B35698D478418D587CB5139D2F52BFCC290AAF17EA0ADADE31EE,complete,1,2,1,0,,85.1666666666667,90.7960199004975,73.9427860696517,90.8459595959596,86.9166666666667,83.4166666666667,98.125,70.4166666666667,80.5,88.5,2.35291986350109,12.5,100,22.6631130823643,67.1641791044776,86.5671641791045,5.90455803312884,12.5,100,30.9207680886312,0.1875,1.5,0.583333333333333,5,4.375,87.5,3.20833333333333,75,14.0625,18,8.83333333333333,11,8.5625,11.5,5.5,0,100,100,49.9936480153577,53.2120175867122,615.711911086953,855.690461979343,223.709991323264,91.4179104477612,80.2238805970149,79.9242424242424,3.20833333333333,75,11.8420503670432,14,-0.227944424725626,22.1421239042822,20.8333333333333,0.0575,0.122474487139159,20.8333333333333,0.2645,0.561248608016091,100,50.8333333333333,94.5833333333333,100,95,100,55,84.1666666666667,96.6666666666667,92.9166666666667,100,59.5833333333333,81.25,92.9166666666667,81.6666666666667,96.25,80.8333333333333,80,91.6666666666667,70,0.127380952380952,0.630774697938877,-0.199004975124378,-0.0523088023088028,0.0916666666666661,-0.0720238095238095,0.00248127589994909,0.347747607891668
safe.txt,safe,1,safe:s1:b42,2322,7D366B9D6B3758DB6BE0B19C7FADA2C470D00733D98F96BE6EB88A9E4BE86A18,complete,1,2,1,0,,88.3958333333333,97.4502487562189,73.6940298507463,94.1287878787879,88.1666666666667,88.625,99.1666666666667,92.2916666666667,83,95.5,3.22011060661596,4.16666666666667,100,24.9995725116996,59.7014925373134,94.0298507462687,9.07141260230496,4.16666666666667,100,34.5897139910932,0,0,0.270833333333333,1,6.58333333333333,87.5,1.14583333333333,75,11.3333333333333,16,9.58333333333333,12,7.5,12.5,7,0,100,100,49.1948070694586,47.5684958239013,345.908773483128,811.15905432164,13.2840573966992,97.0149253731343,89.1791044776119,95.0757575757576,1.14583333333333,75,7.05102123628876,4.5,0.255469470161517,21.1249992879974,0,0,0,33.3333333333333,-0.0205357142857143,0.129387292376691,97.5,92.9166666666667,57.9166666666667,95.4166666666667,96.6666666666667,95.4166666666667,92.5,62.9166666666667,94.5833333333333,95.8333333333333,95,94.5833333333333,56.25,93.3333333333333,95,95,94.5833333333333,72.0833333333333,93.3333333333333,97.0833333333333,0.0922619047619045,0.190120824449183,-0.00710732054015669,0.093795093795094,0.148809523809524,-0.0589285714285714,0.0138118255682041,-0.0228240270256886
safe.txt,safe,1,safe:s1:b43,2356,B1DA4B49B0F5C548A76C182776E7304BEEFF99AE9E209F9DEC0BAD61314B6DD4,complete,1,2,1,0,,88.5,95.0870646766169,75,95.5176767676768,89.125,87.875,100,100,66,96,6.57068588835886,0,100,25.3852230192822,38.8059701492537,95.5223880597015,14.4857380005973,0,100,34.0516047274102,0,0,0,0,7.875,100,3.20833333333333,100,11.5,34,6.75,10,8,20,9,0,100,100,47.0377248561649,49.5982986767486,237.435404480847,874.198242633019,6.27688970867324,95.5223880597015,94.4029850746269,96.5909090909091,3.20833333333333,100,16.7121970223317,2.5,-0.272596038284204,33.5107404478082,0,0,0,0,0,0,95.4166666666667,92.9166666666667,58.3333333333333,94.5833333333333,100,95,100,60.4166666666667,94.5833333333333,100,95,100,60,87.9166666666667,98.75,92.0833333333333,85.8333333333333,68.75,90.4166666666667,100,0.00306372549019622,-0.069505414105941,0.038410886742757,0.0408496732026143,-0.0220588235294118,0.0606617647058823,-0.0155313384836977,-0.0634435945086388
safe.txt,safe,1,safe:s1:b44,2391,8DC0C9A99BEBC477258055BBCA637270DB867DB38C3B77D135B96511F3923E72,complete,1,2,1,0,,88.0208333333333,94.092039800995,74.8134328358209,95.2651515151515,88.625,87.4166666666667,99.5833333333333,99.7916666666667,63.5,96,7.48981796764152,0,100,25.3394648838019,35.8208955223881,95.5223880597015,15.0179639382179,0,100,34.1321027732044,0,0,0,0,8.20833333333333,100,3.16666666666667,100,11.9791666666667,36.5,7.08333333333333,14,8.14583333333333,22,9,0,100,100,46.7196853834389,49.0359168241966,252.339501651851,908.67028062364,28.3324074965111,95.8955223880597,93.6567164179104,96.5909090909091,3.16666666666667,100,16.6783878382231,2.5,-0.205013238496894,35.434278357866,0,0,0,0,0,0,95,87.9166666666667,58.75,94.5833333333333,100,95,100,60.8333333333333,94.1666666666667,100,94.5833333333333,100,59.5833333333333,88.75,97.5,92.9166666666667,84.1666666666667,67.0833333333333,89.5833333333333,100,-0.0136904761904759,-0.0284292821606255,-0.00533049040511742,-0.00721500721500701,-0.013095238095238,-0.0011904761904762,0.00193093713678029,-0.00908684207788428
safe.txt,safe,1,safe:s1:b45,2426,F275513D468CF5E73A01494A081B1763A1E7BA6FC7B973A978A3919DD7A3CAA8,complete,1,2,1,0,,87.9791666666667,94.0298507462687,74.7512437810945,95.2651515151515,88.5,87.4583333333333,99.5833333333333,99.7916666666667,64,96,7.45344852585273,0,100,25.4056203169825,37.3134328358209,95.5223880597015,14.8402286944833,0,100,34.2663042509026,0,0,0,0,8.22916666666667,100,3.16666666666667,100,12.0208333333333,36,7,12,8.29166666666667,22,9,0,100,100,46.6805430967663,48.8207369452189,251.736614815329,909.593734174979,28.7813679933895,95.8955223880597,93.6567164179104,96.5909090909091,3.16666666666667,100,16.6783878382231,2.5,-0.205013238496894,35.434278357866,0,0,0,0,0,0,95,87.5,58.3333333333333,94.5833333333333,100,95,100,60.4166666666667,94.1666666666667,100,94.5833333333333,100,59.5833333333333,88.75,97.5,92.9166666666667,84.1666666666667,67.5,89.5833333333333,100,-0.00119047619047673,-0.00177683013503887,-0.00177683013503887,0,0.00119047619047633,0,0,-0.00111835104778858
safe.txt,safe,1,safe:s1:b46,2460,9CFB58AFD93AABA86E4ED66ED4A05628C723AB6677A520D185075B2ABCFDF6F1,interrupted_by_connection_loss,0,2,0,0,,NaN,NaN,NaN,NaN,NaN,NaN,NaN,NaN,NaN,NaN,NaN,NaN,NaN,NaN,NaN,NaN,NaN,NaN,NaN,NaN,NaN,NaN,NaN,NaN,NaN,NaN,NaN,NaN,NaN,NaN,NaN,NaN,NaN,NaN,NaN,NaN,NaN,NaN,NaN,NaN,NaN,NaN,NaN,NaN,NaN,NaN,NaN,NaN,NaN,NaN,NaN,NaN,NaN,NaN,NaN,NaN,NaN,NaN,NaN,NaN,NaN,NaN,NaN,NaN,NaN,NaN,NaN,NaN,NaN,NaN,NaN,NaN,NaN,NaN,NaN,NaN,NaN,NaN,NaN,NaN,NaN,NaN,NaN,NaN,NaN,NaN
两太阳能板过度.txt,两太阳能板过度,1,两太阳能板过度:s1:orphan1,NaN,B5F5B8E54C2F7CCA29C6B2A3B2AE02D7B95F7B087CB8EB781490C0000E73A813,incomplete_row_count,0,1,0,0,,NaN,NaN,NaN,NaN,NaN,NaN,NaN,NaN,NaN,NaN,NaN,NaN,NaN,NaN,NaN,NaN,NaN,NaN,NaN,NaN,NaN,NaN,NaN,NaN,NaN,NaN,NaN,NaN,NaN,NaN,NaN,NaN,NaN,NaN,NaN,NaN,NaN,NaN,NaN,NaN,NaN,NaN,NaN,NaN,NaN,NaN,NaN,NaN,NaN,NaN,NaN,NaN,NaN,NaN,NaN,NaN,NaN,NaN,NaN,NaN,NaN,NaN,NaN,NaN,NaN,NaN,NaN,NaN,NaN,NaN,NaN,NaN,NaN,NaN,NaN,NaN,NaN,NaN,NaN,NaN,NaN,NaN,NaN,NaN,NaN,NaN
两太阳能板过度.txt,两太阳能板过度,1,两太阳能板过度:s1:b2,1032,A7925FE1A6D50ABD970421BC5FC23ECC079EC7B52FCFD19722BEBE357F4BB5F4,complete,1,2,1,0,,91.8333333333333,91.7910447761194,90.1119402985075,93.6237373737374,93.5416666666667,90.125,87.5,99.7916666666667,60,95.5,7.70187253722821,0,100,18.6050370514302,59.7014925373134,95.5223880597015,10.301305002382,0,100,19.8351240185535,0,0,0,0,3.5,100,3.47916666666667,100,8.16666666666667,40,7.25,12,3.75,22,3.5,0,100,100,44.2646908009435,51.5638864241349,650.618137232935,563.697540761608,-64.3703744534381,95.1492537313433,94.0298507462687,95.4545454545455,3.47916666666667,100,16.9818270644439,2.5,-0.103810271090571,20.6063518574434,0,0,0,0,0,0,93.3333333333333,100,90,97.5,94.5833333333333,92.9166666666667,100,91.25,83.75,92.0833333333333,82.9166666666667,74.1666666666667,77.9166666666667,96.25,95,92.0833333333333,100,90.4166666666667,97.5,95,0,0,0,0,0,0,0,0
两太阳能板过度.txt,两太阳能板过度,1,两太阳能板过度:s1:b3,1066,7DBF7184C21E7B1AADE56AE022CFBEA82ECB06817E4AD7CCD64F7452F881CA9D,complete,1,2,1,0,,91.9375,91.7910447761194,90.1741293532338,93.8762626262626,93.875,90,86.875,99.7916666666667,61.5,95.5,7.67167645076468,0,100,18.5592027909504,58.2089552238806,95.5223880597015,10.4608860423822,0,100,19.8333425183711,0,0,0,0,3.54166666666667,100,3.41666666666667,100,8.0625,38.5,7.58333333333333,14,3.10416666666667,11.5,3.5,0,100,100,43.549790295145,51.8818110324683,647.805745221605,557.448514821205,-59.3899384018689,95.5223880597015,94.4029850746269,95.4545454545455,3.41666666666667,100,16.8786766782774,2.5,-0.0846496976385915,21.4245791707489,0,0,0,0,0,0,93.75,100,90,97.5,94.5833333333333,92.9166666666667,100,91.25,84.5833333333333,94.1666666666667,81.6666666666667,74.1666666666667,77.5,95.8333333333333,95,92.5,100,90.8333333333333,97.5,95,0.00306372549019622,0,0.00182908984489337,0.00742721330956646,-0.00367647058823529,-0.00183823529411765,0.000563546277999383,-0.0210264854646625
两太阳能板过度.txt,两太阳能板过度,1,两太阳能板过度:s1:b4,1101,F8BCC039403F519BE2AA6DBE7B2BD5CBC3388CED16DE1DD059A978FD815A9F97,complete,1,2,1,0,,91.625,92.5373134328358,89.863184079602,92.4873737373737,94.6666666666667,88.5833333333333,88.75,100,63.5,95.5,7.20695618075373,0,100,19.9279393468274,46.2686567164179,95.5223880597015,11.784998874376,0,100,19.9460536204005,0,0,0,0,4.02083333333333,100,4.04166666666667,100,8.375,36.5,7.5,18,3.08333333333333,9.5,4,0,100,100,46.5386634665866,55.2022496214579,685.660020072466,628.9429565019,-49.916157053829,95.1492537313433,94.0298507462687,93.9393939393939,4.04166666666667,100,18.4972023930848,2.5,0.471864868593502,21.6682893996513,0,0,0,0,0,0,93.3333333333333,100,91.25,100,90,92.0833333333333,100,90,100,90,83.75,79.5833333333333,75.4166666666667,85,90,92.0833333333333,100,90,100,90,-0.00892857142857143,0.0213219616204689,-0.00888415067519556,-0.03968253968254,-0.0404761904761902,0.0178571428571429,0.0159004161780598,0.0853963763269054
两太阳能板过度.txt,两太阳能板过度,1,两太阳能板过度:s1:b5,1136,590DCC5E4F234B8D31C6C5FA941E3AAC01BC40EA80ADB44AC09DC070D531552C,complete,1,2,1,0,,93.3958333333333,94.4651741293532,93.2213930348259,92.4873737373737,92.75,94.0416666666667,96.25,99.5833333333333,84,95.5,2.56217963709683,0,100,20.033984509215,85.0746268656716,95.5223880597015,2.98439858232595,0,100,20.7553568611598,0,0,0,0,3.60416666666667,100,3.83333333333333,100,6.60416666666667,16,7.58333333333333,16,2.41666666666667,5.5,4.5,0,100,100,50.5001347431162,48.0181045124126,799.03444023074,950.867460387138,69.3983306055499,95.5223880597015,94.0298507462687,89.3939393939394,3.83333333333333,100,17.4309677767073,7,-0.527097868703776,27.0685225093207,0,0,0,0,0,0,92.5,99.5833333333333,87.9166666666667,93.75,90,91.6666666666667,92.0833333333333,90,100,90,92.5,100,90.8333333333333,100,90,92.0833333333333,100,90.4166666666667,100,84.5833333333333,0.050595238095238,0.0550817341862118,0.0959488272921107,0,0.155952380952381,-0.00595238095238097,-0.0285417924942079,0.11318489361513
两太阳能板过度.txt,两太阳能板过度,1,两太阳能板过度:s1:b6,1171,BFD138FE0AFDF87892B5B525BAC271854287DA929F606EE020FF5F16F91DA27E,complete,1,2,1,0,,92.2708333333333,93.1592039800995,90.3606965174129,93.3080808080808,95.0833333333333,89.4583333333333,93.9583333333333,100,67.5,95.5,6.47399340281639,0,100,18.9007179906989,62.6865671641791,95.5223880597015,10.3684686136538,0,100,20.5819295111789,0,0,0,0,3.79166666666667,100,3.29166666666667,100,7.72916666666667,32.5,7.33333333333333,20,3.83333333333333,25,3.5,0,100,100,47.0208183776023,58.3382163365757,654.703754276984,724.055589175584,-9.72029624609292,95.1492537313433,94.4029850746269,94.3181818181818,3.29166666666667,100,16.5331228542014,2.5,-0.258278017408373,16.0482854830901,0,0,0,0,0,0,92.5,100,90,100,92.5,92.5,100,90.8333333333333,100,92.5,91.6666666666667,99.5833333333333,80,80.8333333333333,91.6666666666667,89.1666666666667,83.3333333333333,87.0833333333333,100,91.25,-0.0321428571428571,-0.0373134328358207,-0.0817341862117981,0.0234487734487735,-0.130952380952381,-0.0154761904761905,0.00768056717986865,-0.0994090390146833
两太阳能板过度.txt,两太阳能板过度,1,两太阳能板过度:s1:b7,1205,66D06291CF2B6029E288ADB92D9C581EF5DF4657CE9928E23A7433AF4EC46C65,complete,1,2,1,0,,92.0625,92.4751243781095,91.1691542288557,92.5505050505051,90.4166666666667,93.7083333333333,94.1666666666667,97.7083333333333,72,95.5,5.50358085012958,0,100,18.9154827550329,59.7014925373134,95.5223880597015,9.54084194655725,0,100,20.3804614571529,0,0,0,0,3.70833333333333,100,3.52083333333333,100,7.9375,28,7.41666666666667,16,3.77083333333333,21,3.5,0,100,100,47.898284071275,43.2614401460687,757.525193184216,1013.75112223024,144.566459598775,94.7761194029851,95.1492537313433,85.9848484848485,3.52083333333333,100,16.8182880298716,6,-0.575960432361152,12.8333292891057,0,0,0,0,0,0,85.8333333333333,85,72.9166666666667,91.6666666666667,92.0833333333333,92.0833333333333,100,92.0833333333333,100,92.5,92.0833333333333,100,90,100,92.5,91.6666666666667,100,91.25,96.6666666666667,82.9166666666667,-0.00612745098039202,-0.020119988293825,0.0237781679836113,-0.0222816399286986,0.125,0.00674019607843136,-0.00934360043978761,0.025807814519786
两太阳能板过度.txt,两太阳能板过度,1,两太阳能板过度:s1:b8,1240,C4DD54F6AA64F7161AA18B32519CFDE2FCF6A33A72E2FCCB66D2248F241F8214,complete,1,2,1,0,,91.3125,92.3507462686567,90.1119402985075,91.4772727272727,87.8333333333333,94.7916666666667,97.0833333333333,99.1666666666667,63,95.5,7.57400086680975,0,100,19.1819430600475,52.2388059701493,95.5223880597015,12.4393790921463,0,100,19.7020608584599,0,0,0,0,3.77083333333333,100,3.52083333333333,100,8.6875,37,7.08333333333333,16,4.625,30,3.5,0,100,100,49.196823445766,46.1057241163591,731.214105804283,578.246464312822,-99.429600413614,94.7761194029851,94.4029850746269,95.4545454545455,3.52083333333333,100,17.1572353586918,2.5,-0.0844897320730257,23.2871913739465,0,0,0,0,0,0,92.5,100,91.6666666666667,100,86.25,84.5833333333333,82.9166666666667,72.5,82.0833333333333,85.8333333333333,91.6666666666667,100,90,100,90.8333333333333,91.6666666666667,100,91.25,100,92.5,-0.0214285714285714,-0.00355366027007855,-0.0302061122956644,-0.0306637806637805,0.0309523809523804,2.53765262771464e-17,0.0140420200082322,0.0371011249854573
两太阳能板过度.txt,两太阳能板过度,1,两太阳能板过度:s1:b9,1275,42D6BD25AF33971DE4773DE927BA4CECC68278AABD74EAA43CB1FAF3AF796B49,complete,1,2,1,0,,90.2916666666667,91.044776119403,88.8059701492537,91.0353535353535,94.6666666666667,85.9166666666667,99.7916666666667,98.125,57,95,9.58703457196531,0,100,18.9547033449345,37.3134328358209,95.5223880597015,15.7648413768886,0,100,19.6401892690561,0,0,0,0,3.9375,100,3.6875,100,9.70833333333333,43,7,14,5.04166666666667,26,3.5,0,100,100,48.9874264023983,61.3080798656466,689.674782159002,666.179594532252,-83.6276643124951,95.5223880597015,94.0298507462687,95.4545454545455,3.6875,100,17.6489112880604,2.5,0.382983061831021,25.3085360996718,0,0,0,0,0,0,92.5,100,91.6666666666667,100,90,92.0833333333333,100,90,100,90.4166666666667,91.25,100,85.4166666666667,81.25,80.8333333333333,85,72.0833333333333,71.6666666666667,99.1666666666667,92.5,-0.0291666666666665,-0.0373134328358207,-0.0373134328358207,-0.0126262626262628,-0.253571428571429,0.00476190476190474,0.0133563655401156,-0.00598277266765024
两太阳能板过度.txt,两太阳能板过度,1,两太阳能板过度:s1:b10,1309,C644EBC0389BDA9FAB4F1CA4EA82FC606BBFAB00E466437847DE8B7651CC9CC3,complete,1,2,1,0,,89.6875,91.2935323383085,89.1791044776119,88.5732323232323,86.125,93.25,95.625,93.75,52.5,95,9.99327219335263,0,100,19.1006322776477,35.8208955223881,95.5223880597015,15.5872080424458,0,100,20.8467091088107,0.25,6,0,0,3.6875,100,4.39583333333333,100,10.0625,47.5,6.95833333333333,13,5.83333333333333,34,4,0,100,100,51.9963453631795,40.8695652173913,833.691518257334,940.932959080407,94.21018134149,95.1492537313433,94.0298507462687,80.3030303030303,4.39583333333333,100,18.3897672422437,10.5,-0.596312157713186,19.0356185291734,4.16666666666667,0,0,0,0,0,86.25,100,81.6666666666667,74.5833333333333,79.5833333333333,82.0833333333333,83.3333333333333,81.25,100,92.5,92.5,100,90,100,92.0833333333333,92.0833333333333,100,90,100,75.8333333333333,-0.0177696078431374,0.00731635937957265,0.010974539069359,-0.0724153297682711,0.215686274509804,0.0208333333333333,-0.0288028005748296,0.0884976164935668
两太阳能板过度.txt,两太阳能板过度,1,两太阳能板过度:s1:b11,1344,B2D01823770B7C53123908575DA5DEEF339C9C7ADA3AADD5229038E4E11D1CF3,complete,1,2,1,0,,89.0625,89.1169154228856,88.0597014925373,90.0252525252525,93.0833333333333,85.0416666666667,95.2083333333333,96.4583333333333,47.5,95.5,12.1389711081795,0,100,18.8361713334348,20.8955223880597,95.5223880597015,18.4432958522419,0,100,20.1255466390101,0.25,6,0.104166666666667,2.5,4,100,4.10416666666667,100,10.5833333333333,52.5,7.08333333333333,14,5.33333333333333,29.5,4,0,100,100,47.7587939698493,54.4844720496894,760.089588887245,474.524491081877,-72.2043343009041,94.7761194029851,94.0298507462687,93.9393939393939,4.10416666666667,100,18.6314533673154,3,-0.162447865217869,26.4955574283652,4.16666666666667,0,0,4.16666666666667,0,0,91.6666666666667,100,92.0833333333333,100,92.5,91.6666666666667,100,90,95.4166666666667,77.5,72.0833333333333,72.0833333333333,65,75.8333333333333,92.5,91.6666666666667,100,90.4166666666667,100,90.8333333333333,-0.0178571428571429,-0.0621890547263681,-0.0319829424307037,0.0414862914862916,-0.234523809523809,-0.00833333333333332,0.0123961226427233,-0.121072896952294
两太阳能板过度.txt,两太阳能板过度,1,两太阳能板过度:s1:b12,1378,3DB53286AC18ACBFB02F8A86D41A6E2309EC3F9C0B96DFA1B89C6AB20C476105,complete,1,2,1,0,,86,83.955223880597,85.136815920398,88.9520202020202,88.4583333333333,83.5416666666667,90.625,95.4166666666667,45.5,95.5,15.2529398449297,0,100,18.4269348047405,16.4179104477612,95.5223880597015,21.3788505160071,0,95.8333333333333,19.4249164286546,0.520833333333333,8.5,0.145833333333333,3.5,7.54166666666667,100,6.70833333333333,100,13.3333333333333,54,7.04166666666667,14,7.9375,34.5,4,0,100,100,44.6525783680306,55.6418219461697,752.036373067057,1593.54116567862,283.351845308074,67.5373134328358,58.5820895522388,77.6515151515152,6.70833333333333,100,17.8191857499958,51,0.031323829033669,8.14659645956948,8.33333333333333,-0.0492857142857143,0,4.16666666666667,0,0,70.4166666666667,66.6666666666667,78.75,100,92.5,91.6666666666667,100,92.0833333333333,100,92.5,91.6666666666667,100,90,100,80,72.9166666666667,82.9166666666667,67.0833333333333,68.3333333333333,82.5,-0.0900735294117647,-0.151814457126134,-0.0859672227099796,-0.0315656565656568,-0.0441176470588235,0.0765931372549019,0.0056991674779864,-0.0913592824064304
两太阳能板过度.txt,两太阳能板过度,1,两太阳能板过度:s1:b13,1413,4C25A6B55D69A499CF502A68C37CF86D5DCD11A045E39EF0A257FB60E494FADA,complete,1,2,1,0,,83.7291666666667,80.5348258706468,82.7114427860697,88.0050505050505,81.875,85.5833333333333,81.25,95.4166666666667,43,95,16.7253902057988,0,100,18.8693045067484,28.3582089552239,95.5223880597015,22.2248721277749,0,95.8333333333333,18.5950914491246,4.10416666666667,55,0.104166666666667,2.5,8.14583333333334,100,3.72916666666667,100,12.0625,56,6.66666666666667,13,11.2083333333333,55,4.5,0,100,100,43.0275577632078,38.7797138562601,727.100806894804,771.003150286633,111.757823009087,95.1492537313433,94.4029850746269,94.3181818181818,3.72916666666667,100,17.7092139400711,3,0.0708003041657108,29.1843491819133,12.5,-0.965827067669173,3.39836316194299,4.16666666666667,0,0,61.25,66.6666666666667,77.5,100,87.9166666666667,91.6666666666667,100,87.5,73.3333333333333,72.9166666666667,70.4166666666667,66.25,61.6666666666667,94.5833333333333,90,91.25,100,91.25,100,90.4166666666667,-0.0648809523809522,-0.0977256574271499,-0.0692963752665244,-0.0270562770562768,0.0583333333333331,-0.0851190476190476,0.00112789928948691,-0.0464291601377935
两太阳能板过度.txt,两太阳能板过度,1,两太阳能板过度:s1:b14,1448,D3A69AE0C0437EF77DE53C048FB54D2698296E80A4F1583193BB30993799A7A8,complete,1,2,1,0,,20.5,12.7487562189055,15.4228855721393,33.5227272727273,0.0833333333333333,40.9166666666667,14.1666666666667,43.125,0,92,30.9691290888481,0,50,11.7803743332071,0,94.0298507462687,32.8200855066252,0,25,5.37987335711165,76.2083333333333,100,46.0208333333333,100,79.0416666666667,100,5.77083333333333,100,48.9375,100,2.04166666666667,11,78.3125,100,74,70.8333333333333,100,54.1666666666667,46.6724344995418,40.4577978306445,782.206356497265,658.769032742839,-103.650967513035,76.4925373134328,84.7014925373134,85.6060606060606,5.77083333333333,100,22.8205403615977,5.5,0.468145981688702,1.29747761608698,37.5,-1.15575,1.63171688720807,8.33333333333333,0.804999999999999,0,0,0,0,0,0,0,0,0,0,0.833333333333333,0,0,0,7.08333333333333,67.5,52.0833333333333,49.5833333333333,56.6666666666667,90.4166666666667,85.8333333333333,-1.80654761904762,-1.93674484719261,-1.9225302061123,-1.55663780663781,-1.27619047619048,0.0583333333333333,0.011352733643514,0.104139335323827
两太阳能板过度.txt,两太阳能板过度,1,两太阳能板过度:s1:b15,1482,23BAEB3CB670697EF0357770771958D691EFF1C7C9A2AE1C247E31AB488F3A70,complete,1,2,1,0,,0,0,0,0,0,0,0,0,0,0,0,0,0,0,0,0,0,0,0,0,100,100,100,100,100,100,100,100,100,100,0,0,100,100,100,100,0,0,50,50,841.708542713568,905.797101449277,1.6579330501069e-15,0,0,0,100,100,0,0,0,0,0,0,0,0,0,0,0,0,0,0,0,0,0,0,0,0,0,0,0,0,0,0,0,0,0,0,-0.602941176470588,-0.374963418203102,-0.453614281533509,-0.98596256684492,-1.20343137254902,2.77144607843137,-0.0137689994614324,0.0978695735428888
两太阳能板过度.txt,两太阳能板过度,1,两太阳能板过度:s1:b16,1517,D7FFC2D9B2E59C02386676A80E2C1B36070529397DC55E42B2C8AE054A1D27F0,complete,1,2,1,0,,47.25,59.2661691542289,50.0621890547264,32.1969696969697,78.5,16,53.75,25.2083333333333,0,89,36.6098703725601,0,66.6666666666667,15.5647007894284,0,95.5223880597015,41.5888758917367,0,62.5,11.1306458008291,33.3333333333333,100,46.1875,100,3.95833333333333,100,48.5625,100,39.8958333333333,100,4.54166666666667,12,49.3541666666667,100,11.5,33.3333333333333,100,66.6666666666667,55.8320830058666,69.0019918950477,861.318711163136,630.608814124855,-91.5114438015432,0,0,0,48.5625,100,17.3166670092522,97,0.421016870397648,8.47859664007123,0,0,0,45.8333333333333,1.32563636363636,2.9400342945096,79.5833333333333,70.8333333333333,77.0833333333333,76.6666666666667,97.5,91.6666666666667,90.8333333333333,100,77.9166666666667,22.9166666666667,61.25,58.3333333333333,37.0833333333333,3.33333333333333,0,0,0,0,0,0,1.35,1.69331911869225,1.43034825870647,0.91991341991342,0.457142857142857,-1.46964285714286,0.0120290534399328,0.166630943024761
两太阳能板过度.txt,两太阳能板过度,1,两太阳能板过度:s1:b17,1552,0EE05508C96F7CF000332B5788744C572638E830DEA8754CABF93E6623858812,complete,1,2,1,0,,90.6666666666667,93.1592039800995,91.4179104477612,87.3737373737374,92.2916666666667,89.0416666666667,85.625,95.625,76,95,5.25577667008379,0,100,18.0934511907227,58.2089552238806,95.5223880597015,7.97404430801144,0,100,18.5614906086433,0,0,0.0416666666666667,1,3.35416666666667,100,4.04166666666667,100,9.29166666666667,24,7.45833333333333,14,5.125,18,3.5,0,100,100,50.97473977028,56.6964285714285,812.078368313129,1075.11126053682,379.845095144924,96.2686567164179,82.8358208955224,75.3787878787879,4.04166666666667,100,15.4039571405875,19,-0.370686387305405,17.8492714108114,0,0,0,4.16666666666667,0,0,89.1666666666667,72.9166666666667,96.25,91.25,100,92.9166666666667,90.4166666666667,100,90,100,92.9166666666667,90.8333333333333,100,90,88.75,93.3333333333333,91.25,95.8333333333333,60,87.5,1.24047619047619,0.968372423596304,1.181592039801,1.57647907647908,2.08690476190476,-1.27202380952381,-0.0226200930772301,-0.138781235302476
两太阳能板过度.txt,两太阳能板过度,1,两太阳能板过度:s1:b18,1586,F3FAD2D2A5BBE246AA797CB13C95540DF4B89A4F3674B23DD4F95B084DA0FF98,complete,1,2,1,0,,92.3333333333333,95.8955223880597,90.4228855721393,90.6565656565657,94.6666666666667,90,86.25,99.375,82,96,3.91115091108428,0,100,17.5808731915555,56.7164179104478,95.5223880597015,10.0259396698638,12.5,100,17.5584480505716,0,0,0,0,2.97916666666667,100,3.75,100,7.66666666666667,18,7.25,10,3.77083333333333,12,2.5,0,100,100,48.675442429539,61.1058601134215,725.276210719412,1026.59411951787,223.795711730346,95.8955223880597,73.5074626865672,87.8787878787879,3.75,100,15.1417091764411,16.5,-0.317711438323397,18.6365249035965,0,0,0,0,0,0,92.5,91.25,95.8333333333333,90.8333333333333,100,93.3333333333333,90.8333333333333,100,92.0833333333333,100,93.3333333333333,90.8333333333333,100,89.5833333333333,92.9166666666667,93.3333333333333,90.4166666666667,85.8333333333333,65.4166666666667,98.3333333333333,0.0490196078431374,0.0804799531752999,-0.0292654375182914,0.0965537730243615,0.0281862745098042,-0.008578431372549,0.00155808673476492,-0.0676263923747346
两太阳能板过度.txt,两太阳能板过度,1,两太阳能板过度:s1:b19,1621,BCDCA939EC15E8F52DF665BCF8213D5B38E1E9F1B46867F64C1F64583A40BA9A,complete,1,2,1,0,,93.9583333333333,90.7338308457712,97.4502487562189,93.6868686868687,95.0833333333333,92.8333333333333,87.9166666666667,100,82.5,96,3.34896696163831,0,100,17.1452945460203,80.5970149253731,100,4.11650451186896,41.6666666666667,100,8.20466397117784,0.458333333333333,1.5,0,0,2.45833333333333,100,2.83333333333333,100,5.58333333333333,17.5,6.5,14,2.45833333333333,8,2.5,0,100,100,38.9776468549645,55.3673163418291,667.135064659996,751.747289773404,-95.5636893041956,94.4029850746269,96.2686567164179,93.9393939393939,2.83333333333333,100,14.0959165436276,4.5,0.394352778325447,24.31808436508,50,0.0249300699300699,0.14041508008898,0,0,0,97.0833333333333,91.25,100,91.25,100,93.75,91.25,100,86.25,100,88.3333333333333,78.75,97.5,90,100,92.9166666666667,90.8333333333333,100,90,100,0.0464285714285714,-0.147476901208244,0.200781805259418,0.0865800865800862,0.0809523809523808,-0.0261904761904762,0.0203446919042527,-0.277079873559271
两太阳能板过度.txt,两太阳能板过度,1,两太阳能板过度:s1:b20,1655,F8F24313DECB9D9093FF2B2EF6958BFF28AEBEA6826D85C419615DCC2371F550,complete,1,2,1,0,,94.9791666666667,92.1019900497513,99.0671641791045,93.75,95.75,94.2083333333333,91.875,100,92,96.5,1.30616570180805,0,100,16.9072744388416,91.044776119403,100,2.32111303912776,83.3333333333333,100,2.792344588499,0.458333333333333,1.5,0,0,2.08333333333333,100,2.95833333333333,100,4.5625,7,6.08333333333333,11,2.02083333333333,2.5,2.5,0,100,100,42.3319919097562,54.0862348908533,622.273612368202,796.725803274086,-138.492483828524,91.4179104477612,98.5074626865672,93.9393939393939,2.95833333333333,100,14.6115126167413,4.5,0.582636788894674,24.2417242984506,50,0.0249300699300699,0.14041508008898,0,0,0,100,91.25,100,91.25,100,97.0833333333333,90.8333333333333,100,87.0833333333333,100,92.5,85,99.5833333333333,90.4166666666667,100,93.75,90.8333333333333,100,90,100,0.0300245098039218,0.04023997658765,0.0475563359672222,0.00185680332739182,0.0404411764705887,0.00367647058823527,0.00553776501674198,0.098657207493875
两太阳能板过度.txt,两太阳能板过度,1,两太阳能板过度:s1:b21,1690,24B399D5FF91A4EC3EF6F0161EB9450289483CC6DDC73E30CC2A4BE64618DB30,complete,1,2,1,0,,93.3333333333333,91.6044776119403,95.1492537313433,93.2449494949495,95.6666666666667,91,97.5,92.7083333333333,74.5,96,4.80413469262963,0,100,17.4391740234383,76.1194029850746,100,5.80981990946017,16.6666666666667,100,11.0143438132585,0.208333333333333,1,0.729166666666667,1,2.41666666666667,100,3.125,100,5.72916666666667,23.5,7.04166666666667,16,3.04166666666667,16.5,3,0,99.5,100,50.3847361809045,63.0842391304348,668.635594646442,956.874520025992,-237.685007066583,77.6119402985075,87.6865671641791,92.0454545454545,3.125,100,15.0825362792264,5,0.0172217989286002,30.2604694271747,29.1666666666667,0.0246428571428572,0.123717914826348,100,-0.000549999999999995,0.248579903851928,100,91.25,100,90.8333333333333,95.4166666666667,100,90.8333333333333,100,91.25,97.0833333333333,99.5833333333333,90.8333333333333,100,84.1666666666667,97.0833333333333,91.25,70.8333333333333,90.4166666666667,90.4166666666667,95.4166666666667,-0.0470238095238098,-0.014214641080313,-0.111940298507462,-0.0144300144300144,-0.0916666666666669,0.00476190476190477,-0.0161547139990307,0.230078407747094
两太阳能板过度.txt,两太阳能板过度,1,两太阳能板过度:s1:b22,1724,16E7C9DB6D71BD262DFCA47034810D007039F85B00B7E744F2DC949D78CEAB0E,complete,1,2,1,0,,94.0625,94.0298507462687,93.0348258706468,95.1388888888889,94.7916666666667,93.3333333333333,100,85.4166666666667,87,95.5,1.68956194477071,0,100,19.3118522543287,80.5970149253731,95.5223880597015,3.10176423461588,0,100,20.4688836959611,0,0,0,0,2.8125,100,3.875,100,5.9375,13,6.83333333333333,8,2.22916666666667,7.5,3.5,0,100,100,59.5010138411355,55.0266971777269,731.249287046102,949.709929651177,-41.6737561238822,92.1641791044776,88.4328358208955,95.4545454545455,3.875,100,16.742447066663,11.5,1.21822684048415,20.2654879872162,0,0,0,0,0,0,100,90.4166666666667,100,90.8333333333333,93.3333333333333,100,90.8333333333333,100,90,92.5,100,90.8333333333333,100,87.5,92.0833333333333,100,84.1666666666667,97.5,88.75,92.5,0.0214460784313727,0.0713345039508343,-0.0621890547263683,0.0557040998217468,0.068627450980392,0.0220588235294118,0.0353236776928104,0.268125813536204
两太阳能板过度.txt,两太阳能板过度,1,两太阳能板过度:s1:b23,1760,6FC9A215C4385EACE4E81D896833857A7CCA728E0D89A4AFF63D04021FFC8D2B,complete,1,2,1,0,,94,94.0298507462687,93.5323383084577,94.4444444444444,94.75,93.25,99.5833333333333,88.125,90,95.5,1.75697368271102,0,100,18.2107214050593,85.0746268656716,95.5223880597015,2.00083600776071,0,100,20.0913787649934,0,0,0,0,3,100,3.22916666666667,100,6,10,7.25,12,2.35416666666667,6,3.5,0,100,100,58.1797878280291,55.5706521739131,679.86829893621,987.005011420919,146.414439346491,94.4029850746269,91.7910447761194,86.3636363636364,3.22916666666667,100,14.9937027308175,7.5,-0.382739711834112,23.2944339193385,0,0,0,0,0,0,100,90.4166666666667,98.75,90,95,98.3333333333333,89.1666666666667,100,90.8333333333333,95,100,90.8333333333333,100,90,93.75,100,90.8333333333333,100,76.6666666666667,90.4166666666667,-0.00173611111111111,0,0.0138197899391928,-0.0192901234567901,-0.00231481481481468,-0.0179398148148148,-0.0444712931199518,-0.0367007225862892
两太阳能板过度.txt,两太阳能板过度,1,两太阳能板过度:s1:b24,1794,BD082AC4CAD931E5F63CE606AD5014CE1F35B980C4E3F92E04D54FEB335C717E,complete,1,2,1,0,,73.0625,69.4029850746269,67.7860696517413,82.1338383838384,62.2916666666667,83.8333333333333,74.375,82.0833333333333,32,94.5,18.6578532830129,0,100,18.2453610167639,0,94.0298507462687,31.5417119533839,0,79.1666666666667,17.3863264797289,10.7708333333333,66.5,0.0416666666666667,1,7.29166666666667,100,4.10416666666667,100,16.125,45.5,6.875,13,22.0208333333333,66.5,5,0,100,100,46.0535469303206,39.3557281683984,707.267576672989,820.610737019681,-73.7104930351675,64.5522388059701,75.3731343283582,95.8333333333333,4.10416666666667,100,18.8548737454983,3,-0.0179673897341146,34.0546530948415,25,-0.777806629834254,7.9867062660237,4.16666666666667,0,0,83.3333333333333,65.8333333333333,46.6666666666667,26.6666666666667,78.75,33.3333333333333,38.3333333333333,73.75,89.1666666666667,87.0833333333333,100,90.4166666666667,100,69.5833333333333,82.5,80.4166666666667,65.4166666666667,71.6666666666667,85.4166666666667,92.9166666666667,-0.615808823529412,-0.7243195785777,-0.757243195785777,-0.362076648841355,-0.276960784313725,0.0257352941176471,0.0107285977088234,-0.356654144050249
两太阳能板过度.txt,两太阳能板过度,1,两太阳能板过度:s1:b25,1828,F636042FE2B1CF92DED0B3857FBED9138E0B0375093BF975F19AA2D6B9742EFF,complete,1,2,1,0,,92.4583333333333,91.7910447761194,92.7860696517413,92.8030303030303,93.375,91.5416666666667,99.7916666666667,79.1666666666667,83,95.5,3.23337442077585,0,100,19.0386537811924,79.1044776119403,95.5223880597015,4.30483587318953,0,100,19.3347658379548,0,0,0.104166666666667,2.5,2.72916666666667,100,3.875,100,7.4375,17,7.875,12,2.9375,12,3,0,100,100,55.4846053471779,52.6783569541196,864.620337384658,810.720063490125,-1.57768976347704,94.0298507462687,94.0298507462687,87.1212121212121,3.875,100,17.0880054484597,8,-0.405989670292756,30.4508271834513,0,0,0,4.16666666666667,0,0,100,91.6666666666667,91.25,98.3333333333333,87.5,100,90.8333333333333,83.75,99.1666666666667,91.25,93.75,76.25,90,99.5833333333333,92.5,99.5833333333333,90.4166666666667,92.5,97.5,83.3333333333333,0.57046568627451,0.658472344161545,0.735294117647059,0.313799762329174,0.22671568627451,-0.00674019607843136,-0.0114124200164306,0.277384071084039
两太阳能板过度.txt,两太阳能板过度,1,两太阳能板过度:s1:b26,1863,90AFBB4C6C73809F23F66475441F5E16DC42266E7C07E143022E225935816AFE,complete,1,2,1,0,,92.0416666666667,93.7810945273632,89.365671641791,92.9924242424242,94.7083333333333,89.375,100,83.75,78.5,95.5,4.19605577393473,0,100,18.2850647514529,59.7014925373134,95.5223880597015,10.8552454416587,0,95.8333333333333,17.8005040693479,0,0,0,0,3.35416666666667,100,4.20833333333333,100,7.95833333333333,21.5,7.58333333333333,12,3.70833333333333,15,3,0,100,100,55.8986029624563,61.962212610972,655.666795915917,986.642501684981,-60.8372451258549,90.2985074626866,69.4029850746269,95.4545454545455,4.20833333333333,100,16.3548618076079,19.5,0.580847627476325,16.5199906821166,0,0,0,0,0,0,97.9166666666667,91.6666666666667,91.25,100,91.25,100,91.25,91.25,100,92.5,100,91.25,90.8333333333333,92.9166666666667,87.0833333333333,99.5833333333333,81.25,69.1666666666667,89.1666666666667,92.5,-0.0119047619047616,0.0568585643212507,-0.0977256574271503,0.00541125541125577,-0.061904761904762,0.00952380952380954,0.0281953513648309,0.0118285032936667
两太阳能板过度.txt,两太阳能板过度,1,两太阳能板过度:s1:b27,1897,BB0F5C29E8BBD059522844127947F47BA7BBA8B80069E66219556A9198FB10FC,complete,1,2,1,0,,91.4375,93.0348258706468,91.4179104477612,89.8358585858586,92.875,90,99.375,79.7916666666667,87,94.5,2.60564812933616,0,100,18.8951782296285,74.6268656716418,95.5223880597015,6.10252337152388,0,100,18.3906444232284,0,0,0,0,3.60416666666667,100,3.91666666666667,100,8.5625,13,8.25,16,3.625,8,4,0,100,100,59.0042670774798,55.4004019887866,747.60702697038,999.483108674339,208.970166059982,94.4029850746269,82.089552238806,87.1212121212121,3.91666666666667,100,16.6857093892482,10,0.0658161559789784,23.5631484967074,0,0,0,0,0,0,94.5833333333333,85.8333333333333,85,100,92.5,98.3333333333333,91.25,90.8333333333333,100,90.4166666666667,100,91.25,90.4166666666667,99.5833333333333,77.5,100,90.8333333333333,86.6666666666667,74.5833333333333,89.1666666666667,-0.0177696078431374,-0.0219490781387179,0.0603599648814754,-0.0928401663695783,0.0183823529411765,-0.00857843137254903,-0.0151479844558043,0.0913430622065759
两太阳能板过度.txt,两太阳能板过度,1,两太阳能板过度:s1:b28,1933,3F48F58062481D12543E74FD6F750DE9A47C51CFF538E32021D62F5DDD836471,complete,1,2,1,0,,91.3125,92.7860696517413,91.2313432835821,89.8989898989899,92.6666666666667,89.9583333333333,99.5833333333333,79.7916666666667,87,95,2.76944704887487,0,100,18.7541987668016,73.134328358209,95.5223880597015,6.57707499457222,0,100,18.1350376878377,0,0,0,0,3.54166666666667,100,3.95833333333333,100,8.6875,13,7.91666666666667,12,3.77083333333333,8,4,0,100,100,58.4746273333092,54.9264935877385,751.75571452591,1012.9452570731,223.386611842303,94.4029850746269,81.3432835820896,87.1212121212121,3.95833333333333,100,16.6810553467655,11,0.127668085620263,22.8067024822352,0,0,0,0,0,0,93.75,84.1666666666667,84.5833333333333,100,92.5,98.75,91.25,91.25,100,90.4166666666667,100,91.25,90.4166666666667,99.5833333333333,77.0833333333333,100,90.8333333333333,86.25,74.5833333333333,89.5833333333333,-0.00347222222222222,-0.00690989496959639,-0.00518242122719749,0.00175364758698077,-0.00115740740740754,0.00115740740740742,0.00171810915670236,-0.0147122151158506
两太阳能板过度.txt,两太阳能板过度,1,两太阳能板过度:s1:b29,1967,39C048AE17A112A5AD05CB71BE5E74EF0C5943DF8DFA32E3865C6F2D7ACC8674,complete,1,2,1,0,,91.2291666666667,92.3507462686567,91.2313432835821,90.0883838383838,92.4583333333333,90,99.5833333333333,81.0416666666667,85.5,95,3.02158598819527,0,100,18.6310787636183,74.6268656716418,95.5223880597015,6.05572189773387,0,100,18.3226312937995,0,0,0,0,3.6875,100,3.6875,100,8.77083333333333,14.5,8,12,3.95833333333333,9,3.5,0,100,100,57.4583129423841,54.0121863058969,762.859371304314,1017.86371869285,255.803007548061,94.4029850746269,82.089552238806,87.8787878787879,3.6875,100,16.0977952225564,10,-0.127795852246385,20.6353834897791,0,0,0,0,0,0,90.4166666666667,84.1666666666667,84.1666666666667,100,92.5,99.1666666666667,91.25,90.8333333333333,100,92.0833333333333,100,90.8333333333333,90.8333333333333,99.1666666666667,76.6666666666667,100,91.25,86.25,75.4166666666667,89.5833333333333,-0.00245098039215714,-0.0128036289142528,0,0.00557040998217464,0.00122549019607857,-0.00796568627450982,-0.00751364523137202,-0.0298915997330913
两太阳能板过度.txt,两太阳能板过度,1,两太阳能板过度:s1:b30,2002,12C269AB0ACF9DC37C3601C2994F54A310964902482BB80A8FC90F6B509AD559,complete,1,2,1,0,,91.2083333333333,92.5373134328358,91.2313432835821,89.8358585858586,92.4583333333333,89.9583333333333,99.5833333333333,80.2083333333333,86,95,2.8814121940264,0,100,18.7589081760524,74.6268656716418,95.5223880597015,6.08762582296504,0,100,18.3226312937995,0,0,0,0,3.33333333333333,100,3.77083333333333,100,8.79166666666667,14,8.08333333333333,12,3.95833333333333,9,3,0,100,100,58.0794970111219,54.2035854110859,759.756844327427,1009.19357569158,239.959817564693,94.4029850746269,82.089552238806,87.5,3.77083333333333,100,16.368765089254,10,0.0829175606565395,22.2028014529907,0,0,0,0,0,0,91.25,85,83.75,100,92.5,99.1666666666667,91.25,90.8333333333333,100,90.8333333333333,100,90.8333333333333,90.8333333333333,99.1666666666667,76.6666666666667,100,91.25,86.25,75,89.5833333333333,-0.000595238095237554,0.00533049040511742,0,-0.00721500721500701,-0.00119047619047633,0.00238095238095237,0.00602038322579785,0.0177481162496522
两太阳能板过度.txt,两太阳能板过度,1,两太阳能板过度:s1:b31,2036,E0D2660CA30F042E17A04D6CD65D1E4476D275F665158E3A93A73C6EAF431E0A,interrupted_by_connection_loss,0,2,0,0,,NaN,NaN,NaN,NaN,NaN,NaN,NaN,NaN,NaN,NaN,NaN,NaN,NaN,NaN,NaN,NaN,NaN,NaN,NaN,NaN,NaN,NaN,NaN,NaN,NaN,NaN,NaN,NaN,NaN,NaN,NaN,NaN,NaN,NaN,NaN,NaN,NaN,NaN,NaN,NaN,NaN,NaN,NaN,NaN,NaN,NaN,NaN,NaN,NaN,NaN,NaN,NaN,NaN,NaN,NaN,NaN,NaN,NaN,NaN,NaN,NaN,NaN,NaN,NaN,NaN,NaN,NaN,NaN,NaN,NaN,NaN,NaN,NaN,NaN,NaN,NaN,NaN,NaN,NaN,NaN,NaN,NaN,NaN,NaN,NaN,NaN
两太阳能板带角度过度.txt,两太阳能板带角度过度,1,两太阳能板带角度过度:s1:orphan1,NaN,5AA0E601E2749838D86389F2274B5DB4F648F7D39EB266DD34EAB5764F64154F,incomplete_row_count,0,1,0,1,Oblique crossing between two solar panels is outside the target operating scope,NaN,NaN,NaN,NaN,NaN,NaN,NaN,NaN,NaN,NaN,NaN,NaN,NaN,NaN,NaN,NaN,NaN,NaN,NaN,NaN,NaN,NaN,NaN,NaN,NaN,NaN,NaN,NaN,NaN,NaN,NaN,NaN,NaN,NaN,NaN,NaN,NaN,NaN,NaN,NaN,NaN,NaN,NaN,NaN,NaN,NaN,NaN,NaN,NaN,NaN,NaN,NaN,NaN,NaN,NaN,NaN,NaN,NaN,NaN,NaN,NaN,NaN,NaN,NaN,NaN,NaN,NaN,NaN,NaN,NaN,NaN,NaN,NaN,NaN,NaN,NaN,NaN,NaN,NaN,NaN,NaN,NaN,NaN,NaN,NaN,NaN
两太阳能板带角度过度.txt,两太阳能板带角度过度,1,两太阳能板带角度过度:s1:b2,654,AD7B2C12BFA253C7EAFE411004810F5DB81A2B0A1A09629E392D16B1C0D40A33,complete,1,2,1,1,Oblique crossing between two solar panels is outside the target operating scope,93.5208333333333,94.3407960199005,92.5995024875622,93.6237373737374,94.6666666666667,92.375,87.2916666666667,99.375,91,96,1.47794780359285,62.5,100,10.440278933264,88.0597014925373,95.5223880597015,2.03978780536299,62.5,100,11.8479089242228,0,0,0,0,0.729166666666667,29.1666666666667,1,33.3333333333333,6.47916666666667,9,9.08333333333333,14,2.04166666666667,3,0,0,100,100,47.4478501833929,55.473228016217,853.799463097526,877.400980025392,-14.0251682017568,93.6567164179104,90.6716417910448,92.4242424242424,1,33.3333333333333,4.20294092881932,9,-0.111824525185797,8.43476250232357,0,0,0,0,0,0,92.0833333333333,100,89.1666666666667,100,93.3333333333333,92.9166666666667,99.1666666666667,90.4166666666667,97.5,92.0833333333333,90,96.25,90.4166666666667,94.5833333333333,91.6666666666667,89.1666666666667,99.1666666666667,84.1666666666667,100,88.3333333333333,0,0,0,0,0,0,0,0
两太阳能板带角度过度.txt,两太阳能板带角度过度,1,两太阳能板带角度过度:s1:b3,689,3D846179A02C72C8D53EE169D45C83C8DE70304B1880A9FB854C80E8947426CC,complete,1,2,1,1,Oblique crossing between two solar panels is outside the target operating scope,93.5,93.9676616915423,92.5995024875622,93.9393939393939,94.6666666666667,92.3333333333333,87.0833333333333,99.5833333333333,90,96,1.58799846676084,62.5,100,10.3136869484258,88.0597014925373,95.5223880597015,2.30716182009832,62.5,100,11.4871857937081,0,0,0,0,0.708333333333333,29.1666666666667,0.958333333333333,33.3333333333333,6.5,10,8.91666666666667,12,1.97916666666667,2.5,0,0,100,100,46.353562685221,55.2814938684504,849.948984048162,861.907577158595,-25.5340282293611,93.2835820895522,91.044776119403,93.1818181818182,0.958333333333333,33.3333333333333,4.08654114589956,8.5,-0.094167360281075,8.44509226688175,0,0,0,0,0,0,91.6666666666667,100,89.5833333333333,100,92.9166666666667,92.9166666666667,98.3333333333333,90.4166666666667,98.75,92.0833333333333,89.5833333333333,93.75,90.8333333333333,95.4166666666667,91.6666666666667,89.1666666666667,99.1666666666667,84.5833333333333,100,89.1666666666667,-0.00059523809523796,-0.0106609808102344,0,0.00901875901875907,-0.00119047619047633,-0.00119047619047619,0.000504490425849197,-0.0312653570906251
两太阳能板带角度过度.txt,两太阳能板带角度过度,1,两太阳能板带角度过度:s1:b4,724,2943AE7F25AC9C6EDAC8120C9ADB84A538CDFB8242F99D1EBC89A02FB2DED095,complete,1,2,1,1,Oblique crossing between two solar panels is outside the target operating scope,94.7916666666667,95.273631840796,93.9676616915423,95.1388888888889,94.9583333333333,94.625,84.5833333333333,100,94,95.5,0.440273301155254,62.5,100,11.0417555541443,92.5373134328358,95.5223880597015,0.692993464906771,62.5,100,12.056169006618,0,0,0,0,0.791666666666667,29.1666666666667,1.04166666666667,37.5,5.20833333333333,6,6.33333333333333,8,1.95833333333333,2.5,0,0,100,100,44.7819095477387,51.1478260869565,879.743073154718,902.614442344045,-25.5726982739786,94.7761194029851,93.6567164179104,95.0757575757576,1.04166666666667,37.5,5.11164439598884,5,-0.124700191217216,9.72408872304318,0,0,0,0,0,0,92.5,100,90,100,92.9166666666667,92.0833333333333,100,90,100,92.0833333333333,92.0833333333333,100,90.4166666666667,100,91.25,92.5,99.1666666666667,90.4166666666667,94.1666666666667,96.25,0.0369047619047616,0.0373134328358211,0.03909026297086,0.0342712842712842,0.0654761904761906,0.00238095238095239,-0.000872366598175459,-0.0449043753566363
两太阳能板带角度过度.txt,两太阳能板带角度过度,1,两太阳能板带角度过度:s1:b5,758,C2CFF487442550768BEBCF095B0C0DE43EF0458D7D10F81A70A69548A3B7ABF4,complete,1,2,1,1,Oblique crossing between two solar panels is outside the target operating scope,94.4166666666667,94.7761194029851,93.7189054726368,94.760101010101,94.7916666666667,94.0416666666667,98.3333333333333,99.5833333333333,91,95,0.892805381522402,58.3333333333333,100,11.5943559499402,88.0597014925373,95.5223880597015,1.45834731384087,62.5,100,12.2743336600129,0,0,0,0,1.04166666666667,33.3333333333333,1.14583333333333,37.5,5.58333333333333,9,6.41666666666667,10,2.04166666666667,2.5,0,0,100,100,49.454361359034,52.2874756651525,876.230159007181,922.242555947514,-37.7283827780315,95.1492537313433,92.1641791044776,94.6969696969697,1.14583333333333,37.5,5.13187174639435,7,-0.0410520512333688,11.1408604133728,0,0,0,0,0,0,91.6666666666667,100,90,100,92.5,91.6666666666667,100,90.8333333333333,100,91.25,91.6666666666667,100,90,98.75,92.0833333333333,91.25,97.5,89.1666666666667,98.75,91.25,-0.0110294117647055,-0.0146327187591457,-0.00731635937957265,-0.0111408199643493,-0.0171568627450979,0.00306372549019608,0.00246023941128963,0.13742505327339
两太阳能板带角度过度.txt,两太阳能板带角度过度,1,两太阳能板带角度过度:s1:b6,793,77CE823F0FCE1952B91F38963EE0E0C15404453769957E901D10BAA9B53E797E,complete,1,2,1,1,Oblique crossing between two solar panels is outside the target operating scope,94.4583333333333,94.6517412935323,94.0298507462687,94.6969696969697,94.6666666666667,94.25,100,85.4166666666667,93,95.5,0.735980072193987,58.3333333333333,100,11.2248073902936,91.044776119403,95.5223880597015,1.07808226643972,62.5,100,11.8568526185405,0,0,0.0416666666666667,1,1.02083333333333,37.5,1.04166666666667,37.5,5.5,7,6.625,8,1.97916666666667,2,0,0,100,100,54.477273585975,52.1739130434783,881.315876418464,906.946003951277,-13.1993737895098,94.4029850746269,94.4029850746269,91.6666666666667,1.04166666666667,37.5,4.9025611761594,6,-0.117469287015162,10.150821837172,0,0,0,4.16666666666667,0,0,92.5,98.75,90.8333333333333,100,92.9166666666667,91.25,99.1666666666667,90.4166666666667,100,90.8333333333333,90.8333333333333,100,89.1666666666667,100,93.3333333333333,90.8333333333333,100,90.4166666666667,96.6666666666667,91.25,0.00119047619047592,-0.00355366027007814,0.00888415067519556,-0.00180375180375165,0.00595238095238082,-0.00297619047619048,-0.00218334959376551,0.143511777912601
两太阳能板带角度过度.txt,两太阳能板带角度过度,1,两太阳能板带角度过度:s1:b7,827,79D58B987125556C0B1AE7380FF37B3779F10DE6E6A3AE1D33173726B1C4BBD9,complete,1,2,1,1,Oblique crossing between two solar panels is outside the target operating scope,93.1875,93.9676616915423,93.6567164179104,91.9191919191919,93.9583333333333,92.4166666666667,100,81.6666666666667,90.5,95.5,1.48039727335487,58.3333333333333,100,11.1942013771578,86.5671641791045,95.5223880597015,2.12220706369472,62.5,100,11.7931056371881,0,0,0.0625,1.5,1,33.3333333333333,1.22916666666667,37.5,6.75,9.5,8.29166666666667,12,2.1875,3.5,0,0,100,100,60.6795445115486,53.1445286531047,815.15636500068,986.842832180872,-85.9296978924182,90.6716417910448,94.4029850746269,89.0151515151515,1.22916666666667,37.5,5.07821123439644,9.5,-0.106092934626349,10.4678442878909,0,0,0,4.16666666666667,0,0,100,90,100,91.25,85,100,91.25,100,90.4166666666667,91.6666666666667,99.5833333333333,91.25,95,85.4166666666667,92.5,95,91.25,91.25,94.5833333333333,88.3333333333333,-0.037377450980392,-0.020119988293825,-0.0109745390693594,-0.081699346405229,-0.0539215686274508,0.00551470588235295,0.000334598599670964,0.182419733105105
两太阳能板带角度过度.txt,两太阳能板带角度过度,1,两太阳能板带角度过度:s1:b8,862,4E106CB5784F194200F18040FD6FF3C11A0BAA262E80C04F98C6F4B92578AEAA,complete,1,2,1,1,Oblique crossing between two solar panels is outside the target operating scope,91.3333333333333,92.7860696517413,90.8582089552239,90.3409090909091,93.1666666666667,89.5,100,82.2916666666667,87,94.5,2.36214100868842,54.1666666666667,100,11.3427146117101,85.0746268656716,95.5223880597015,3.69056235109582,58.3333333333333,100,11.5879107201442,0,0,0.25,1.5,0.8125,33.3333333333333,1.4375,41.6666666666667,8.41666666666667,13,8.33333333333333,10,3.125,5,0,0,100,100,60.2688925396212,56.9607023411371,720.949431878756,922.629762950079,9.96688060672542,91.044776119403,89.1791044776119,82.9545454545455,1.4375,41.6666666666667,5.35906266283874,11.5,-0.138078647263031,9.71103996801371,0,0,0,25,0.0525714285714286,0.119522860933439,100,90.8333333333333,94.5833333333333,90.8333333333333,90.4166666666667,100,90.8333333333333,91.25,90,92.9166666666667,99.5833333333333,87.5,100,75.8333333333333,92.5,100,77.0833333333333,99.5833333333333,87.9166666666667,75,-0.0529761904761906,-0.0337597725657426,-0.0799573560767588,-0.045093795093795,-0.0833333333333335,0.00595238095238095,-0.000913877503905207,-0.0117329134836394
两太阳能板带角度过度.txt,两太阳能板带角度过度,1,两太阳能板带角度过度:s1:b9,896,921C53B2EE810708558AC39B1989B1CC739168A48D0387461F0B5C2403736828,complete,1,2,1,1,Oblique crossing between two solar panels is outside the target operating scope,89.5416666666667,91.2313432835821,89.9253731343284,87.4368686868687,89.75,89.3333333333333,97.9166666666667,77.5,85,92.5,1.75025878003838,50,100,11.4851122285943,80.5970149253731,100,6.57615454463495,58.3333333333333,100,10.0542837906957,0,0,1.29166666666667,9,1.79166666666667,37.5,1.41666666666667,41.6666666666667,9.16666666666667,11.5,9.08333333333333,13,4.0625,9,0,0,100,100,59.3425293799676,49.5842716092153,773.066811997764,939.113502834249,-172.596054904809,91.044776119403,82.089552238806,95.4545454545455,1.41666666666667,41.6666666666667,5.40513848617388,10.5,-0.0179610814089527,10.664572106406,0,0,0,50,-0.0817132551848512,1.65220089844933,97.9166666666667,87.9166666666667,100,78.3333333333333,81.6666666666667,100,81.25,100,83.75,86.6666666666667,97.5,82.9166666666667,92.5,90.4166666666667,81.25,94.5833333333333,90.4166666666667,80.8333333333333,90.4166666666667,92.5,-0.0526960784313727,-0.0457272461223297,-0.027436347673398,-0.0854129530600122,-0.00490196078431387,-0.000612745098039207,0.00353286958394349,-0.0272459752839302
两太阳能板带角度过度.txt,两太阳能板带角度过度,1,两太阳能板带角度过度:s1:b10,931,43D819E8DE16BF22389553A614F458E8AE2B20E70BB4B21EB7C38C7D811A5921,complete,1,2,1,1,Oblique crossing between two solar panels is outside the target operating scope,74.7708333333333,91.7910447761194,89.6144278606965,42.4242424242424,64,85.5416666666667,100,28.9583333333333,55.5,90.5,12.1797936430962,0,100,25.7061001299629,71.6417910447761,98.5074626865672,6.68177911371308,50,95.8333333333333,8.95335879995287,0,0,17.7916666666667,42.5,18.4791666666667,100,2.1875,100,7.4375,11.5,6.91666666666667,9,18.875,42.5,2.5,0,99.5,100,74.8656577686118,36.1540947115213,460.121219452676,765.283284427183,-128.173585629189,88.0597014925373,95.5223880597015,79.5454545454545,2.1875,100,9.44193719388131,12.5,-0.277156151419559,10.7923552411368,0,0,0,100,-0.4704,2.54220236692442,100,82.0833333333333,95.8333333333333,16.6666666666667,0,100,90.4166666666667,83.3333333333333,70,1.66666666666667,95.8333333333333,90,92.0833333333333,82.0833333333333,54.1666666666667,99.5833333333333,80,100,70,91.6666666666667,-0.422023809523809,0.0159914712153518,-0.00888415067519515,-1.28607503607504,-0.108333333333333,0.0220238095238095,-0.00740557342887445,0.443517953961265
两太阳能板带角度过度.txt,两太阳能板带角度过度,1,两太阳能板带角度过度:s1:b11,966,3DEC6F1B66340FC206BF79C848E2D2CE63D2442852823BA30A7328B5D80BCF39,complete,1,2,1,1,Oblique crossing between two solar panels is outside the target operating scope,35.1458333333333,81.9651741293532,22.9477611940299,0,25.25,45.0416666666667,98.125,0,16.5,54.5,11.8747806997294,0,100,38.200870608076,0,71.6417910447761,27.333203838526,0,50,17.1086154127907,0.0625,0.5,62.2083333333333,83,62.8125,100,39.875,100,2.58333333333333,6,3.70833333333333,6,62.2083333333333,83,53.5,25,61,100,65.8606233867701,44.6277182642216,465.815541920697,867.982848981771,143.953223874263,90.6716417910448,68.2835820895522,0,39.875,100,48.4177157187486,6.5,0.115706586790866,12.8407119238448,12.5,2.21835029979869e-18,1.35973995551052e-16,100,-0.4427,0.762452976296114,94.5833333333333,8.75,0,0,0,93.75,55.4166666666667,0,0,0,95.8333333333333,82.5,17.0833333333333,0,0,99.5833333333333,77.0833333333333,77.5,0.833333333333333,0,-1.13214285714286,-0.280739161336176,-1.9047619047619,-1.21212121212121,-1.15714285714286,1.07678571428571,0.011224649663155,-0.257286696624049
两太阳能板带角度过度.txt,两太阳能板带角度过度,1,两太阳能板带角度过度:s1:b12,1001,7BD716469981A5E7D7B95F2312E32CBEC6F16B318EA3E215D22E5C9827DDAF0E,complete,1,2,1,1,Oblique crossing between two solar panels is outside the target operating scope,14.4166666666667,8.27114427860696,0.746268656716418,34.5328282828283,22.0833333333333,6.75,23.125,52.5,1,33,9.66691653849969,0,62.5,18.5862709968964,0,11.9402985074627,2.67717733221756,0,8.33333333333333,2.16693048295874,46.2083333333333,95.5,34.1875,99,61.2291666666667,100,73.5833333333333,100,5.1875,96.5,2.41666666666667,5,84.1875,99,76,79.1666666666667,100,100,46.3364779104872,52.7062783116718,705.186778408744,852.057816378032,200.534644618216,32.8358208955224,0,0,73.5833333333333,100,35.3243327874546,37,-0.317942078903499,18.5748162538715,70.8333333333333,-0.664923885077186,23.256444576344,37.5,-0.369916666666666,0.60514767098924,0,0,0,47.9166666666667,92.9166666666667,0,0,0,0.416666666666667,79.5833333333333,7.91666666666667,0,0,0,12.0833333333333,47.5,0,0,0,0,-0.592261904761905,-2.10554371002132,-0.634328358208955,0.986652236652237,-1.09404761904762,0.963095238095238,-0.0123899618769818,-0.557832727893797
两太阳能板带角度过度.txt,两太阳能板带角度过度,1,两太阳能板带角度过度:s1:b13,1035,E5B8A38C3DC6E5AACB37EF3C5DAEF1F974F8F3F90D32D829C43D3FD4999D331E,complete,1,2,1,1,Oblique crossing between two solar panels is outside the target operating scope,52.7708333333333,9.07960199004975,61.7537313432836,88.0050505050505,64.8333333333333,40.7083333333333,0,93.5416666666667,27.5,75,14.4650847745954,0,100,36.2214035052097,4.47761194029851,94.0298507462687,26.4398164766511,4.16666666666667,91.6666666666667,20.9080147949888,40.5625,65.5,0,0,19.3333333333333,100,41.8541666666667,100,6.66666666666667,8.5,6.08333333333333,11,40.5625,65.5,31,0,81.5,100,29.24968911607,58.9957998504056,512.293182796931,831.374009974495,152.672727738091,0,15.6716417910448,79.1666666666667,41.8541666666667,100,39.8259611965827,54,-1.22527819424004,14.2790777310953,100,0.47025,0.688364081497322,0,0,0,1.25,85.8333333333333,77.9166666666667,100,90.4166666666667,0,30,79.5833333333333,91.6666666666667,91.6666666666667,0,0,66.6666666666667,78.75,92.0833333333333,0,0,10.4166666666667,84.5833333333333,74.5833333333333,1.1280637254902,0.0237781679836114,1.79433713784021,1.57271241830065,0.998774509803922,-0.933210784313726,-0.0266863563334276,-0.502552611600506
两太阳能板带角度过度.txt,两太阳能板带角度过度,1,两太阳能板带角度过度:s1:b14,1070,BF5264BBC747A9AE2069DE42A90CE88252E6C9CF53512F7DE09FE9690ACFD611,complete,1,2,1,1,Oblique crossing between two solar panels is outside the target operating scope,82.8541666666667,68.407960199005,90.4850746268657,89.7727272727273,90.875,74.8333333333333,47.7083333333333,95.625,69.5,94.5,9.08352446282095,12.5,100,18.8442286083179,80.5970149253731,95.5223880597015,4.73646132474961,58.3333333333333,100,11.5553393777109,8.10416666666667,24.5,0.0416666666666667,1,1.10416666666667,41.6666666666667,9.70833333333333,87.5,9,13,9.125,12,8.95833333333333,24.5,1.5,0,100,100,31.8457414655293,65.3072005916847,922.084942246192,702.870195620856,-202.715573306808,34.7014925373134,83.2089552238806,92.8030303030303,9.70833333333333,87.5,18.7371303310564,30.5,-0.566353401597073,17.7521376022139,66.6666666666667,0.368507352941177,0.437158480147309,4.16666666666667,0,0,88.75,100,86.6666666666667,99.1666666666667,92.0833333333333,75.4166666666667,95,91.25,87.9166666666667,92.5,42.9166666666667,85.4166666666667,90.4166666666667,94.1666666666667,79.5833333333333,5.83333333333333,85.4166666666667,80,100,84.5833333333333,0.859523809523809,1.69509594882729,0.82089552238806,0.0505050505050503,0.975,-0.918452380952381,0.0188264226469418,0.0741729242702671
两太阳能板带角度过度.txt,两太阳能板带角度过度,1,两太阳能板带角度过度:s1:b15,1104,DC0A25228C26028BB9E9BC75EBAE9AA679373EF95DDEA64B68A8A089AA2E107A,complete,1,2,1,1,Oblique crossing between two solar panels is outside the target operating scope,92.5833333333333,91.7910447761194,92.1019900497513,93.8762626262626,94.2083333333333,90.9583333333333,98.5416666666667,81.875,87,95.5,2.33901998553959,50,100,11.6448108274522,82.089552238806,95.5223880597015,4.18649496390996,58.3333333333333,100,11.8104044192125,0.0208333333333333,0.5,0,0,0.916666666666667,37.5,1.5625,37.5,7.39583333333333,13,8.375,14,2.39583333333333,4,0,0,100,100,51.9987578341144,58.2681973619931,875.127444166175,897.578587368793,-93.5815282866085,91.4179104477612,84.7014925373134,90.530303030303,1.5625,37.5,5.54846263434207,13,0.00558339590034679,10.4837946546077,4.16666666666667,0,0,0,0,0,97.0833333333333,94.1666666666667,92.5,98.75,91.6666666666667,91.25,98.75,90.8333333333333,94.5833333333333,92.5,90.8333333333333,90,90,100,90,88.75,85,89.1666666666667,100,85.8333333333333,0.286151960784314,0.687737781679836,0.047556335967223,0.120692216280452,0.474264705882353,-0.239583333333333,0.01682167051463,0.592735775546619
两太阳能板带角度过度.txt,两太阳能板带角度过度,1,两太阳能板带角度过度:s1:b16,1139,2541AB276E8BDC75E0C5521EBCE3FE9884A9BD79DE778431C62DFAC427CBCBB8,complete,1,2,1,1,Oblique crossing between two solar panels is outside the target operating scope,93.8333333333333,93.2835820895522,93.4701492537313,94.760101010101,95.375,92.2916666666667,100,85.8333333333333,89,97,1.98180125943144,50,100,12.306287970712,86.5671641791045,97.0149253731343,2.59683217449441,54.1666666666667,100,12.6511043878895,0,0,0.354166666666667,1.5,0.875,41.6666666666667,1.39583333333333,41.6666666666667,5.8125,11,7.08333333333333,12,2.125,3,0,0,100,100,57.5105256009779,57.8143360752057,785.194762976173,819.48588858618,39.7533847022772,94.0298507462687,89.5522388059701,94.3181818181818,1.39583333333333,41.6666666666667,6.07160965037364,8,0.068802924720885,13.2461929526825,0,0,0,33.3333333333333,0.0128258145363409,0.273489242777092,100,90.8333333333333,99.1666666666667,91.6666666666667,98.3333333333333,100,90.8333333333333,100,89.5833333333333,93.3333333333333,100,85.8333333333333,100,89.5833333333333,87.0833333333333,100,84.1666666666667,96.6666666666667,90.4166666666667,89.1666666666667,0.0357142857142857,0.0426439232409381,0.0390902629708596,0.0252525252525252,0.0380952380952384,-0.00476190476190477,0.00180627225201538,0.157479079053242
两太阳能板带角度过度.txt,两太阳能板带角度过度,1,两太阳能板带角度过度:s1:b17,1173,EE648F4F4DE2B0B84D7883546045E05DEB26FB860A306E3192BAC3295B162773,complete,1,2,1,1,Oblique crossing between two solar panels is outside the target operating scope,94.0416666666667,95.2114427860697,92.7860696517413,94.1287878787879,94.625,93.4583333333333,83.9583333333333,99.1666666666667,92,95.5,0.965904247062178,45.8333333333333,100,12.5349177292498,88.0597014925373,95.5223880597015,2.31501972605683,54.1666666666667,100,13.0876611245954,0,0,0,0,1.14583333333333,45.8333333333333,1.14583333333333,45.8333333333333,5.95833333333333,8,7.5,12,2,2.5,0,0,100,100,42.4166285975331,52.7667984189723,852.225721116773,867.957871308962,-52.2371247042032,95.1492537313433,91.7910447761194,94.6969696969697,1.14583333333333,45.8333333333333,5.69587843338159,5.5,-0.144356808921644,12.6764831973976,0,0,0,0,0,0,92.9166666666667,97.5,92.9166666666667,90.8333333333333,100,92.0833333333333,92.0833333333333,98.75,91.25,97.9166666666667,92.0833333333333,90,95,91.6666666666667,98.3333333333333,90.8333333333333,90.4166666666667,95,91.25,100,0.00612745098039244,0.0567017851916886,-0.0201199882938246,-0.0185680332739157,0.0343137254901958,-0.00735294117647058,-0.00626940393066261,-0.443938147160139
两太阳能板带角度过度.txt,两太阳能板带角度过度,1,两太阳能板带角度过度:s1:b18,1209,A309D33C109DB4E8F3ECB90E46F0E9E3B3A4A95746159214A0D9842AA18FE208,complete,1,2,1,1,Oblique crossing between two solar panels is outside the target operating scope,94,94.7139303482587,93.5945273631841,93.6868686868687,94.5,93.5,86.25,98.3333333333333,91.5,95.5,1.11316235778192,50,100,12.5009770695744,89.5522388059701,95.5223880597015,1.42475323244153,58.3333333333333,100,13.1227122065931,0,0,0,0,1.0625,33.3333333333333,1.35416666666667,41.6666666666667,6,8.5,7.08333333333333,10,2.02083333333333,2.5,0,0,100,100,48.8501535455053,52.4154589371981,933.295806100848,872.657471586268,8.3191554929775,94.7761194029851,92.5373134328358,94.6969696969697,1.35416666666667,41.6666666666667,6.15239957409002,6,-0.143753893944952,11.5021416588545,0,0,0,0,0,0,91.25,100,90.8333333333333,100,91.6666666666667,90.8333333333333,100,90,98.75,91.6666666666667,91.6666666666667,99.5833333333333,90.4166666666667,98.3333333333333,86.25,91.25,97.9166666666667,89.1666666666667,100,90.4166666666667,-0.00115740740740754,-0.0138197899391932,0.0224571586511881,-0.0122755331088666,0.00115740740740754,0.00578703703703703,1.67476382414287e-05,0.178709026332561
两太阳能板带角度过度.txt,两太阳能板带角度过度,1,两太阳能板带角度过度:s1:b19,1242,78491F06DE07E32C569A47C9C364EA98E9C43D59E173B5AC667E698CFA36A08D,complete,1,2,1,1,Oblique crossing between two solar panels is outside the target operating scope,91.2916666666667,92.8482587064677,90.4850746268657,90.530303030303,91.7083333333333,90.875,100,80.625,87.5,94,1.99954705015839,37.5,100,13.581687736227,79.1044776119403,95.5223880597015,4.73646132474961,50,100,12.8283058282705,0,0,0.166666666666667,4,1.45833333333333,50,1.77083333333333,62.5,8.54166666666667,12.5,8.375,12,3.14583333333333,5,0,0,100,100,56.6204226876007,50.5408778864156,825.358399313156,852.11019710741,-59.7071133685534,93.6567164179104,85.8208955223881,95.0757575757576,1.77083333333333,62.5,7.61609270495391,9.5,-0.172627966796006,16.6241750916634,0,0,0,4.16666666666667,0,0,89.5833333333333,100,84.1666666666667,92.5,91.6666666666667,89.5833333333333,100,91.25,92.0833333333333,86.25,90,92.9166666666667,90.8333333333333,100,75.8333333333333,89.5833333333333,96.25,81.6666666666667,100,91.6666666666667,-0.0820707070707069,-0.0565355042966981,-0.0942258404944971,-0.0956535047444135,-0.0795454545454545,0.0126262626262626,-0.000874971904577392,0.235462701275618
两太阳能板带角度过度.txt,两太阳能板带角度过度,1,两太阳能板带角度过度:s1:b20,1277,87D411B967C8B236A08FED7798C8FD0ABEC00AFBECF79DF94A0CA58BC1A67107,complete,1,2,1,1,Oblique crossing between two solar panels is outside the target operating scope,81.8125,89.7388059701492,82.4626865671642,73.1060606060606,79.5833333333333,84.0416666666667,96.6666666666667,71.4583333333333,76,89,4.21645972454329,33.3333333333333,100,15.257522675237,61.1940298507463,95.5223880597015,9.32868266794591,33.3333333333333,95.8333333333333,15.1371624693168,0,0,2.25,15,3.1875,41.6666666666667,1.75,45.8333333333333,15.9375,24,8.33333333333333,11,10.6041666666667,15.5,0,0,100,100,63.379900648719,45.3110214652124,598.753245105609,839.269129182867,10.4652731182436,87.3134328358209,94.0298507462687,76.8939393939394,1.75,45.8333333333333,6.43548058696937,13.5,-0.000472777599715297,12.6449005826307,0,0,0,41.6666666666667,-0.000839651783206911,4.72647071441361,99.5833333333333,80.8333333333333,75.4166666666667,55.4166666666667,88.3333333333333,99.5833333333333,78.75,92.5,53.3333333333333,72.0833333333333,93.75,90,81.25,88.75,52.0833333333333,90.4166666666667,89.1666666666667,100,64.1666666666667,90.8333333333333,-0.270833333333333,-0.0888415067519548,-0.229211087420042,-0.497835497835498,-0.195238095238095,-0.0005952380952381,0.00491871969132259,0.193127941746236
两太阳能板带角度过度.txt,两太阳能板带角度过度,1,两太阳能板带角度过度:s1:b21,1312,17C31C650FE8EFEB7A90B16AEA2FE6A395FF0E498A9BDBED31930318E259BBF5,complete,1,2,1,1,Oblique crossing between two solar panels is outside the target operating scope,81.8541666666667,89.8009950248756,83.0845771144279,72.5378787878788,79.3333333333333,84.375,96.4583333333333,67.2916666666667,75.5,89.5,4.67062784781164,37.5,100,15.2901943731873,62.6865671641791,94.0298507462687,9.09118791196276,37.5,95.8333333333333,15.0035173523195,0.0416666666666667,1,2.35416666666667,15.5,3.1875,41.6666666666667,1.6875,45.8333333333333,15.75,24.5,8.83333333333333,11,10.1875,15.5,0,0,100,100,64.3106462276941,44.6263664952828,614.990032327307,831.48164685659,5.99015950712577,88.0597014925373,94.0298507462687,78.7878787878788,1.6875,45.8333333333333,6.35001632174534,13,-0.0342579639767169,12.6959330852376,4.16666666666667,0,0,54.1666666666667,0.0983649912331969,4.38130731080828,100,79.5833333333333,76.6666666666667,57.0833333333333,83.3333333333333,97.5,81.6666666666667,92.0833333333333,54.1666666666667,71.25,93.75,90,82.5,88.75,50,92.9166666666667,87.9166666666667,100,67.0833333333333,90.8333333333333,0.00119047619047592,0.00177683013503927,0.0177683013503907,-0.0162337662337665,0.00952380952380939,-0.00178571428571429,-0.000965291039342902,0.0265927308278628
两太阳能板带角度过度.txt,两太阳能板带角度过度,1,两太阳能板带角度过度:s1:b22,1347,201D5461CFD83A1B454B393BA3E0E2A4492D6A95D51C84D4542C97EA1E2350B7,complete,1,2,1,1,Oblique crossing between two solar panels is outside the target operating scope,81.7916666666667,89.6766169154229,83.2089552238806,72.3484848484848,79.25,84.3333333333333,96.0416666666667,66.875,75,89,4.75695524347306,41.6666666666667,100,15.2582802849119,62.6865671641791,95.5223880597015,9.27662488057436,41.6666666666667,95.8333333333333,14.6861481979416,0.0416666666666667,1,2.29166666666667,15,3.20833333333333,37.5,1.77083333333333,50,15.875,25,8.91666666666667,11,10.1666666666667,15,0,0,100,100,64.2474385658268,44.6821211819719,621.903129007685,824.598744987767,-1.03812632091636,88.4328358208955,94.7761194029851,78.4090909090909,1.77083333333333,50,6.62357171481569,13.5,-0.0506028092833564,13.1419433972403,4.16666666666667,0,0,54.1666666666667,0.0933912916423143,4.24633136735393,100,80.4166666666667,77.5,56.25,83.3333333333333,97.0833333333333,82.0833333333333,91.25,54.1666666666667,70.4166666666667,93.3333333333333,89.5833333333333,82.0833333333333,88.3333333333333,51.25,92.9166666666667,87.5,100,68.3333333333333,90,-0.00178571428571429,-0.00355366027007774,0.00355366027007814,-0.00541125541125536,-0.00119047619047592,0.00238095238095239,-0.0004669955801897,-0.00180593319620885
两太阳能板带角度过度.txt,两太阳能板带角度过度,1,两太阳能板带角度过度:s1:b23,1381,14C2E76E43B57B5144F55191A8DBE3AE89B43C61ABE6B6F1CAFC6FC886B2688C,complete,1,2,1,1,Oblique crossing between two solar panels is outside the target operating scope,81.8125,89.5522388059701,83.3333333333333,72.4116161616162,79.1666666666667,84.4583333333333,96.0416666666667,67.2916666666667,74.5,89,4.75214482468523,41.6666666666667,100,15.2803773611907,62.6865671641791,95.5223880597015,9.3018225218497,41.6666666666667,95.8333333333333,14.9529283867765,0.0416666666666667,1,2.27083333333333,15,3.4375,50,1.8125,50,15.875,25.5,8.91666666666667,11,10.1875,15,0,0,100,100,64.159284394481,44.6137755864336,623.887917491437,829.905646787524,-1.62261207793016,88.0597014925373,94.4029850746269,78.4090909090909,1.8125,50,6.76871101256627,13.5,-0.0581960822268578,13.3928320241994,4.16666666666667,0,0,54.1666666666667,0.0966846873173582,4.24040883374265,100,80,77.5,55.8333333333333,83.75,97.0833333333333,82.0833333333333,91.25,54.1666666666667,70,93.3333333333333,89.5833333333333,83.75,88.3333333333333,51.25,92.5,87.5,100,67.9166666666667,90.4166666666667,0.000612745098039494,-0.00365817968978674,0.00365817968978674,0.00185680332739182,0.00367647058823488,0.00122549019607843,-0.000223331557161808,-0.00259276974546614
两太阳能板带角度过度.txt,两太阳能板带角度过度,1,两太阳能板带角度过度:s1:b24,1416,DEB03F402F36711D698B9B6E730B5BF97360288B41B04EB0C0E2C0118674FA1E,complete,1,2,1,1,Oblique crossing between two solar panels is outside the target operating scope,81.7291666666667,89.5522388059701,83.271144278607,72.2222222222222,79.1666666666667,84.2916666666667,96.0416666666667,66.875,74.5,89,4.70887036824412,41.6666666666667,100,15.3969751782571,62.6865671641791,95.5223880597015,9.30507585538731,41.6666666666667,95.8333333333333,15.0142422795728,0.0416666666666667,1,2.3125,15,3.4375,50,1.85416666666667,50,15.9166666666667,25.5,8.91666666666667,11,10.2291666666667,15,0,0,100,100,64.2408163966927,44.7870705468247,625.084226180307,832.717850991345,-3.92512187173155,87.6865671641791,94.4029850746269,78.030303030303,1.85416666666667,50,6.79598071308302,13.5,-0.0638095640488242,13.2045533050639,4.16666666666667,0,0,54.1666666666667,0.0966510812390414,4.18628405022527,100,80,77.5,55.8333333333333,83.75,97.0833333333333,82.5,91.25,54.1666666666667,69.5833333333333,93.3333333333333,89.5833333333333,83.75,87.9166666666667,50.8333333333333,92.5,87.0833333333333,100,67.5,90.4166666666667,-0.00238095238095265,0,-0.00177683013503927,-0.00541125541125577,-0.00476190476190449,0.0011904761904762,-0.000160385194913323,0.0023294857774772
两太阳能板带角度过度.txt,两太阳能板带角度过度,1,两太阳能板带角度过度:s1:b25,1450,56718E899225C5FB564001FBB02E7EDBF3A9CD0025E8946C24F83761C3E594DA,complete,1,2,1,1,Oblique crossing between two solar panels is outside the target operating scope,81.6458333333333,89.4900497512438,83.2089552238806,72.0959595959596,79.125,84.1666666666667,96.0416666666667,66.875,74.5,89,4.63089616331033,41.6666666666667,100,15.3823495323594,62.6865671641791,95.5223880597015,9.30789449131742,41.6666666666667,95.8333333333333,14.9699852140679,0.0416666666666667,1,2.3125,15,3.4375,50,1.85416666666667,50,16,25.5,8.91666666666667,11,10.2708333333333,15,0,0,100,100,64.1733069433433,44.9045057493954,625.700863563675,834.98081752858,-4.87238679749769,87.3134328358209,94.4029850746269,77.6515151515152,1.85416666666667,50,6.79598071308302,13.5,-0.0638095640488242,13.2045533050639,4.16666666666667,0,0,54.1666666666667,0.0966510812390414,4.18628405022527,100,80,77.5,55.8333333333333,83.75,97.0833333333333,82.0833333333333,91.25,54.1666666666667,69.5833333333333,93.3333333333333,89.5833333333333,83.75,87.9166666666667,50.8333333333333,92.0833333333333,87.0833333333333,100,66.6666666666667,90.4166666666667,-0.00245098039215672,-0.00182908984489295,-0.00182908984489337,-0.00371360665478323,-0.00367647058823529,0,0,-0.00198557215733618
两太阳能板带角度过度.txt,两太阳能板带角度过度,1,两太阳能板带角度过度:s1:b26,1485,499F9EEC66A7936304ADC1B1121B599108A2FC4BE64B7AFFA4CB0BB3F1588A83,complete,1,2,1,1,Oblique crossing between two solar panels is outside the target operating scope,81.6875,89.4900497512438,83.271144278607,72.1590909090909,79.1666666666667,84.2083333333333,96.0416666666667,66.875,75,89,4.63871351168384,41.6666666666667,100,15.3414600259768,62.6865671641791,95.5223880597015,9.14761079416272,41.6666666666667,95.8333333333333,14.8910983912219,0.0416666666666667,1,2.3125,15,3.41666666666667,50,1.85416666666667,50,15.9583333333333,25,8.91666666666667,11,10.2083333333333,15,0,0,100,100,64.162679152303,44.9324825641787,627.575215608642,834.460570828473,-4.89169164029184,87.3134328358209,94.4029850746269,77.2727272727273,1.85416666666667,50,6.79598071308302,13.5,-0.0638095640488242,13.2045533050639,4.16666666666667,0,0,54.1666666666667,0.0966510812390414,4.18628405022527,100,80,77.9166666666667,55.8333333333333,83.75,97.0833333333333,82.0833333333333,90.8333333333333,54.5833333333333,69.5833333333333,93.3333333333333,89.5833333333333,83.75,88.3333333333333,50.8333333333333,92.0833333333333,87.0833333333333,100,66.6666666666667,90.4166666666667,0.00119047619047633,0,0.00177683013503927,0.00180375180375206,0.00119047619047592,0,0,-0.000303651172578157
两太阳能板带角度过度.txt,两太阳能板带角度过度,1,两太阳能板带角度过度:s1:b27,1519,C0A99F6A79966F97125060DC0A3DE4A86CA77F4D2B7A4482AFB6E4F17D106905,complete,1,2,1,1,Oblique crossing between two solar panels is outside the target operating scope,81.625,89.4900497512438,83.1467661691542,72.0959595959596,79.125,84.125,95.8333333333333,66.875,74.5,89,4.6654372086468,41.6666666666667,100,15.3601719634602,62.6865671641791,95.5223880597015,9.27901724873601,41.6666666666667,95.8333333333333,14.9253338735098,0.0416666666666667,1,2.3125,15,3.4375,50,1.85416666666667,50,16.0208333333333,25.5,8.91666666666667,11,10.2708333333333,15,0,0,100,100,64.1427090099021,44.9275362318841,626.782831405379,835.015795858357,-2.5200768045426,87.3134328358209,94.4029850746269,77.2727272727273,1.85416666666667,50,6.79598071308302,13.5,-0.0638095640488242,13.2045533050639,4.16666666666667,0,0,54.1666666666667,0.0966510812390414,4.18628405022527,100,80,77.5,55.8333333333333,83.75,97.0833333333333,82.0833333333333,90.8333333333333,54.5833333333333,69.5833333333333,92.9166666666667,89.5833333333333,83.75,87.9166666666667,50.8333333333333,92.5,87.0833333333333,100,66.25,90.4166666666667,-0.00183823529411765,0,-0.00365817968978632,-0.00185680332739182,-0.00245098039215672,0,0,-0.000587357129438882
两太阳能板带角度过度.txt,两太阳能板带角度过度,1,两太阳能板带角度过度:s1:b28,1555,41C21CDDCB87A520905B7593E1225168D147520CBE007EE88409D94536F62273,interrupted_by_connection_loss,0,2,0,1,Oblique crossing between two solar panels is outside the target operating scope,NaN,NaN,NaN,NaN,NaN,NaN,NaN,NaN,NaN,NaN,NaN,NaN,NaN,NaN,NaN,NaN,NaN,NaN,NaN,NaN,NaN,NaN,NaN,NaN,NaN,NaN,NaN,NaN,NaN,NaN,NaN,NaN,NaN,NaN,NaN,NaN,NaN,NaN,NaN,NaN,NaN,NaN,NaN,NaN,NaN,NaN,NaN,NaN,NaN,NaN,NaN,NaN,NaN,NaN,NaN,NaN,NaN,NaN,NaN,NaN,NaN,NaN,NaN,NaN,NaN,NaN,NaN,NaN,NaN,NaN,NaN,NaN,NaN,NaN,NaN,NaN,NaN,NaN,NaN,NaN,NaN,NaN,NaN,NaN,NaN,NaN
太阳能板直角边源.txt,太阳能板直角边源,1,太阳能板直角边源:s1:orphan1,NaN,C009120F6F14FC7F827C983AB28501F0A1901D5B571311A4F3CEC114978EE73C,incomplete_row_count,0,1,0,0,,NaN,NaN,NaN,NaN,NaN,NaN,NaN,NaN,NaN,NaN,NaN,NaN,NaN,NaN,NaN,NaN,NaN,NaN,NaN,NaN,NaN,NaN,NaN,NaN,NaN,NaN,NaN,NaN,NaN,NaN,NaN,NaN,NaN,NaN,NaN,NaN,NaN,NaN,NaN,NaN,NaN,NaN,NaN,NaN,NaN,NaN,NaN,NaN,NaN,NaN,NaN,NaN,NaN,NaN,NaN,NaN,NaN,NaN,NaN,NaN,NaN,NaN,NaN,NaN,NaN,NaN,NaN,NaN,NaN,NaN,NaN,NaN,NaN,NaN,NaN,NaN,NaN,NaN,NaN,NaN,NaN,NaN,NaN,NaN,NaN,NaN
太阳能板直角边源.txt,太阳能板直角边源,1,太阳能板直角边源:s1:b2,839,D9006859CED3E000CD55272644BC7373C2C0F09BEACD4148CFFE027130B3B575,complete,1,2,1,0,,33.75,2.17661691542289,14.863184079602,84.9747474747475,29.5,38,0,89.375,24.5,40,5.01085777608724,0,100,39.1091116373835,0,40.2985074626866,13.8655460232316,0,62.5,19.4249164286546,38.6458333333333,60.5,0.75,4,52.6458333333333,100,48.3125,100,26.8541666666667,42.5,6.33333333333333,8,45.4791666666667,60.5,58.5,4.16666666666667,79,100,34.9592301128283,47.8219852337982,493.769050518269,911.147157742814,-65.5693654189916,0,36.9402985074627,81.8181818181818,48.3125,100,46.0414748133371,24,-0.771740850149295,19.7787827227258,100,0.31565,10.6188963002407,41.6666666666667,0.0210054461667365,0.901506907710744,0,12.0833333333333,0,33.75,87.9166666666667,0,7.91666666666667,0,59.5833333333333,93.75,0,2.08333333333333,1.66666666666667,86.6666666666667,92.9166666666667,0,0,23.3333333333333,93.3333333333333,80,0,0,0,0,0,0,0,0
太阳能板直角边源.txt,太阳能板直角边源,1,太阳能板直角边源:s1:b3,872,CF79FBCF0DA8B9B58F0DE7B541757C7BE3316DDD2D0ED4DCAC0F8E4FD1E05F14,complete,1,2,1,0,,34.125,2.61194029850746,15.2985074626866,85.2272727272727,29.8333333333333,38.4166666666667,0,89.7916666666667,25.5,40.5,4.99184116943534,0,100,39.0161806617951,0,41.7910447761194,14.1816658091657,0,62.5,19.4406750454666,38.5625,60.5,0.729166666666667,4,51.6666666666667,100,47.7708333333333,100,26.5833333333333,42.5,6.29166666666667,8,45.1458333333333,60.5,58,0,79,100,34.8887066578941,47.8274619805847,493.61341645184,911.061050373377,-67.4276067286417,0,37.6865671641791,81.0606060606061,47.7708333333333,100,45.8530822002632,24.5,-0.744706142272152,19.6395457467174,100,0.31295,10.5456858494947,37.5,0.0279462365591398,0.750467795171124,0,13.3333333333333,0,34.5833333333333,88.3333333333333,0,9.58333333333333,0,60.4166666666667,92.0833333333333,0,2.91666666666667,2.5,86.6666666666667,93.75,0,0,24.5833333333333,93.3333333333333,80.4166666666667,0.0113636363636364,0.0131916176692296,0.0131916176692296,0.00765228037955332,0.0126262626262626,-0.0164141414141409,0.00081923357203461,-0.00213707439194385
太阳能板直角边源.txt,太阳能板直角边源,1,太阳能板直角边源:s1:b4,904,C29210BB4F28A4A23BAA3121A7451B22BA0854FE1D22256C5B6D32923F7E145A,complete,1,2,1,0,,34.2291666666667,2.30099502487562,15.4228855721393,85.7323232323232,30,38.4583333333333,0,89.7916666666667,25.5,40.5,4.91001453700732,0,100,39.2735664278267,0,43.2835820895522,14.3609478680485,0,62.5,19.7710874584941,38.4166666666667,60,0.6875,4,52.0833333333333,100,47.8125,100,26.6666666666667,43,6.45833333333333,8,45.1458333333333,60,58,0,79,100,34.7566148767276,47.8508765889466,490.632446197122,909.802846801402,-65.6655230435166,0,38.0597014925373,81.4393939393939,47.8125,100,46.0960899421681,23.5,-0.77921690710225,18.8103518194108,100,0.3153,10.4903873930854,37.5,0.0255967741935484,0.768907431354927,0,12.5,0,37.0833333333333,87.9166666666667,0,8.33333333333333,0,61.6666666666667,92.5,0,2.08333333333333,2.5,87.9166666666667,93.3333333333333,0,0,25,93.3333333333333,80.4166666666667,0.00325520833333326,-0.00971703980099502,0.00388681592039797,0.0157828282828283,0.00130208333333348,0.00130208333333304,-0.00107846140094055,-0.00412786816145339
太阳能板直角边源.txt,太阳能板直角边源,1,太阳能板直角边源:s1:b5,936,E7DF82082170C375372C6D7AFEFB8A4E2DA4824AE5610CC20B05BB82290A274F,complete,1,2,1,0,,34.0625,2.36318407960199,15.0497512437811,85.5429292929293,29.6666666666667,38.4583333333333,0,90.625,25.5,40.5,5.16323226199484,0,100,39.2592580932923,0,40.2985074626866,14.2271236252677,0,58.3333333333333,19.3398416188682,38.6458333333333,60.5,0.625,3,52.7083333333333,100,48.25,100,26.6666666666667,42,6.45833333333333,10,45.1875,60.5,58.5,0,79,100,34.8154675430867,47.7367951095543,489.61438624628,909.233882444673,-72.1794419403161,0,37.6865671641791,82.5757575757576,48.25,100,46.2876448272278,23,-0.799821820340628,20.1163284859368,100,0.31205,10.4689766991822,37.5,0.018995951417004,0.601467690583638,0,12.5,0,35.4166666666667,87.0833333333333,0,8.75,0,60.8333333333333,92.0833333333333,0,2.08333333333333,2.08333333333333,86.6666666666667,93.3333333333333,0,0,24.5833333333333,93.3333333333333,82.5,-0.00520833333333326,0.001943407960199,-0.011660447761194,-0.005918560606061,0,0.0136718749999998,-0.000643903538699305,0.00183914582372013
太阳能板直角边源.txt,太阳能板直角边源,1,太阳能板直角边源:s1:b6,970,51554908A688BFC4AA90D2BD545B7465B9894EADD1E4887FD6F6E522B763A8FF,complete,1,2,1,0,,35.6041666666667,5.59701492537313,15.9825870646766,85.9848484848485,31.625,39.5833333333333,0,90.625,26.5,41.5,4.78670978645146,0,100,38.6125163683478,0,43.2835820895522,14.600481883834,0,62.5,20.0036430673673,30.1041666666667,55.5,0.645833333333333,3,49.1041666666667,100,44.7291666666667,100,33.6458333333333,49.5,6.875,9,41.5416666666667,55.5,58,0,83,100,34.8027747927603,47.8781314616067,494.163592137074,913.699429230554,-76.4138362384206,0,39.1791044776119,83.7121212121212,44.7291666666667,100,44.9937908660646,26.5,-0.564362107210333,22.8934211889209,100,0.19595,11.4678630332032,37.5,0.017087044534413,0.625931604386071,0,20.4166666666667,0,37.5,86.25,0,16.6666666666667,0,63.75,91.6666666666667,1.66666666666667,6.66666666666667,2.5,87.9166666666667,93.75,0.416666666666667,0,26.6666666666667,93.75,82.5,0.0453431372549019,0.0951126719344454,0.0274363476733977,0.0129976232917411,0.0330882352941174,-0.103553921568627,0.00692528568030279,-0.000373316186069584
太阳能板直角边源.txt,太阳能板直角边源,1,太阳能板直角边源:s1:b7,1004,A446867858694E5CAB56628CF58F5DE38C041AC2EB53503C1407A3B5A9F62C75,complete,1,2,1,0,,36.625,9.07960199004975,15.7338308457711,85.7954545454545,32.5833333333333,40.6666666666667,0,91.0416666666667,26,43.5,4.89731514732041,0,100,37.8383442914169,0,43.2835820895522,14.3967325897119,0,58.3333333333333,19.914338008947,18.6875,33.5,0.583333333333333,3,47,100,39.25,100,44.1041666666667,53,7.79166666666667,10,38.5833333333333,40,56.5,0,89,100,35.1511006710079,47.8203698939485,498.777292608687,913.810277664695,-73.3272149549873,4.1044776119403,38.4328358208955,83.7121212121212,39.25,100,43.320124259161,32,-0.273234246388485,27.4992339877691,100,-0.12195,3.6577896083346,37.5,0.0206152073732719,0.609932298795681,0.833333333333333,26.6666666666667,0,37.0833333333333,86.25,0.833333333333333,19.1666666666667,0,62.9166666666667,92.0833333333333,5,8.75,2.5,88.75,92.5,7.91666666666667,0,25.4166666666667,92.9166666666667,82.9166666666667,0.0300245098039216,0.102429031314018,-0.0073163593795728,-0.00557040998217464,0.0318627450980393,-0.161151960784314,0.00856258414181904,0.0102448787719882
太阳能板直角边源.txt,太阳能板直角边源,1,太阳能板直角边源:s1:b8,1038,891C7F398499F5A2D62073723592AB0712A7673F8A6C4C4B15CA43BD64660318,complete,1,2,1,0,,37.1666666666667,9.14179104477612,16.728855721393,86.3636363636364,33.2083333333333,41.125,0,90.2083333333333,27.5,44,4.61723300037048,0,100,37.9391281234744,0,44.7761194029851,15.0801781508711,0,62.5,20.7763429760549,20.6041666666667,51,0.6875,3.5,45.7083333333333,100,38.8541666666667,100,41.5416666666667,51.5,7.625,10,38.9791666666667,51,56,0,88.5,100,34.9194580328699,47.9486218429247,497.491797772139,914.30834191791,-69.5146432820457,2.61194029850746,39.5522388059701,82.1969696969697,38.8541666666667,100,43.0566671701388,33.5,-0.318300135636006,27.6199641617396,100,-0.0457499999999999,8.02207429699888,37.5,0.0233259109311741,0.610505568388068,0.833333333333333,27.5,0,40,87.5,0.416666666666667,19.1666666666667,0,65,91.6666666666667,5.83333333333333,7.5,4.16666666666667,89.5833333333333,93.75,7.5,0,28.3333333333333,93.3333333333333,81.25,0.0159313725490195,0.00182908984489321,0.0292654375182909,0.0167112299465239,0.0134803921568628,-0.011642156862745,-0.00132546733080944,-0.00681301876876403
太阳能板直角边源.txt,太阳能板直角边源,1,太阳能板直角边源:s1:b9,1066,7487D10437B24BB5CC385B483180D0385CCFB6CF5A9096409650801FEBD96013,complete,1,2,1,0,,37.3333333333333,9.82587064676617,16.4800995024876,86.4267676767677,33.4583333333333,41.2083333333333,0,90.2083333333333,28.5,43.5,4.51005318262933,0,100,37.9379323544978,0,44.7761194029851,14.9155007366786,0,62.5,20.8008943893612,18,27,0.6875,3.5,45.7916666666667,100,39.2708333333333,100,43.9791666666667,52,7.875,10,38.4791666666667,41,56,0,89.5,100,34.9755760183898,47.9764107308048,497.582322675977,912.766989699296,-70.9923527884319,3.35820895522388,39.5522388059701,82.5757575757576,39.2708333333333,100,43.2618384487845,32.5,-0.311833270136849,27.5153136274861,100,-0.1039,3.23600526459148,37.5,0.0233259109311741,0.610505568388068,0.833333333333333,29.5833333333333,0,40,87.5,0.833333333333333,19.5833333333333,0,65,91.25,6.25,7.91666666666667,3.75,89.5833333333333,93.75,7.91666666666667,0,27.5,93.75,81.6666666666667,0.00595238095238112,0.0244314143567875,-0.00888415067519548,0.00225468975469007,0.00297619047619056,0.014880952380952,0.000230959482112755,0.00200421376856776
太阳能板直角边源.txt,太阳能板直角边源,1,太阳能板直角边源:s1:b10,1098,69E9803E9F68C71189CD7D1B325A8D480B5F59620DBDCBAAE16ACAECF153248F,interrupted_by_connection_loss,0,2,0,0,,NaN,NaN,NaN,NaN,NaN,NaN,NaN,NaN,NaN,NaN,NaN,NaN,NaN,NaN,NaN,NaN,NaN,NaN,NaN,NaN,NaN,NaN,NaN,NaN,NaN,NaN,NaN,NaN,NaN,NaN,NaN,NaN,NaN,NaN,NaN,NaN,NaN,NaN,NaN,NaN,NaN,NaN,NaN,NaN,NaN,NaN,NaN,NaN,NaN,NaN,NaN,NaN,NaN,NaN,NaN,NaN,NaN,NaN,NaN,NaN,NaN,NaN,NaN,NaN,NaN,NaN,NaN,NaN,NaN,NaN,NaN,NaN,NaN,NaN,NaN,NaN,NaN,NaN,NaN,NaN,NaN,NaN,NaN,NaN,NaN,NaN
太阳能板直角边源.txt,太阳能板直角边源,2,太阳能板直角边源:s2:b1,487,0E8A153B5063E260DBFEB572154DA9BBCBD8537A9ABAEC1D1D6D73A98FEA1DF6,complete,1,1,1,0,,85.8125,96.455223880597,76.865671641791,84.0909090909091,88,83.625,99.5833333333333,86.25,77.5,89.5,3.28637668856302,0,100,23.33997834011,49.2537313432836,95.5223880597015,12.6416351322376,0,100,30.9542705887539,0,0,0.5625,8,6.625,100,4.33333333333333,100,13.625,22.5,8.54166666666667,12,9.22916666666667,19.5,6.5,0,100,100,60.9958751171423,55.0980016599629,433.415364596057,890.272464465952,274.292164072403,95.5223880597015,95.5223880597015,53.7878787878788,4.33333333333333,100,14.8263727481321,21,-0.124463499008372,15.2601820344156,0,0,0,12.5,0.805000000000001,8.20464079523654e-15,100,95,55,100,94.5833333333333,100,95,53.3333333333333,98.75,88.3333333333333,99.1666666666667,93.75,51.25,89.1666666666667,88.75,100,92.5,90.8333333333333,82.9166666666667,47.9166666666667,0,0,0,0,0,0,0,0
太阳能板直角边源.txt,太阳能板直角边源,2,太阳能板直角边源:s2:b2,521,45A7CA0A1C3B66422627F9003B96F4798FF746F33ABCC1FCB75A733505AF5865,complete,1,1,1,0,,90.75,96.0199004975124,80.1616915422886,96.1489898989899,87.75,93.75,100,100,86.5,96.5,3.88699056497104,0,100,23.0468171098413,68.6567164179104,95.5223880597015,10.9985454628644,0,100,29.9593716211986,0,0,0,0,7.47916666666667,100,2.22916666666667,100,9.25,13.5,6.75,8,6,9.5,2,0,100,100,51.0469011725293,38.924794359577,283.787945037029,703.435291675469,55.6407674880474,97.0149253731343,95.1492537313433,95.8333333333333,2.22916666666667,100,13.3398585111579,2,-0.0830244906805376,16.4523326811184,0,0,0,0,0,0,100,92.5,50.8333333333333,100,93.75,100,92.5,53.75,100,94.1666666666667,100,93.3333333333333,70.4166666666667,100,93.75,100,95,92.0833333333333,100,92.9166666666667,0.145220588235294,-0.0128036289142523,0.096941761779339,0.354649435531788,0.297794117647059,-0.0618872549019608,0.00121879436258336,-0.29261688072391
太阳能板直角边源.txt,太阳能板直角边源,2,太阳能板直角边源:s2:b3,557,51BF58C89E8B4FBD23DC2ED7447AF78D6469014555C10516D2AB7A794D4C0BDB,complete,1,1,1,0,,87.1875,93.1592039800995,71.8283582089552,96.7171717171717,86.4166666666667,87.9583333333333,90.2083333333333,90.2083333333333,81.5,95,2.96285885736996,0,100,28.5360074901606,53.7313432835821,95.5223880597015,9.14054938660162,4.16666666666667,100,36.8496463961267,0,0,0,0,9.22916666666666,100,3.58333333333333,100,12.8125,18.5,10.4166666666667,14,7.625,14,9.5,0,100,100,48.4846999223761,47.2039589961117,386.134456755745,945.899092630098,2.10540383219206,91.7910447761194,75.7462686567164,96.969696969697,3.58333333333333,100,16.802420327636,3.5,-0.334823153409091,21.5029668752508,0,0,0,0,0,0,96.25,93.75,44.5833333333333,95.4166666666667,95,95,94.5833333333333,61.6666666666667,93.3333333333333,94.5833333333333,95,92.9166666666667,68.75,92.0833333333333,94.1666666666667,94.1666666666667,92.5,62.9166666666667,92.5,94.5833333333333,-0.0989583333333333,-0.0794637921503592,-0.231481481481482,0.0157828282828281,-0.160879629629629,0.0376157407407407,-0.00699440729801536,-0.0711722569486998
太阳能板直角边源.txt,太阳能板直角边源,2,太阳能板直角边源:s2:b4,590,51FF037625EA53DB681A9245BA347D364D1F8A2D7990733EDC0DA0167379BAD6,complete,1,1,1,0,,87.9791666666667,92.5995024875622,75.1243781094527,96.3383838383838,87.7083333333333,88.25,89.7916666666667,88.75,72.5,95.5,4.72154904266797,0,100,26.4784023189369,32.8358208955224,97.0149253731343,13.6840498844341,4.16666666666667,100,33.4119192738954,0,0,0,0,7.85416666666667,100,2.95833333333333,100,12.0208333333333,27.5,10,12,7.27083333333333,24,9,0,100,100,48.4807050852181,47.8939040012056,435.75652144969,775.56684954502,13.047342703737,92.5373134328358,93.2835820895522,95.8333333333333,2.95833333333333,100,15.3908119929504,3,-0.403191674009987,24.7850253502398,0,0,0,0,0,0,94.5833333333333,92.5,63.75,94.1666666666667,94.5833333333333,95,92.5,63.75,92.9166666666667,93.3333333333333,95,87.5,50.8333333333333,93.3333333333333,94.5833333333333,95,92.9166666666667,87.0833333333333,92.9166666666667,93.3333333333333,0.0239898989898987,-0.0169606512890095,0.099879390924167,-0.0114784205693296,0.00883838383838355,-0.0189393939393939,-0.00207177335154231,-0.000121055671455308
太阳能板直角边源.txt,太阳能板直角边源,2,太阳能板直角边源:s2:b5,626,43A814ED478E4B0A2256668F5BC67EE7C45890430188EB0C1E415BA67F8AD256,complete,1,1,1,0,,88.0416666666667,97.0149253731343,71.3308457711443,95.8964646464647,85.75,90.3333333333333,90,88.75,69,94,5.08603515748647,0,100,25.7911865083314,13.4328358208955,89.5522388059701,15.385378254944,0,100,34.7438497396068,0,0,0,0,7.04166666666667,100,3.22916666666667,100,11.9583333333333,31,9.91666666666667,12,7.27083333333333,27.5,8,0,100,100,51.0444207098209,45.8869868201788,440.308440863746,710.229207167956,-17.4061121909687,95.5223880597015,88.0597014925373,96.969696969697,3.22916666666667,100,14.4243094399577,5,-0.00993328870253585,19.0045147066513,0,0,0,0,0,0,96.25,95,63.3333333333333,94.1666666666667,95.4166666666667,96.25,89.1666666666667,46.25,92.0833333333333,89.5833333333333,95,94.5833333333333,65.4166666666667,92.5,94.5833333333333,92.5,92.9166666666667,90.8333333333333,90.8333333333333,94.1666666666667,0.00173611111111111,0.122650635710337,-0.105375898286346,-0.0122755331088662,0.0578703703703702,0.00752314814814814,0.0109238440363181,0.0712143229056325
太阳能板直角边源.txt,太阳能板直角边源,2,太阳能板直角边源:s2:b6,660,14F88F2F58E8D3C86F699D028F4323BE75D08DB36F95093E9CC1EAF8ECC93D95,complete,1,1,1,0,,88.4583333333333,97.5124378109453,73.6940298507463,94.2550505050505,87.125,89.7916666666667,98.3333333333333,95.625,83,95.5,3.64726421196546,8.33333333333333,100,21.4083542061445,59.7014925373134,95.5223880597015,9.27205591817485,8.33333333333333,100,30.7746588464753,0,0,0.0625,1.5,5.70833333333333,91.6666666666667,0.5625,29.1666666666667,11.4791666666667,17,8.45833333333333,12,7.16666666666667,12,5,0,100,100,58.2760372258404,46.2015382200597,294.871158551748,701.604936589609,-66.1775049535843,97.3880597014925,90.6716417910448,96.2121212121212,0.5625,29.1666666666667,3.06036592824132,4.5,0.000380778650882701,7.60725192065002,0,0,0,4.16666666666667,0,0,97.5,100,82.9166666666667,70,96.6666666666667,95.4166666666667,100,66.25,72.5,90,95,100,69.5833333333333,70.4166666666667,100,95.4166666666667,99.5833333333333,84.1666666666667,83.75,100,0.0122549019607849,0.0146327187591453,0.0695054141059405,-0.0482768865121807,-0.0159313725490193,-0.0784313725490196,0.000303354922159369,0.212694603412338
太阳能板直角边源.txt,太阳能板直角边源,2,太阳能板直角边源:s2:b7,695,E4C570265860EDCA286E684EFFA745B1E739FC85A4AE8D55D3C86AD2F421DA35,complete,1,1,1,0,,82.0416666666667,93.3457711442786,87.6865671641791,64.8358585858586,82.6666666666667,81.4166666666667,92.5,88.125,78.5,85.5,1.99410362703705,8.33333333333333,100,20.9706113653972,76.1194029850746,100,8.17792495177697,58.3333333333333,100,9.87700124153596,0.104166666666667,1.5,0.0208333333333333,0.5,5.5625,91.6666666666667,5.5625,91.6666666666667,17.8333333333333,21.5,10.7083333333333,18,9.83333333333333,12,4,0,100,100,63.4209329711201,50.7565822657117,513.6045948904,838.674685236184,-52.4402718015563,100,78.7313432835821,71.5909090909091,5.5625,91.6666666666667,16.7932665567818,15,0.58836098222627,25.0449797425291,8.33333333333333,-0.115,0,4.16666666666667,0,0,94.5833333333333,87.0833333333333,94.5833333333333,63.3333333333333,79.5833333333333,94.5833333333333,85.4166666666667,92.9166666666667,52.0833333333333,82.5,92.9166666666667,83.3333333333333,92.0833333333333,46.25,85.8333333333333,97.9166666666667,90.4166666666667,83.3333333333333,53.3333333333333,88.75,-0.183333333333333,-0.119047619047619,0.399786780383796,-0.84054834054834,-0.239285714285714,0.142857142857143,0.0167994343878682,0.146997021293706
太阳能板直角边源.txt,太阳能板直角边源,2,太阳能板直角边源:s2:b8,729,6ABD3EDEEEFBACCF20EC156F17207F6DDD5A6516D1ACD41D1A583C7DAE404F4C,complete,1,1,1,0,,80.9375,97.9477611940299,84.2039800995025,60.3535353535353,84.4583333333333,77.4166666666667,100,33.75,73.5,90.5,4.597524144675,20.8333333333333,100,22.1483528930215,79.1044776119403,91.044776119403,3.9098549284532,62.5,95.8333333333333,10.1942753500215,0,0,3.27083333333333,10.5,4.125,66.6666666666667,6.375,66.6666666666667,15.7916666666667,26.5,10.5416666666667,16,11.0625,16.5,2,0,100,100,77.6906389872861,56.7308149204086,380.575691294891,831.796959992676,-88.3261456957555,89.5522388059701,89.9253731343284,45.0757575757576,6.375,66.6666666666667,14.4935318367641,26.5,0.415803862760973,17.0753106106235,0,0,0,54.1666666666667,-0.100892518040258,2.62068262977899,100,100,82.9166666666667,92.0833333333333,60.8333333333333,100,100,84.5833333333333,84.1666666666667,40,100,91.6666666666667,89.1666666666667,82.0833333333333,32.0833333333333,100,82.5,95.8333333333333,66.25,34.5833333333333,-0.0324754901960786,0.135352648522095,-0.102429031314018,-0.131833036244801,-0.117647058823529,0.0238970588235294,-0.00507520939603817,0.41969723576959
太阳能板直角边源.txt,太阳能板直角边源,2,太阳能板直角边源:s2:b9,764,F65C8B7FA32257E9CFA174B913AA9DE74A53083E724691357447C8D1C3D7DF23,complete,1,1,1,0,,87.6458333333333,92.6616915422886,75.4975124378109,94.8863636363636,85.0833333333333,90.2083333333333,91.6666666666667,99.375,68,96,5.72651948065479,0,100,25.9162684372125,25.3731343283582,95.5223880597015,15.0154108796269,0,100,33.3374554589762,0.208333333333333,1,0,0,7.625,100,3.4375,100,12.1458333333333,32,9.95833333333333,14,6.75,25.5,9,0,100,100,48.9369274704043,43.5589119436909,440.717547616789,754.447634270728,-8.83967215772073,91.4179104477612,95.1492537313433,93.5606060606061,3.4375,100,16.2448586334636,9,0.147056452479739,23.2907935234938,20.8333333333333,-4.45990194943409e-18,0,0,0,0,96.6666666666667,94.1666666666667,55.8333333333333,89.5833333333333,92.9166666666667,95.4166666666667,84.5833333333333,47.5,100,94.1666666666667,95.8333333333333,92.5,58.75,100,92.5,93.75,92.5,86.25,98.75,91.25,0.191666666666667,-0.151030561478322,-0.248756218905473,0.986652236652237,0.36547619047619,-0.0839285714285714,-0.00767849743660668,-0.821534614768053
太阳能板直角边源.txt,太阳能板直角边源,2,太阳能板直角边源:s2:b10,799,7F59B3525A6E14A6936D7C3CA09B8B359E76D314E77B702A2E6E1A7FB391BC77,complete,1,1,1,0,,87.4791666666667,91.7910447761194,75.9950248756219,94.760101010101,84.9166666666667,90.0416666666667,89.7916666666667,99.1666666666667,70.5,94.5,5.20760139784533,0,100,25.6731590121426,34.3283582089552,95.5223880597015,14.8206361880305,0,100,32.7689720685386,0.3125,1,0,0,7.85416666666667,100,3.75,100,12.2083333333333,29.5,10.6666666666667,18,6.5,20.5,8.5,0,100,100,48.1584294183062,43.8399768501773,483.852507035424,797.405718453584,-35.0110667899341,88.0597014925373,95.1492537313433,92.4242424242424,3.75,100,16.6457154746427,11,0.109199728837862,23.4092572553118,33.3333333333333,-0.00410714285714283,0.160217486115414,0,0,0,95.4166666666667,90.8333333333333,52.9166666666667,91.6666666666667,91.6666666666667,95,90,47.5,100,94.1666666666667,95.4166666666667,92.5,59.5833333333333,100,92.9166666666667,90,92.5,89.1666666666667,96.25,92.0833333333333,-0.0047619047619049,-0.0248756218905474,0.0142146410803126,-0.00360750360750371,-0.0047619047619049,0.00892857142857143,-0.00108162067548219,-0.0222428014885178
太阳能板直角边源.txt,太阳能板直角边源,2,太阳能板直角边源:s2:b11,833,654ED20CFFAE53B720FC5D5DF928C7DB28135BC96698FEAAA4B021F9086E48F1,complete,1,1,1,0,,87.4166666666667,91.8532338308458,75.7462686567164,94.760101010101,84.875,89.9583333333333,89.7916666666667,99.1666666666667,70,94.5,5.23090038526636,0,100,25.7561526044735,34.3283582089552,95.5223880597015,15.1075834323187,0,100,32.8638446937463,0.3125,1,0,0,7.875,100,3.72916666666667,100,12.2708333333333,30,10.6666666666667,18,6.52083333333333,20.5,8.5,0,100,100,48.2586774934274,43.895767348114,483.184111624192,796.718488700916,-36.2162690659293,88.0597014925373,95.1492537313433,92.4242424242424,3.72916666666667,100,16.647798679268,10.5,0.126099015842716,23.7206589644858,33.3333333333333,-0.00410714285714283,0.160217486115414,0,0,0,95.4166666666667,91.25,52.9166666666667,90.8333333333333,91.6666666666667,95,90,47.5,100,94.1666666666667,95.4166666666667,92.5,59.1666666666667,100,92.9166666666667,90,92.5,88.75,96.6666666666667,91.6666666666667,-0.00183823529411723,0.00182908984489295,-0.00731635937957223,0,-0.00245098039215672,-0.000612745098039207,0.000497037853083932,0.0029484727976832
太阳能板直角边源.txt,太阳能板直角边源,2,太阳能板直角边源:s2:b12,868,6DAF3CE5CB4B3CDBB2A405AE15B9F0BC8D49FAF6BD17C967975C1983F1C89E90,complete,1,1,1,0,,87.4583333333333,91.9154228855721,75.7462686567164,94.8232323232323,84.8333333333333,90.0833333333333,89.7916666666667,99.1666666666667,70,94.5,5.29749051883073,0,100,25.6918166824467,32.8358208955224,95.5223880597015,15.2606724182559,0,100,32.6711803494825,0.3125,1,0,0,7.8125,100,3.70833333333333,100,12.2291666666667,30,10.6666666666667,18,6.5,21,8.5,0,100,100,48.2253459990985,43.680485338726,480.367412586826,790.518613896294,-36.362355904431,88.4328358208955,95.1492537313433,92.8030303030303,3.70833333333333,100,16.6498554243115,10,0.114793979705421,24.2339578875499,33.3333333333333,-0.00410714285714283,0.160217486115414,0,0,0,95.4166666666667,91.25,52.9166666666667,90.8333333333333,91.6666666666667,95,89.5833333333333,47.5,100,94.1666666666667,95.4166666666667,92.5,60,100,92.9166666666667,90.4166666666667,92.5,88.3333333333333,96.6666666666667,92.0833333333333,0.00119047619047633,0.00177683013503927,0,0.00180375180375165,0.00357142857142898,-0.000595238095238087,-0.000323001032494127,-0.000952328409397702
太阳能板直角边源.txt,太阳能板直角边源,2,太阳能板直角边源:s2:b13,903,01E5D974BA54E744810064FD4BC41E3384AABE15CF87A2AA4025B17FD84D01E2,complete,1,2,0,0,,87.4375,91.9154228855721,75.68407960199,94.8232323232323,84.8333333333333,90.0416666666667,89.7916666666667,99.1666666666667,70,94.5,5.27980669112536,0,100,25.74774245686,32.8358208955224,95.5223880597015,15.2112732127793,0,100,32.7810707256412,0.3125,1,0,0,7.85416666666667,100,3.70833333333333,100,12.25,30,10.5,18,6.5625,21,8.5,0,100,100,48.2253723009742,43.7234119258779,479.570783795014,791.069320026824,-36.2361547802605,88.4328358208955,95.1492537313433,92.8030303030303,3.70833333333333,100,16.6498554243115,10,0.114793979705421,24.2339578875499,33.3333333333333,-0.00410714285714283,0.160217486115414,0,0,0,95.4166666666667,91.25,52.9166666666667,90.8333333333333,91.6666666666667,95,89.5833333333333,47.5,100,94.1666666666667,95.4166666666667,92.5,60,100,92.9166666666667,90.4166666666667,92.5,87.9166666666667,96.6666666666667,92.0833333333333,-0.000595238095238366,0,-0.00177683013503927,0,-0.00119047619047673,0,0,7.51482163252604e-07
太阳能板直角边源.txt,太阳能板直角边源,2,太阳能板直角边源:s2:b14,937,AA061D0F55894CE25E41CB5B6A7974FB1960887947F235C1137A2EC38087CCC4,complete,1,2,0,0,,87.4791666666667,92.0398009950249,75.7462686567164,94.760101010101,84.8333333333333,90.125,90.2083333333333,99.1666666666667,70,94.5,5.32932650665098,0,100,25.6357518876754,32.8358208955224,95.5223880597015,15.267017812467,0,100,32.6711803494825,0.270833333333333,1,0,0,7.83333333333333,100,3.66666666666667,100,12.25,30,10.625,18,6.52083333333333,21,8.5,0,100,100,48.4201372921178,43.5795413441366,474.26145700735,790.795236573948,-39.417899106174,88.4328358208955,95.1492537313433,92.8030303030303,3.66666666666667,100,16.5487874901009,10,0.116255429349948,23.7583825948669,29.1666666666667,-0.00410714285714286,0.171279697261169,0,0,0,95.8333333333333,91.25,52.9166666666667,90.4166666666667,91.25,95,89.5833333333333,47.5,100,94.5833333333333,95.8333333333333,92.5,60,100,92.9166666666667,90.4166666666667,92.5,88.3333333333333,96.6666666666667,92.0833333333333,0.00122549019607815,0.00365817968978632,0.00182908984489337,-0.00185680332739141,0.00245098039215714,-0.00122549019607847,4.29838130743261e-05,0.00572838209245988
太阳能板直角边源.txt,太阳能板直角边源,2,太阳能板直角边源:s2:b15,971,3CBB69507B4785C31A389FC046C8FB2262F1EF2A7D78C6047A223B146F3963C1,complete,1,2,0,0,,87.3958333333333,91.9154228855721,75.7462686567164,94.6338383838384,84.6666666666667,90.125,90,99.1666666666667,69,94.5,5.47122744090802,0,100,25.6831476894344,32.8358208955224,95.5223880597015,15.2416203853367,0,100,32.7596254933638,0.270833333333333,1,0,0,7.85416666666667,100,3.6875,100,12.3333333333333,31,10.625,18,6.5625,21,8.5,0,100,100,48.3882221022468,43.4638878907654,479.579348016684,789.201311953936,-36.634537675922,88.4328358208955,95.1492537313433,92.8030303030303,3.6875,100,16.6151711792742,10,0.122914520526847,24.0601542538615,29.1666666666667,-0.00410714285714286,0.171279697261169,0,0,0,95,91.25,52.9166666666667,90,91.25,95,89.5833333333333,47.5,100,94.1666666666667,95.8333333333333,92.5,60,100,92.9166666666667,90.4166666666667,92.5,88.3333333333333,96.6666666666667,92.0833333333333,-0.00245098039215672,-0.00365817968978632,0,-0.00371360665478323,0,0.000612745098039233,0.000195855622849961,-0.000938682055031095
太阳能板直角边源.txt,太阳能板直角边源,2,太阳能板直角边源:s2:b16,1006,31302DD86F58EB5C0AAFBAAA93700E18CCDA93A7B6652EA02CC0F76323601E4D,complete,1,2,0,0,,87.4166666666667,91.9776119402985,75.68407960199,94.6969696969697,84.7083333333333,90.125,90,99.1666666666667,69.5,94.5,5.42671865516528,0,100,25.7324311382279,32.8358208955224,95.5223880597015,15.2112732127793,0,100,32.7810707256412,0.270833333333333,1,0,0,7.875,100,3.66666666666667,100,12.3125,30.5,10.625,18,6.54166666666667,21,8.5,0,100,100,48.4092648673833,43.4782608695652,478.546867465138,785.813542983763,-40.2169210579243,88.4328358208955,95.1492537313433,93.1818181818182,3.66666666666667,100,16.61717946182,9.5,0.143184896520591,24.3755139298758,29.1666666666667,-0.00410714285714286,0.171279697261169,0,0,0,95.4166666666667,91.25,52.9166666666667,90.4166666666667,91.25,95,89.5833333333333,47.5,100,93.75,95.8333333333333,92.5,60,100,92.9166666666667,90.4166666666667,92.5,87.9166666666667,97.0833333333333,92.0833333333333,0.000595238095238366,0.00177683013503927,-0.00177683013503927,0.00180375180375206,0,-0.000595238095238087,0.000579153599821255,0.000601221861043046
太阳能板直角边源.txt,太阳能板直角边源,2,太阳能板直角边源:s2:b17,1041,9BE1479EA6552D68C8D6230DCCCDDD38502307A07F1E1C35C02FB73F44B08297,complete,1,2,0,0,,87.5208333333333,92.0398009950249,75.8084577114428,94.8232323232323,84.875,90.1666666666667,90.2083333333333,99.1666666666667,70,94.5,5.34968338491546,0,100,25.7105117117311,32.8358208955224,95.5223880597015,15.0930180388068,0,100,32.7139326897539,0.270833333333333,1,0,0,7.85416666666667,100,3.66666666666667,100,12.2083333333333,30,10.7083333333333,20,6.47916666666667,21,8.5,0,100,100,48.3443930839506,43.5871379835959,475.364356663411,785.197268729439,-39.9474330845486,88.4328358208955,95.1492537313433,93.1818181818182,3.66666666666667,100,16.61717946182,9.5,0.143184896520591,24.3755139298758,29.1666666666667,-0.00410714285714286,0.171279697261169,0,0,0,95.8333333333333,91.25,52.9166666666667,91.25,91.6666666666667,95,89.5833333333333,47.5,100,93.75,95.8333333333333,92.5,60,100,92.9166666666667,90.4166666666667,92.5,88.3333333333333,97.0833333333333,92.0833333333333,0.00297619047619061,0.00177683013503887,0.00355366027007814,0.0036075036075033,0.00119047619047592,0,0,-0.00185347952664695
太阳能板直角边源.txt,太阳能板直角边源,2,太阳能板直角边源:s2:b18,1076,3A2C75AE31262DCCEF31A85E44AEC7EEEAC94F7CD93E9D09863C9606CB22DC90,complete,1,2,0,0,,87.4375,92.0398009950249,75.5597014925373,94.8232323232323,84.8333333333333,90.0416666666667,90.2083333333333,99.1666666666667,70,94.5,5.32898656651403,0,100,25.8491923952652,32.8358208955224,95.5223880597015,15.2006573006686,0,100,32.9515344223143,0.270833333333333,1,0,0,7.91666666666667,100,3.66666666666667,100,12.2916666666667,30,10.4583333333333,18,6.5625,21,8.5,0,100,100,48.411210280257,43.6945706251352,473.510575232818,785.941353807101,-40.084876229628,88.4328358208955,95.1492537313433,93.1818181818182,3.66666666666667,100,16.61717946182,9.5,0.143184896520591,24.3755139298758,29.1666666666667,-0.00410714285714286,0.171279697261169,0,0,0,95.8333333333333,91.25,52.9166666666667,90.8333333333333,91.6666666666667,95,89.5833333333333,47.5,100,93.75,95.8333333333333,92.5,59.1666666666667,100,92.9166666666667,90.4166666666667,92.5,87.9166666666667,97.0833333333333,92.0833333333333,-0.00238095238095265,0,-0.00710732054015628,0,-0.00357142857142857,0,0,0.00190906275161069
太阳能板直角边源.txt,太阳能板直角边源,2,太阳能板直角边源:s2:b19,1111,07ABD7D92F44A93D68C9A1AA97C8659D82B00362234FA4EB8E4A4D0C5E38CE72,complete,1,2,0,0,,87.4791666666667,92.0398009950249,75.68407960199,94.8232323232323,84.875,90.0833333333333,90.2083333333333,99.1666666666667,70,94.5,5.24296457514562,0,100,25.7071182544895,32.8358208955224,95.5223880597015,15.2430765890013,0,100,32.8291815855354,0.270833333333333,1,0,0,7.85416666666667,100,3.6875,100,12.25,30,10.5416666666667,18,6.58333333333333,21,8.5,0,100,100,48.3741502855375,43.6880561383202,473.479587465733,790.85584094428,-35.988639620654,88.4328358208955,95.1492537313433,92.8030303030303,3.6875,100,16.6151711792742,10,0.122914520526847,24.0601542538615,29.1666666666667,-0.00410714285714286,0.171279697261169,0,0,0,95.4166666666667,91.25,52.9166666666667,90.8333333333333,91.6666666666667,95.4166666666667,89.5833333333333,47.5,100,94.1666666666667,95.8333333333333,92.5,59.5833333333333,100,92.9166666666667,90.4166666666667,92.5,88.3333333333333,96.6666666666667,92.0833333333333,0.00119047619047592,0,0.00355366027007814,0,0.00119047619047673,0.000595238095238087,-0.000579153599821255,-0.00105885699198568
太阳能板直角边源.txt,太阳能板直角边源,2,太阳能板直角边源:s2:b20,1145,83F4F783FF75B5B40C269180AEDF3740413886B64718C2FC7BCB8135976F502A,complete,1,2,0,0,,87.5,91.9776119402985,75.68407960199,94.9494949494949,84.8333333333333,90.1666666666667,90,99.1666666666667,70,94.5,5.3079104215763,0,100,25.7156095393638,32.8358208955224,95.5223880597015,15.287490163537,0,100,32.8131524700671,0.270833333333333,1,0,0,7.85416666666667,100,3.64583333333333,100,12.2291666666667,30,10.5416666666667,18,6.58333333333333,21,8,0,100,100,48.1624790619765,43.4420289855072,473.493629509917,787.931894559967,-38.288483480203,88.4328358208955,95.1492537313433,93.1818181818182,3.64583333333333,100,16.5507774719082,9.5,0.136025876820967,24.0772941775813,29.1666666666667,-0.00410714285714286,0.171279697261169,0,0,0,95.4166666666667,91.25,52.5,90.8333333333333,91.6666666666667,95,89.5833333333333,47.5,100,94.5833333333333,95.8333333333333,92.5,59.5833333333333,100,92.9166666666667,90.4166666666667,92.5,88.75,97.0833333333333,92.0833333333333,0.000612745098039494,-0.00182908984489295,0,0.00371360665478323,0.00245098039215631,-0.00122549019607841,0.000385628126297647,-0.00622562422238125
太阳能板直角边源.txt,太阳能板直角边源,2,太阳能板直角边源:s2:b21,1179,B289217D88B55C1A1E6A6E920B4F23A1DCE458D18CAC0A530046EAC159C8F436,complete,1,2,0,0,,87.625,92.1641791044776,75.8706467661692,94.9494949494949,84.9583333333333,90.2916666666667,90.625,99.1666666666667,70,95,5.32477801129448,0,100,25.5553545193947,32.8358208955224,95.5223880597015,15.4085745777037,0,100,32.5712870198208,0.270833333333333,1,0,0,7.8125,100,3.625,100,12.1041666666667,30,10.625,18,6.45833333333333,21,8.5,0,100,100,48.3926365835914,43.3757868540477,467.682412758579,781.592549110196,-38.5207443482275,88.8059701492537,95.5223880597015,93.1818181818182,3.625,100,16.5369217042598,9.5,0.133914191135984,24.1164795938744,29.1666666666667,-0.00410714285714286,0.171279697261169,0,0,0,95.8333333333333,91.25,52.9166666666667,90.8333333333333,91.6666666666667,95.4166666666667,89.5833333333333,47.5,100,94.5833333333333,95.8333333333333,92.5,60,100,92.9166666666667,90.8333333333333,92.5,88.75,97.5,92.0833333333333,0.00367647058823529,0.00548726953467928,0.00548726953467969,0,0.00367647058823571,-0.000612745098039233,-6.21084024995111e-05,0.00676933887102393
太阳能板直角边源.txt,太阳能板直角边源,2,太阳能板直角边源:s2:b22,1214,9C7E64C4A5B83AFD13E20541D8F108D8BB922344FD7F1EBF8F52696065764CEB,complete,1,2,0,0,,87.5416666666667,92.1019900497513,75.68407960199,94.9494949494949,84.9583333333333,90.125,90.4166666666667,99.1666666666667,70,94.5,5.2480154979446,0,100,25.6476345609226,32.8358208955224,95.5223880597015,15.2684715938968,0,100,32.7409243384945,0.270833333333333,1,0,0,7.83333333333333,100,3.64583333333333,100,12.1875,30,10.5416666666667,18,6.52083333333333,21,8.5,0,100,100,48.3378430614612,43.6382143376472,467.880690411683,787.413325940011,-41.154700247021,88.4328358208955,95.1492537313433,93.1818181818182,3.64583333333333,100,16.5507774719082,9.5,0.136025876820967,24.0772941775813,29.1666666666667,-0.00410714285714286,0.171279697261169,0,0,0,95.8333333333333,91.25,52.9166666666667,90.8333333333333,91.6666666666667,95.4166666666667,89.5833333333333,47.5,100,94.5833333333333,95.8333333333333,92.5,59.5833333333333,100,92.9166666666667,90.4166666666667,92.5,88.3333333333333,97.0833333333333,92.0833333333333,-0.00238095238095265,-0.00177683013503887,-0.00533049040511742,0,-0.0047619047619049,0.000595238095238112,6.03338767138108e-05,-0.00156552920372032
太阳能板直角边源.txt,太阳能板直角边源,2,太阳能板直角边源:s2:b23,1248,8DFF868C012B02F45FC6CE18CA5664EC7D6C7954C96E23FF10B7CFB9742B066B,complete,1,2,0,0,,87.6041666666667,92.1019900497513,75.8706467661692,94.9494949494949,84.9583333333333,90.25,90.4166666666667,99.1666666666667,70,94.5,5.26881548990536,0,100,25.5195780893232,32.8358208955224,95.5223880597015,15.3013429680499,0,100,32.5066144641178,0.270833333333333,1,0,0,7.83333333333333,100,3.64583333333333,100,12.125,30,10.625,18,6.45833333333333,21,8,0,100,100,48.3205945694861,43.5074899525028,470.025118022795,787.786472311598,-41.9658832444029,88.4328358208955,95.1492537313433,93.1818181818182,3.64583333333333,100,16.5507774719082,9.5,0.136025876820967,24.0772941775813,29.1666666666667,-0.00410714285714286,0.171279697261169,0,0,0,95.8333333333333,91.25,52.9166666666667,90.8333333333333,91.6666666666667,95.4166666666667,89.5833333333333,47.5,100,94.5833333333333,95.8333333333333,92.5,60.4166666666667,100,92.9166666666667,90.4166666666667,92.5,88.75,97.0833333333333,92.0833333333333,0.00183823529411807,0,0.00548726953467969,0,0.00367647058823529,0,0,-0.000507308587501979
太阳能板直角边源.txt,太阳能板直角边源,2,太阳能板直角边源:s2:b24,1283,022128C02132B85A8D3147993E17CFA91D5C571AFFB87FD2E0F71AEFA40547D2,complete,1,2,0,0,,87.6666666666667,92.1641791044776,75.9328358208955,95.0126262626263,85,90.3333333333333,90.625,99.1666666666667,70,94.5,5.30108001027737,0,100,25.5106966759264,32.8358208955224,95.5223880597015,15.3622782557965,0,100,32.4684262546314,0.270833333333333,1,0,0,7.8125,100,3.64583333333333,100,12.0625,30,10.7083333333333,18,6.41666666666667,21,8.5,0,100,100,48.3574969441804,43.397473560517,468.283158120541,783.438780721789,-36.9150924713605,88.8059701492537,95.1492537313433,93.1818181818182,3.64583333333333,100,16.5507774719082,9.5,0.136025876820967,24.0772941775813,29.1666666666667,-0.00410714285714286,0.171279697261169,0,0,0,95.8333333333333,91.25,52.9166666666667,91.25,91.6666666666667,95.4166666666667,89.5833333333333,47.5,100,94.5833333333333,95.8333333333333,92.5,60.4166666666667,100,92.9166666666667,90.8333333333333,92.5,89.1666666666667,97.0833333333333,92.0833333333333,0.00178571428571429,0.00177683013503887,0.00177683013503927,0.00180375180375206,0.00238095238095225,0,0,0.00105435356269388
太阳能板直角边源.txt,太阳能板直角边源,2,太阳能板直角边源:s2:b25,1318,B5A9853DF3B40EEE42DC9060C0665466758C2C90579D975F821EECB84B4C6DD5,complete,1,2,0,0,,87.5416666666667,92.0398009950249,75.7462686567164,94.9494949494949,84.9166666666667,90.1666666666667,90.2083333333333,99.1666666666667,70,94.5,5.25422535279664,0,100,25.5999685384194,32.8358208955224,95.5223880597015,15.267017812467,0,100,32.6711803494825,0.270833333333333,1,0,0,7.83333333333333,100,3.64583333333333,100,12.1875,30,10.625,18,6.5,21,8.5,0,100,100,48.263054402447,43.5509669914207,471.444662838409,788.192297447691,-38.7769689753432,88.4328358208955,95.1492537313433,93.1818181818182,3.64583333333333,100,16.5507774719082,9.5,0.136025876820967,24.0772941775813,29.1666666666667,-0.00410714285714286,0.171279697261169,0,0,0,95.4166666666667,91.25,52.9166666666667,90.8333333333333,91.6666666666667,95.4166666666667,89.5833333333333,47.5,100,94.5833333333333,95.8333333333333,92.5,60,100,92.9166666666667,90.4166666666667,92.5,88.3333333333333,97.0833333333333,92.0833333333333,-0.00357142857142898,-0.00355366027007814,-0.00533049040511742,-0.00180375180375206,-0.0047619047619049,0,0,-0.00269835833523859
太阳能板直角边源.txt,太阳能板直角边源,2,太阳能板直角边源:s2:b26,1352,F7A328D83ED433CC88ADC96FC92453E0C025AFFD546E49E23794F861B8F86807,complete,1,2,0,0,,87.4791666666667,92.1641791044776,75.68407960199,94.6969696969697,84.9166666666667,90.0416666666667,90.4166666666667,99.1666666666667,70,94.5,5.25332020615589,0,100,25.6357518876754,32.8358208955224,95.5223880597015,15.0383728034107,0,100,32.8852219622845,0.270833333333333,1,0,0,7.85416666666667,100,3.64583333333333,100,12.25,30,10.5416666666667,18,6.58333333333333,21,8.5,0,100,100,48.5748208597062,43.7314620559936,470.184309153181,793.289122113719,-42.4216004164589,88.4328358208955,95.1492537313433,92.8030303030303,3.64583333333333,100,16.4662229568455,10,0.119834742462392,23.2732571832051,29.1666666666667,-0.00410714285714286,0.171279697261169,0,0,0,95.8333333333333,91.6666666666667,52.9166666666667,90,91.25,95.4166666666667,90,47.5,100,94.5833333333333,95.8333333333333,92.5,59.5833333333333,100,92.9166666666667,90.4166666666667,92.5,87.9166666666667,96.6666666666667,92.0833333333333,-0.00183823529411765,0.00365817968978632,-0.00182908984489337,-0.00742721330956604,-0.00367647058823529,-2.61228946970625e-17,-0.000476209834075743,0.00916960168409317
太阳能板直角边源.txt,太阳能板直角边源,2,太阳能板直角边源:s2:b27,1387,32FC3A244F322621131E172C8FD29123CE1140299BD6BEFB37401A33A85331CE,complete,1,2,0,0,,88,92.4751243781095,76.5547263681592,95.0757575757576,85.2083333333333,90.7916666666667,91.0416666666667,98.125,72.5,95,5.24404424085076,0,100,25.45153373599,34.3283582089552,95.5223880597015,15.5513081479573,0,100,31.3641502771744,0.4375,1,0,0,7.70833333333333,100,4.20833333333333,100,11.5625,27.5,9.95833333333333,16,6.47916666666667,20.5,8.5,0,100,100,48.5971524288107,42.6705917874396,457.59708298612,804.949172439117,3.81508867809255,91.044776119403,95.5223880597015,91.6666666666667,4.20833333333333,100,17.7956696939123,10,-0.0276628150016926,23.144455967535,45.8333333333333,-0.00209090909090908,0.140835758043906,0,0,0,95.8333333333333,89.1666666666667,42.5,93.75,94.1666666666667,95,92.5,56.25,100,92.9166666666667,95.4166666666667,92.5,63.3333333333333,98.75,93.75,94.5833333333333,91.25,92.5,93.3333333333333,92.5,0.0148809523809527,0.00888415067519556,0.0248756218905474,0.0108225108225107,0.0214285714285718,0.0160714285714286,-0.00421421592754527,0.000638044831558204
太阳能板直角边源.txt,太阳能板直角边源,2,太阳能板直角边源:s2:b28,1421,822A4FA79FCA03E9A436BE3E90AF52EFE600A86537315829D9D2B620E7DD73E3,complete,1,2,0,0,,90.9583333333333,96.2064676616915,80.5348258706468,96.2121212121212,87.8333333333333,94.0833333333333,100,100,85,96,3.75301810914046,0,100,23.6629845320194,62.6865671641791,95.5223880597015,11.8791357472264,0,100,30.561765264053,0,0,0,0,7.6875,100,3.33333333333333,100,9.04166666666667,15,7.33333333333333,8,5.45833333333333,11,3.5,0,100,100,52.1339415973879,38.5794429973953,284.121042779414,748.56611265134,43.8329692332334,95.5223880597015,95.5223880597015,95.8333333333333,3.33333333333333,100,17.075185988721,2,0.092673961421695,28.6059073691335,0,0,0,0,0,0,100,93.3333333333333,45.8333333333333,100,93.75,100,95,56.25,100,94.1666666666667,100,93.75,75,100,94.1666666666667,100,92.5,92.5,100,92.9166666666667,0.0870098039215685,0.109745390693591,0.117061750073164,0.0334224598930482,0.0968137254901958,-0.0257352941176471,0.00353931695362905,0.104023210840504
太阳能板直角边源.txt,太阳能板直角边源,2,太阳能板直角边源:s2:b29,1457,E5955E2EF3FD174BA66C7613055FBDA28B2382CE90DFC56A81A2BBC85F2B1C4B,complete,1,2,0,0,,91.7291666666667,96.7661691542288,82.4004975124378,96.0858585858586,90.2083333333333,93.25,100,100,77.5,96,3.9617167081156,0,100,22.7009509998625,40.2985074626866,94.0298507462687,12.0048479644057,0,100,29.9833435761361,0,0,0,0,6.58333333333333,100,3.875,100,8.27083333333333,22.5,6.16666666666667,10,5.83333333333333,18.5,3.5,0,100,100,50.1715124742098,42.5035593034717,287.171209463575,754.860311454151,20.8460800019554,96.2686567164179,94.0298507462687,95.4545454545455,3.875,100,18.4764382077342,2,0.52537738027755,23.3163750977125,0,0,0,0,0,0,100,95,61.25,100,93.75,99.5833333333333,95,63.75,100,93.75,97.9166666666667,93.75,70,100,94.1666666666667,96.6666666666667,97.5,90,100,92.5,0.0214120370370369,0.0155472636815917,0.0518242122719733,-0.00350729517396194,-0.023148148148148,0.0150462962962963,0.0120195394126626,-0.0545119200882791
太阳能板直角边源.txt,太阳能板直角边源,2,太阳能板直角边源:s2:b30,1491,FE6771C96F38C6BAC7F816917B6ECB4A595E308A636DFA81DBBCF4C8A58D6BE8,complete,1,2,0,0,,91.5625,95.9577114427861,82.5248756218905,96.2752525252525,87.7916666666667,95.3333333333333,100,100,65,96,6.54966394756914,0,100,21.2271714505005,20.8955223880597,95.5223880597015,16.2159674413648,0,100,26.9664221582375,0,0,0,0,5.83333333333333,100,3.27083333333333,100,8.4375,35,6.66666666666667,12,5.72916666666667,26,3,0,100,100,47.7238042062163,39.8067632850241,282.603940008027,644.17839389484,27.4796778668796,97.0149253731343,95.1492537313433,95.4545454545455,3.27083333333333,100,16.9514895400677,1.5,-0.370693826204761,18.6357830222654,0,0,0,0,0,0,95,100,64.1666666666667,95,100,93.3333333333333,89.1666666666667,49.1666666666667,92.0833333333333,100,94.1666666666667,100,85,95,100,95,100,91.25,95,97.9166666666667,-0.00490196078431345,-0.0237781679836113,0.00365817968978632,0.00557040998217464,0.0612745098039219,-0.0177696078431373,-0.0263550354847739,-0.0719914196468695
太阳能板直角边源.txt,太阳能板直角边源,2,太阳能板直角边源:s2:b31,1525,03C0764DEFAE5D16E3CB21FD228550E23D81CD0A3B55C18B0FF0F6C5D176335A,complete,1,2,0,0,,92.0416666666667,97.0149253731343,82.8358208955224,96.3383838383838,89.375,94.7083333333333,100,100,84.5,96.5,3.44496061271946,0,100,22.0565915326708,61.1940298507463,95.5223880597015,10.2748272361829,0,100,29.2703998409586,0,0,0,0,5.91666666666667,100,3.0625,100,7.95833333333333,15.5,6.08333333333333,8,5.625,13,3,0,100,100,48.3030334920676,40.5076257682677,271.853900562223,688.975186555148,26.6876870434864,97.0149253731343,95.5223880597015,96.2121212121212,3.0625,100,16.4796749551556,1.5,-58.041666666666,3.89862104012795e-13,0,0,0,0,0,0,95,100,64.1666666666667,94.1666666666667,100,95,99.1666666666667,52.5,93.75,100,95,100,77.0833333333333,95,98.75,95,100,92.0833333333333,97.5,96.6666666666667,0.0140931372549021,0.0310945273631844,0.00914544922446602,0.00185680332739141,-0.0183823529411765,-0.00612745098039217,-1.69620508354298,0.0170361554662174
太阳能板直角边源.txt,太阳能板直角边源,2,太阳能板直角边源:s2:b32,1560,775CE9BC321F269B4D971E0499E86D4FC0623309762CD2658FD3829CEB70E087,complete,1,2,0,0,,85.1041666666667,94.4029850746269,77.363184079602,83.5227272727273,88.1666666666667,82.0416666666667,96.875,84.7916666666667,60,89.5,6.37075377197929,0,100,24.0735567695928,67.1641791044776,95.5223880597015,9.7293232981782,0,100,31.2750226468324,0.3125,7.5,0.75,10,7.125,100,6.52083333333333,100,13.8333333333333,32.5,7.75,9,10.1458333333333,26,6.5,0,100,100,59.7062234248164,58.6378838552751,525.184036204931,1004.04837670294,275.094677259347,88.4328358208955,88.0597014925373,44.3181818181818,6.52083333333333,100,17.2104419622187,38.5,0.119228554666761,17.4465279978348,4.16666666666667,0,0,12.5,0.92,1.36058575287214e-14,100,92.9166666666667,55.4166666666667,100,93.75,100,92.5,52.9166666666667,100,94.1666666666667,100,92.5,56.25,100,85.8333333333333,93.75,90.8333333333333,89.5833333333333,70.4166666666667,41.25,-0.198214285714286,-0.0746268656716418,-0.15636105188344,-0.366161616161616,-0.361904761904762,0.0988095238095238,1.66173986346665,0.325805426649964
太阳能板直角边源.txt,太阳能板直角边源,2,太阳能板直角边源:s2:b33,1594,8B2EECC1061A9ED7364ED288641DF9546D68419758628B8982C925E301620176,complete,1,2,0,0,,88.5416666666667,93.6567164179104,75.68407960199,96.4015151515152,88.375,88.7083333333333,90.4166666666667,88.125,72.5,95,4.93857193464094,0,100,25.4521850021703,31.3432835820896,95.5223880597015,14.4738929418336,0,100,31.6044462403934,0,0,0,0,7.125,100,3.35416666666667,100,11.4583333333333,27.5,9.91666666666667,14,7.04166666666667,24,7.5,0,100,100,48.6130653266332,46.2687747035573,434.824565954487,702.67874830102,16.7111446560868,92.910447761194,95.5223880597015,96.2121212121212,3.35416666666667,100,16.3372891792833,3,-0.121705758705124,22.5356568771633,0,0,0,0,0,0,95.8333333333333,95,63.75,94.1666666666667,94.5833333333333,95,95,62.9166666666667,93.3333333333333,94.1666666666667,95,87.5,50,92.5,94.1666666666667,95,93.75,93.3333333333333,92.5,93.3333333333333,0.10110294117647,-0.0219490781387184,-0.049385425812116,0.378787878787879,0.196078431372549,-0.0931372549019607,-0.00708630333446722,-0.326269355828919
太阳能板直角边源.txt,太阳能板直角边源,2,太阳能板直角边源:s2:b34,1630,177186C8707032A0475A4E7F87597CDD8219010688223F2397D306CF650764AC,complete,1,2,0,0,,88.3333333333333,94.1542288557214,74.6890547263682,96.2752525252525,86.0416666666667,90.625,90.8333333333333,87.7083333333333,75.5,95,4.2109243709631,0,100,26.315872123647,40.2985074626866,94.0298507462687,12.2563553660074,0,100,33.5481825407357,0,0,0,0,8.41666666666667,100,3.25,100,11.6666666666667,24.5,9.83333333333333,10,7.10416666666667,19.5,8,0,100,100,49.0452261306533,45.3804347826087,432.261090087913,717.249949365379,25.0944161802803,94.0298507462687,90.6716417910448,96.2121212121212,3.25,100,15.9671022065837,3,0.281654654594367,17.942708233046,0,0,0,0,0,0,95,95,63.3333333333333,94.1666666666667,94.1666666666667,95.4166666666667,86.6666666666667,50,92.5,94.1666666666667,95.4166666666667,94.1666666666667,65.8333333333333,93.75,93.75,95.8333333333333,92.5,89.1666666666667,92.5,93.3333333333333,-0.00578703703703691,0.0138197899391928,-0.0276395798783859,-0.00350729517396194,0.0532407407407409,-0.00289351851851851,0.0112044559249859,0.0120044667783365
太阳能板直角边源.txt,太阳能板直角边源,2,太阳能板直角边源:s2:b35,1664,8D6D2BF5BDADFE61E6A6D928AC17FDA6A214160FB74F192C6E3B7EAC19F0A2BD,complete,1,2,0,0,,86.7916666666667,96.8905472636816,67.5373134328358,96.0858585858586,86.4583333333333,87.125,90.2083333333333,88.5416666666667,78,91.5,3.4607006913864,0,100,29.1894204138806,43.2835820895522,82.089552238806,10.1443855943306,0,100,39.6317308688745,0,0,0,0,8.66666666666667,100,8.04166666666667,100,13.2083333333333,22,10.3333333333333,12,8.54166666666667,17.5,9.5,0,100,100,49.0488721208567,49.9039912220546,381.553315546793,1004.28136093143,6.98872767791456,96.2686567164179,62.3134328358209,95.4545454545455,8.04166666666667,100,24.3834855807688,16.5,0.329526588114515,19.4382191013113,0,0,0,0,0,0,95.4166666666667,90.4166666666667,50.8333333333333,95,94.5833333333333,95,95,62.0833333333333,92.5,93.75,95,93.75,63.3333333333333,94.1666666666667,94.5833333333333,95,88.3333333333333,60.4166666666667,92.5,94.1666666666667,-0.0453431372549017,0.0804799531753004,-0.210345332162716,-0.00557040998217464,-0.102941176470588,0.14093137254902,0.00140799804471026,0.000107235005982218
太阳能板直角边源.txt,太阳能板直角边源,2,太阳能板直角边源:s2:b36,1698,FD9995A9FB161D666408A19D9F871B530D21F25E8BE1DAD36C4F5B6FE73E6C23,complete,1,2,0,0,,86.375,97.0771144278607,69.7761194029851,92.3611111111111,86.0833333333333,86.6666666666667,90.2083333333333,88.3333333333333,76,94.5,4.14741931284042,0,100,28.8424490097487,38.8059701492537,95.5223880597015,12.9911522545846,0,100,37.5234444361908,0,0,0,0,8.85416666666666,100,3.20833333333333,100,13.625,24,10,12,8.75,20.5,9.5,0,100,100,49.5128547938469,48.9097194522005,384.255304606572,996.235890744669,24.4859294829415,97.0149253731343,61.5671641791045,92.0454545454545,3.20833333333333,100,15.8549728701266,4,-0.337461255002406,28.8359203386868,0,0,0,0,0,0,95.4166666666667,89.1666666666667,48.3333333333333,94.1666666666667,95,95,92.5,63.3333333333333,93.75,94.1666666666667,95,92.5,66.25,92.5,93.75,95,87.9166666666667,57.5,92.5,93.75,-0.0122549019607845,0.00548726953467969,0.0658472344161546,-0.109551396316102,-0.0134803921568626,-0.142156862745098,-0.0196172895034389,0.0136465492055955
太阳能板直角边源.txt,太阳能板直角边源,2,太阳能板直角边源:s2:b37,1733,6FF5F1B766A3886C7D84302CF20B9A1AC11DAA1F88C815DEB2DC7C11A14AEAF3,complete,1,2,0,0,,87.1875,97.2636815920398,74.1915422885572,90.1515151515152,84.875,89.5,90.8333333333333,88.5416666666667,76.5,94,3.83579394876619,0,100,26.2824919883949,40.2985074626866,95.5223880597015,11.2939873419545,0,100,35.2304134486155,0,0,0,0,7.52083333333333,100,3.08333333333333,100,12.8125,23.5,11,14,7.0625,18,7.5,0,100,100,52.0962536258528,43.9802050194415,435.569871267734,803.811555843439,-11.9248759697986,97.0149253731343,88.0597014925373,90.530303030303,3.08333333333333,100,14.6392503004048,5,-0.281923749189326,25.1825548622664,0,0,0,0,0,0,95,92.5,65.4166666666667,82.5,88.75,96.6666666666667,91.25,49.1666666666667,92.9166666666667,94.5833333333333,95,94.5833333333333,63.3333333333333,93.3333333333333,94.1666666666667,95,92.5,82.5,91.25,93.3333333333333,0.0232142857142857,0.00533049040511701,0.126154939587775,-0.0631313131313131,0.0809523809523808,-0.00357142857142857,0.0015867858803737,0.0738113952001691
太阳能板直角边源.txt,太阳能板直角边源,2,太阳能板直角边源:s2:b38,1768,265864FB9CE87250D3BE16CAD20E0252B007D1D163F0BA2771A88C88BCC2EB08,complete,1,2,0,0,,87.6041666666667,96.7039800995025,73.1965174129353,92.9924242424242,87.3333333333333,87.875,97.5,89.1666666666667,78,95,3.11021866513072,0,100,28.5405929996494,44.7761194029851,95.5223880597015,9.45479957445461,0,100,38.3134547202892,0,0,0.520833333333333,1.5,8.97916666666667,100,3.66666666666667,100,11.875,21,9.625,11,7.52083333333333,16,9,0,100,100,50.2858831975001,48.0306905370844,418.198494176858,846.330712870047,19.3553466574204,96.6417910447761,87.6865671641791,92.4242424242424,3.66666666666667,100,17.0115079123429,3,0.000563625693628088,17.123362658423,0,0,0,45.8333333333333,-0.0125454545454545,0.140835758043906,95,95,55,95,95,95,94.5833333333333,61.25,92.9166666666667,94.5833333333333,93.3333333333333,95,59.5833333333333,95,93.75,94.5833333333333,95,65,92.5,95,0.011904761904762,-0.0159914712153518,-0.0284292821606255,0.0811688311688312,-0.0464285714285714,0.0166666666666667,0.00807106785379869,-0.0517248693815071
太阳能板直角边源.txt,太阳能板直角边源,2,太阳能板直角边源:s2:b39,1803,E11D15D8CF1C345B52E92AD9FAB7B3B0CF1459E561C4F2AB07A2F923DC52AD55,complete,1,2,0,0,,85.9791666666667,95.2114427860697,67.0398009950249,95.8333333333333,85.6666666666667,86.2916666666667,91.0416666666667,87.9166666666667,75,95,4.3923826520829,0,100,27.8873458487336,40.2985074626866,92.5373134328358,12.2123189325278,0,100,36.314969522328,0,0,0,0,7.45833333333333,100,2.60416666666667,100,14.0208333333333,25,11.3333333333333,16,8.39583333333333,19.5,10.5,0,100,100,48.9326274761624,48.691775954519,386.662264425151,983.978839917244,27.2199733638362,94.7761194029851,63.0597014925373,95.4545454545455,2.60416666666667,100,13.5575621821449,4.5,-0.127530067501406,29.9756396355101,0,0,0,0,0,0,97.0833333333333,83.75,49.5833333333333,93.75,94.5833333333333,95,92.5,63.75,92.5,94.1666666666667,95,92.5,62.5,92.5,91.25,95,87.0833333333333,63.75,90,93.3333333333333,-0.0464285714285718,-0.0426439232409381,-0.17590618336887,0.0811688311688312,-0.0452380952380951,-0.0303571428571429,-0.0036598198055724,-0.0386644491810768
太阳能板直角边源.txt,太阳能板直角边源,2,太阳能板直角边源:s2:b40,1837,1C025ED51BB2A6EAC4CFF8A05BEFA2AE29D4304037A062936CC5C8878675E21C,complete,1,2,0,0,,85.3333333333333,91.5422885572139,69.092039800995,95.5176767676768,85.7083333333333,84.9583333333333,90.625,87.9166666666667,74,95.5,4.67339060106738,0,100,28.0675284445773,44.7761194029851,97.0149253731343,11.9846609912974,4.16666666666667,100,34.7031456717333,0,0,0,0,8.95833333333334,100,2.77083333333333,100,14.6666666666667,26,10.8333333333333,14,9.08333333333333,19,10,0,100,100,47.2404636820466,50.19145256917,376.337040409777,1004.9147980533,-5.45360263690441,86.9402985074627,61.9402985074627,96.5909090909091,2.77083333333333,100,14.5917210862937,3.5,-0.716396776358419,17.9428456674742,0,0,0,0,0,0,95.8333333333333,84.5833333333333,52.5,93.3333333333333,93.75,95,92.5,61.6666666666667,93.75,94.1666666666667,95,92.5,59.5833333333333,91.6666666666667,92.9166666666667,94.1666666666667,78.75,60.4166666666667,90.8333333333333,93.75,-0.0189950980392151,-0.107916300848698,0.060359964881475,-0.00928401663695829,-0.0392156862745097,0.00490196078431376,-0.0173196090840298,-0.0497695233563468
太阳能板直角边源.txt,太阳能板直角边源,2,太阳能板直角边源:s2:b41,1872,5191C8E56FEA2081B546A84BE30A13E7C3EDD51547C8256C28A8C4DD285CFB00,complete,1,2,0,0,,90.125,97.1393034825871,77.4253731343284,95.8964646464647,90.5,89.75,100,100,78.5,95.5,3.25125393870012,0,100,25.7471749058751,46.2686567164179,94.0298507462687,9.22492953468223,0,100,36.3831241125188,0,0,0,0,7.125,100,3.27083333333333,100,9.875,21.5,6.25,8,7.52083333333333,17.5,8,0,100,100,47.8553103068083,49.0827371124564,226.93054813209,791.853228110778,25.707360647739,97.0149253731343,87.3134328358209,95.4545454545455,3.27083333333333,100,16.4393920754098,2.5,0.254727219096424,23.4601206376582,0,0,0,0,0,0,95,100,62.5,95,100,96.25,100,62.5,93.75,100,94.5833333333333,96.6666666666667,51.6666666666667,93.75,97.9166666666667,95,100,75.4166666666667,92.5,100,0.136904761904762,0.159914712153518,0.238095238095238,0.0108225108225111,0.136904761904762,0.0142857142857143,0.0277463998701384,0.0175670464217634
太阳能板直角边源.txt,太阳能板直角边源,2,太阳能板直角边源:s2:b42,1906,857BB6F1491FDA9A687199F85566C04BC1A6F23FE73B87D8C18B48F6EF69524D,complete,1,2,0,0,,89.3125,95.9577114427861,76.8034825870647,95.2651515151515,89.5416666666667,89.0833333333333,99.7916666666667,100,64.5,96,5.72904973530211,0,100,26.0076704395413,13.4328358208955,95.5223880597015,14.8471615072626,0,100,35.3421220889243,0,0,0,0,7.52083333333333,100,3,100,10.6875,35.5,7.25,16,7.58333333333333,27.5,8.5,0,100,100,49.7222956889712,48.7159928807526,262.330971197622,756.27296240764,8.05164186808044,96.2686567164179,91.044776119403,95.4545454545455,3,100,16.0107532960048,2,0.464272940105352,22.2234422479563,0,0,0,0,0,0,100,94.5833333333333,61.25,100,92.9166666666667,99.5833333333333,94.5833333333333,59.5833333333333,100,92.9166666666667,98.75,88.3333333333333,50.8333333333333,93.3333333333333,93.3333333333333,97.5,95.8333333333333,80.4166666666667,100,92.5,-0.0238970588235294,-0.0347527070529707,-0.0182908984489316,-0.0185680332739157,-0.0196078431372546,-0.00796568627450979,0.00616310944143905,0.0549113347694961
太阳能板直角边源.txt,太阳能板直角边源,2,太阳能板直角边源:s2:b43,1941,9637BC4693C56D89079E7A62B027D7CBFB35E9E5F59A6F07B94687C14692F2D7,complete,1,2,0,0,,89.6875,96.2064676616915,77.4253731343284,95.5176767676768,90.1666666666667,89.2083333333333,100,100,65.5,96.5,5.60049007948722,0,100,25.8541194674934,13.4328358208955,95.5223880597015,14.7642995744375,0,100,35.2372106318908,0,0,0,0,7.60416666666667,100,2.75,100,10.3125,34.5,6.83333333333333,14,7.375,27.5,8,0,100,100,49.6147403685092,49.433465085639,255.711734654186,739.697368946381,15.3238745329635,96.6417910447761,90.6716417910448,96.2121212121212,2.75,100,15.2590235635072,2,0.71888908155598,13.3885265939093,0,0,0,0,0,0,100,94.5833333333333,64.1666666666667,100,94.5833333333333,100,95,60.4166666666667,100,92.9166666666667,97.5,88.75,52.9166666666667,94.5833333333333,91.6666666666667,97.0833333333333,97.5,78.75,100,93.3333333333333,0.0107142857142857,0.00710732054015669,0.0177683013503907,0.00721500721500701,0.00357142857142817,-0.00714285714285714,0.00727474689858936,-0.00307300915605566
太阳能板直角边源.txt,太阳能板直角边源,2,太阳能板直角边源:s2:b44,1976,9EB59CD2CC8EE2A55900836F6708A435D99C6A4F0CEF48AE2B7540CD0489A96B,complete,1,2,0,0,,87.0416666666667,94.7761194029851,71.952736318408,94.5075757575758,86.2916666666667,87.7916666666667,95.625,91.0416666666667,84,92,1.95000929020455,4.16666666666667,100,23.8454435620547,62.6865671641791,82.089552238806,4.48796481409669,4.16666666666667,100,33.9477937225392,0.145833333333333,1,0.0208333333333333,0.5,6.08333333333333,91.6666666666667,1.14583333333333,45.8333333333333,12.7916666666667,15.5,10.5833333333333,14,7.10416666666667,11,7.5,0,100,100,55.3329347703146,47.2529008807493,345.198224551353,837.325467289825,28.1437534935264,95.8955223880597,78.7313432835821,96.2121212121212,1.14583333333333,45.8333333333333,5.18262078563589,8,0.172743055555555,11.7264635107908,20.8333333333333,-0.0345,0.122474487139159,4.16666666666667,0,0,95,94.5833333333333,56.6666666666667,92.5,93.75,96.25,93.75,60.8333333333333,85,94.5833333333333,100,90.8333333333333,58.3333333333333,94.5833333333333,85.8333333333333,100,92.0833333333333,62.5,100,93.75,-0.0755952380952384,-0.0408670931058992,-0.15636105188344,-0.0288600288600289,-0.0404761904761902,-0.0458333333333333,-0.0156041721714407,0.163376982908724
太阳能板直角边源.txt,太阳能板直角边源,2,太阳能板直角边源:s2:b45,2010,B41B0BAE40AACF06371F339469CA3B5FFFF3512E8E1228993C20284C8230E5B5,complete,1,2,0,0,,86.0625,97.3258706467662,74.4402985074627,86.4267676767677,86.2083333333333,85.9166666666667,95.4166666666667,90.625,83.5,88,1.2006565233057,0,100,24.576243547969,62.6865671641791,85.0746268656716,6.54755641644193,0,100,34.9052915524383,0.0625,1,0.291666666666667,2,6.0625,100,5.27083333333333,100,13.5833333333333,16.5,10.125,12,8.85416666666667,11,6,0,100,100,62.3678932780494,49.8732696432053,304.02087124306,867.945601011293,-23.4823101709408,94.7761194029851,79.1044776119403,87.1212121212121,5.27083333333333,100,19.4560553492821,10,-0.20601228140143,30.8609834634397,8.33333333333333,-0.115,0,29.1666666666667,-0.00374284692417739,0.520195552690558,97.5,96.25,97.9166666666667,46.25,92.9166666666667,97.0833333333333,93.75,95.8333333333333,45,99.5833333333333,96.25,91.6666666666667,84.5833333333333,55.8333333333333,95.4166666666667,100,91.25,93.3333333333333,62.0833333333333,88.75,-0.0287990196078429,0.0749926836406202,0.0731635937957273,-0.23767082590612,-0.0551470588235298,0.121323529411765,-0.011139862851676,0.206910544345143
太阳能板直角边源.txt,太阳能板直角边源,2,太阳能板直角边源:s2:b46,2045,22329579BB20A0689C2F2553FA0BCF4EF2D7014B5DA9F6FF31FF877466A8D784,complete,1,2,0,0,,85.9375,96.6417910447761,73.9427860696517,87.2474747474748,86.2916666666667,85.5833333333333,96.875,84.1666666666667,82.5,89.5,1.40891956755029,0,100,25.6049009776631,64.1791044776119,83.5820895522388,4.69882224193003,0,100,37.3266425308419,0.0625,1,0.3125,1.5,5.45833333333333,100,6.70833333333333,100,13.6875,17.5,8.79166666666667,11,9.4375,13,7,0,100,100,63.6359575656058,50.4541062801933,327.109714463502,858.737986884175,5.66340020014188,95.1492537313433,73.8805970149254,92.0454545454545,6.70833333333333,100,22.4354259802841,9.5,-0.294731532543719,31.9604828040481,8.33333333333333,-0.115,0,29.1666666666667,0.0136680327868852,0.394821573551208,97.0833333333333,94.1666666666667,99.1666666666667,48.3333333333333,92.9166666666667,97.0833333333333,93.75,96.25,47.9166666666667,96.25,99.5833333333333,92.9166666666667,83.75,57.9166666666667,89.1666666666667,100,91.25,88.3333333333333,66.25,86.6666666666667,-0.00357142857142857,-0.01954513148543,-0.0142146410803126,0.0234487734487735,-0.00952380952380939,0.0410714285714286,-0.00253483574692255,0.0362304082158957
太阳能板直角边源.txt,太阳能板直角边源,2,太阳能板直角边源:s2:b47,2080,4EC5AE4CF738C17BEDA3E9CD6F6B029BC97A639D8078271063FB656E5B6052D7,complete,1,2,0,0,,88.8958333333333,96.0820895522388,74.7512437810945,95.959595959596,88.7083333333333,89.0833333333333,99.5833333333333,100,80.5,95.5,3.68598746921207,0,100,26.5937993002651,50.7462686567164,95.5223880597015,10.8338477087008,0,100,35.7613250307953,0.0416666666666667,0.5,0,0,7.6875,100,2.89583333333333,100,11.0625,19.5,8.41666666666667,12,6.5625,13,8,0,100,100,52.4319533879529,46.8472142915409,247.574402085376,707.234901578841,26.8441910549696,96.2686567164179,92.1641791044776,95.4545454545455,2.89583333333333,100,14.8930529289461,3,0.321176316972148,19.7922696484122,8.33333333333333,0,0,0,0,0,99.1666666666667,95,57.0833333333333,100,95,100,93.75,54.1666666666667,100,92.9166666666667,100,87.9166666666667,45.4166666666667,98.75,92.9166666666667,100,94.1666666666667,79.1666666666667,100,92.5,0.0845238095238094,-0.0159914712153518,0.0230987917555081,0.248917748917749,0.1,-0.108928571428571,0.0175973671290248,-0.320114405075798
太阳能板直角边源.txt,太阳能板直角边源,2,太阳能板直角边源:s2:b48,2114,E56E1AC0DDFC59DD6789EC8236D6722FE1845F137D660F54200258E1D06787E0,complete,1,2,0,0,,89.6666666666667,96.2686567164179,76.1194029850746,96.7171717171717,89.5,89.8333333333333,100,100,84.5,95,2.47011118684207,0,100,26.5237744033263,62.6865671641791,94.0298507462687,7.58498107934256,0,100,37.1588161067194,0,0,0,0,8.3125,100,3.41666666666667,100,10.3333333333333,15.5,6.25,8,7.91666666666667,12.5,8,0,100,100,49.3597017344788,48.1416549789621,218.157323779203,834.783641410078,24.1868131318494,95.5223880597015,89.1791044776119,95.4545454545455,3.41666666666667,100,16.7176773810965,2.5,0.104466160555645,15.45991302642,0,0,0,0,0,0,100,94.1666666666667,55.8333333333333,100,96.25,100,95,58.75,100,95,100,94.5833333333333,53.75,100,93.75,100,91.25,71.6666666666667,100,93.3333333333333,0.0226715686274508,0.00548726953467969,0.04023997658765,0.0222816399286986,0.0220588235294113,0.0153186274509804,-0.00637382812989714,-0.0903603427492363
太阳能板直角边源.txt,太阳能板直角边源,2,太阳能板直角边源:s2:b49,2149,D2BA566B241D929C3EE1BF487591FCC69DB06FBE04B8372C86AF51F046B8322B,complete,1,2,0,0,,85.8541666666667,91.728855721393,71.5796019900498,94.3813131313131,85.5416666666667,86.1666666666667,88.3333333333333,88.125,83,90.5,1.88517769123662,8.33333333333333,100,20.9935111182752,62.6865671641791,86.5671641791045,6.24728544947819,8.33333333333333,100,28.5276810195111,0,0,0.104166666666667,1.5,4.8125,91.6666666666667,1.02083333333333,25,14.0416666666667,17,12.25,16,7.54166666666667,12,4,0,100,100,45.3600846648559,48.6072869309086,495.341901113298,829.365978788965,95.574493602244,95.8955223880597,81.7164179104478,88.2575757575758,1.02083333333333,25,3.90728455032784,9.5,-0.0260647653871523,7.41092639509289,0,0,0,8.33333333333333,-0.115,0,94.1666666666667,63.3333333333333,83.75,91.6666666666667,95,94.1666666666667,75,72.5,91.25,94.5833333333333,93.3333333333333,88.75,55.4166666666667,91.6666666666667,92.5,94.1666666666667,85.8333333333333,80,87.9166666666667,92.0833333333333,-0.108928571428571,-0.129708599857854,-0.129708599857854,-0.0667388167388168,-0.104761904761904,-0.0684523809523809,-0.00372945502693708,-0.114274773417797
太阳能板直角边源.txt,太阳能板直角边源,2,太阳能板直角边源:s2:b50,2183,B729A32BD08EB833FF6F299E33E95FC6323E6D699EAAB39922F5D4CE4AA60648,complete,1,2,0,0,,86.0625,90.9825870646766,71.6417910447761,95.7070707070707,85.7916666666667,86.3333333333333,90,91.4583333333333,82.5,92.5,2.21807054813902,8.33333333333333,100,23.568736197243,59.7014925373134,95.5223880597015,7.41712242036576,8.33333333333333,100,32.6978470771022,0.125,1,0.3125,2,5.14583333333333,91.6666666666667,0.708333333333333,20.8333333333333,13.5,17,10.2916666666667,14,8.72916666666667,12.5,5,0,100,100,41.8505081461117,48.4759862221356,394.131614340779,814.946900881628,23.3367685862985,95.1492537313433,79.4776119402985,93.9393939393939,0.708333333333333,20.8333333333333,3.04414523506549,7.5,-0.0504977621457325,6.13371325069909,16.6666666666667,0.046,0.111803398874989,29.1666666666667,-0.01265,0.522601420681153,97.5,47.0833333333333,96.25,94.5833333333333,95.4166666666667,95,62.5,81.6666666666667,93.3333333333333,94.5833333333333,94.1666666666667,73.75,68.3333333333333,92.0833333333333,94.5833333333333,93.3333333333333,78.3333333333333,77.9166666666667,92.5,98.3333333333333,0.00612745098039202,-0.0219490781387184,0.00182908984489295,0.0389928698752233,0.00490196078431345,-0.00919117647058824,-0.000718617551722948,-0.103222838786594
太阳能板直角边源.txt,太阳能板直角边源,2,太阳能板直角边源:s2:b51,2218,1B902D16C08FEF61168DA2FD1BEA1878D6815F5F8A688E7C320B6AB967C4E827,complete,1,2,0,0,,82.0625,85.3233830845771,75.8084577114428,85.1010101010101,82.7083333333333,81.4166666666667,100,79.375,79.5,86.5,1.81965417163477,12.5,100,20.7691536558187,61.1940298507463,89.5522388059701,8.43134736356065,12.5,100,27.3922629982342,0,0,0,0,4.35416666666667,75,3.41666666666667,70.8333333333333,17.9375,20.5,10.8333333333333,14,9.04166666666667,12,4,0,100,100,50.1356959011083,50.3105590062112,629.856121108568,859.440645639047,68.3444056041021,95.5223880597015,73.5074626865672,83.3333333333333,3.41666666666667,70.8333333333333,11.9815720219999,13.5,-0.526968602456075,18.9042826672225,0,0,0,0,0,0,92.9166666666667,52.0833333333333,91.6666666666667,100,77.9166666666667,93.3333333333333,48.3333333333333,92.5,100,78.3333333333333,95,53.3333333333333,79.1666666666667,100,73.3333333333333,99.1666666666667,71.6666666666667,70.4166666666667,91.25,80.8333333333333,-0.114285714285714,-0.161691542288557,0.119047619047619,-0.303030303030303,-0.14047619047619,0.0773809523809524,-0.0136134525802955,0.23671965014276
太阳能板直角边源.txt,太阳能板直角边源,2,太阳能板直角边源:s2:b52,2252,D94FCEFA96936CA5D97F3F50EC233B269C547F120ADE3F8948E64FDDEDF989C5,complete,1,2,0,0,,80.7083333333333,68.7189054726368,80.907960199005,92.6767676767677,81.2083333333333,80.2083333333333,93.9583333333333,96.4583333333333,79,82,0.943129234847053,20.8333333333333,100,20.1859636761927,65.6716417910448,88.0597014925373,7.35126643678361,50,100,12.87626570491,0.104166666666667,1,0.0208333333333333,0.5,5.5,79.1666666666667,5.72916666666667,79.1666666666667,19.1666666666667,21,13.1666666666667,18,11.625,15.5,3,0,100,100,37.8224817391493,50.8592356089773,390.626279958666,902.132773708454,61.3091913342985,78.7313432835821,69.4029850746269,92.0454545454545,5.72916666666667,79.1666666666667,15.3615776344891,20,-0.314789081223844,21.8599643539565,12.5,0.0575,0.117851130197758,4.16666666666667,0,0,78.3333333333333,60,81.25,90.4166666666667,97.5,92.0833333333333,44.1666666666667,81.6666666666667,89.5833333333333,97.0833333333333,94.5833333333333,40.8333333333333,79.5833333333333,89.1666666666667,98.3333333333333,90.4166666666667,43.75,78.75,97.9166666666667,88.75,-0.0398284313725487,-0.488366988586479,0.149985367281241,0.222816399286988,-0.0355392156862744,0.068014705882353,0.00624057415388917,-0.362153357704677
太阳能板直角边源.txt,太阳能板直角边源,2,太阳能板直角边源:s2:b53,2287,C09E6E2B05F9B35698D478418D587CB5139D2F52BFCC290AAF17EA0ADADE31EE,complete,1,2,0,0,,85.1666666666667,90.7960199004975,73.9427860696517,90.8459595959596,86.9166666666667,83.4166666666667,98.125,70.4166666666667,80.5,88.5,2.35291986350109,12.5,100,22.6631130823643,67.1641791044776,86.5671641791045,5.90455803312884,12.5,100,30.9207680886312,0.1875,1.5,0.583333333333333,5,4.375,87.5,3.20833333333333,75,14.0625,18,8.83333333333333,11,8.5625,11.5,5.5,0,100,100,49.9936480153577,53.2120175867122,615.711911086953,855.690461979343,223.709991323264,91.4179104477612,80.2238805970149,79.9242424242424,3.20833333333333,75,11.8420503670432,14,-0.227944424725626,22.1421239042822,20.8333333333333,0.0575,0.122474487139159,20.8333333333333,0.2645,0.561248608016091,100,50.8333333333333,94.5833333333333,100,95,100,55,84.1666666666667,96.6666666666667,92.9166666666667,100,59.5833333333333,81.25,92.9166666666667,81.6666666666667,96.25,80.8333333333333,80,91.6666666666667,70,0.127380952380952,0.630774697938877,-0.199004975124378,-0.0523088023088028,0.0916666666666661,-0.0720238095238095,0.00248127589994909,0.347747607891668
太阳能板直角边源.txt,太阳能板直角边源,2,太阳能板直角边源:s2:b54,2322,7D366B9D6B3758DB6BE0B19C7FADA2C470D00733D98F96BE6EB88A9E4BE86A18,complete,1,2,0,0,,88.3958333333333,97.4502487562189,73.6940298507463,94.1287878787879,88.1666666666667,88.625,99.1666666666667,92.2916666666667,83,95.5,3.22011060661596,4.16666666666667,100,24.9995725116996,59.7014925373134,94.0298507462687,9.07141260230496,4.16666666666667,100,34.5897139910932,0,0,0.270833333333333,1,6.58333333333333,87.5,1.14583333333333,75,11.3333333333333,16,9.58333333333333,12,7.5,12.5,7,0,100,100,49.1948070694586,47.5684958239013,345.908773483128,811.15905432164,13.2840573966992,97.0149253731343,89.1791044776119,95.0757575757576,1.14583333333333,75,7.05102123628876,4.5,0.255469470161517,21.1249992879974,0,0,0,33.3333333333333,-0.0205357142857143,0.129387292376691,97.5,92.9166666666667,57.9166666666667,95.4166666666667,96.6666666666667,95.4166666666667,92.5,62.9166666666667,94.5833333333333,95.8333333333333,95,94.5833333333333,56.25,93.3333333333333,95,95,94.5833333333333,72.0833333333333,93.3333333333333,97.0833333333333,0.0922619047619045,0.190120824449183,-0.00710732054015669,0.093795093795094,0.148809523809524,-0.0589285714285714,0.0138118255682041,-0.0228240270256886
太阳能板直角边源.txt,太阳能板直角边源,2,太阳能板直角边源:s2:b55,2356,B1DA4B49B0F5C548A76C182776E7304BEEFF99AE9E209F9DEC0BAD61314B6DD4,complete,1,2,0,0,,88.5,95.0870646766169,75,95.5176767676768,89.125,87.875,100,100,66,96,6.57068588835886,0,100,25.3852230192822,38.8059701492537,95.5223880597015,14.4857380005973,0,100,34.0516047274102,0,0,0,0,7.875,100,3.20833333333333,100,11.5,34,6.75,10,8,20,9,0,100,100,47.0377248561649,49.5982986767486,237.435404480847,874.198242633019,6.27688970867324,95.5223880597015,94.4029850746269,96.5909090909091,3.20833333333333,100,16.7121970223317,2.5,-0.272596038284204,33.5107404478082,0,0,0,0,0,0,95.4166666666667,92.9166666666667,58.3333333333333,94.5833333333333,100,95,100,60.4166666666667,94.5833333333333,100,95,100,60,87.9166666666667,98.75,92.0833333333333,85.8333333333333,68.75,90.4166666666667,100,0.00306372549019622,-0.069505414105941,0.038410886742757,0.0408496732026143,-0.0220588235294118,0.0606617647058823,-0.0155313384836977,-0.0634435945086388
太阳能板直角边源.txt,太阳能板直角边源,2,太阳能板直角边源:s2:b56,2391,8DC0C9A99BEBC477258055BBCA637270DB867DB38C3B77D135B96511F3923E72,complete,1,2,0,0,,88.0208333333333,94.092039800995,74.8134328358209,95.2651515151515,88.625,87.4166666666667,99.5833333333333,99.7916666666667,63.5,96,7.48981796764152,0,100,25.3394648838019,35.8208955223881,95.5223880597015,15.0179639382179,0,100,34.1321027732044,0,0,0,0,8.20833333333333,100,3.16666666666667,100,11.9791666666667,36.5,7.08333333333333,14,8.14583333333333,22,9,0,100,100,46.7196853834389,49.0359168241966,252.339501651851,908.67028062364,28.3324074965111,95.8955223880597,93.6567164179104,96.5909090909091,3.16666666666667,100,16.6783878382231,2.5,-0.205013238496894,35.434278357866,0,0,0,0,0,0,95,87.9166666666667,58.75,94.5833333333333,100,95,100,60.8333333333333,94.1666666666667,100,94.5833333333333,100,59.5833333333333,88.75,97.5,92.9166666666667,84.1666666666667,67.0833333333333,89.5833333333333,100,-0.0136904761904759,-0.0284292821606255,-0.00533049040511742,-0.00721500721500701,-0.013095238095238,-0.0011904761904762,0.00193093713678029,-0.00908684207788428
太阳能板直角边源.txt,太阳能板直角边源,2,太阳能板直角边源:s2:b57,2426,F275513D468CF5E73A01494A081B1763A1E7BA6FC7B973A978A3919DD7A3CAA8,complete,1,2,0,0,,87.9791666666667,94.0298507462687,74.7512437810945,95.2651515151515,88.5,87.4583333333333,99.5833333333333,99.7916666666667,64,96,7.45344852585273,0,100,25.4056203169825,37.3134328358209,95.5223880597015,14.8402286944833,0,100,34.2663042509026,0,0,0,0,8.22916666666667,100,3.16666666666667,100,12.0208333333333,36,7,12,8.29166666666667,22,9,0,100,100,46.6805430967663,48.8207369452189,251.736614815329,909.593734174979,28.7813679933895,95.8955223880597,93.6567164179104,96.5909090909091,3.16666666666667,100,16.6783878382231,2.5,-0.205013238496894,35.434278357866,0,0,0,0,0,0,95,87.5,58.3333333333333,94.5833333333333,100,95,100,60.4166666666667,94.1666666666667,100,94.5833333333333,100,59.5833333333333,88.75,97.5,92.9166666666667,84.1666666666667,67.5,89.5833333333333,100,-0.00119047619047673,-0.00177683013503887,-0.00177683013503887,0,0.00119047619047633,0,0,-0.00111835104778858
太阳能板直角边源.txt,太阳能板直角边源,2,太阳能板直角边源:s2:b58,2460,9CFB58AFD93AABA86E4ED66ED4A05628C723AB6677A520D185075B2ABCFDF6F1,interrupted_by_connection_loss,0,2,0,0,,NaN,NaN,NaN,NaN,NaN,NaN,NaN,NaN,NaN,NaN,NaN,NaN,NaN,NaN,NaN,NaN,NaN,NaN,NaN,NaN,NaN,NaN,NaN,NaN,NaN,NaN,NaN,NaN,NaN,NaN,NaN,NaN,NaN,NaN,NaN,NaN,NaN,NaN,NaN,NaN,NaN,NaN,NaN,NaN,NaN,NaN,NaN,NaN,NaN,NaN,NaN,NaN,NaN,NaN,NaN,NaN,NaN,NaN,NaN,NaN,NaN,NaN,NaN,NaN,NaN,NaN,NaN,NaN,NaN,NaN,NaN,NaN,NaN,NaN,NaN,NaN,NaN,NaN,NaN,NaN,NaN,NaN,NaN,NaN,NaN,NaN
太阳能板直角边源.txt,太阳能板直角边源,3,太阳能板直角边源:s3:b1,3,398BB92D8840509E09A70AA7A163F1E77EC52F9818CAACB8BDABD36FB5AE83AB,complete,1,1,1,0,,90.0833333333333,94.6517412935323,92.1641791044776,83.3333333333333,91.4166666666667,88.75,96.4583333333333,61.0416666666667,80,92,2.99879202733174,0,100,24.6682341391594,88.0597014925373,94.0298507462687,1.82797741998745,0,100,23.2615507048224,0,0,0.666666666666667,7,5.47916666666667,100,6.64583333333333,100,9.25,20,15.0833333333333,16,3.20833333333333,11,6,0,100,100,68.7006460875807,56.0010960906101,828.50973272317,994.669440110081,55.6661379867656,94.4029850746269,89.1791044776119,69.3181818181818,6.64583333333333,100,21.4465753429757,16.5,-0.22381507491577,22.8965225620285,0,0,0,16.6666666666667,0.0352743142144638,1.00845861494405,96.25,95,95,88.3333333333333,84.1666666666667,93.75,95.8333333333333,95,86.25,84.5833333333333,94.5833333333333,95,95,87.9166666666667,82.9166666666667,93.75,92.9166666666667,94.5833333333333,87.0833333333333,63.75,0,0,0,0,0,0,0,0
太阳能板直角边源.txt,太阳能板直角边源,3,太阳能板直角边源:s3:b2,173,473A1590E71D21521EB65A3D316FD43738C0BE8B844D0FC240C26F6C3B6779C7,complete,1,1,1,0,,89.4583333333333,94.3407960199005,91.3557213930348,82.5757575757576,90.875,88.0416666666667,96.25,59.7916666666667,79.5,91.5,3.10650323013522,0,100,25.5621812776112,88.0597014925373,94.0298507462687,1.86621233782958,0,100,24.8555743316373,0,0,0.791666666666667,7.5,6.47916666666667,100,6.95833333333333,100,9.75,20.5,15.125,16,3.29166666666667,11.5,6.5,0,100,100,68.2364391125588,55.7827805464856,822.089569975527,1000.22353307417,53.1484721671743,94.0298507462687,88.4328358208955,67.8030303030303,6.95833333333333,100,21.9333144318268,16.5,-0.33657546996283,19.3933082243802,0,0,0,20.8333333333333,0.039001743679163,1.05898406678539,95.8333333333333,95,95,86.25,83.3333333333333,93.3333333333333,95.4166666666667,94.1666666666667,85.8333333333333,84.5833333333333,93.75,95,94.5833333333333,86.25,82.0833333333333,93.75,92.0833333333333,93.75,87.0833333333333,62.0833333333333,-0.00367647058823538,-0.0018290898448932,-0.00475563359672226,-0.00445632798573979,-0.00416666666666672,0.00183823529411765,-0.0006632964414533,-0.00273062926483484
太阳能板直角边源.txt,太阳能板直角边源,3,太阳能板直角边源:s3:b3,207,BD1F37F5790785E5D5AE9654E8A7FB130166523CF92C65B00D93470979CCDA4B,complete,1,1,1,0,,89.4791666666667,94.3407960199005,91.3557213930348,82.6388888888889,90.875,88.0833333333333,96.25,60,79.5,91.5,3.11196557020558,0,100,25.5486198424001,88.0597014925373,94.0298507462687,1.86621233782958,0,100,24.8555743316373,0,0,0.791666666666667,7.5,6.47916666666667,100,6.95833333333333,100,9.72916666666667,20.5,15.125,16,3.29166666666667,11.5,6.5,0,100,100,68.192447385442,55.7554885923375,822.738222454405,1001.82727924854,52.6462028456343,94.0298507462687,88.4328358208955,67.8030303030303,6.95833333333333,100,21.9333144318268,16.5,-0.33657546996283,19.3933082243802,0,0,0,20.8333333333333,0.039001743679163,1.05898406678539,95.8333333333333,95,95,86.25,83.3333333333333,93.3333333333333,95.4166666666667,94.1666666666667,85.8333333333333,84.5833333333333,93.75,95,94.5833333333333,86.25,82.5,93.75,92.0833333333333,93.75,87.0833333333333,62.0833333333333,0.000612745098039494,0,0,0.00185680332739141,0.00122549019607899,0,0,-0.00129387432696399
太阳能板直角边源.txt,太阳能板直角边源,3,太阳能板直角边源:s3:b4,242,002B1E4C14F970A88FA95E01404B9E2632B4C912226B8B65852281B93DF90AC2,complete,1,1,1,0,,89.4375,94.3407960199005,91.2935323383085,82.5757575757576,90.8333333333333,88.0416666666667,96.25,59.7916666666667,79.5,91.5,3.09386665348803,0,100,25.6200246085676,88.0597014925373,94.0298507462687,1.79680377739954,0,100,25.0392299870351,0,0,0.791666666666667,7.5,6.5,100,6.95833333333333,100,9.77083333333333,20.5,15.125,16,3.29166666666667,11.5,6.5,0,100,100,68.225744105141,55.7070577137467,820.525969424696,1001.15208297616,53.4534300999764,94.0298507462687,88.4328358208955,67.8030303030303,6.95833333333333,100,21.9333144318268,16.5,-0.33657546996283,19.3933082243802,0,0,0,20.8333333333333,0.039001743679163,1.05898406678539,95.8333333333333,95,95,85.8333333333333,83.3333333333333,93.3333333333333,95.4166666666667,94.1666666666667,85.8333333333333,84.5833333333333,93.75,95,94.5833333333333,86.25,82.0833333333333,93.75,92.0833333333333,93.75,87.0833333333333,62.0833333333333,-0.00119047619047633,0,-0.00177683013503927,-0.00180375180375165,-0.00119047619047673,0,0,0.000951334848543541
太阳能板直角边源.txt,太阳能板直角边源,3,太阳能板直角边源:s3:b5,276,045899872D1051AD00AEA82E2C55027DFD0619BDD73D1C416F995631742FA364,complete,1,2,0,0,,89.4375,94.3407960199005,91.3557213930348,82.5126262626263,90.8333333333333,88.0416666666667,96.25,59.7916666666667,79.5,91.5,3.05497633948,0,100,25.67105206015,88.0597014925373,94.0298507462687,1.70341357375754,0,100,25.0348392854667,0,0,0.791666666666667,7.5,6.5,100,6.9375,100,9.77083333333333,20.5,15.125,16,3.29166666666667,11.5,7,0,100,100,68.2832307494077,55.6727553383072,820.016017826283,999.305326154191,55.1530454344479,94.0298507462687,88.8059701492537,67.8030303030303,6.9375,100,21.9300028369285,16.5,-0.331424278837461,19.4984129198419,0,0,0,20.8333333333333,0.039001743679163,1.05898406678539,95.8333333333333,95,95,85.8333333333333,83.3333333333333,93.3333333333333,95.4166666666667,94.1666666666667,85.8333333333333,84.5833333333333,93.75,95,94.5833333333333,85.8333333333333,82.0833333333333,93.75,92.0833333333333,94.1666666666667,87.0833333333333,62.0833333333333,0,0,0.00182908984489337,-0.00185680332739141,0,-0.000612745098039181,0.00015150562133441,0.00169078365490303
太阳能板直角边源.txt,太阳能板直角边源,3,太阳能板直角边源:s3:b6,311,75650D27EF457A3AEA56BB819449BFEDC5B30CFBE092F355B93960CD85F4EDC9,complete,1,2,0,0,,89.5,94.4651741293532,91.3557213930348,82.5757575757576,90.9166666666667,88.0833333333333,96.4583333333333,59.7916666666667,79.5,91.5,3.12075799042198,0,100,25.555525210576,88.0597014925373,94.0298507462687,1.86621233782958,0,100,24.8555743316373,0,0,0.791666666666667,7.5,6.45833333333333,100,6.95833333333333,100,9.70833333333333,20.5,15.0416666666667,16,3.29166666666667,11.5,6.5,0,100,100,68.4583632447954,55.8661145617667,812.758976788363,998.760002495712,49.3783741739358,94.0298507462687,88.4328358208955,67.8030303030303,6.95833333333333,100,21.9333144318268,16.5,-0.33657546996283,19.3933082243802,0,0,0,20.8333333333333,0.039001743679163,1.05898406678539,96.25,95,95,86.25,83.3333333333333,93.3333333333333,95.4166666666667,94.1666666666667,85.8333333333333,84.5833333333333,94.1666666666667,95,94.5833333333333,86.25,82.0833333333333,93.75,92.0833333333333,93.75,87.0833333333333,62.0833333333333,0.00178571428571429,0.00355366027007814,0,0.00180375180375165,0.00119047619047673,0.000595238095238061,-0.000147176889296284,0.00500378558250369
太阳能板直角边源.txt,太阳能板直角边源,3,太阳能板直角边源:s3:b7,346,4D9F030A7353B72E1C33C0BC8750DF4F171867591BAD6F773EFB3B7344ABC0FC,complete,1,2,0,0,,89.875,95.4601990049751,91.6666666666667,82.3863636363636,91.3333333333333,88.4166666666667,96.4583333333333,60.2083333333333,79.5,92,3.30759994426538,0,100,24.9668610624587,86.5671641791045,94.0298507462687,2.52513267643358,0,100,24.2197258003702,0,0,0.979166666666667,7,5.72916666666667,100,6.95833333333333,100,9.14583333333333,20.5,14.9583333333333,16,3.3125,11.5,6.5,0,100,100,69.6455528672167,56.2175702272321,798.340580048607,1012.37762838405,41.7196831671143,95.5223880597015,86.5671641791045,67.8030303030303,6.95833333333333,100,21.9412681726215,17,-0.318691047813985,23.8190324293839,0,0,0,29.1666666666667,0.0372039473684211,0.782810430847726,95.8333333333333,96.25,95,87.9166666666667,82.0833333333333,95,95,94.1666666666667,87.0833333333333,85,94.1666666666667,95.8333333333333,95,87.5,82.5,94.5833333333333,93.3333333333333,93.3333333333333,84.5833333333333,63.3333333333333,0.0107142857142857,0.0284292821606255,0.00888415067519515,-0.00541125541125536,0.00952380952380939,0,0.000510983489967019,0.0339197034977527
太阳能板直角边源.txt,太阳能板直角边源,3,太阳能板直角边源:s3:b8,381,1C4F987ED31939FD577D3B3228D1EFAAAA1316089B47F9F03A8AD6EE01517E66,complete,1,2,0,0,,93,93.8432835820896,91.8532338308458,93.3080808080808,95.5833333333333,90.4166666666667,88.5416666666667,90.625,82.5,96.5,4.41095474235799,0,100,17.2316305059595,88.0597014925373,94.0298507462687,1.52331451665621,0,100,23.3620948709149,0.395833333333333,6.5,0,0,2.22916666666667,100,4.10416666666667,100,6.60416666666667,17.5,11.1666666666667,16,2.47916666666667,9.5,2,0,100,100,50.3738932759033,64.7256728778468,900.763379663963,945.050318489085,-433.538852326307,70.5223880597015,89.5522388059701,91.6666666666667,4.10416666666667,100,14.6406655994862,16.5,0.419755034992475,17.4288730066003,8.33333333333333,0.804999999999999,1.00485917355762e-14,0,0,0,100,98.3333333333333,95,89.5833333333333,96.25,100,97.5,95.8333333333333,88.75,94.5833333333333,97.0833333333333,97.0833333333333,94.5833333333333,87.9166666666667,94.5833333333333,64.5833333333333,95,93.75,85.4166666666667,94.1666666666667,0.0892857142857143,-0.0461975835110163,0.00533049040511742,0.312049062049062,0.0571428571428571,-0.081547619047619,0.021098459508756,-0.550618845466097
太阳能板直角边源.txt,太阳能板直角边源,3,太阳能板直角边源:s3:b9,415,F17527B10B05DF6F7C2613CFCEDB6F7FEF07928FF96EE4E95623A3447CA66D7F,complete,1,2,0,0,,90.2291666666667,89.2412935323383,93.4701492537313,87.9419191919192,93.6666666666667,86.7916666666667,88.125,85.2083333333333,84,95.5,3.92865494923453,50,100,12.6325848182546,89.5522388059701,97.0149253731343,1.90897189099033,50,100,13.3787083148065,0.25,4,0.354166666666667,4.5,1.375,37.5,2.39583333333333,41.6666666666667,9.16666666666667,16,12.25,16,3.97916666666667,8.5,0,0,100,100,50.4494755226023,59.5253545934922,1000.57240784197,916.649694104133,-436.160611334941,77.2388059701492,91.044776119403,88.2575757575758,2.39583333333333,41.6666666666667,6.98263854616887,16,0.114623280758387,10.3691274314764,8.33333333333333,0.46,0,8.33333333333333,-0.115,0,100,97.0833333333333,94.5833333333333,95.8333333333333,77.5,98.3333333333333,96.25,93.75,93.3333333333333,90,74.1666666666667,89.1666666666667,92.9166666666667,93.3333333333333,89.5833333333333,82.9166666666667,72.9166666666667,92.5,92.9166666666667,87.5,-0.0814950980392155,-0.135352648522096,0.0475563359672226,-0.157828282828283,-0.106617647058824,-0.0502450980392157,-0.00897446335982611,0.00222300725585356
太阳能板直角边源.txt,太阳能板直角边源,3,太阳能板直角边源:s3:b10,450,506BA5D824C7953A54E844B1F667BAC4A8E1D3EBB92B994E8883969DEB2D2C3C,complete,1,2,0,0,,82.5208333333333,87.8109452736318,94.589552238806,64.8989898989899,77.125,87.9166666666667,87.9166666666667,46.25,70.5,89,6.49829269662536,25,100,18.0811877823114,91.044776119403,98.5074626865672,2.36247242719943,75,100,8.49015712329815,0.145833333333333,2.5,8.79166666666667,28,9.625,66.6666666666667,1.70833333333333,25,8.54166666666667,13.5,13.375,18,11,28,1,0,100,100,67.1042938171189,40.3016012851739,1020.78319657597,922.94415588809,-498.063424604265,80.5970149253731,91.7910447761194,89.0151515151515,1.70833333333333,25,4.87472171319839,13.5,-0.00543353202818025,6.05046661379998,8.33333333333333,0.345,8.88178419700125e-16,54.1666666666667,-0.508021978021978,1.03305470752545,98.3333333333333,98.75,95.8333333333333,74.1666666666667,0.416666666666667,81.25,98.3333333333333,92.5,93.75,37.9166666666667,77.0833333333333,96.25,89.1666666666667,93.75,86.25,91.25,71.6666666666667,91.6666666666667,92.5,89.5833333333333,-0.220238095238096,-0.0408670931058988,0.0319829424307041,-0.658369408369409,0.0321428571428571,-0.0196428571428571,-0.00343019465104478,0.475851951271902
太阳能板直角边源.txt,太阳能板直角边源,3,太阳能板直角边源:s3:b11,484,D4036D94CEFF6BC951BA680BE76814C4EA3B451E39A471A8EC4C6E46F6597B45,complete,1,2,0,0,,69.25,86.0074626865672,92.4129353233831,28.7247474747475,64.875,73.625,84.5833333333333,2.5,63.5,81,5.38314600113774,0,100,33.1668792027061,89.5522388059701,97.0149253731343,2.28342586049575,75,100,8.29934270900277,0.104166666666667,2.5,21.9583333333333,31,22.8541666666667,100,7.5,100,8.6875,14,11.625,15,21.9583333333333,31,18,0,94.5,100,72.8112105241655,45.2662896194179,781.657725547282,836.437483750508,-93.2757423390892,81.7164179104478,90.2985074626866,61.3636363636364,7.5,100,23.893725245051,13,0.00430290617322558,7.3361744162034,4.16666666666667,0,0,100,-0.2507,1.94340051341857,85.8333333333333,96.25,93.3333333333333,47.0833333333333,0,82.9166666666667,91.25,91.6666666666667,60.4166666666667,0,81.25,87.0833333333333,91.6666666666667,87.5,5,91.6666666666667,72.9166666666667,90.8333333333333,91.25,37.0833333333333,-0.39031862745098,-0.0530436055019023,-0.0640181445712617,-1.06394830659537,-0.420343137254902,0.170343137254902,0.000286365829453113,0.167850491383724
太阳能板直角边源.txt,太阳能板直角边源,3,太阳能板直角边源:s3:b12,519,E4E1A780F22913998512151A7B5450D696569A0D59158D7D306DBE43422857CA,complete,1,2,0,0,,61.5,85.4477611940299,90.9825870646766,7.26010101010101,60.7916666666667,62.2083333333333,91.0416666666667,0,59,67.5,2.31723223208018,0,100,39.8849371029364,88.0597014925373,95.5223880597015,1.55478044465765,83.3333333333333,100,6.38931493935311,0.125,1.5,30.0625,33.5,28.8125,100,24.0625,100,8.3125,11,10.5416666666667,12,30.0625,33.5,30.5,0,77,100,73.4745154343143,49.3412384716732,617.803436527351,868.640248258739,-10.9182747919912,85.8208955223881,91.7910447761194,16.6666666666667,24.0625,100,41.7721393286564,9.5,0.0945395668108045,5.62087401261428,12.5,-0.115,3.5527136788005e-15,100,-0.0690500000000002,1.95262852385545,82.0833333333333,95.4166666666667,93.3333333333333,37.5,0,87.9166666666667,87.5,88.75,35.4166666666667,0,87.5,75.4166666666667,92.5,49.1666666666667,0,90,77.5,91.6666666666667,58.3333333333333,0,-0.221428571428571,-0.0159914712153518,-0.0408670931058992,-0.613275613275613,-0.326190476190476,0.473214285714286,0.00257819030393083,0.0189515688613942
太阳能板直角边源.txt,太阳能板直角边源,3,太阳能板直角边源:s3:b13,553,DAEA405109D2EE3D2EB9DB81EEDA50921C2EA38576F86ECE4C37435A295B82F1,complete,1,2,0,0,,58.5833333333333,71.5174129353234,82.1517412935323,21.5277777777778,58.2083333333333,58.9583333333333,44.375,1.66666666666667,54.5,60.5,1.86306588524229,0,100,31.9232748537323,73.134328358209,92.5373134328358,6.75386728243867,29.1666666666667,100,14.3020486437015,5.4375,11.5,16.375,24,22.5208333333333,100,18.3333333333333,100,19.6041666666667,32,12.2083333333333,16,18.7916666666667,24,19.5,0,92,100,63.4480248324115,50.0481147756102,1034.16006047439,895.075144051793,120.894962821321,87.3134328358209,76.865671641791,12.5,18.3333333333333,100,31.5531775749349,32.5,0.516915488988659,21.8134046419021,95.8333333333333,-0.118599185010922,0.265077957450612,100,-0.1616,0.674449587720841,44.5833333333333,80,94.5833333333333,79.5833333333333,0,56.6666666666667,77.9166666666667,89.5833333333333,50.4166666666667,8.75,72.0833333333333,76.25,88.3333333333333,32.9166666666667,26.6666666666667,86.6666666666667,80.8333333333333,78.75,27.5,19.5833333333333,-0.0857843137254903,-0.409716125256072,-0.259730757974831,0.419637551990493,-0.0955882352941174,-0.168504901960784,0.0124228212405251,-0.294896782408906
太阳能板直角边源.txt,太阳能板直角边源,3,太阳能板直角边源:s3:b14,588,90BE92A727B56BD90B097CCDDC77BA373B6B87A1BE406548A8DF74ED5BA6DC58,complete,1,2,0,0,,60.5833333333333,29.3532338308458,72.3258706467662,80.3661616161616,62.1666666666667,59,13.75,77.0833333333333,56.5,63.5,2.11447735687891,0,100,32.3419362055047,59.7014925373134,88.0597014925373,8.94417625569724,25,100,23.6226371065666,12.6458333333333,25,1.91666666666667,6,19.5208333333333,100,21.2083333333333,100,24.8541666666667,35,10.375,13,22.375,26,19.5,0,100,100,35.2624645425861,51.2271348469529,842.936012511355,909.972976437427,41.1897124989497,35.4477611940299,69.7761194029851,70.0757575757576,21.2083333333333,100,34.2376035675073,31.5,-0.373870689545775,26.3322036480782,62.5,-0.151142857142857,1.18375244087176,58.3333333333333,-0.0849230769230769,0.408984652328024,23.75,47.5,78.75,91.25,70,3.75,62.0833333333333,82.0833333333333,81.25,81.25,1.25,82.9166666666667,77.9166666666667,47.0833333333333,91.6666666666667,7.5,84.5833333333333,82.0833333333333,19.5833333333333,95.4166666666667,0.0571428571428573,-1.2046908315565,-0.280739161336176,1.68109668109668,0.00119047619047612,0.0821428571428571,-0.0254510336724124,-0.805301722566441
太阳能板直角边源.txt,太阳能板直角边源,3,太阳能板直角边源:s3:b15,623,909CCDC484128823CE965BDC7DA15C51F6F08F62C6D92897CE03EB0C47464E47,complete,1,2,0,0,,56.1666666666667,32.8980099502488,52.3009950248756,83.7121212121212,61.3333333333333,51,71.0416666666667,94.375,43,64.5,6.33085382432161,0,95.8333333333333,31.44505013691,32.8358208955224,64.1791044776119,9.5668201357955,0,87.5,24.3851537395328,3.9375,33,0.0416666666666667,1,20.7916666666667,100,26.0625,100,39.8541666666667,53,9,13,32.6666666666667,36.5,21,0,100,100,37.0586296501519,54.0233922962473,451.703457856067,918.60570464232,-75.1476762411859,5.22388059701492,61.9402985074627,67.8030303030303,26.0625,100,34.8858449353961,45.5,-0.460012996242413,23.6186425011972,12.5,-0.287499999999999,0.353553390593274,4.16666666666667,0,0,97.5,5.83333333333333,34.5833333333333,77.5,95.8333333333333,70,0,61.25,77.5,93.3333333333333,36.6666666666667,4.58333333333333,76.25,63.3333333333333,92.9166666666667,5.41666666666667,17.9166666666667,82.9166666666667,36.6666666666667,93.3333333333333,-0.126190476190476,0.101279317697228,-0.572139303482587,0.0955988455988457,-0.228571428571429,0.138690476190476,-0.00246120876276108,0.0513190030733087
太阳能板直角边源.txt,太阳能板直角边源,3,太阳能板直角边源:s3:b16,658,C2D773FA65EF338A395526764030A6795387764D127C99F2ADEF9EA7126B2F49,complete,1,2,0,0,,49.7708333333333,70.3980099502487,14.4278606965174,64.709595959596,52.75,46.7916666666667,83.125,84.375,39.5,56,4.64612780960537,0,95.8333333333333,30.2089939568497,0,41.7910447761194,13.2379449707961,0,37.5,12.7361605050846,1.5,9.5,0.0416666666666667,0.5,26.2708333333333,100,31.2083333333333,100,48.6875,60.5,6.20833333333333,8,43.6875,51,26,0,100,100,51.2956737232408,51.7843939913079,440.765380434659,954.248358331561,-209.740810527311,28.7313432835821,23.8805970149254,74.6212121212121,31.2083333333333,100,36.582604072355,50,-0.032834153070766,28.1988595502515,29.1666666666667,-0.349107142857143,0.223035642799943,8.33333333333333,0,0,70.4166666666667,99.5833333333333,18.75,0,63.75,99.5833333333333,70,0,24.5833333333333,80.8333333333333,98.3333333333333,16.6666666666667,0,57.5,77.5,57.0833333333333,0,3.75,70,87.0833333333333,-0.182738095238095,1.07142857142857,-1.08208955223881,-0.542929292929293,-0.120238095238095,0.147023809523809,0.0122051098049042,0.406772687802541
太阳能板直角边源.txt,太阳能板直角边源,3,太阳能板直角边源:s3:b17,691,1F62F3A0170C6EB346E0A9D5FB670CF1B94F38AFC8F763AE3F74B17C4AB7A82C,complete,1,2,0,0,,48.2708333333333,79.0422885572139,45.0248756218905,20.3282828282828,56.75,39.7916666666667,76.4583333333333,41.0416666666667,29,59,10.2182479212295,0,87.5,27.4334809803468,0,100,41.105592762358,16.6666666666667,66.6666666666667,15.0448055213263,3.04166666666667,18,14.7291666666667,45.5,22.0625,100,33.3333333333333,100,33.9583333333333,71,2.25,4,48.1666666666667,68,27,0,100,100,62.8150822578459,55.4991332364426,596.694983520985,923.700015122254,-179.490866934457,45.8955223880597,0,48.4848484848485,33.3333333333333,100,32.8482288992909,67,0.871848995133143,20.2786188751092,29.1666666666667,-0.575,0.174963553055941,45.8333333333333,-0.218308970099668,10.440394740799,41.6666666666667,100,100,46.6666666666667,0,97.5,100,76.6666666666667,1.25,3.75,100,82.0833333333333,8.33333333333333,0,40,84.5833333333333,7.5,0,1.25,74.1666666666667,-0.0454545454545452,0.261947836574703,0.927182270465852,-1.34488827670646,-0.212121212121212,0.0643939393939394,0.0274146408546639,0.349072985897122
太阳能板直角边源.txt,太阳能板直角边源,3,太阳能板直角边源:s3:b18,726,96AF894A23EA2D439731C333983503C269AEE98751BA4CF50490EA5A2AC7A95B,complete,1,2,0,0,,64.375,84.3905472636816,68.2835820895522,40.0883838383838,93.2083333333333,35.5416666666667,87.9166666666667,28.75,0,100,35.2602898949833,20.8333333333333,91.6666666666667,19.5645915164623,0,100,43.1507954439144,54.1666666666667,79.1666666666667,6.84096733746529,8.35416666666667,100,35.5208333333333,100,0,0,35.625,79.1666666666667,8.41666666666667,100,0.916666666666667,4,35.5208333333333,100,3.5,16.6666666666667,100,91.6666666666667,65.5408622057656,78.0091533180777,681.498564524624,327.985810378764,-257.648265145767,11.1940298507463,0,0,35.625,79.1666666666667,19.5645915164623,100,0.657761194029851,4.08587225992543,4.16666666666667,0,0,70.8333333333333,1.30023284313725,5.459425544686,100,100,100,100,99.1666666666667,100,100,100,95.8333333333333,37.0833333333333,100,100,76.6666666666667,14.1666666666667,0,45.8333333333333,18.75,0,0,0,0.460119047619048,0.152807391613362,0.66453447050462,0.564574314574315,-0.121428571428571,0.0654761904761906,-0.00611679431723693,0.0778794270834215
太阳能板直角边源.txt,太阳能板直角边源,3,太阳能板直角边源:s3:b19,761,DE0C0FBA8AF7FB4711E60D34DC9A37D886371793C5511AB8341D4C6C8E723CCA,complete,1,2,0,0,,65.8333333333333,70.5223880597015,69.3407960199005,57.5126262626263,100,31.6666666666667,69.7916666666667,53.125,0,100,44.7533498058031,50,70.8333333333333,6.43059844142891,0,100,45.9777738914538,62.5,70.8333333333333,2.13958066390536,29.2708333333333,100,33.9791666666667,100,0,0,34.1666666666667,50,29.25,100,0.416666666666667,3,33.9791666666667,100,0,29.1666666666667,100,70.8333333333333,54.6883809290354,83.7195121951219,886.480991791846,129.004917351608,-93.6412162914773,0,0,0,34.1666666666667,50,6.4305984414289,100,0.190310945273632,3.26506017520969,4.16666666666667,0,0,20.8333333333333,2.4265,0.731436941916388,100,100,100,100,100,100,100,100,100,100,81.25,83.3333333333333,79.5833333333333,52.0833333333333,20.4166666666667,0,0,0,0,0,0.0416666666666665,-0.396233120113718,0.0302061122956644,0.497835497835498,-0.110714285714286,-0.0416666666666669,-0.0133557213930348,-0.310070893620863
太阳能板直角边源.txt,太阳能板直角边源,3,太阳能板直角边源:s3:b20,796,680FA16025D607574AEFAA3C60F3ED1F28F7861632738D67107B27390F774E4A,complete,1,2,0,0,,66.0625,70.3358208955224,69.4651741293532,58.270202020202,100,32.125,69.1666666666667,53.9583333333333,0,100,44.8881006068084,50,70.8333333333333,6.03008550384622,0,100,45.9714537656473,62.5,70.8333333333333,2.10069278965115,29.3333333333333,100,33.6875,100,0,0,33.9375,50,29.25,100,0.416666666666667,3,33.6875,100,0,29.1666666666667,100,70.8333333333333,54.3447748256322,83.9111751674806,888.548543009815,124.443535809506,-85.9507424874498,0,0,0,33.9375,50,6.03008550384622,100,0.175180348258706,3.21708560589898,4.16666666666667,0,0,20.8333333333333,2.53,1.20830459735945,100,100,100,100,100,100,100,100,100,100,80,83.3333333333333,80.4166666666667,53.3333333333333,24.1666666666667,0,0,0,0,0,0.00654761904761918,-0.00533049040511701,0.00355366027007814,0.0216450216450217,0.0130952380952382,-0.00654761904761878,-0.00043230277185501,-0.00981731724009316
太阳能板直角边源.txt,太阳能板直角边源,3,太阳能板直角边源:s3:b21,831,38DE4B9185EF540518BB55A14462AE3CD7B611FB21C38B6F88F6DE597366D92A,complete,1,2,0,0,,65.875,70.5223880597015,69.3407960199005,57.6388888888889,100,31.75,69.7916666666667,53.125,0,100,44.7804426449567,50,70.8333333333333,6.3540336573387,0,100,45.9777738914538,62.5,70.8333333333333,2.13958066390536,29.2708333333333,100,33.8958333333333,100,0,0,34.125,50,29.2916666666667,100,0.583333333333333,5,33.8958333333333,100,0,29.1666666666667,100,70.8333333333333,54.6394978555782,83.7553750597228,885.730596016524,128.125104547548,-92.3640385882317,0,0,0,34.125,50,6.35403365733869,100,0.188097014925373,3.22363410247979,4.16666666666667,0,0,20.8333333333333,2.507,0.734846922834958,100,100,100,100,100,100,100,100,100,100,81.25,83.3333333333333,79.5833333333333,51.6666666666667,21.6666666666667,0,0,0,0,0,-0.00535714285714286,0.00533049040511701,-0.00355366027007814,-0.0180375180375181,-0.0107142857142857,0.00535714285714306,0.00036904761904762,0.00842065799845995
太阳能板直角边源.txt,太阳能板直角边源,3,太阳能板直角边源:s3:b22,865,18C43016AECACF7B09C0B5B3BEAF76B14D66E61C763ABFEBE3CCA82289A24DAE,complete,1,2,0,0,,67.0833333333333,70.5845771144279,70.8955223880597,59.6590909090909,100,34.1666666666667,70,56.0416666666667,0,100,44.4941780917231,54.1666666666667,75,5.86287089783772,0,100,44.5571109439856,66.6666666666667,75,3.0335991421021,26.5,100,31.0833333333333,100,0,0,32.9166666666667,45.8333333333333,25.3333333333333,100,0.875,12,31.0833333333333,100,0,29.1666666666667,100,75,54.1848482920934,84.4578976334617,892.459750358489,116.702009305498,-80.4798814159552,0,0,0,32.9166666666667,45.8333333333333,5.86287089783772,100,0.16365671641791,3.41430382412458,8.33333333333333,7.58999999999998,0,20.8333333333333,2.668,1.35646599662505,100,100,100,100,100,100,100,100,100,100,81.6666666666667,87.0833333333333,85.8333333333333,57.0833333333333,30,0,0,0,0,0,0.0355392156862744,0.00182908984489337,0.0457272461223297,0.05941770647653,0.0710784313725489,-0.0355392156862744,-0.000718832309043026,-0.0133720459848491
太阳能板直角边源.txt,太阳能板直角边源,3,太阳能板直角边源:s3:b23,900,0836BF8BBB73D9F1A24CF3650677501E401A17C36F38454D7533C2043A0C5D99,complete,1,2,0,0,,70.6041666666667,71.2064676616915,74.1293532338308,66.4141414141414,100,41.2083333333333,68.9583333333333,63.75,0,100,44.0927824042091,58.3333333333333,75,3.92288299944811,0,100,43.9236759556315,70.8333333333333,75,1.70679492088384,26.2708333333333,100,28.125,100,0,0,29.3958333333333,41.6666666666667,25,100,0.25,2,28.125,100,0,25,100,75,51.9372197628824,86.565186577512,915.736726015749,85.4422127508695,-33.6488259702462,0,0,0,29.3958333333333,41.6666666666667,3.92288299944811,100,0.0676554726368157,3.3851653758179,8.33333333333333,4.94499999999999,0,16.6666666666667,3.21999999999999,3.17214438511238,100,100,100,100,100,100,100,100,100,100,79.5833333333333,95,100,76.6666666666667,60.8333333333333,0,0,0,0,0,0.100595238095238,0.0177683013503911,0.0923951670220325,0.193001443001443,0.201190476190476,-0.100595238095239,-0.00274289267945984,-0.0642179579774551
太阳能板直角边源.txt,太阳能板直角边源,3,太阳能板直角边源:s3:b24,934,EA4620B6DCC1FE253839D32BFBE91B1B8C8A59200811E8E803AC15C9B2829E45,complete,1,2,0,0,,70.3125,63.3706467661692,77.5497512437811,70.0126262626263,78.0833333333333,62.5416666666667,53.75,70.4166666666667,1.5,100,26.8513672633824,45.8333333333333,83.3333333333333,7.50648216991693,0,100,33.5809478980119,70.8333333333333,83.3333333333333,2.28853365734898,18.5208333333333,93,10.875,57.5,10.9166666666667,29.1666666666667,18.7708333333333,54.1666666666667,0.291666666666667,4.5,1.25,6,29.3541666666667,93,0,8.33333333333333,100,100,46.7654059772547,58.2425629290617,977.703525259103,1503.0646998553,-761.271837528806,0,22.0149253731343,69.3181818181818,18.7708333333333,54.1666666666667,14.3731715997884,98.5,-0.47504742076702,4.16598810066091,54.1666666666667,1.62516483516484,6.8133241744395,29.1666666666667,-0.486444780635401,6.41832023710958,100,100,69.5833333333333,15.8333333333333,0,99.1666666666667,100,100,100,96.25,35.4166666666667,87.5,100,100,100,0,3.33333333333333,44.5833333333333,70,84.5833333333333,-0.00857843137254916,-0.230465320456541,0.100599941469125,0.105837789661319,0.627450980392157,-0.3125,-0.0159618498059952,-0.152112170165522
太阳能板直角边源.txt,太阳能板直角边源,3,太阳能板直角边源:s3:b25,969,A00ECBC8EA9151C08DF72F99630765C2A695BF0C5D98375CA8D8B052562EF703,complete,1,2,0,0,,70.2083333333333,64.8009950248756,77.4253731343284,68.3712121212121,77,63.4166666666667,56.0416666666667,66.6666666666667,0,100,27.0618922932738,50,79.1666666666667,6.96152282993236,0,100,33.6553746471709,70.8333333333333,79.1666666666667,2.52817183887423,18.2291666666667,100,15.6666666666667,100,11.5,29.1666666666667,18.2916666666667,50,4.22916666666667,100,0.916666666666667,3,29.7291666666667,100,0,8.33333333333333,100,95.8333333333333,48.2004427733071,57.5463666768014,989.824299875486,1524.76081164992,-775.946718904744,0,22.3880597014925,67.8030303030303,18.2916666666667,50,13.5662626133864,100,-0.446679104477612,3.89662736902542,45.8333333333333,1.60163636363636,4.43120042314525,29.1666666666667,-1.56071428571429,2.15235988190277,100,100,68.3333333333333,14.1666666666667,0,100,100,100,100,87.5,42.0833333333333,89.5833333333333,100,100,100,0,4.58333333333333,45,69.5833333333333,83.3333333333333,-0.00297619047619061,0.0408670931058988,-0.00355366027007814,-0.046897546897547,0.025,-0.0136904761904761,0.00081052332255451,0.0410010513157829
太阳能板直角边源.txt,太阳能板直角边源,3,太阳能板直角边源:s3:b26,1003,6097A9D7F2BFD990C4B264FC394D55243D2A9E3AB9EF249D8507C47A4F34D2C7,complete,1,2,0,0,,45.1875,18.4701492537313,43.8432835820896,73.6742424242424,62.8333333333333,27.5416666666667,33.125,81.0416666666667,16,72.5,19.8723166085714,0,83.3333333333333,24.6807417033476,0,100,43.9702794358864,25,58.3333333333333,10.7670419531889,20.2708333333333,57,7.5,82,16.9375,100,38.7291666666667,100,27.0416666666667,79.5,1.70833333333333,3,53.8541666666667,82,27.5,25,100,100,38.2112004339447,60.5539305603754,630.878122285809,799.175270060673,366.432077075127,47.0149253731343,0,9.46969696969697,38.7291666666667,100,29.677559202874,80.5,-0.878576108797585,13.6822109747156,58.3333333333333,0.0213274255435776,14.0687435023237,20.8333333333333,0.795010768126346,5.03287113050036,0,64.1666666666667,100,100,85,0,3.75,75.4166666666667,100,100,20.4166666666667,0,2.5,50.8333333333333,98.75,71.6666666666667,0,0,0,31.25,-0.735906862745098,-1.36267193444542,-0.987708516242318,0.155971479500891,-1.05514705882353,0.60110294117647,-0.0127028530682345,-0.293801245275364
太阳能板直角边源.txt,太阳能板直角边源,3,太阳能板直角边源:s3:b27,1038,25B2C0A88DFA518609A63C59A40CCD449B83A272F9E0F89F45D2F15B8CF0FCAF,complete,1,2,0,0,,49.7916666666667,89.0547263681592,33.2089552238806,26.7676767676768,53.8333333333333,45.75,100,54.1666666666667,41,56.5,4.84076140854853,0,100,33.2146914999214,2.98507462686567,59.7014925373134,14.8358770402018,0,58.3333333333333,17.2860014032974,0,0,12.625,43.5,25.625,100,28.7916666666667,100,37.5833333333333,53.5,6.83333333333333,11,40.7708333333333,43.5,28,0,100,100,63.8453679184304,52.3326718383547,406.562872584332,883.250999866588,135.942566132235,86.9402985074627,53.3582089552239,1.51515151515152,28.7916666666667,100,36.5329668014601,40.5,0.532689427197241,22.858962645519,0,0,0,33.3333333333333,-0.462738095238094,1.1656032568507,98.3333333333333,72.0833333333333,0.833333333333333,9.16666666666667,97.0833333333333,100,73.3333333333333,30,0,57.5,98.3333333333333,59.1666666666667,62.0833333333333,0,11.25,87.0833333333333,60.4166666666667,56.6666666666667,22.5,0,0.131547619047619,2.01670220326937,-0.303837953091684,-1.34018759018759,0.520238095238095,-0.283928571428571,0.040321872456995,0.732404785271019
太阳能板直角边源.txt,太阳能板直角边源,3,太阳能板直角边源:s3:b28,1073,B6C5A29C9F545834E8E0964BCA691F0334DE9ABFDF9CE4390AB994379B42E0B0,complete,1,2,0,0,,68.2708333333333,76.5547263681592,81.7786069651741,46.1489898989899,68.375,68.1666666666667,85.625,8.75,65.5,72.5,1.750646878372,0,100,28.9540512662598,74.6268656716418,89.5522388059701,3.43690097780234,29.1666666666667,100,15.5705840478879,0,0,15.3541666666667,26,16.2083333333333,100,10.75,100,16.375,25,11.9166666666667,15,16.4791666666667,26,13.5,0,96,100,64.6502373984169,49.6531445373833,919.773666066026,885.54026817652,-259.227483373968,60.8208955223881,81.7164179104478,68.9393939393939,10.75,100,24.7557865368384,23.5,-0.29826690652168,22.4741835250761,0,0,0,100,-0.21485,0.568256242380874,87.9166666666667,91.6666666666667,89.1666666666667,73.3333333333333,0,86.6666666666667,76.6666666666667,80,88.3333333333333,10,88.3333333333333,43.3333333333333,80,87.5,34.1666666666667,85.4166666666667,45,74.5833333333333,97.5,45.8333333333333,0.527976190476191,-0.357142857142857,1.38770433546553,0.553751803751804,0.64047619047619,-0.51547619047619,-0.0237416095348263,0.0229962708567576
太阳能板直角边源.txt,太阳能板直角边源,3,太阳能板直角边源:s3:b29,1108,23FD1679ABBE02A19E6E937DAAB7A70870F0C1628AA4146B9FAAFA6C69449EEA,complete,1,2,0,0,,91.2708333333333,96.8283582089552,89.0547263681592,87.8787878787879,93.5833333333333,88.9583333333333,100,84.375,85,95.5,3.06444961604451,66.6666666666667,100,8.93550370988753,85.0746268656716,92.5373134328358,2.35648606210622,70.8333333333333,100,8.26473727381191,0,0,0,0,0.5,16.6666666666667,1.375,20.8333333333333,8.72916666666667,15,9.16666666666667,14,3.02083333333333,4.5,0,0,100,100,61.4156702366246,59.6139877555256,586.951039649652,828.87319611625,-103.311622779891,88.8059701492537,89.1791044776119,83.7121212121212,1.375,20.8333333333333,3.69173515180113,15,-0.0213407750957904,4.3248290983284,0,0,0,0,0,0,100,100,85,100,90,100,97.5,83.3333333333333,95.4166666666667,84.5833333333333,99.1666666666667,79.5833333333333,93.3333333333333,93.3333333333333,85,97.9166666666667,78.3333333333333,91.6666666666667,89.5833333333333,81.6666666666667,0.657142857142857,0.579246624022743,0.207889125799574,1.19227994227994,0.594047619047619,-0.267857142857143,0.00791217518359685,-0.0924162046226355
太阳能板直角边源.txt,太阳能板直角边源,3,太阳能板直角边源:s3:b30,1141,60EBE83AEE22AD9F36DB58B5BCB1C9210361ADC9A30BA55E31E8A07A3F490398,complete,1,2,0,0,,78.7708333333333,56.0945273631841,92.1641791044776,88.1944444444444,74.75,82.7916666666667,27.5,97.0833333333333,72.5,87,4.72500095851535,20.8333333333333,100,24.0197169003317,73.134328358209,100,9.80452452065169,70.8333333333333,100,8.95774275888959,8.4375,22.5,0,0,10.5833333333333,79.1666666666667,2.20833333333333,79.1666666666667,12.7916666666667,27.5,8.125,15,13.9791666666667,23.5,5.5,0,100,100,28.606723509599,44.0926739770448,797.655491373364,845.516484300749,238.3476397885,89.1791044776119,79.4776119402985,89.0151515151515,2.20833333333333,79.1666666666667,7.59857516250772,15,-0.0768592553629234,13.9598370996115,79.1666666666667,-0.304245614035088,1.10334001442995,0,0,0,11.25,77.0833333333333,100,97.5,84.1666666666667,10.4166666666667,89.5833333333333,100,77.9166666666667,99.5833333333333,45.4166666666667,94.1666666666667,91.6666666666667,73.3333333333333,100,84.1666666666667,92.9166666666667,76.6666666666667,76.6666666666667,92.9166666666667,-0.378787878787879,-1.23435851047791,0.0942258404944971,0.00956535047444144,-0.186868686868687,0.0252525252525253,-0.00168237818991312,-0.994210506879564
太阳能板直角边源.txt,太阳能板直角边源,3,太阳能板直角边源:s3:b31,1176,1F0993D7817E8C6CA216047BD9F5149A42761D94C0BAF44AAD5A0C583B973571,complete,1,2,0,0,,91,84.9502487562189,93.0348258706468,95.0757575757576,93.75,88.25,88.5416666666667,88.75,83,94.5,3.91485465330729,20.8333333333333,100,15.9795549162375,85.0746268656716,100,5.27538651482467,45.8333333333333,100,14.8361572988138,0,0,0.354166666666667,5,1.75,79.1666666666667,3.625,70.8333333333333,8.64583333333333,17,12.375,17,3.20833333333333,6.5,1,0,100,100,36.4600781686209,61.3929146537842,927.022902215027,914.01231974816,441.438832200005,85.4477611940299,86.5671641791045,78.7878787878788,3.625,70.8333333333333,10.6521539410858,16.5,-0.227199756055267,15.0424726715664,0,0,0,12.5,0.5175,0.117851130197758,77.9166666666667,95,99.5833333333333,98.75,100,77.0833333333333,94.5833333333333,95.8333333333333,98.75,100,80,90.4166666666667,93.75,94.1666666666667,99.5833333333333,82.0833333333333,85.4166666666667,92.5,88.75,75.8333333333333,0.349404761904762,0.824449182658138,0.0248756218905474,0.196608946608947,0.155952380952381,0.0404761904761905,-0.00429544287692411,0.224381561686339
太阳能板直角边源.txt,太阳能板直角边源,3,太阳能板直角边源:s3:b32,1211,7217B1B4319F85FA3106B4A1DCCC55BE895EADF9AE16E3A75A3CC13C8A90D2D3,complete,1,2,0,0,,91.125,86.6293532338308,92.5995024875622,94.1919191919192,92.2083333333333,90.0416666666667,92.0833333333333,97.9166666666667,88,93.5,1.44651004294745,0,100,24.2608126901005,91.044776119403,94.0298507462687,1.20365737930139,0,100,24.2286397942748,0,0,0.0208333333333333,0.5,4.72916666666667,100,6.77083333333333,100,8.85416666666667,11.5,14.2083333333333,17,2.47916666666667,3,5.5,0,100,100,41.8040908769198,54.1232904674423,484.477972109556,926.869008305389,87.5098245800935,85.4477611940299,91.044776119403,90.530303030303,6.77083333333333,100,22.51169704949,8.5,-0.233670729244345,28.6712244872829,0,0,0,4.16666666666667,0,0,96.25,75.8333333333333,95,95.8333333333333,97.9166666666667,96.25,77.0833333333333,94.5833333333333,94.5833333333333,98.75,95.8333333333333,76.25,92.9166666666667,93.75,96.25,95.4166666666667,75.4166666666667,90,92.5,92.0833333333333,0.00357142857142857,0.0479744136460551,-0.0124378109452737,-0.0252525252525252,0.0511904761904759,0.0898809523809524,-0.00018488494825937,0.152686077379969
太阳能板直角边源.txt,太阳能板直角边源,3,太阳能板直角边源:s3:b33,1246,20E484847A066D0097F1606ACB5EAF749A527A9D7E61DC4DA231357F36347BF2,complete,1,2,0,0,,90.7708333333333,86.6293532338308,92.7238805970149,92.9924242424242,91.75,89.7916666666667,92.2916666666667,96.6666666666667,88,92.5,1.3185892219459,0,100,24.9576606159846,91.044776119403,94.0298507462687,1.10580098559066,0,100,23.9833618014376,0,0,0.0208333333333333,0.5,5.4375,100,7.1875,100,9.20833333333333,11.5,15.0416666666667,18,2.52083333333333,3,6,0,100,100,43.4962623501253,53.6264599077436,537.218393524529,931.036254133418,75.036487830462,85.0746268656716,91.044776119403,89.3939393939394,7.1875,100,23.38046172274,8,-0.0158601122162713,29.2727155603163,0,0,0,4.16666666666667,0,0,96.6666666666667,75.4166666666667,95,95,96.6666666666667,96.6666666666667,76.25,94.5833333333333,94.1666666666667,97.0833333333333,95.8333333333333,76.25,93.75,92.5,95,95,75.4166666666667,90.8333333333333,92.5,90.8333333333333,-0.0101190476190478,0,0.00355366027007814,-0.0342712842712842,-0.00714285714285674,0.0119047619047619,0.0062231604865164,0.0483477563773014
太阳能板直角边源.txt,太阳能板直角边源,3,太阳能板直角边源:s3:b34,1281,4E4921FBEE0C28933EABC72330A84588457ED34AA1947FDA5D4961EA00FBC87B,complete,1,2,0,0,,90.7708333333333,86.6293532338308,92.8482587064677,92.8661616161616,91.7083333333333,89.8333333333333,92.0833333333333,96.4583333333333,87.5,92.5,1.2767074387102,0,100,24.9646508183107,91.044776119403,94.0298507462687,1.07620896829739,0,100,23.7570427506306,0,0,0.0208333333333333,0.5,5.5,100,7.35416666666667,100,9.20833333333333,12,15.125,18,2.52083333333333,3,6.5,0,100,100,43.6187710561838,53.5872018843851,546.463683588809,930.380669417111,62.8750039634819,85.0746268656716,91.4179104477612,89.3939393939394,7.35416666666667,100,23.4476794849138,8.5,-0.0177208397535108,28.4384496949192,0,0,0,4.16666666666667,0,0,96.6666666666667,76.25,95,95,96.25,96.6666666666667,75.8333333333333,94.5833333333333,93.75,97.0833333333333,95.8333333333333,75.8333333333333,94.1666666666667,92.5,95,94.5833333333333,75.8333333333333,91.25,92.5,90.8333333333333,0,0,0.00355366027007814,-0.00360750360750371,0.00119047619047592,0.0047619047619048,-5.31636439211306e-05,0.00350024874452889
太阳能板直角边源.txt,太阳能板直角边源,3,太阳能板直角边源:s3:b35,1315,AEDD5C1414A14158B237A355C89ABF2A6DC801EBF0B7FFD4C168355BFB7FF116,interrupted_by_connection_loss,0,2,0,0,,NaN,NaN,NaN,NaN,NaN,NaN,NaN,NaN,NaN,NaN,NaN,NaN,NaN,NaN,NaN,NaN,NaN,NaN,NaN,NaN,NaN,NaN,NaN,NaN,NaN,NaN,NaN,NaN,NaN,NaN,NaN,NaN,NaN,NaN,NaN,NaN,NaN,NaN,NaN,NaN,NaN,NaN,NaN,NaN,NaN,NaN,NaN,NaN,NaN,NaN,NaN,NaN,NaN,NaN,NaN,NaN,NaN,NaN,NaN,NaN,NaN,NaN,NaN,NaN,NaN,NaN,NaN,NaN,NaN,NaN,NaN,NaN,NaN,NaN,NaN,NaN,NaN,NaN,NaN,NaN,NaN,NaN,NaN,NaN,NaN,NaN
太阳能板直角边源.txt,太阳能板直角边源,4,太阳能板直角边源:s4:orphan1,NaN,C243FB3BC61148DA5454AC9C758AEEEEEE2F027BDC4285D23C57C231E23813D6,incomplete_row_count,0,1,0,0,,NaN,NaN,NaN,NaN,NaN,NaN,NaN,NaN,NaN,NaN,NaN,NaN,NaN,NaN,NaN,NaN,NaN,NaN,NaN,NaN,NaN,NaN,NaN,NaN,NaN,NaN,NaN,NaN,NaN,NaN,NaN,NaN,NaN,NaN,NaN,NaN,NaN,NaN,NaN,NaN,NaN,NaN,NaN,NaN,NaN,NaN,NaN,NaN,NaN,NaN,NaN,NaN,NaN,NaN,NaN,NaN,NaN,NaN,NaN,NaN,NaN,NaN,NaN,NaN,NaN,NaN,NaN,NaN,NaN,NaN,NaN,NaN,NaN,NaN,NaN,NaN,NaN,NaN,NaN,NaN,NaN,NaN,NaN,NaN,NaN,NaN
太阳能板直角边源.txt,太阳能板直角边源,4,太阳能板直角边源:s4:b2,3990,2ED97FA0B21C76F1EE37D77427E63402996828972904DA0CCC04463A3DAFCF91,complete,1,1,1,0,,24.9166666666667,19.2164179104478,20.2114427860697,35.479797979798,0.166666666666667,49.6666666666667,24.375,46.6666666666667,0,89,35.270589628664,0,54.1666666666667,11.8953420496874,0,92.5373134328358,37.6325849182437,0,29.1666666666667,5.99231986644388,67.6458333333333,100,46.0625,100,73.875,100,7.54166666666667,100,53.0416666666667,100,5.33333333333333,19,72.4791666666667,100,67,70.8333333333333,100,54.1666666666667,47.3619484771248,38.1532596631762,779.678111142731,600.099617707117,-79.7115646573131,82.8358208955224,91.044776119403,89.0151515151515,7.54166666666667,100,24.8824357448894,6.5,0.118458297950281,9.21030340171462,25,-1.06128571428571,0.543358164784606,41.6666666666667,0.00627272727272727,0.127920429813366,0,0,0,0,0,0,0,0,0,1.66666666666667,3.33333333333333,0,0,15.4166666666667,70,84.5833333333333,67.5,75,89.5833333333333,91.25,0,0,0,0,0,0,0,0
太阳能板直角边源.txt,太阳能板直角边源,4,太阳能板直角边源:s4:b3,4024,406D3353B583B2C3EE4B7588D4BFFBFF19C1AC024939F0905A1BCA9697B5D38A,complete,1,1,1,0,,25,19.2164179104478,20.2114427860697,35.7323232323232,0.166666666666667,49.8333333333333,24.375,46.6666666666667,0,89,35.2722331981207,0,54.1666666666667,11.8956354105282,0,92.5373134328358,37.6325849182437,0,29.1666666666667,5.99231986644388,67.5625,100,46.0625,100,73.8541666666667,100,7.54166666666667,100,53.0416666666667,100,5.41666666666667,19,72.3958333333333,100,66.5,70.8333333333333,100,54.1666666666667,47.320491345617,38.1183574879227,778.94852979458,599.658329249225,-81.1038296690106,82.8358208955224,91.044776119403,89.0151515151515,7.54166666666667,100,24.8824357448894,6.5,0.118458297950281,9.21030340171462,25,-1.127,1.0434983894999,41.6666666666667,0.00627272727272727,0.127920429813366,0,0,0,0,0,0,0,0,0,1.66666666666667,3.33333333333333,0,0,15.8333333333333,71.25,84.5833333333333,67.5,75,89.5833333333333,91.25,0.00245098039215683,0,0,0.00742721330956625,0.00490196078431387,0,0,-0.00121932739728922
太阳能板直角边源.txt,太阳能板直角边源,4,太阳能板直角边源:s4:b4,4059,DAE0E79AFE3B8C0127FA30DD66EDCF98E41D95D07948E736677E876E45C75E5C,complete,1,1,1,0,,25.1041666666667,19.2164179104478,20.3358208955224,35.9217171717172,0.166666666666667,50.0416666666667,24.375,46.6666666666667,0,89,35.3301137615745,0,54.1666666666667,11.8915093590043,0,92.5373134328358,37.6141355209528,0,29.1666666666667,6.09109388326172,67.5416666666667,100,46.0625,100,73.7708333333333,100,7.52083333333333,100,52.9583333333333,100,5.41666666666667,19,72.3333333333333,100,65.5,70.8333333333333,100,54.1666666666667,47.2894374515135,38.06373586503,779.253486168384,598.140188707694,-82.4005892520306,82.8358208955224,91.044776119403,89.3939393939394,7.52083333333333,100,24.887019624945,6,0.132664991779869,8.73826329244161,25,-1.13685714285714,0.981171958781137,41.6666666666667,0.00627272727272727,0.127920429813366,0,0,0,0,0,0,0,0,0,1.66666666666667,3.33333333333333,0,0,16.6666666666667,71.6666666666667,84.5833333333333,67.5,75.4166666666667,90,91.25,0.00297619047619051,0,0.00355366027007814,0.00541125541125536,0.00595238095238082,-0.000595238095238112,0.000405905537988238,-0.000887254117242264
太阳能板直角边源.txt,太阳能板直角边源,4,太阳能板直角边源:s4:b5,4093,398FD89A9F615EA8A04E0DB46DB058F2E04FEFDE14ECBCD2CB025ABE1C183B68,interrupted_by_restart,0,1,0,0,,NaN,NaN,NaN,NaN,NaN,NaN,NaN,NaN,NaN,NaN,NaN,NaN,NaN,NaN,NaN,NaN,NaN,NaN,NaN,NaN,NaN,NaN,NaN,NaN,NaN,NaN,NaN,NaN,NaN,NaN,NaN,NaN,NaN,NaN,NaN,NaN,NaN,NaN,NaN,NaN,NaN,NaN,NaN,NaN,NaN,NaN,NaN,NaN,NaN,NaN,NaN,NaN,NaN,NaN,NaN,NaN,NaN,NaN,NaN,NaN,NaN,NaN,NaN,NaN,NaN,NaN,NaN,NaN,NaN,NaN,NaN,NaN,NaN,NaN,NaN,NaN,NaN,NaN,NaN,NaN,NaN,NaN,NaN,NaN,NaN,NaN
太阳能板直角边源.txt,太阳能板直角边源,5,太阳能板直角边源:s5:b1,3,5DF5C8AFDB8F4CAB8775CFE07CC2F61FFD9115020E4DBF30CF49EEE12DA40A6A,complete,1,1,1,0,,24.6041666666667,18.8432835820896,19.589552238806,35.5429292929293,0.125,49.0833333333333,24.375,46.6666666666667,0,90,34.9611520948195,0,54.1666666666667,11.8485868789219,0,94.0298507462687,37.1099252420919,0,25,5.7118908665362,67.75,100,46,100,74.1666666666667,100,7.10416666666667,100,53.3125,100,5,21,72.8541666666667,100,68,70.8333333333333,100,54.1666666666667,47.2979709267532,38.3038792844529,776.947082366682,603.427331689198,-83.052431954916,82.8358208955224,91.7910447761194,89.3939393939394,7.10416666666667,100,23.987733217606,7,0.213141436539639,6.83435436638127,25,-1.07771428571428,0.658883133891727,33.3333333333333,-9.19625228163426e-19,0,0,0,0,0,0,0,0,0,0,1.25,2.91666666666667,0,0,14.5833333333333,70,84.1666666666667,62.9166666666667,74.1666666666667,90,92.0833333333333,0,0,0,0,0,0,0,0
太阳能板直角边源.txt,太阳能板直角边源,5,太阳能板直角边源:s5:b2,36,6FF73D24FCC90CD67245092876FAB5EF1323EED8AE45F9B1CD60C896E0E05C44,complete,1,1,1,0,,24.375,18.7189054726368,19.4651741293532,35.1010101010101,0.125,48.625,24.375,46.4583333333333,0,89.5,34.7419837485226,0,54.1666666666667,11.9814992084915,0,94.0298507462687,36.8957260091812,0,25,5.8651755245573,67.75,100,46.0208333333333,100,74.4375,100,7.5,100,53.5208333333333,100,5.125,19,72.9791666666667,100,69,70.8333333333333,100,54.1666666666667,47.3645084928776,38.4249610731825,777.804068743283,606.599225507786,-80.3469894389983,82.8358208955224,91.7910447761194,88.6363636363636,7.5,100,24.8424685006549,6.5,0.210784938914959,6.65744981525104,25,-1.058,0.711024300256718,37.5,8.87809275195234e-19,4.89562337162684e-17,0,0,0,0,0,0,0,0,0,1.25,2.91666666666667,0,0,14.1666666666667,68.3333333333333,84.1666666666667,61.6666666666667,74.1666666666667,89.5833333333333,91.25,-0.00694444444444437,-0.00376903361977985,-0.00376903361977996,-0.0133914906642181,-0.013888888888889,0.0119949494949495,-7.14090189297142e-05,0.0020162898825596
太阳能板直角边源.txt,太阳能板直角边源,5,太阳能板直角边源:s5:b3,71,80C2B88BB71E270A79EE3A3C4BB29F607D4A37B75DE88EC4B129B8EB86DB5B2D,complete,1,1,1,0,,24.3333333333333,18.6567164179104,19.5273631840796,34.9747474747475,0.125,48.5416666666667,24.375,46.25,0,88.5,34.6644369405562,0,54.1666666666667,12.0446081359238,0,92.5373134328358,36.9807797821178,0,25,5.99035398967827,67.7291666666667,100,46.0208333333333,100,74.4791666666667,100,8.16666666666667,100,53.5833333333333,100,5.45833333333333,23,72.875,100,69,70.8333333333333,100,54.1666666666667,47.39224758152,38.4528825895423,778.595348319253,607.922209302663,-79.1433319748468,82.4626865671642,91.4179104477612,88.2575757575758,8.16666666666667,100,25.7794461473236,6.5,0.270778988207625,7.41259771059557,25,-1.08757142857143,0.634960316220316,37.5,8.87809275195234e-19,4.89562337162684e-17,0,0,0,0,0,0,0,0,0,1.25,2.91666666666667,0,0,14.1666666666667,68.3333333333333,84.1666666666667,62.0833333333333,73.75,89.5833333333333,90.4166666666667,-0.00119047619047612,-0.00177683013503907,0.00177683013503907,-0.00360750360750351,-0.00238095238095245,0.0190476190476191,0.00171411569407619,0.00079254538978079
太阳能板直角边源.txt,太阳能板直角边源,5,太阳能板直角边源:s5:b4,106,90046EF32EA7B470F21BB1E391A9A2633C1A69FC0BA365AC25AB9FDEA9169226,complete,1,1,1,0,,24.3958333333333,18.7810945273632,19.4651741293532,35.1010101010101,0.125,48.6666666666667,24.1666666666667,46.4583333333333,0,88.5,34.7212437060189,0,54.1666666666667,12.0370547090738,0,92.5373134328358,36.8563284160473,0,25,5.99821363091953,67.7083333333333,100,46.0208333333333,100,74.3958333333333,100,8.02083333333333,100,53.5416666666667,100,5.45833333333333,23,72.8333333333333,100,69,70.8333333333333,100,54.1666666666667,47.3677286958352,38.4283609091018,778.514045536198,607.662046512153,-80.2607673725347,82.089552238806,91.044776119403,88.6363636363636,8.02083333333333,100,25.6950339090638,6.5,0.2133158558023,7.09539185160369,25,-1.07771428571428,0.615281584781661,37.5,8.87809275195234e-19,4.89562337162684e-17,0,0,0,0,0,0,0,0,0,1.25,2.91666666666667,0,0,14.1666666666667,68.75,83.75,63.3333333333333,73.3333333333333,89.5833333333333,90.8333333333333,0.00178571428571418,0.00355366027007814,-0.00177683013503907,0.00360750360750351,0.00357142857142877,-0.00416666666666668,-0.00164180378300929,-0.000700539590992629
太阳能板直角边源.txt,太阳能板直角边源,5,太阳能板直角边源:s5:b5,140,0AEE2F5D1593E343606CD44C038DD45E13513F45422AB890984FF9845133C200,complete,1,1,1,0,,24.3125,18.5945273631841,19.4029850746269,35.1010101010101,0.125,48.5,24.1666666666667,46.4583333333333,0,88.5,34.5778304509646,0,54.1666666666667,12.0759847405475,0,92.5373134328358,36.7471632298775,0,25,6.0054092657594,67.7083333333333,100,46.0208333333333,100,74.4791666666667,100,8.02083333333333,100,53.625,100,5.29166666666667,19,72.875,100,69,70.8333333333333,100,54.1666666666667,47.3525070992176,38.4770042724303,777.869231660947,609.13971329049,-80.8441535917216,82.089552238806,91.044776119403,88.6363636363636,8.02083333333333,100,25.6950339090638,6.5,0.2133158558023,7.09539185160369,25,-1.07771428571428,0.615281584781661,37.5,8.87809275195234e-19,4.89562337162684e-17,0,0,0,0,0,0,0,0,0,1.25,2.91666666666667,0,0,14.1666666666667,68.75,83.75,61.6666666666667,73.3333333333333,89.5833333333333,90.8333333333333,-0.00245098039215683,-0.00548726953467948,-0.00182908984489316,0,-0.00490196078431387,0,0,-0.000447694018166591
太阳能板直角边源.txt,太阳能板直角边源,5,太阳能板直角边源:s5:b6,176,A8DC90129AAF8DD5B52DD7352F4A0AE808567DDD7BAC74968578959BC5CFAD48,complete,1,1,1,0,,24.3958333333333,18.7810945273632,19.4651741293532,35.1010101010101,0.125,48.6666666666667,24.1666666666667,46.4583333333333,0,88.5,34.7212437060189,0,54.1666666666667,12.0152917352418,0,92.5373134328358,36.8563284160473,0,25,5.99821363091953,67.7083333333333,100,46.0208333333333,100,74.3958333333333,100,8.02083333333333,100,53.5416666666667,100,5.45833333333333,23,72.8333333333333,100,69,70.8333333333333,100,54.1666666666667,47.367590224476,38.4283609091018,778.521527393172,607.662046512153,-80.2668850835398,82.089552238806,91.044776119403,88.6363636363636,8.02083333333333,100,25.6950339090638,6.5,0.2133158558023,7.09539185160369,25,-1.07771428571428,0.615281584781661,37.5,8.87809275195234e-19,4.89562337162684e-17,0,0,0,0,0,0,0,0,0,1.25,2.91666666666667,0,0,14.1666666666667,68.75,83.75,63.3333333333333,73.3333333333333,89.5833333333333,90.8333333333333,0.00231481481481478,0.00518242122719729,0.0017274737423991,0,0.00462962962962976,0,0,0.00041897570162202
太阳能板直角边源.txt,太阳能板直角边源,5,太阳能板直角边源:s5:b7,210,D18BDE2152333CC1FB3CCD3F06EE70862DE16EA4DA968E0A49DB116378E7B962,complete,1,1,1,0,,24.375,18.7810945273632,19.4651741293532,35.0378787878788,0.125,48.625,24.1666666666667,46.4583333333333,0,89,34.7194501308892,0,54.1666666666667,12.0468533253243,0,92.5373134328358,36.8563284160473,0,25,5.99821363091953,67.7083333333333,100,46.0208333333333,100,74.4791666666667,100,7.95833333333333,100,53.5625,100,5.375,23,72.8333333333333,100,69,70.8333333333333,100,54.1666666666667,47.3765521823996,38.4369385555157,778.469972856185,607.73040826258,-79.8935766447023,82.4626865671642,91.044776119403,88.6363636363636,7.95833333333333,100,25.6687155200433,6.5,0.193334195615224,6.948579852169,25,-1.07771428571428,0.615281584781661,37.5,8.87809275195234e-19,4.89562337162684e-17,0,0,0,0,0,0,0,0,0,1.25,2.91666666666667,0,0,13.75,68.75,83.75,63.3333333333333,73.3333333333333,89.5833333333333,90.8333333333333,-0.000612745098039181,0,0,-0.00185680332739141,-0.00122549019607857,-0.00183823529411765,-0.000587695887855195,0.000263586997755325
太阳能板直角边源.txt,太阳能板直角边源,5,太阳能板直角边源:s5:b8,245,0B541DF0F0C03512DB5BE3E23A45AFD70D7189AA6FBE217286EB73CC4CB91005,complete,1,1,1,0,,24.3125,18.6567164179104,19.4029850746269,35.0378787878788,0.125,48.5,24.1666666666667,46.4583333333333,0,88.5,34.6073668018317,0,54.1666666666667,12.0832069825312,0,92.5373134328358,36.7471632298775,0,25,6.0054092657594,67.7083333333333,100,46.0208333333333,100,74.6041666666667,100,8.39583333333333,100,53.625,100,5.45833333333333,23,72.875,100,69,70.8333333333333,100,54.1666666666667,47.3638492489976,38.474610754078,778.028554526899,608.949260738152,-80.4094522787968,82.089552238806,91.044776119403,88.6363636363636,8.39583333333333,100,26.4793907486957,6,0.200386043937669,7.19705043671459,25,-1.07771428571428,0.615281584781661,37.5,8.87809275195234e-19,4.89562337162684e-17,0,0,0,0,0,0,0,0,0,1.25,2.91666666666667,0,0,13.75,68.75,83.75,62.0833333333333,73.3333333333333,89.5833333333333,90.8333333333333,-0.00178571428571429,-0.00355366027007814,-0.00177683013503907,0,-0.00357142857142857,0.0125,0.000201481380641311,-0.000362940954344789
太阳能板直角边源.txt,太阳能板直角边源,5,太阳能板直角边源:s5:b9,279,AD129F0D5FC025802EAB18011859539B7CD43E76EA0C9244358913D53B5205F2,complete,1,1,1,0,,24.3333333333333,18.5945273631841,19.4651741293532,35.1010101010101,0.125,48.5416666666667,24.1666666666667,46.4583333333333,0,88.5,34.6132880574055,0,54.1666666666667,12.0663182344171,0,92.5373134328358,36.8563284160473,0,25,5.99821363091953,67.7083333333333,100,46.0208333333333,100,74.4583333333333,100,8.02083333333333,100,53.6041666666667,100,5.45833333333333,23,72.8541666666667,100,69,70.8333333333333,100,54.1666666666667,47.3548911960685,38.4648534763456,778.074433420088,608.771045144578,-80.7611692494639,82.089552238806,91.044776119403,88.6363636363636,8.02083333333333,100,25.6950339090638,6.5,0.2133158558023,7.09539185160369,25,-1.07771428571428,0.615281584781661,37.5,8.87809275195234e-19,4.89562337162684e-17,0,0,0,0,0,0,0,0,0,1.25,2.91666666666667,0,0,14.1666666666667,68.75,83.75,62.0833333333333,73.3333333333333,89.5833333333333,90.8333333333333,0.000612745098039285,-0.00182908984489316,0.00182908984489316,0.00185680332739141,0.00122549019607836,-0.0110294117647059,0.000380288584253845,-0.000263472144972981
太阳能板直角边源.txt,太阳能板直角边源,5,太阳能板直角边源:s5:b10,314,FBB606B6B926D3FF5252023F148C435E900A613C7F5F09EA121841E0A06C8275,complete,1,1,1,0,,24.3958333333333,18.7189054726368,19.5273631840796,35.1010101010101,0.125,48.6666666666667,24.1666666666667,46.4583333333333,0,89,34.7253131474492,0,54.1666666666667,12.0080286456277,0,92.5373134328358,36.9676821311419,0,25,5.99035398967827,67.7083333333333,100,46.0208333333333,100,74.3333333333333,100,7.58333333333333,100,53.5416666666667,100,5.20833333333333,19,72.8541666666667,100,69,70.8333333333333,100,54.1666666666667,47.366620924961,38.4271628308194,778.542865033691,607.550973041619,-80.2884810546348,82.4626865671642,91.044776119403,88.6363636363636,7.58333333333333,100,24.8521591767274,7,0.206477575757576,6.86630205395189,25,-1.07771428571428,0.615281584781661,37.5,8.87809275195234e-19,4.89562337162684e-17,0,0,0,0,0,0,0,0,0,1.25,2.91666666666667,0,0,14.1666666666667,68.75,83.75,63.3333333333333,73.3333333333333,89.5833333333333,90.8333333333333,0.00178571428571418,0.00355366027007814,0.00177683013503907,0,0.00357142857142877,-0.0125,-0.000195379429849267,0.000335135111215225
太阳能板直角边源.txt,太阳能板直角边源,5,太阳能板直角边源:s5:b11,349,D4770D36E6BCED06A02F0310FF60365583C85BD1023C208FDBFF716656B88292,complete,1,1,1,0,,24.3541666666667,18.7810945273632,19.4029850746269,35.0378787878788,0.125,48.5833333333333,24.1666666666667,46.4583333333333,0,89,34.7038649541175,0,54.1666666666667,12.0638416404406,0,92.5373134328358,36.8550691876555,0,25,6.17813220590543,67.7083333333333,100,46.0208333333333,100,74.6041666666667,100,8.35416666666667,100,53.5833333333333,100,5.54166666666667,27,72.8541666666667,100,69,70.8333333333333,100,54.1666666666667,47.3796966102892,38.4479063139871,778.317478670457,607.999694490491,-79.7481896177264,82.4626865671642,91.044776119403,88.6363636363636,8.35416666666667,100,26.4662745768585,6,0.189176609210237,7.09222479292111,25,-1.07771428571428,0.615281584781661,37.5,8.87809275195234e-19,4.89562337162684e-17,0,0,0,0,0,0,0,0,0,1.25,2.91666666666667,0,0,13.75,68.75,83.75,63.3333333333333,73.3333333333333,89.1666666666667,90.8333333333333,-0.00119047619047622,0.00177683013503907,-0.00355366027007814,-0.00180375180375165,-0.00238095238095245,0.0220238095238095,-0.000494313329923967,0.000373591009375421
太阳能板直角边源.txt,太阳能板直角边源,5,太阳能板直角边源:s5:b12,383,E100C652211E59E78D24CAC65DFE895DDF4F15BF833F401CFFE0654B59B0EDE5,complete,1,1,1,0,,24.375,18.7810945273632,19.4029850746269,35.1010101010101,0.125,48.625,24.1666666666667,46.4583333333333,0,88.5,34.684995503005,0,54.1666666666667,12.0251080849867,0,92.5373134328358,36.7471632298775,0,25,6.0054092657594,67.7083333333333,100,46.0208333333333,100,74.4166666666667,100,8.02083333333333,100,53.5625,100,5.45833333333333,23,72.875,100,69,70.8333333333333,100,54.1666666666667,47.365339092155,38.4405318002156,778.312092591072,608.032212412276,-80.3442013751885,82.089552238806,91.044776119403,88.6363636363636,8.02083333333333,100,25.6950339090638,6.5,0.2133158558023,7.09539185160369,25,-1.07771428571428,0.615281584781661,37.5,8.87809275195234e-19,4.89562337162684e-17,0,0,0,0,0,0,0,0,0,1.25,2.91666666666667,0,0,14.1666666666667,68.75,83.75,62.9166666666667,73.3333333333333,89.5833333333333,90.8333333333333,0.000612745098039285,0,0,0.00185680332739141,0.00122549019607836,-0.00980392156862742,0.000709977840943035,-0.000422279945121568
太阳能板直角边源.txt,太阳能板直角边源,5,太阳能板直角边源:s5:b13,418,1FA8364AB76A4B0C520BC0BE20401BAF701C9891D9B16B444458BC8B6F6AF7C5,complete,1,1,1,0,,24.3125,18.5945273631841,19.4651741293532,35.0378787878788,0.125,48.5,24.1666666666667,46.4583333333333,0,88.5,34.6073668018317,0,54.1666666666667,12.1048478540193,0,92.5373134328358,36.8563284160473,0,25,5.99821363091953,67.7083333333333,100,46.0208333333333,100,74.6041666666667,100,8.39583333333333,100,53.625,100,5.375,21,72.8541666666667,100,69,70.8333333333333,100,54.1666666666667,47.3627426977995,38.474610754078,778.061643142391,608.949260738152,-80.4582889033156,82.089552238806,91.044776119403,88.6363636363636,8.39583333333333,100,26.4793907486957,6,0.200386043937669,7.19705043671459,25,-1.07771428571428,0.615281584781661,37.5,8.87809275195234e-19,4.89562337162684e-17,0,0,0,0,0,0,0,0,0,1.25,2.91666666666667,0,0,13.75,68.75,83.75,62.0833333333333,73.3333333333333,89.5833333333333,90.8333333333333,-0.00178571428571429,-0.00533049040511721,0.00177683013503907,-0.00180375180375165,-0.00357142857142857,0.0107142857142857,-0.000369423196132307,-7.41826958716274e-05
太阳能板直角边源.txt,太阳能板直角边源,5,太阳能板直角边源:s5:b14,452,423CF4C3220714A9C3A9B2B283EBE747BCE898CB44E213F72EBA7125E1B80969,complete,1,1,1,0,,24.4791666666667,18.8432835820896,19.6517412935323,35.1010101010101,0.125,48.8333333333333,24.1666666666667,46.6666666666667,0,88.5,34.853881065992,0,54.1666666666667,12.0482110997242,0,92.5373134328358,37.1968761421221,0,25,5.97263198100651,67.6875,100,46.0208333333333,100,74.4375,100,8.39583333333333,100,53.4791666666667,100,5.45833333333333,23,72.8125,100,69,70.8333333333333,100,54.1666666666667,47.3778547911974,38.384407796102,778.873948079176,606.433861569964,-79.6574409658799,82.089552238806,91.044776119403,88.6363636363636,8.39583333333333,100,26.4793907486957,6,0.200386043937669,7.19705043671459,25,-1.07442857142857,0.550612934078563,37.5,8.87809275195234e-19,4.89562337162684e-17,0,0,0,0,0,0,0,0,0,1.25,2.91666666666667,0,0,13.75,69.1666666666667,83.75,65,73.3333333333333,89.5833333333333,90.8333333333333,0.00490196078431366,0.00731635937957265,0.00548726953467959,0.00185680332739141,0.00980392156862752,0,0,0.000444473335231605
太阳能板直角边源.txt,太阳能板直角边源,5,太阳能板直角边源:s5:b15,487,510A0F18689F3B74A9F9B75058BB5A528EB0379E1AD404C4A70B10DF218C1871,complete,1,1,1,0,,24.2916666666667,18.6567164179104,19.4029850746269,34.9747474747475,0.125,48.4583333333333,24.1666666666667,46.4583333333333,0,89,34.6171346950142,0,54.1666666666667,12.0566982479028,0,92.5373134328358,36.7471632298775,0,25,6.0054092657594,67.75,100,46.0208333333333,100,74.5625,100,7.95833333333333,100,53.6041666666667,100,5.20833333333333,21,72.9166666666667,100,69,70.8333333333333,100,54.1666666666667,47.3743234610035,38.4807733722572,778.093789569689,608.867645657329,-80.064440852863,82.4626865671642,91.044776119403,88.6363636363636,7.95833333333333,100,25.6687155200433,6.5,0.193334195615224,6.948579852169,25,-1.058,0.711024300256718,37.5,8.87809275195234e-19,4.89562337162684e-17,0,0,0,0,0,0,0,0,0,1.25,2.91666666666667,0,0,13.75,68.3333333333333,83.75,62.0833333333333,73.3333333333333,89.5833333333333,90.8333333333333,-0.00535714285714276,-0.00533049040511721,-0.00710732054015639,-0.00360750360750351,-0.0107142857142859,-0.0125,-0.000201481380641311,-0.000100895148398195
太阳能板直角边源.txt,太阳能板直角边源,5,太阳能板直角边源:s5:b16,521,3FF5DCEA5334EF4CC81870EF702D964C621B5FD367270271E192FCAC73B2908E,complete,1,1,1,0,,24.3333333333333,18.6567164179104,19.4651741293532,35.0378787878788,0.125,48.5416666666667,24.1666666666667,46.4583333333333,0,89,34.6478139929888,0,54.1666666666667,12.0663182344171,0,92.5373134328358,36.8563284160473,0,25,5.99821363091953,67.7083333333333,100,46.0208333333333,100,74.5208333333333,100,7.95833333333333,100,53.6041666666667,100,5.375,23,72.8541666666667,100,69,70.8333333333333,100,54.1666666666667,47.3673433245523,38.4612622103046,778.196468992919,608.469581884917,-80.2561298233258,82.4626865671642,91.044776119403,88.6363636363636,7.95833333333333,100,25.6687155200433,6.5,0.193334195615224,6.948579852169,25,-1.07771428571428,0.615281584781661,37.5,8.87809275195234e-19,4.89562337162684e-17,0,0,0,0,0,0,0,0,0,1.25,2.91666666666667,0,0,13.75,68.75,83.75,62.5,73.3333333333333,89.5833333333333,90.8333333333333,0.00122549019607847,0,0.00182908984489316,0.00185680332739162,0.00245098039215693,0,0,-0.000205298130916109
太阳能板直角边源.txt,太阳能板直角边源,5,太阳能板直角边源:s5:b17,556,C9C2655A7775A6E0D782D3BAFAE63EE52604FD2E45DE03E24668FF84DDF80108,complete,1,1,1,0,,24.2916666666667,18.6567164179104,19.4029850746269,34.9747474747475,0.125,48.4583333333333,24.1666666666667,46.4583333333333,0,88.5,34.6121104298163,0,54.1666666666667,12.0856074218883,0,92.5373134328358,36.7471632298775,0,25,6.0054092657594,67.75,100,46.0208333333333,100,74.625,100,8.39583333333333,100,53.6041666666667,100,5.29166666666667,21,72.9166666666667,100,69,70.8333333333333,100,54.1666666666667,47.3725258101183,38.4819698021105,778.14132628215,608.978438021972,-80.1649733146377,82.089552238806,91.044776119403,88.6363636363636,8.39583333333333,100,26.4793907486957,6,0.200386043937669,7.19705043671459,25,-1.058,0.711024300256718,37.5,8.87809275195234e-19,4.89562337162684e-17,0,0,0,0,0,0,0,0,0,1.25,2.91666666666667,0,0,13.75,68.3333333333333,83.75,62.0833333333333,73.3333333333333,89.5833333333333,90.8333333333333,-0.00119047619047622,0,-0.00177683013503907,-0.00180375180375185,-0.00238095238095245,0.0125,0.000201481380641311,0.00014807101617192
太阳能板直角边源.txt,太阳能板直角边源,5,太阳能板直角边源:s5:b18,591,7E21C6AC39F4BB9651DFF9F9B57A0D9CB12E19780052FF597D528B7514AC5179,complete,1,1,1,0,,24.2916666666667,18.5945273631841,19.4029850746269,35.0378787878788,0.125,48.4583333333333,24.1666666666667,46.4583333333333,0,89,34.5772344892927,0,54.1666666666667,12.0856074218883,0,92.5373134328358,36.7471632298775,0,25,6.0054092657594,67.7083333333333,100,46.0208333333333,100,74.5625,100,7.95833333333333,100,53.6458333333333,100,5.20833333333333,19,72.8958333333333,100,69,70.8333333333333,100,54.1666666666667,47.3599422539224,38.4855590916705,777.868524084195,609.206760560027,-80.5385186917938,82.4626865671642,91.044776119403,88.6363636363636,7.95833333333333,100,25.6687155200433,6.5,0.193334195615224,6.948579852169,25,-1.07771428571428,0.615281584781661,37.5,8.87809275195234e-19,4.89562337162684e-17,0,0,0,0,0,0,0,0,0,1.25,2.91666666666667,0,0,13.75,68.75,83.75,61.6666666666667,73.3333333333333,89.5833333333333,90.8333333333333,0,-0.00177683013503907,0,0.00180375180375185,0,-0.0125,-0.000201481380641311,-0.000359530177027117
太阳能板直角边源.txt,太阳能板直角边源,5,太阳能板直角边源:s5:b19,626,A1E310C49AA3F8E7025B9F142D46A72B0B6D7167BF390EDDF94BB628FA411126,complete,1,1,1,0,,91.3541666666667,80.410447761194,93.7810945273632,100,90.875,91.8333333333333,87.7083333333333,100,82.5,93,2.00802285771389,0,100,22.1503222919711,91.044776119403,95.5223880597015,1.29569363027228,8.33333333333333,100,20.3527025016473,0,0,0,0,5.4375,100,4.1875,100,8.64583333333333,17.5,12.25,18,2.58333333333333,3.5,3,0,100,100,26.1766664648544,47.2498690413829,259.126059845713,974.592244670485,100.334233475277,83.5820895522388,92.5373134328358,100,4.1875,100,16.8721498616736,7.5,0.321415870339759,26.2902740022423,0,0,0,0,0,0,78.75,79.5833333333333,90.8333333333333,100,100,88.75,80.4166666666667,90.4166666666667,100,100,89.5833333333333,80,88.75,100,100,91.25,80.4166666666667,88.3333333333333,100,100,1.91607142857143,1.76616915422886,2.12508884150675,1.85606060606061,1.23928571428571,-0.107738095238095,0.00365947642070102,-0.605236451116228
太阳能板直角边源.txt,太阳能板直角边源,5,太阳能板直角边源:s5:b20,660,542BF57236B2B1EF6A7D33504451DB03F58119ECDC768378B71999627A3FC0C6,complete,1,1,1,0,,93.1041666666667,86.3805970149254,93.0348258706468,100,93.75,92.4583333333333,91.6666666666667,100,91.5,94.5,0.884395724266829,0,100,18.6179628857626,89.5522388059701,95.5223880597015,1.79680377739954,25,100,17.9198678679628,0,0,0,0,2.85416666666667,100,2.91666666666667,100,6.89583333333333,8.5,10.5833333333333,12,2.58333333333333,3,2,0,100,100,28.1558851660113,53.251017995534,181.309848125685,890.107070891565,38.4922290330562,84.7014925373134,91.7910447761194,100,2.91666666666667,100,12.8611968828578,7,0.225113122171946,23.593544762275,0,0,0,0,0,0,90.8333333333333,82.0833333333333,97.0833333333333,100,100,90.8333333333333,80.8333333333333,95.8333333333333,100,100,90,80.4166666666667,95.4166666666667,97.9166666666667,100,88.75,78.75,94.5833333333333,98.75,100,0.0514705882352941,0.175592625109746,-0.0219490781387179,0,0.0183823529411765,-0.0373774509803921,-0.00283243376964157,0.0582123147399097
太阳能板直角边源.txt,太阳能板直角边源,5,太阳能板直角边源:s5:b21,695,1F43DCE61E012AAA4B811B7D5279B1ADF2583D02476E8464A02C36D8A0E7A6FF,complete,1,1,1,0,,90.4375,91.5422885572139,86.1318407960199,93.6868686868687,92,88.875,97.0833333333333,98.5416666666667,87.5,93.5,1.74650271661124,0,100,25.2112705419516,83.5820895522388,89.5522388059701,2.17758236985733,0,100,32.3106050664295,0.145833333333333,1,0,0,5.22916666666667,100,7.08333333333333,100,9.41666666666667,12.5,15.25,18,2.54166666666667,3,6.5,0,100,100,44.4083160902552,55.0724637681159,552.126907139263,879.861291292404,73.5942666824698,91.044776119403,84.3283582089552,89.7727272727273,7.08333333333333,100,22.6567990147963,9,0.123004741686101,27.3055147951512,25,0.0164285714285714,0.140859042454753,0,0,0,95.4166666666667,82.0833333333333,90.4166666666667,97.0833333333333,97.5,95,82.5,87.5,95.4166666666667,97.0833333333333,92.9166666666667,80,85.4166666666667,92.9166666666667,95,92.5,80.8333333333333,85.8333333333333,92.5,90.8333333333333,-0.0761904761904763,0.147476901208245,-0.197228144989339,-0.180375180375181,-0.102380952380952,0.119047619047619,-0.00291738229959556,0.46435516926411
太阳能板直角边源.txt,太阳能板直角边源,5,太阳能板直角边源:s5:b22,730,D4726A6E720BD3D124C4F5A1081DC0FD63293588E53DB6976AF71BF4C8BBB109,complete,1,1,1,0,,90.3333333333333,91.4800995024876,86.1940298507463,93.3712121212121,91.9166666666667,88.75,96.875,97.9166666666667,87.5,93,1.75491029540758,0,100,25.2422655672176,83.5820895522388,89.5522388059701,2.21160197118131,0,100,32.0803730369154,0.166666666666667,1,0,0,5.22916666666667,100,7.16666666666667,100,9.5,12.5,15.5416666666667,18,2.54166666666667,3,6,0,100,100,44.7322821001559,55.0974512743628,572.430828369105,877.72174632324,73.0490001057347,91.044776119403,83.955223880597,89.7727272727273,7.16666666666667,100,22.8529455197349,9,0.146581028334377,27.8827875712452,29.1666666666667,0.0123214285714286,0.138320833793122,0,0,0,95.4166666666667,82.0833333333333,90.4166666666667,96.6666666666667,97.5,94.5833333333333,82.5,87.9166666666667,95,97.0833333333333,92.9166666666667,80,85.8333333333333,92.9166666666667,93.75,92.5,80.8333333333333,85.4166666666667,92.5,90.8333333333333,-0.00297619047619061,-0.00177683013503927,0.00177683013503887,-0.00901875901875867,-0.00357142857142857,0.00238095238095235,0.000673608189950743,0.00925617171145002
太阳能板直角边源.txt,太阳能板直角边源,5,太阳能板直角边源:s5:b23,764,B4E9ED857D439208325CAA48EE559ACEB01515A14FB5206D462189B117D68688,complete,1,1,1,0,,90.3333333333333,91.4800995024876,86.1940298507463,93.3712121212121,91.8333333333333,88.8333333333333,96.875,97.9166666666667,87.5,93,1.69825144516779,0,100,25.2422655672176,83.5820895522388,89.5522388059701,2.07606661558032,0,100,32.0803730369154,0.166666666666667,1,0,0,5.22916666666667,100,7.16666666666667,100,9.5,12.5,15.5416666666667,18,2.54166666666667,3,6,0,100,100,44.7322821001559,54.9475262368816,572.430828369105,877.679600979121,71.8637064243826,91.044776119403,84.3283582089552,89.7727272727273,7.16666666666667,100,22.8529455197349,9,0.146581028334377,27.8827875712452,29.1666666666667,0.0123214285714286,0.138320833793122,0,0,0,95.4166666666667,82.0833333333333,90.4166666666667,96.6666666666667,97.5,94.5833333333333,82.5,87.0833333333333,95,97.0833333333333,92.9166666666667,80,86.25,92.9166666666667,93.75,92.5,80.8333333333333,85.8333333333333,92.5,90.8333333333333,0,0,0,0,0.00245098039215672,0,0,0
太阳能板直角边源.txt,太阳能板直角边源,5,太阳能板直角边源:s5:b24,798,B205A12D844DEE8FE1B0080470DBAB09725EF042A573C52156526E339214BC30,complete,1,1,1,0,,90.4166666666667,91.5422885572139,86.3805970149254,93.3712121212121,92,88.8333333333333,97.0833333333333,97.7083333333333,87.5,93.5,1.74870552537949,0,100,25.0488077441336,83.5820895522388,89.5522388059701,2.03185857105331,0,100,31.803450011513,0.145833333333333,1,0,0,5.22916666666667,100,7.14583333333333,100,9.4375,12.5,15.5833333333333,18,2.54166666666667,3,6,0,100,100,44.8000873934892,55.0661625708885,576.560620354387,878.45991116384,74.937232393578,91.044776119403,84.3283582089552,89.7727272727273,7.14583333333333,100,22.7849591963183,9,0.138714709616154,27.5782748747749,25,0.0164285714285714,0.140859042454753,0,0,0,95.4166666666667,82.0833333333333,90.4166666666667,97.0833333333333,97.5,95,82.5,87.9166666666667,95,97.0833333333333,92.9166666666667,80,86.25,92.9166666666667,93.3333333333333,92.5,80.8333333333333,86.25,92.5,90.8333333333333,0.00245098039215714,0.00182908984489337,0.00548726953467969,0,0,-0.000612745098039181,-0.000231362315241846,0.00199427333333028
太阳能板直角边源.txt,太阳能板直角边源,5,太阳能板直角边源:s5:b25,833,7DB4D3B426E96C8B5822C740CBF88D9BA55409FCB0A655A38AE624C01CCAEE5E,complete,1,1,1,0,,90.7708333333333,91.5422885572139,86.6293532338308,94.1919191919192,92.375,89.1666666666667,97.0833333333333,98.75,87.5,94,1.86488819263099,0,100,24.3955311963204,83.5820895522388,89.5522388059701,2.3487668877494,0,100,31.4872084136257,0.145833333333333,1,0,0,4.79166666666667,100,6.75,100,9.08333333333333,12.5,14.8333333333333,18,2.54166666666667,3,5,0,100,100,43.4293362977415,55.5697320639906,537.304429234828,890.293484548452,94.3088431930634,91.044776119403,84.3283582089552,89.7727272727273,6.75,100,21.7553910734639,9.5,0.121884196957579,26.5954950197342,25,0.0164285714285714,0.140859042454753,0,0,0,95.4166666666667,81.6666666666667,91.25,97.5,98.75,95,82.5,88.3333333333333,95.4166666666667,97.9166666666667,92.9166666666667,80.4166666666667,87.0833333333333,93.3333333333333,95,92.5,80.8333333333333,85.8333333333333,92.5,91.25,0.0101190476190473,0,0.00710732054015628,0.0234487734487735,0.0095238095238098,-0.0113095238095238,-0.000480871790245003,-0.0391643170213614
太阳能板直角边源.txt,太阳能板直角边源,5,太阳能板直角边源:s5:b26,867,F774E7C854C456AC765C2A8FD8530D044669E741F15300FD3880E1C55BA6C71B,complete,1,1,1,0,,90.8333333333333,91.4179104477612,86.5671641791045,94.5707070707071,92.4583333333333,89.2083333333333,97.2916666666667,98.5416666666667,88,93,1.7856107630448,0,100,24.288450150643,83.5820895522388,89.5522388059701,2.11076651100462,0,100,31.7723258510362,0.1875,1,0,0,5.27083333333333,100,6.75,100,8.97916666666667,11.5,14.4583333333333,18,2.54166666666667,3,5.5,0,100,100,43.2549109182275,55.1482213438735,509.756051113994,898.998480682405,91.0915293318912,92.5373134328358,83.5820895522388,90.530303030303,6.75,100,22.1251894666138,8,0.115514428711711,24.9302040529826,29.1666666666667,0.0205357142857143,0.138320833793122,0,0,0,95,82.5,88.3333333333333,97.5,98.75,96.25,81.6666666666667,90,95.4166666666667,99.1666666666667,93.75,81.25,85.8333333333333,92.9166666666667,95.4166666666667,92.0833333333333,80.8333333333333,85,92.5,92.5,0.00183823529411765,-0.00365817968978632,-0.00182908984489337,0.0111408199643493,0.00122549019607815,0,-0.000187346124878469,-0.00513015822100141
太阳能板直角边源.txt,太阳能板直角边源,5,太阳能板直角边源:s5:b27,902,99E374F3FA0204E3EA60E47A32107A5FF739392DCC51564E72D76DBC1C5E5992,complete,1,1,1,0,,90.6458333333333,91.4179104477612,86.6293532338308,93.9393939393939,92.1666666666667,89.125,97.7083333333333,98.9583333333333,87.5,93,1.73505523447142,0,100,24.9633228304898,83.5820895522388,89.5522388059701,2.08673058150213,0,100,31.7285522469878,0.166666666666667,1,0,0,5.08333333333333,100,7.3125,100,9.1875,11.5,14.7083333333333,18,2.54166666666667,3,6,0,100,100,44.3184743315687,55.2338530066815,524.736553658925,886.220736839032,84.3559844411187,91.4179104477612,83.5820895522388,89.7727272727273,7.3125,100,22.9646691561803,8,0.0534455657840407,24.0614781082974,29.1666666666667,0.0123214285714286,0.138320833793122,0,0,0,95.8333333333333,82.5,88.3333333333333,97.5,98.75,95.8333333333333,81.25,89.5833333333333,95,97.0833333333333,94.1666666666667,81.6666666666667,85.8333333333333,92.5,95,92.0833333333333,80.8333333333333,85,92.5,91.6666666666667,-0.00535714285714245,0,0.00177683013503927,-0.0180375180375181,-0.00238095238095225,0.0160714285714286,-0.00177339608364772,0.0303875260954649
太阳能板直角边源.txt,太阳能板直角边源,5,太阳能板直角边源:s5:b28,937,D2F5C4661D2ABEC895CBC856927751AF5404E861E8668621912E159552722950,interrupted_by_restart,0,1,0,0,,NaN,NaN,NaN,NaN,NaN,NaN,NaN,NaN,NaN,NaN,NaN,NaN,NaN,NaN,NaN,NaN,NaN,NaN,NaN,NaN,NaN,NaN,NaN,NaN,NaN,NaN,NaN,NaN,NaN,NaN,NaN,NaN,NaN,NaN,NaN,NaN,NaN,NaN,NaN,NaN,NaN,NaN,NaN,NaN,NaN,NaN,NaN,NaN,NaN,NaN,NaN,NaN,NaN,NaN,NaN,NaN,NaN,NaN,NaN,NaN,NaN,NaN,NaN,NaN,NaN,NaN,NaN,NaN,NaN,NaN,NaN,NaN,NaN,NaN,NaN,NaN,NaN,NaN,NaN,NaN,NaN,NaN,NaN,NaN,NaN,NaN
太阳能板直角边源.txt,太阳能板直角边源,6,太阳能板直角边源:s6:b1,3,0AD0A889BA96937EC74B62B3CB9021A08BB3C7B1EBA75DECE3D3846A737C41E5,complete,1,1,1,0,,90.8125,91.728855721393,86.3805970149254,94.3813131313131,92.4583333333333,89.1666666666667,97.7083333333333,98.9583333333333,88,93.5,1.80465882600032,0,100,24.5751785725041,83.5820895522388,89.5522388059701,2.12505757816114,0,100,32.3284621704287,0.145833333333333,1,0,0,5.14583333333333,100,7.10416666666667,100,9.04166666666667,12,14.5,18,2.52083333333333,3,6.5,0,100,100,43.919142196242,55.27950310559,511.028209128224,899.05653502737,101.925806268282,92.5373134328358,83.5820895522388,89.7727272727273,7.10416666666667,100,22.6675684463192,8.5,0.134098688771565,26.0224671441341,25,0.0164285714285714,0.140859042454753,0,0,0,95,82.5,89.1666666666667,97.5,98.75,96.25,81.6666666666667,88.75,96.25,98.75,94.1666666666667,81.25,85.4166666666667,92.5,95,92.5,81.6666666666667,85,92.5,91.6666666666667,0,0,0,0,0,0,0,0
太阳能板直角边源.txt,太阳能板直角边源,6,太阳能板直角边源:s6:b2,37,E3FD1771AADAA370EFC1020A6F42323E19C570B6EC2F936F310450B7F75C1CB1,complete,1,1,1,0,,90.625,91.6666666666667,86.3805970149254,93.8762626262626,92.2083333333333,89.0416666666667,97.7083333333333,98.5416666666667,88,93,1.76468989762581,0,100,24.9257341920746,83.5820895522388,89.5522388059701,2.12505757816114,0,100,32.3284621704287,0.145833333333333,1,0,0,5.14583333333333,100,7.29166666666667,100,9.22916666666667,12,14.9166666666667,18,2.52083333333333,3,6.5,0,100,100,44.6655499720826,55.1787439613526,536.54200152696,893.092394221569,93.3019579917839,92.1641791044776,83.5820895522388,89.7727272727273,7.29166666666667,100,23.06796787366,8.5,0.233640475428633,26.4455572509364,25,0.0164285714285714,0.140859042454753,0,0,0,95,82.5,89.1666666666667,97.5,98.3333333333333,96.25,81.6666666666667,88.75,95.8333333333333,97.0833333333333,94.1666666666667,81.25,85.4166666666667,92.5,95,92.5,81.25,85,92.5,90.8333333333333,-0.00551470588235294,-0.00182908984489337,0,-0.0148544266191321,-0.00367647058823571,0.00551470588235299,0.00292769960756081,0.0219531698776664
太阳能板直角边源.txt,太阳能板直角边源,6,太阳能板直角边源:s6:b3,72,E3CBB34151DA764E7AB0D206706F5C26AA6CE634A342F4511E1A50ED0F2E2780,complete,1,1,1,0,,90.6041666666667,91.6666666666667,86.318407960199,93.8762626262626,92.1666666666667,89.0416666666667,97.7083333333333,98.5416666666667,88,93,1.73818475194211,0,100,24.9301001445257,83.5820895522388,89.5522388059701,2.04867151071626,0,100,32.3302837693308,0.145833333333333,1,0,0,5.16666666666667,100,7.29166666666667,100,9.25,12,14.9166666666667,18,2.52083333333333,3,6.5,0,100,100,44.6601076335112,55.0853176515955,535.365658255326,895.039958920113,93.3238859602767,92.1641791044776,83.5820895522388,89.7727272727273,7.29166666666667,100,23.06796787366,8.5,0.233640475428633,26.4455572509364,25,0.0164285714285714,0.140859042454753,0,0,0,95,82.5,88.75,97.5,98.3333333333333,96.25,81.6666666666667,88.75,95.8333333333333,97.0833333333333,94.1666666666667,81.25,85.4166666666667,92.5,95,92.5,81.25,85,92.5,90.8333333333333,-0.000595238095238366,0,-0.00177683013503887,0,0,0,0,-0.000155495387754253
太阳能板直角边源.txt,太阳能板直角边源,6,太阳能板直角边源:s6:b4,106,910ABE6250C85699C01910176DDC4C8F9A559C4006BA9180FFDFF0DA1966ECDA,complete,1,1,1,0,,90.4583333333333,91.4800995024876,86.2562189054726,93.6868686868687,92,88.9166666666667,97.2916666666667,98.5416666666667,87,93,1.76879144853366,0,100,25.1516547570617,83.5820895522388,89.5522388059701,2.10981033133562,0,100,32.3482513794006,0.1875,1,0,0,5.1875,100,7.375,100,9.35416666666667,12,15.0416666666667,18,2.54166666666667,3,6.5,0,100,100,44.5886638432336,55.0123409910765,545.53999686662,888.873350477694,85.4867613491682,92.1641791044776,83.5820895522388,89.7727272727273,7.375,100,23.1809980014172,8.5,0.229959269925073,26.2298143790876,29.1666666666667,0.0205357142857143,0.138320833793122,0,0,0,95,82.5,88.75,97.5,97.9166666666667,95.8333333333333,81.6666666666667,88.75,95,97.0833333333333,93.75,81.25,85.4166666666667,92.5,95,92.0833333333333,80.8333333333333,85,92.5,90.8333333333333,-0.00428921568627437,-0.00548726953467928,-0.00182908984489337,-0.00557040998217505,-0.00367647058823488,0.00245098039215683,-0.000108270750104698,-0.00210128794934113
太阳能板直角边源.txt,太阳能板直角边源,6,太阳能板直角边源:s6:b5,140,806399C40EF4F44BDBEDD499C4EA27025859A86B422A5244D633472D9BF944A1,complete,1,1,1,0,,90.4166666666667,91.4800995024876,86.2562189054726,93.5606060606061,91.9166666666667,88.9166666666667,97.2916666666667,98.5416666666667,87,93,1.72995769404584,0,100,25.2672759060831,83.5820895522388,89.5522388059701,2.10981033133562,0,100,32.3482513794006,0.1875,1,0,0,5.60416666666667,100,7.5,100,9.39583333333333,12,15.125,18,2.54166666666667,3,6.5,0,100,100,44.7410967882893,54.8960302457467,548.719917853557,888.620323683806,80.710654447548,92.1641791044776,83.5820895522388,89.7727272727273,7.5,100,23.596121296875,8,0.162161455858596,26.3085425616569,29.1666666666667,0.0205357142857143,0.138320833793122,0,0,0,95,82.5,88.75,97.5,97.5,95.8333333333333,81.6666666666667,88.75,94.5833333333333,97.0833333333333,93.75,81.25,85.4166666666667,92.5,95,92.0833333333333,80.8333333333333,85,92.5,90.8333333333333,-0.00122549019607815,0,0,-0.00371360665478281,0,0.00367647058823529,-0.00199405335489638,0.00448332191340087
太阳能板直角边源.txt,太阳能板直角边源,6,太阳能板直角边源:s6:b6,175,39A6FC0AFF4039F3EF77D9B3E936F313D9014EFA3840E1703CCED1BE1372130B,complete,1,1,1,0,,90.4791666666667,91.4179104477612,86.318407960199,93.75,92.0416666666667,88.9166666666667,97.2916666666667,98.5416666666667,87.5,93,1.75993556370846,0,100,25.2305723365509,83.5820895522388,89.5522388059701,2.04867151071626,0,100,32.4926012213141,0.1875,1,0,0,5.6875,100,7.33333333333333,100,9.33333333333333,12,15.0416666666667,18,2.54166666666667,3,6.5,0,100,100,44.524592327062,55.009038150509,545.145326221115,893.957077064777,85.8207231486406,92.1641791044776,83.5820895522388,89.7727272727273,7.33333333333333,100,23.1641690325419,8,0.23994952629448,23.5893979812415,29.1666666666667,0.0205357142857143,0.138320833793122,0,0,0,95,82.5,88.75,97.5,97.9166666666667,95.8333333333333,81.6666666666667,88.75,95.4166666666667,97.0833333333333,93.75,81.25,85.4166666666667,92.5,95,92.0833333333333,80.8333333333333,85,92.5,90.8333333333333,0.00178571428571429,-0.00177683013503887,0.00177683013503927,0.00541125541125536,0,-0.00476190476190474,0.00222251629816812,-0.00618584174935027
太阳能板直角边源.txt,太阳能板直角边源,6,太阳能板直角边源:s6:b7,210,78111520F8317485EE004097B3E2D9432D18AB8C00B86FC41D87F8DBC0DFF884,complete,1,1,1,0,,90.4166666666667,91.4800995024876,86.1318407960199,93.6868686868687,91.9166666666667,88.9166666666667,97.2916666666667,98.5416666666667,87,93,1.74247866100506,0,100,25.2430950363231,83.5820895522388,89.5522388059701,1.99173895429068,0,100,32.6104383284597,0.1875,1,0,0,5.66666666666667,100,7.4375,100,9.39583333333333,12,14.9583333333333,18,2.54166666666667,3,6.5,0,100,100,44.584880926371,54.9054820415879,541.389455995578,889.185198023163,87.5587252445345,92.1641791044776,83.5820895522388,89.7727272727273,7.4375,100,23.3615732285523,8,0.258883153939479,23.8949673728316,29.1666666666667,0.0205357142857143,0.138320833793122,0,0,0,95,82.5,88.3333333333333,97.5,98.3333333333333,95.8333333333333,81.6666666666667,88.3333333333333,94.5833333333333,97.0833333333333,93.75,81.25,85.4166666666667,92.5,95,92.0833333333333,80.8333333333333,85,92.5,90.8333333333333,-0.00178571428571429,0.00177683013503887,-0.00533049040511742,-0.00180375180375206,0,0.00297619047619054,0.000540960789857121,0.00172253140882808
太阳能板直角边源.txt,太阳能板直角边源,6,太阳能板直角边源:s6:b8,244,30613FAFB18DECCC82822BF32D18F162E82F52875F66E8BD8D6A59D96BA138FB,complete,1,1,1,0,,90.3958333333333,91.4179104477612,86.1318407960199,93.6868686868687,91.9166666666667,88.875,97.2916666666667,98.5416666666667,87,93,1.76917548142008,0,100,25.3024608980748,83.5820895522388,89.5522388059701,1.99173895429068,0,100,32.6104383284597,0.1875,1,0,0,5.6875,100,7.4375,100,9.41666666666667,12,14.9583333333333,18,2.5625,3,6.5,0,100,100,44.5601107489726,54.9655757804395,540.497313773529,888.917558232808,86.6840681025857,92.1641791044776,83.5820895522388,89.7727272727273,7.4375,100,23.3615732285523,8,0.258883153939479,23.8949673728316,29.1666666666667,0.0205357142857143,0.138320833793122,0,0,0,95,82.5,88.3333333333333,97.5,98.3333333333333,95.8333333333333,81.6666666666667,88.3333333333333,94.5833333333333,97.0833333333333,93.75,81.25,85.4166666666667,92.5,95,92.0833333333333,80.4166666666667,85,92.5,90.8333333333333,-0.000612745098039494,-0.00182908984489295,0,0,-0.00122549019607857,0,0,-0.000728534629363509
太阳能板直角边源.txt,太阳能板直角边源,6,太阳能板直角边源:s6:b9,279,4A7418D5503D784C18341C21A3F6E20C95AE141DBA5B23DAD82E65A532301BBD,complete,1,1,1,0,,89.9166666666667,91.4179104477612,86.1940298507463,92.1717171717172,91.4166666666667,88.4166666666667,97.2916666666667,93.3333333333333,87,92.5,1.69183889321049,0,100,25.6454914935845,83.5820895522388,89.5522388059701,2.02887711886613,0,100,32.512049009877,0.1875,1,0,0,6.35416666666667,100,7.47916666666667,100,9.89583333333333,12,16.625,18,2.5625,3,6.5,0,100,100,47.3555795506458,54.5095220984549,663.400308375547,893.637245485494,57.0234533270731,92.1641791044776,83.5820895522388,88.6363636363636,7.47916666666667,100,23.563923640766,7.5,0.166202134071091,22.5823541534593,29.1666666666667,0.0205357142857143,0.138320833793122,0,0,0,95,82.5,88.3333333333333,97.5,95,95.8333333333333,81.6666666666667,88.75,95.8333333333333,93.75,93.75,81.25,85.4166666666667,92.5,92.0833333333333,92.0833333333333,80.4166666666667,85,92.5,89.1666666666667,-0.0136904761904759,0,0.00177683013503887,-0.0432900432900429,-0.013095238095238,0.00119047619047615,-0.00264802913909681,0.0798705371906615
太阳能板直角边源.txt,太阳能板直角边源,6,太阳能板直角边源:s6:b10,314,FAE993D80C5F510F340D0E348948EF907EBEE97D2690D2611219E0CC4F641396,complete,1,1,1,0,,91.875,91.728855721393,87.1890547263682,96.780303030303,93.625,90.125,97.2916666666667,100,86,94.5,2.23241923754789,0,100,22.2439130250652,83.5820895522388,91.044776119403,2.67416079342046,0,100,30.8779488228039,0.166666666666667,1,0,0,4.35416666666667,100,5.58333333333333,100,7.95833333333333,14,12.8333333333333,16,2.70833333333333,5,5,0,100,100,39.8685736374178,57.1125975473801,439.778665960211,913.760721045874,157.947270009252,92.1641791044776,84.3283582089552,89.3939393939394,5.58333333333333,100,19.1622054381256,11.5,-0.3527845694435,21.1019888101811,25,0.0262857142857143,0.132137494528682,0,0,0,95.4166666666667,82.5,91.6666666666667,100,100,95.4166666666667,82.5,91.25,98.3333333333333,99.1666666666667,93.3333333333333,80.4166666666667,86.25,96.6666666666667,97.9166666666667,92.9166666666667,81.25,85.8333333333333,95,91.6666666666667,0.0559523809523808,0.00888415067519515,0.0284292821606255,0.131673881673882,0.0488095238095237,-0.0541666666666667,-0.0148281915289883,-0.213914454663655
太阳能板直角边源.txt,太阳能板直角边源,6,太阳能板直角边源:s6:b11,348,029D0B0892C8D06CC03626B16AFE0897D39632C28E1A806466E609DE9E34306F,complete,1,1,1,0,,91.6041666666667,91.4800995024876,86.6915422885572,96.7171717171717,93,90.2083333333333,97.2916666666667,96.25,88,93.5,1.6874161278137,0,100,23.2927586769777,83.5820895522388,89.5522388059701,2.19695543938504,0,100,31.684594257176,0.1875,1,0.375,2.5,4.64583333333333,100,6.27083333333333,100,7.83333333333333,9.5,12.5416666666667,15,2.52083333333333,3,5.5,0,100,100,40.5177251019365,55.5183946488294,471.292902703208,918.327030331984,132.232070833265,92.5373134328358,83.5820895522388,90.9090909090909,6.27083333333333,100,21.1677411556766,9,-0.129817154103163,26.7856603396349,29.1666666666667,0.0205357142857143,0.138320833793122,25,0.0985714285714285,0.218217890235992,95,82.5,88.75,99.1666666666667,100,95.8333333333333,82.0833333333333,90,96.6666666666667,100,93.75,81.25,86.25,95,100,92.0833333333333,81.25,85,95,92.5,-0.00796568627451008,-0.00731635937957265,-0.0146327187591453,-0.00185680332739182,0.00245098039215672,0.0202205882352942,0.00655786515706873,0.0190926901329007
太阳能板直角边源.txt,太阳能板直角边源,6,太阳能板直角边源:s6:b12,383,667EFD7EABD5F7AF7239C0560379B1F46771A598C8E6FF114FE2111C24315758,complete,1,1,1,0,,90.4583333333333,91.4800995024876,86.318407960199,93.6237373737374,91.9166666666667,89,97.5,98.5416666666667,87.5,93,1.67407772575949,0,100,25.2278491879715,83.5820895522388,89.5522388059701,2.04867151071626,0,100,32.3302837693308,0.145833333333333,1,0,0,5.58333333333333,100,7,100,9.39583333333333,12,15.1666666666667,18,2.54166666666667,3,6.5,0,100,100,44.7411731144807,54.7560280994874,542.971512589188,887.662429817158,79.7775559809389,92.1641791044776,83.5820895522388,90.1515151515152,7,100,22.6481720783922,8.5,0.0462389258859292,27.6742708251765,25,0.0164285714285714,0.140859042454753,0,0,0,95,82.5,88.75,97.5,97.5,95.8333333333333,81.6666666666667,88.75,94.5833333333333,97.0833333333333,93.75,81.25,85.4166666666667,92.5,95,92.5,80.8333333333333,85,92.5,91.25,-0.0327380952380951,0,-0.0106609808102344,-0.0883838383838383,-0.0345238095238094,0.0208333333333333,0.00503017371397406,0.120669943215549
太阳能板直角边源.txt,太阳能板直角边源,6,太阳能板直角边源:s6:b13,417,E0F5EE3B8E450A64BF17E9652B305E1CC10822008725DB7DD5B08788178322FA,complete,1,1,1,0,,90.3958333333333,91.3557213930348,86.2562189054726,93.6237373737374,91.875,88.9166666666667,97.2916666666667,98.5416666666667,87,93,1.71932220382909,0,100,25.3093558700358,83.5820895522388,89.5522388059701,2.10981033133562,0,100,32.3482513794006,0.1875,1,0,0,5.58333333333333,100,7.04166666666667,100,9.41666666666667,12,15.125,18,2.5625,3,6.5,0,100,100,44.5830017767798,54.7958125058946,544.725887137492,887.130211235258,77.4683175239107,92.1641791044776,83.5820895522388,90.1515151515152,7.04166666666667,100,22.7275008236866,8.5,0.0362233937951634,27.8387714985644,29.1666666666667,0.0205357142857143,0.138320833793122,0,0,0,95,82.0833333333333,88.75,97.5,97.5,95.8333333333333,81.6666666666667,88.75,94.5833333333333,97.0833333333333,93.75,81.25,85.4166666666667,92.5,95,92.0833333333333,80.4166666666667,85,92.5,91.25,-0.00183823529411765,-0.00365817968978632,-0.00182908984489337,0,-0.00245098039215672,0.00122549019607844,-0.000294574473257819,-0.00465209816767372
太阳能板直角边源.txt,太阳能板直角边源,6,太阳能板直角边源:s6:b14,452,06F01158CDDE2144AA14D362768208ADF265779E63EBA134AA491BFF5239A446,complete,1,1,1,0,,90.375,91.2935323383085,86.318407960199,93.5606060606061,91.875,88.875,97.0833333333333,98.5416666666667,87.5,93,1.7147062113681,0,100,25.385738521225,83.5820895522388,89.5522388059701,2.04867151071626,0,100,32.3302837693308,0.208333333333333,1,0,0,5.625,100,7.52083333333333,100,9.41666666666667,12,15.125,18,2.54166666666667,3,6.5,0,100,100,44.5985337945137,54.8748353096179,551.463168951675,888.416113111078,79.672971454011,92.1641791044776,83.5820895522388,89.7727272727273,7.52083333333333,100,23.6614636594396,8,0.144708218505496,26.7591165542276,29.1666666666667,0.0246428571428572,0.123717914826348,0,0,0,95,82.0833333333333,88.75,97.5,97.5,95.8333333333333,81.6666666666667,88.75,94.5833333333333,97.0833333333333,93.3333333333333,81.25,85.4166666666667,92.5,95,92.0833333333333,80.8333333333333,85,92.5,90.8333333333333,-0.00059523809523796,-0.00177683013503927,0.00177683013503927,-0.00180375180375165,-0.00119047619047633,0.0136904761904762,0.00309956642029522,0.00044377193525459
太阳能板直角边源.txt,太阳能板直角边源,6,太阳能板直角边源:s6:b15,486,3403BD3F85644597E274CBAAC1FED6A94F607E91EFD94FC79D88A345CA2846B3,complete,1,1,1,0,,90.3541666666667,91.3557213930348,86.1940298507463,93.5606060606061,91.8333333333333,88.875,97.2916666666667,98.5416666666667,87,93,1.70344386889993,0,100,25.455021243455,83.5820895522388,89.5522388059701,2.02887711886613,0,100,32.512049009877,0.166666666666667,1,0,0,6.125,100,7.5625,100,9.47916666666667,12,15.1666666666667,18,2.5625,3,6.5,0,100,100,44.6726070959549,54.7469245938586,546.146640460889,892.504656983308,81.8951280718533,92.1641791044776,83.5820895522388,89.7727272727273,7.5625,100,23.7548574920326,7.5,0.153502268301095,23.6775113325845,25,0.0262857142857143,0.132137494528682,0,0,0,95,82.0833333333333,88.3333333333333,97.5,97.5,95.8333333333333,81.6666666666667,88.75,94.5833333333333,97.0833333333333,93.3333333333333,81.25,85.4166666666667,92.5,95,92.5,80.4166666666667,85,92.5,90.8333333333333,-0.000612745098039076,0.00182908984489337,-0.00365817968978674,0,0,0.00122549019607839,0.000258648523399951,0.0021786265129776
太阳能板直角边源.txt,太阳能板直角边源,6,太阳能板直角边源:s6:b16,521,2F28442DBAE785D94F14F2F8A21E6E3F01D2ED007F73E4E9A426E6506BA3CA62,complete,1,1,1,0,,90.4791666666667,91.2935323383085,86.2562189054726,93.9393939393939,92.0833333333333,88.875,97.0833333333333,98.5416666666667,87,93,1.86197164473498,0,100,25.0187586657667,83.5820895522388,89.5522388059701,2.10981033133562,0,100,32.3482513794006,0.208333333333333,1,0,0,5.1875,100,7.04166666666667,100,9.3125,12,14.7916666666667,18,2.5625,3,6.5,0,100,100,44.0528682801315,55.1707734754067,535.952127286561,884.534109678341,90.0155784086428,92.1641791044776,83.5820895522388,90.1515151515152,7.04166666666667,100,22.6929271345034,8.5,0.0157860704476978,27.5235113594096,29.1666666666667,0.0246428571428572,0.123717914826348,0,0,0,95,82.0833333333333,88.75,97.5,98.75,95.8333333333333,81.6666666666667,88.75,95,97.5,93.3333333333333,81.25,85.4166666666667,92.5,95,92.0833333333333,80.4166666666667,85,92.5,91.25,0.00357142857142857,-0.00177683013503927,0.00177683013503927,0.0108225108225107,0,-0.0148809523809523,-0.00393474851009705,-0.0177068233092409
太阳能板直角边源.txt,太阳能板直角边源,6,太阳能板直角边源:s6:b17,556,5D4BF1A8E94A4EFCDCAE7D8A7B653B7C1A5D014369D9E417B668BB6170CE15A7,complete,1,1,1,0,,90.7291666666667,91.5422885572139,86.3805970149254,94.3181818181818,92.375,89.0833333333333,97.2916666666667,98.5416666666667,88,93,1.81167209977453,0,100,24.522368903374,83.5820895522388,89.5522388059701,2.07898039472031,0,100,32.238834179725,0.166666666666667,1,0,0,5.14583333333333,100,6.89583333333333,100,9.10416666666667,11.5,14.5833333333333,18,2.52083333333333,3,6,0,100,100,43.6993958556829,55.1636541279922,520.803072764192,890.192732629804,93.5536985741627,92.1641791044776,83.5820895522388,90.530303030303,6.89583333333333,100,22.4307883791178,8,0.112953569957871,25.783586671597,25,0.0262857142857143,0.132137494528682,0,0,0,95,82.5,88.75,97.5,98.75,95.8333333333333,82.0833333333333,89.1666666666667,95.4166666666667,98.75,93.3333333333333,81.25,85.4166666666667,92.5,95,92.5,81.25,85,92.5,92.0833333333333,0.00714285714285714,0.00710732054015669,0.00355366027007814,0.0108225108225111,0.00595238095238122,-0.00416666666666668,0.00277621427171922,-0.010099212127103
太阳能板直角边源.txt,太阳能板直角边源,6,太阳能板直角边源:s6:b18,591,01FE751C3353EB37497B90B1A8D1348120F932F9CD5B8F2A927AF28800CEAD6E,complete,1,1,1,0,,90.875,90.7338308457712,87.5,94.4444444444444,92,89.75,99.1666666666667,98.75,88.5,93,1.36930639376292,0,100,24.4295255156117,85.0746268656716,91.044776119403,2.14772550036879,0,100,30.4463152857306,0.0833333333333333,0.5,0,0,5.10416666666667,100,6.83333333333333,100,9.04166666666667,11,14.1666666666667,17,2.58333333333333,3,5,0,100,100,44.015740804479,54.0698828667858,490.76054593887,898.382838545292,68.5433175288073,90.2985074626866,85.0746268656716,90.9090909090909,6.83333333333333,100,22.4325093618668,7.5,0.0470628568899918,25.5890750659336,16.6666666666667,5.93038926436999e-19,0,0,0,0,96.25,81.6666666666667,90,95.4166666666667,98.3333333333333,95.4166666666667,82.0833333333333,87.0833333333333,95,98.75,95,80.4166666666667,85.8333333333333,94.5833333333333,95.4166666666667,93.75,81.25,85.4166666666667,92.5,93.3333333333333,0.00416666666666653,-0.0230987917555081,0.0319829424307037,0.0036075036075033,0.0190476190476188,-0.00178571428571434,-0.00188259180193939,0.00903842710846041
太阳能板直角边源.txt,太阳能板直角边源,6,太阳能板直角边源:s6:b19,625,AE1DBD35746AB701B4DB61E5E2A1CC0CE485087F05B2A046E609A329F355D575,complete,1,1,1,0,,90.9166666666667,91.1691542288557,86.81592039801,94.8232323232323,92.25,89.5833333333333,97.9166666666667,98.5416666666667,87.5,93,1.76109320462102,0,100,24.4058372346101,83.5820895522388,89.5522388059701,1.90155837991226,0,100,31.3872995172166,0.145833333333333,1,0,0,5.4375,100,6.5625,100,8.9375,12.5,14.4166666666667,18,2.58333333333333,3,5,0,100,100,43.0132312940851,55.3350618268847,491.331625932229,902.885860555741,74.1439712661447,89.9253731343284,83.955223880597,90.530303030303,6.5625,100,21.6825958549592,7.5,0.00591679924508309,21.8468438592618,25,0.0164285714285714,0.140859042454753,0,0,0,96.25,82.5,88.75,97.5,98.75,95.8333333333333,81.25,87.5,95.4166666666667,98.75,94.1666666666667,82.0833333333333,87.5,94.1666666666667,96.25,92.0833333333333,79.5833333333333,85,92.5,92.5,0.00122549019607857,0.0128036289142519,-0.020119988293825,0.0111408199643493,-0.00490196078431345,-0.00796568627450977,-0.00121017816602673,-0.0294855738351155
太阳能板直角边源.txt,太阳能板直角边源,6,太阳能板直角边源:s6:b20,660,929C9A5013201BBAB2780E5654BA94A8CEB1DDC72B0B82E07A7270DC91F497B0,complete,1,1,1,0,,90.8333333333333,91.2313432835821,86.81592039801,94.5075757575758,92.2083333333333,89.4583333333333,97.9166666666667,98.5416666666667,87.5,93,1.79774415809676,0,100,24.4887706578044,83.5820895522388,89.5522388059701,1.90155837991226,0,100,31.3872995172166,0.145833333333333,1,0,0,5.4375,100,6.64583333333333,100,9.02083333333333,12.5,14.5833333333333,18,2.58333333333333,3,5,0,100,100,43.5187300137049,55.4545454545454,501.403429738501,894.891343404833,70.8783316510688,89.9253731343284,83.955223880597,90.1515151515152,6.64583333333333,100,21.7976067710106,7.5,0.0476577163237826,21.5498700773645,25,0.0164285714285714,0.140859042454753,0,0,0,96.6666666666667,82.5,88.75,97.5,98.75,95.8333333333333,81.25,87.5,95.4166666666667,97.9166666666667,94.1666666666667,82.0833333333333,87.5,93.3333333333333,96.25,92.0833333333333,79.5833333333333,85,92.5,92.0833333333333,-0.00238095238095265,0.00177683013503927,0,-0.00901875901875907,-0.00357142857142898,0.0023809523809524,0.00119259763081999,0.0144428205605653
太阳能板直角边源.txt,太阳能板直角边源,6,太阳能板直角边源:s6:b21,694,C194861DEC6125D8F88E4EE5175472191047BE939F84D923ECFD940D0F364835,complete,1,1,1,0,,90.9166666666667,91.044776119403,87.2512437810945,94.5075757575758,92.25,89.5833333333333,97.9166666666667,98.5416666666667,87.5,93.5,1.82176853077172,0,100,24.4914780242515,83.5820895522388,89.5522388059701,1.75935443618677,0,100,30.9083223122869,0.166666666666667,1,0,0,5.125,100,7.35416666666667,100,8.91666666666667,12,14.4166666666667,18,2.5625,3,5.5,0,100,100,43.4627264764188,55.4447546868767,504.05487588625,901.790105375471,62.0524299514722,88.8059701492537,84.7014925373134,90.1515151515152,7.35416666666667,100,23.2796459258571,8,0.0163208918318038,25.6582542637338,25,0.0262857142857143,0.132137494528682,0,0,0,96.6666666666667,82.9166666666667,89.5833333333333,96.6666666666667,98.75,95.8333333333333,81.6666666666667,87.0833333333333,95,98.3333333333333,94.1666666666667,81.6666666666667,88.3333333333333,94.1666666666667,96.25,92.0833333333333,79.5833333333333,85,92.5,92.0833333333333,0.00245098039215714,-0.00548726953467969,0.0128036289142523,0,0.00367647058823571,0.0208333333333333,-0.000921671308587614,-0.00164716286135553
太阳能板直角边源.txt,太阳能板直角边源,6,太阳能板直角边源:s6:b22,729,B76AA5128322DD8F81E6D679CEB7A3AAEDF81305A89291823A5B7C80D4527B43,complete,1,1,1,0,,90.4583333333333,89.2412935323383,88.6194029850746,93.5606060606061,91.25,89.6666666666667,99.5833333333333,97.7083333333333,88,93,1.23285341230492,0,100,25.2589533910221,85.0746268656716,95.5223880597015,2.05555451574438,0,100,28.6900275669623,0.0416666666666667,0.5,0,0,5.0625,100,7.10416666666667,100,9.5,11.5,14.9166666666667,17,2.66666666666667,3,6,0,100,100,44.7576309495074,53.0187962787165,543.91623129953,934.353573116231,64.0471008094047,89.1791044776119,86.1940298507463,90.530303030303,7.10416666666667,100,23.3089333867541,8.5,0.0021959697299516,32.2189154553508,8.33333333333333,0,0,0,0,0,95.4166666666667,80,88.3333333333333,95.4166666666667,96.6666666666667,95.4166666666667,81.6666666666667,87.5,95,97.0833333333333,95,80.8333333333333,88.75,94.5833333333333,94.1666666666667,93.75,79.1666666666667,85.8333333333333,92.5,92.0833333333333,-0.0130952380952384,-0.0515280739161337,0.03909026297086,-0.0270562770562768,0.00238095238095184,-0.00714285714285714,-0.000403569202910062,0.0369972706596737
太阳能板直角边源.txt,太阳能板直角边源,6,太阳能板直角边源:s6:b23,764,2D45517D19DD855241026274A82BDD9831A3B0121BB940F768E00D5B233FFA0F,complete,1,1,1,0,,90.4375,91.5422885572139,85.8208955223881,94.0025252525252,91.9583333333333,88.9166666666667,98.5416666666667,97.7083333333333,87.5,93.5,1.90144395932007,0,100,24.7855032595947,83.5820895522388,89.5522388059701,2.37014696531469,0,100,32.3811256887309,0.125,1,0.229166666666667,1,5.04166666666667,100,7.39583333333333,100,9.20833333333333,11,14.1666666666667,17,2.625,3,6.5,0,100,100,44.6721625556979,55.6313346594676,530.890506090097,867.536868401254,94.8208634708488,90.2985074626866,83.5820895522388,90.1515151515152,7.39583333333333,100,22.9720379483102,8.5,0.129020988311101,24.2134721005798,20.8333333333333,0.023,0.14142135623731,37.5,0.0134166666666667,0.143264410646974,95.8333333333333,82.0833333333333,89.5833333333333,97.5,100,95.4166666666667,81.6666666666667,86.6666666666667,93.3333333333333,97.5,95.4166666666667,80.4166666666667,85,92.5,95.4166666666667,91.6666666666667,79.5833333333333,85,92.5,91.6666666666667,-0.00059523809523796,0.0657427149964466,-0.0799573560767592,0.0126262626262624,-0.021428571428571,0.00833333333333332,0.00362357195946142,-0.00244195410884203
太阳能板直角边源.txt,太阳能板直角边源,6,太阳能板直角边源:s6:b24,798,8BD8D9250B1C7BCACA01C94FC396D0EEF2A3E12DBAE77AA65EC999951D0220BE,complete,1,1,1,0,,79.9791666666667,80.6592039800995,72.4502487562189,86.9318181818182,71.1666666666667,88.7916666666667,83.3333333333333,98.75,24.5,92.5,19.2186951366013,0,100,22.3493525981803,0,88.0597014925373,26.0269213454809,0,87.5,28.4263478417591,6.5,75.5,0,0,4.9375,100,6.5,100,13.5208333333333,48,13.375,18,12.9791666666667,75.5,6.5,4.16666666666667,100,100,44.2096015980004,33.4660453332127,604.579981979444,883.509466827284,-43.6050355624067,90.2985074626866,82.8358208955224,91.2878787878788,6.5,100,20.7457959926331,9.5,0.55827432349953,19.3794954014844,37.5,-1.024075,20.0376000725303,0,0,0,47.9166666666667,42.0833333333333,41.25,45.4166666666667,80,95,80,91.6666666666667,92.5,95.8333333333333,92.0833333333333,78.75,90.8333333333333,88.75,95.8333333333333,90.8333333333333,79.5833333333333,90,87.5,93.75,-0.307598039215686,-0.320090722856307,-0.393254316652034,-0.207961972667855,-0.00367647058823529,-0.0263480392156862,0.0126250980937773,-0.0136047340499247
太阳能板直角边源.txt,太阳能板直角边源,6,太阳能板直角边源:s6:b25,833,9F4E7129CE3BA849C08E4B73D88E1E820EBF5320E0A814A812F0DB17B8B56177,complete,1,1,1,0,,89.4166666666667,91.2935323383085,84.3283582089552,92.6767676767677,90.8333333333333,88,93.75,95.625,80.5,92.5,2.44356593787719,0,100,25.1975721801611,82.089552238806,86.5671641791045,1.45973028931888,0,100,32.6483401766039,0.208333333333333,1,0.4375,7,4.72916666666667,100,7.97916666666667,100,9.9375,12.5,15.5,17,2.83333333333333,7,6.5,0,100,100,46.0620029280259,55.2464909277644,667.374302255738,937.190109257344,155.385126970822,90.2985074626866,83.5820895522388,83.3333333333333,7.97916666666667,100,23.2075813190686,16.5,-0.310083784440931,28.1631819869791,33.3333333333333,0.0164285714285714,0.14173667737846,8.33333333333333,0.805000000000001,0,94.1666666666667,81.25,93.75,89.1666666666667,98.3333333333333,91.6666666666667,80,93.3333333333333,89.1666666666667,97.5,91.6666666666667,81.25,94.1666666666667,85.8333333333333,95,90.4166666666667,79.1666666666667,92.5,85,85,0.269642857142857,0.303837953091684,0.339374555792466,0.164141414141415,-0.0226190476190478,0.0422619047619048,-0.0248102316554417,0.0529257522864427
太阳能板直角边源.txt,太阳能板直角边源,6,太阳能板直角边源:s6:b26,868,CB6A71CF87A6E02438D50EC419C9F3CE2FBB500FE80C29E5B46658FB00F2092E,complete,1,1,1,0,,69.7291666666667,64.1169154228856,61.3805970149254,83.9015151515152,50.625,88.8333333333333,66.0416666666667,97.2916666666667,5,91,31.9190481383448,0,100,22.8006523600923,0,86.5671641791045,36.8427483791458,0,79.1666666666667,24.9745460650104,20.3541666666667,95,0,0,26.625,100,7,100,9.91666666666667,54.5,12.25,16,24.3125,95,8.5,16.6666666666667,100,100,41.0936305754513,25.386756036985,599.701622023573,732.027149485524,9.55082124432363,89.5522388059701,83.955223880597,92.4242424242424,7,100,22.7557737134469,7.5,0.600737437268524,18.1953766994609,33.3333333333333,-3.21315476190476,16.1000060078368,0,0,0,0,0,0,19.1666666666667,73.75,76.6666666666667,66.25,83.75,90,96.6666666666667,91.25,79.5833333333333,92.5,85.8333333333333,95.4166666666667,90.4166666666667,80,93.3333333333333,85,95,-0.5625,-0.776474769012082,-0.655650319829424,-0.250721500721501,0.0238095238095237,-0.0279761904761905,0.026023463477413,-0.141953495787848
太阳能板直角边源.txt,太阳能板直角边源,6,太阳能板直角边源:s6:b27,902,7484C6978DC0C7470B15186E91BD3472D2A61773728BACBED95678900843EDA0,complete,1,1,1,0,,16.0416666666667,9.82587064676617,9.45273631840796,29.040404040404,0,32.0833333333333,13.125,41.6666666666667,0,87.5,26.8760911473808,0,45.8333333333333,11.8938017865619,0,82.089552238806,24.5275233317531,0,16.6666666666667,5.20932261070623,78.5208333333333,100,54.1666666666667,100,83.5208333333333,100,10.3958333333333,100,59.6041666666667,100,3.20833333333333,18,82.4375,100,80.5,79.1666666666667,100,45.8333333333333,47.106250857264,42.5428848851009,775.127841888634,710.523984459364,-102.013016972031,58.955223880597,56.7164179104478,91.2878787878788,10.3958333333333,100,30.0868760586992,2.5,0.298909785215306,8.77031109020955,29.1666666666667,-1.12946428571429,0.946933827397349,0,0,0,0,0,0,0,0,0,0,0,0,0,0,0,0,0.833333333333333,45.4166666666667,46.25,25,40,69.5833333333333,93.75,-1.57904411764706,-1.59679543459175,-1.52729002048581,-1.61356209150327,-1.66911764705882,0.0998774509803922,-0.00887728388391816,0.176841772994492
太阳能板直角边源.txt,太阳能板直角边源,6,太阳能板直角边源:s6:b28,937,C799B312FC434AC9C529200A8246687308749DB917BE5639C9D3DC1590E140FC,complete,1,1,1,0,,15.0833333333333,25,17.9726368159204,2.08333333333333,30.1666666666667,0,25,0,0,79.5,27.5983091269496,0,25,10.0820198626786,0,100,35.811374374562,8.33333333333333,25,4.54176253396414,75,100,84.875,100,20.5,100,84.9166666666667,100,75.0416666666667,100,0.416666666666667,5,84.875,100,100,75,79.5,25,53.2590578012734,57.2481546272987,850.65494363541,709.298477976693,-148.492356469009,0,0,0,84.9166666666667,100,10.0820198626786,79.5,0.286975434877796,3.10085319576089,0,0,0,25,1.80057142857143,1.80211515936664,100,97.5,74.5833333333333,29.5833333333333,0,0,0,0,0,0,0,0,0,0,0,0,0,0,0,0,-0.0273809523809524,0.433546552949538,0.243425728500355,-0.77020202020202,-0.916666666666667,2.12916666666667,-0.000340981438214581,0.175794484114553
太阳能板直角边源.txt,太阳能板直角边源,6,太阳能板直角边源:s6:b29,971,1AB8D98ACE026974929E192EAEC523F8A55EA5982EA43B676A65D757B963ECA0,complete,1,1,1,0,,22.6666666666667,30.2860696517413,27.4875621890547,10.0378787878788,45.3333333333333,0,29.1666666666667,4.16666666666667,0,90.5,33.9551067641131,0,33.3333333333333,9.76625189919708,0,100,42.7667609067905,16.6666666666667,33.3333333333333,4.41552905425685,67.6875,100,76.1875,100,1.52083333333333,100,76.3125,100,66.7916666666667,100,0.625,3,77.1875,100,46.5,66.6666666666667,99.5,33.3333333333333,53.2147537255242,60.7840610944527,872.043317853071,632.168109486912,-122.380604252459,0,0,0,76.3125,100,10.5803925338211,99.5,0.339368686868688,3.62456251151116,4.16666666666667,0,0,33.3333333333333,1.86327380952381,1.33644540087645,83.3333333333333,96.25,100,67.5,27.9166666666667,33.3333333333333,33.3333333333333,11.6666666666667,0,0,0,0,0,0,0,0,0,0,0,0,0.223039215686274,0.15547263681592,0.279850746268657,0.233957219251337,0,-0.253063725490197,0.0015409779997321,-0.00130306105144484
太阳能板直角边源.txt,太阳能板直角边源,6,太阳能板直角边源:s6:b30,1006,3442C38E564F56156828591A22B90120832D4763DD9BA7FFE83C09D91D046B26,complete,1,1,1,0,,21.3958333333333,29.9129353233831,25.68407960199,8.39646464646465,42.7916666666667,0,28.9583333333333,2.5,0,87.5,32.4281745342409,0,33.3333333333333,10.1003263998538,0,100,42.0797001707287,16.6666666666667,29.1666666666667,4.0771324106416,67.7083333333333,100,77.5,100,5.04166666666667,100,77.5625,100,66.7291666666667,100,0.625,5,78.375,100,50.5,66.6666666666667,96,33.3333333333333,53.3549006628691,60.0871178510929,868.595849228696,653.618387912948,-130.340524037422,0,0,0,77.5625,100,11.0174527489514,96,0.346275715995713,3.30835091499068,4.16666666666667,0,0,33.3333333333333,1.93309523809524,2.8748705975019,83.3333333333333,95.8333333333333,98.75,62.9166666666667,19.5833333333333,32.9166666666667,26.25,8.33333333333333,0,0,0,0,0,0,0,0,0,0,0,0,-0.0363095238095238,-0.0106609808102346,-0.0515280739161337,-0.0468975468975469,0,0.0357142857142857,0.000197343689343594,0.00400419820985495
太阳能板直角边源.txt,太阳能板直角边源,6,太阳能板直角边源:s6:b31,1041,7FD8D86AFCCC30121642671DDF45CFEE9AC3907614E77800011F40919DB32E94,complete,1,1,1,0,,18.1458333333333,24.31592039801,24.1293532338308,5.80808080808081,36.2916666666667,0,24.7916666666667,0,0,78,29.4623854396941,0,29.1666666666667,9.5152018823611,0,100,40.4500399650862,12.5,29.1666666666667,4.67467034574084,72.25,100,80.2083333333333,100,11.6458333333333,100,80.2083333333333,100,71.0625,100,0.833333333333333,13,81.2083333333333,100,88.5,70.8333333333333,90,29.1666666666667,52.8504062690649,58.3929974437571,873.915856556276,703.3887972004,-112.713674957927,0,0,0,80.2083333333333,100,10.7454397375606,90,0.308148999797662,3.81499176161024,4.16666666666667,0,0,29.1666666666667,1.67160714285714,1.09206320367291,78.75,88.3333333333333,95.4166666666667,51.25,11.25,16.6666666666667,16.6666666666667,4.58333333333333,0,0,0,0,0,0,0,0,0,0,0,0,-0.0928571428571429,-0.159914712153518,-0.0444207533759772,-0.073953823953824,0,0.075595238095238,-0.00108933474851576,-0.0144141255372641
太阳能板直角边源.txt,太阳能板直角边源,6,太阳能板直角边源:s6:b32,1076,33BEAF89A09B9B37F6038F41BBB5692783CFD9C9C87E5A7265AF8EC41D4DABA2,complete,1,1,1,0,,18.7708333333333,25.3731343283582,24.5024875621891,6.25,37.5416666666667,0,24.7916666666667,0.625,0,83.5,30.5201213623245,0,29.1666666666667,9.62550349644227,0,100,40.8580299313468,16.6666666666667,29.1666666666667,4.61720655936899,72.0208333333333,100,79.9375,100,9.77083333333333,100,79.9583333333333,100,70.9375,100,0.666666666666667,5,80.7708333333333,100,83,70.8333333333333,91.5,29.1666666666667,52.9295618899834,58.7976850251458,874.316578516044,686.883519251683,-118.001483759855,0,0,0,79.9583333333333,100,10.5788463694344,91.5,0.306359720405516,3.84405579254257,4.16666666666667,0,0,29.1666666666667,1.68803571428571,1.17748868013104,82.5,92.0833333333333,96.25,52.5,13.3333333333333,16.6666666666667,16.6666666666667,5.41666666666667,0,0,0,0,0,0,0,0,0,0,0,0,0.0178571428571429,0.0302061122956645,0.0106609808102344,0.0126262626262626,0,-0.00714285714285714,-5.11222683470179e-05,0.00226158916910098
太阳能板直角边源.txt,太阳能板直角边源,6,太阳能板直角边源:s6:b33,1110,D8AF87F8ED3A5B0783EC758B695A1D2CB4A495C2FD3287FE0061C3A35BD82081,complete,1,1,1,0,,18.3333333333333,24.6890547263682,24.1915422885572,5.93434343434343,36.6666666666667,0,24.5833333333333,0.208333333333333,0,79.5,29.7904517336135,0,29.1666666666667,9.55274230463719,0,100,40.6728572749491,16.6666666666667,29.1666666666667,4.5434910830406,72.1041666666667,100,80.1666666666667,100,11,100,80.1666666666667,100,71.0625,100,0.916666666666667,13,81.0416666666667,100,87,70.8333333333333,90.5,29.1666666666667,52.8806019895396,58.5237355811889,874.006562750372,697.619069352402,-114.762186217426,0,0,0,80.1666666666667,100,10.676123843598,90.5,0.308070160349166,3.77640339503448,4.16666666666667,0,0,29.1666666666667,1.69625,1.03940230077538,80,90,95.4166666666667,52.0833333333333,11.6666666666667,16.6666666666667,16.6666666666667,4.16666666666667,0,0,0,0,0,0,0,0,0,0,0,0,-0.0128676470588235,-0.020119988293825,-0.00914544922446591,-0.00928401663695782,0,0.00612745098039244,5.03070571661879e-05,-0.00143999707187766
太阳能板直角边源.txt,太阳能板直角边源,6,太阳能板直角边源:s6:b34,1145,6EAB8C97179289C0044E726794331110EE3FB6F2916CCD2B1F1814C5FB9DD1BD,complete,1,1,1,0,,18.125,24.2537313432836,24.1293532338308,5.80808080808081,36.25,0,24.5833333333333,0.208333333333333,0,76,29.3628906585521,0,29.1666666666667,9.55045887152112,0,100,40.4212964961622,12.5,29.1666666666667,4.89458067108163,72.1041666666667,100,80.2083333333333,100,11.1458333333333,100,80.2291666666667,100,71.2291666666667,100,1.08333333333333,13,81.1041666666667,100,87,70.8333333333333,91,29.1666666666667,52.8375976574988,58.3847770771102,874.623625450235,703.321395414525,-111.969429938665,0,0,0,80.2291666666667,100,10.7555633676562,90.5,0.311685306839473,3.85371028726473,4.16666666666667,0,0,29.1666666666667,1.68392857142857,1.27974806194064,77.5,89.5833333333333,95.8333333333333,50.4166666666667,11.25,16.6666666666667,16.6666666666667,4.58333333333333,0,0,0,0,0,0,0,0,0,0,0,0,-0.00595238095238092,-0.0124378109452736,-0.00177683013503897,-0.00360750360750361,0,0.00178571428571429,0.000103289899723044,-0.00122869520116698
太阳能板直角边源.txt,太阳能板直角边源,6,太阳能板直角边源:s6:b35,1180,212F7760C978A73343C238122CD2867E5BF4E3CD779786EEAAE10A8FCCF941C3,complete,1,1,1,0,,17.9583333333333,24.0671641791045,23.9427860696517,5.68181818181818,35.9166666666667,0,24.375,0,0,75,29.1192886419722,0,29.1666666666667,9.49218359566098,0,100,40.3824903405032,12.5,29.1666666666667,4.71980498787546,72.1875,100,80.3125,100,11.7083333333333,100,80.3333333333333,100,71.2083333333333,100,1,13,81.25,100,88.5,70.8333333333333,90,29.1666666666667,52.8190725083008,58.2915627001126,874.309312448027,706.41485438328,-110.842072624536,0,0,0,80.3333333333333,100,10.7568813756167,90,0.311271266945825,3.75719555588274,4.16666666666667,0,0,29.1666666666667,1.68392857142857,1.04246567995189,76.6666666666667,89.1666666666667,95,50.4166666666667,10.8333333333333,16.6666666666667,16.6666666666667,3.75,0,0,0,0,0,0,0,0,0,0,0,0,-0.00476190476190469,-0.00533049040511731,-0.00533049040511731,-0.00360750360750361,0,0.00297619047619061,-1.182971124708e-05,-0.00052928997708323
太阳能板直角边源.txt,太阳能板直角边源,6,太阳能板直角边源:s6:b36,1214,29F58C1B1832795B502081B7C7BDE05945B9D2EBC049035C156CB47F3F3EB1E0,interrupted_by_connection_loss,0,1,0,0,,NaN,NaN,NaN,NaN,NaN,NaN,NaN,NaN,NaN,NaN,NaN,NaN,NaN,NaN,NaN,NaN,NaN,NaN,NaN,NaN,NaN,NaN,NaN,NaN,NaN,NaN,NaN,NaN,NaN,NaN,NaN,NaN,NaN,NaN,NaN,NaN,NaN,NaN,NaN,NaN,NaN,NaN,NaN,NaN,NaN,NaN,NaN,NaN,NaN,NaN,NaN,NaN,NaN,NaN,NaN,NaN,NaN,NaN,NaN,NaN,NaN,NaN,NaN,NaN,NaN,NaN,NaN,NaN,NaN,NaN,NaN,NaN,NaN,NaN,NaN,NaN,NaN,NaN,NaN,NaN,NaN,NaN,NaN,NaN,NaN,NaN
太阳能板直角边源.txt,太阳能板直角边源,7,太阳能板直角边源:s7:b1,3,E59780318301DEC60F894A87E8CC8F55DE1832AF229040E76C976E4EA8A13894,complete,1,1,1,0,,70.9791666666667,77.363184079602,64.9875621890547,70.5808080808081,84.25,57.7083333333333,82.2916666666667,90.8333333333333,34,95.5,20.9733159487015,0,95.8333333333333,18.6075572975551,16.4179104477612,94.0298507462687,30.1766093238072,0,95.8333333333333,18.4217864685895,0.125,3,0.0625,1.5,3.91666666666667,100,14.9375,100,28.8333333333333,66,10.3333333333333,22,16.4375,35,3.5,0,100,100,51.4521639063949,65.5170261244108,606.757600033715,933.419243980813,65.9318606944682,42.5373134328358,17.910447761194,59.8484848484849,14.9375,100,18.9922582415988,51.5,0.0234011884504882,10.5112319916026,4.16666666666667,0,0,4.16666666666667,0,0,92.5,80.8333333333333,64.5833333333333,68.3333333333333,100,72.9166666666667,72.5,100,90.8333333333333,100,92.0833333333333,89.1666666666667,92.5,48.75,57.0833333333333,71.25,11.25,31.6666666666667,12.5,70.8333333333333,0,0,0,0,0,0,0,0
太阳能板直角边源.txt,太阳能板直角边源,7,太阳能板直角边源:s7:b2,201,D2C0F694616045A7F603B66DA8D4F5AFF6A9B71A8D912117EDB6138C471DDF7F,complete,1,1,1,0,,70.2916666666667,76.5547263681592,64.1169154228856,70.2020202020202,83.7083333333333,56.875,82.2916666666667,90.625,34,95,20.9818330667408,0,100,18.7147677545026,16.4179104477612,94.0298507462687,30.42752049129,0,91.6666666666667,18.4060087293414,0.125,3,0.0625,1.5,4.1875,100,15.1041666666667,100,29.5208333333333,66,10.25,20,16.8958333333333,36,4,0,100,100,51.2203373106768,65.1777547411427,606.533818611215,929.522233416621,68.4915370900285,42.1641791044776,17.910447761194,60.2272727272727,15.1041666666667,100,19.2303648944952,51.5,0.0289966256752511,11.0134576917676,4.16666666666667,0,0,4.16666666666667,0,0,92.5,78.3333333333333,63.3333333333333,69.1666666666667,100,71.25,72.5,100,90,100,92.0833333333333,89.1666666666667,89.5833333333333,47.5,55.4166666666667,70,9.58333333333333,31.25,12.9166666666667,71.25,-0.00347222222222229,-0.00408311975476154,-0.00439720588974323,-0.00191307009488833,-0.00420875420875419,0.000841750841750857,2.82597839634486e-05,-0.00117084139251546
太阳能板直角边源.txt,太阳能板直角边源,7,太阳能板直角边源:s7:b3,236,FBB0DCF0535B841B187AD1F1D5EB267717BA0CD2C7FAC22D35661EACB1F1A8FF,complete,1,1,1,0,,70.3125,76.4303482587065,64.0547263681592,70.4545454545455,83.8333333333333,56.7916666666667,82.2916666666667,90.8333333333333,34,95.5,21.1659141997941,0,100,18.4595619243184,16.4179104477612,94.0298507462687,30.5274264976256,0,91.6666666666667,18.3756945872913,0.125,3,0.0625,1.5,3.85416666666667,100,15.0833333333333,100,29.5,66,10.3333333333333,20,16.8541666666667,36,4,0,100,100,51.1109935643128,65.2753623188405,606.506548683382,929.77477089068,71.2540480178671,42.1641791044776,17.5373134328358,60.2272727272727,15.0833333333333,100,19.230920628189,51.5,0.024591366499197,11.0579133291728,4.16666666666667,0,0,4.16666666666667,0,0,92.5,78.3333333333333,63.3333333333333,69.1666666666667,100,71.25,72.0833333333333,100,91.6666666666667,100,92.0833333333333,89.1666666666667,89.5833333333333,47.9166666666667,55.4166666666667,69.5833333333333,9.58333333333333,30.8333333333333,12.5,71.25,0.000595238095238366,-0.00355366027007814,-0.00177683013503887,0.00721500721500742,-0.00238095238095245,-0.000595238095238112,-0.00012586454788726,-0.00312410703897196
太阳能板直角边源.txt,太阳能板直角边源,7,太阳能板直角边源:s7:b4,270,B49FB54ED62A50D6A02AB283F100022843E6FBA8BC431DCF5A4D51C38CC98AD7,complete,1,1,1,0,,70.3541666666667,76.4925373134328,63.9303482587065,70.6439393939394,83.8333333333333,56.875,82.2916666666667,90.8333333333333,34,95.5,21.1354221353769,0,100,18.5361549126221,16.4179104477612,94.0298507462687,30.5583449044513,0,91.6666666666667,18.4002486179801,0.125,3,0.0625,1.5,3.85416666666667,100,15.25,100,29.4583333333333,66,10.5833333333333,20,16.6666666666667,36,4,0,100,100,51.0634691376771,65.2968315561123,604.462844661309,930.587086672163,69.234583972471,41.7910447761194,17.5373134328358,60.6060606060606,15.25,100,19.2394474255828,52,0.0287322381487351,11.012067597177,4.16666666666667,0,0,4.16666666666667,0,0,92.5,78.3333333333333,63.3333333333333,69.1666666666667,100,71.25,72.5,100,91.25,100,92.0833333333333,89.1666666666667,89.1666666666667,47.9166666666667,56.25,69.5833333333333,9.58333333333333,30.4166666666667,12.9166666666667,71.6666666666667,0.00122549019607815,0.00182908984489295,-0.00365817968978632,0.00557040998217464,0.00245098039215693,0.00490196078431371,0.000121790342633475,-0.00139777725398962
太阳能板直角边源.txt,太阳能板直角边源,7,太阳能板直角边源:s7:b5,305,3FF86C2934DF785148FA895FFE78211C6CDA1373580064B45977E862AA1B09B0,complete,1,1,1,0,,70.25,76.4303482587065,63.8059701492537,70.5176767676768,83.7083333333333,56.7916666666667,82.2916666666667,91.0416666666667,34,95.5,21.1120200668801,0,100,18.6059748573098,14.9253731343284,94.0298507462687,30.6203516518248,0,91.6666666666667,18.3810352102315,0.125,3,0.0625,1.5,3.9375,100,15.3333333333333,100,29.5625,66,10.4166666666667,20,16.9583333333333,36,4,0,100,100,51.0803316301395,65.2113019120691,603.357944016068,933.397896762026,68.2903919792115,41.7910447761194,17.1641791044776,60.6060606060606,15.3333333333333,100,19.2091329130099,52.5,0.027862881799476,10.9938598661028,4.16666666666667,0,0,4.16666666666667,0,0,92.5,77.9166666666667,63.3333333333333,68.75,100,71.25,72.5,100,90.8333333333333,100,92.0833333333333,89.1666666666667,89.1666666666667,47.5,56.25,69.5833333333333,9.58333333333333,30,12.9166666666667,71.6666666666667,-0.00297619047619021,-0.00177683013503887,-0.00355366027007835,-0.00360750360750371,-0.00238095238095245,0.00238095238095245,-2.48387528359737e-05,0.000481785498924531
太阳能板直角边源.txt,太阳能板直角边源,7,太阳能板直角边源:s7:b6,339,2C7731E9CFABCAA8AF9166F68E3BFC09C9EE19D2EEE61EEA336073FA101F6B66,complete,1,1,1,0,,70.3333333333333,76.4925373134328,63.8681592039801,70.6439393939394,83.7916666666667,56.875,82.2916666666667,91.0416666666667,34,95.5,21.109274011092,0,100,18.5426606079933,14.9253731343284,94.0298507462687,30.6605887919609,0,91.6666666666667,18.3549582589576,0.125,3,0.0625,1.5,3.85416666666667,100,15.3333333333333,100,29.4791666666667,66,10.5,20,16.75,36,4,0,100,100,51.0618400993732,65.2540302882266,603.153357311259,931.956347523476,70.2563919659776,42.1641791044776,17.1641791044776,60.6060606060606,15.3333333333333,100,19.2091329130099,52.5,0.027862881799476,10.9938598661028,4.16666666666667,0,0,4.16666666666667,0,0,92.5,77.9166666666667,63.3333333333333,69.1666666666667,100,71.25,72.5,100,91.25,100,92.0833333333333,89.1666666666667,89.1666666666667,47.9166666666667,56.25,70,9.58333333333333,30,12.9166666666667,71.6666666666667,0.00245098039215714,0.00182908984489295,0.00182908984489316,0.00371360665478323,0.00245098039215693,0,0,-0.000543868551948049
太阳能板直角边源.txt,太阳能板直角边源,7,太阳能板直角边源:s7:b7,375,40DB47A5784884ACD6DB0F6CD06AA36B6857FC2CC05AE84892A85068D913E537,complete,1,1,1,0,,70.125,76.181592039801,63.9303482587065,70.2651515151515,83.625,56.625,82.2916666666667,90.8333333333333,34,95.5,21.1692198619887,0,100,18.6156783732252,14.9253731343284,94.0298507462687,30.590023628433,0,91.6666666666667,18.3573109788769,0.125,3,0.0625,1.5,3.95833333333333,100,15.3333333333333,100,29.6875,66,10.25,20,16.9583333333333,36,4,0,100,100,51.0810678216746,65.1931356497483,605.954377918792,931.970209964271,68.2010662732757,41.7910447761194,17.1641791044776,60.2272727272727,15.3333333333333,100,19.1955030328308,52.5,0.0209876815671098,10.9553632787154,4.16666666666667,0,0,4.16666666666667,0,0,92.5,77.9166666666667,63.3333333333333,68.75,100,70.8333333333333,72.5,100,90.4166666666667,100,92.0833333333333,89.1666666666667,89.5833333333333,47.5,55.4166666666667,69.1666666666667,8.75,30.4166666666667,12.5,71.6666666666667,-0.0057870370370373,-0.00863736871199568,0.00172747374239929,-0.0105218855218854,-0.00694444444444444,-4.93432455388958e-17,-0.000190977784232395,0.000534103397260171
太阳能板直角边源.txt,太阳能板直角边源,7,太阳能板直角边源:s7:b8,409,F6A57B4BCB0E811A196C3556A4AF70E443BD6CB596BFB1B4BE21265DBEDAA9B7,complete,1,1,1,0,,69.9583333333333,76.0572139303483,63.8681592039801,69.9494949494949,83.625,56.2916666666667,82.2916666666667,90.4166666666667,32.5,95.5,21.2903921312279,0,95.8333333333333,18.5663112807274,14.9253731343284,94.0298507462687,30.7615089420775,0,91.6666666666667,18.3119144236694,0.125,3,0.0833333333333333,2,3.89583333333333,100,15.3958333333333,100,29.8333333333333,67.5,10.25,22,17.1041666666667,36,4,0,100,100,51.1458122791488,65.2535729361394,608.516784460369,925.750311852845,69.1990950391679,41.7910447761194,17.1641791044776,59.8484848484849,15.3958333333333,100,19.2020352243194,52.5,0.0259817957945562,10.8623116050244,4.16666666666667,0,0,4.16666666666667,0,0,92.5,77.9166666666667,63.3333333333333,69.1666666666667,100,70.8333333333333,72.0833333333333,100,90.4166666666667,100,92.0833333333333,88.3333333333333,89.5833333333333,47.0833333333333,54.5833333333333,69.1666666666667,8.75,30,12.5,70.8333333333333,-0.00490196078431387,-0.00365817968978632,-0.00182908984489337,-0.00928401663695787,-0.00980392156862752,0.00183823529411765,0.000146885712571951,0.00190424874924196
太阳能板直角边源.txt,太阳能板直角边源,7,太阳能板直角边源:s7:b9,444,9E30A82DE19DC2B1F2B7295987747A2E97AB762A70E463074103C148AE0E7B2F,complete,1,1,1,0,,70.2291666666667,76.3059701492537,63.9303482587065,70.4545454545455,83.6666666666667,56.7916666666667,82.2916666666667,90.8333333333333,33.5,95.5,21.1140686493043,0,100,18.5513038869863,16.4179104477612,94.0298507462687,30.577356077212,0,91.6666666666667,18.3859472132219,0.125,3,0.0625,1.5,3.9375,100,15.1458333333333,100,29.5833333333333,66.5,10.25,22,16.9375,36,4,0,100,100,51.0656853195297,65.1474122980497,605.287643981384,932.858911093018,69.8357097457882,42.1641791044776,17.5373134328358,60.6060606060606,15.1458333333333,100,19.2473245510376,51.5,0.0236493332329687,11.0002128411301,4.16666666666667,0,0,4.16666666666667,0,0,92.5,77.5,63.3333333333333,68.75,100,70.8333333333333,72.9166666666667,100,90.8333333333333,100,92.0833333333333,88.75,89.5833333333333,47.5,55.8333333333333,70,9.16666666666667,30.4166666666667,12.9166666666667,71.6666666666667,0.00773809523809551,0.00710732054015669,0.00177683013503927,0.0144300144300144,0.0142857142857143,-0.00714285714285714,-6.66417874739271e-05,-0.00228934170340267
太阳能板直角边源.txt,太阳能板直角边源,7,太阳能板直角边源:s7:b10,479,19F79C4098B9B038F099B1F7787ADD4D989125C4C885368D1F090A4C9E7897FF,complete,1,1,1,0,,94.7708333333333,95.3358208955224,94.2164179104478,94.760101010101,95.0416666666667,94.5,92.7083333333333,100,94,95.5,0.389513818102457,0,100,19.601333988008,94.0298507462687,95.5223880597015,0.504226809471768,0,100,20.946099154795,0,0,0,0,3.64583333333333,100,4.08333333333333,100,5.22916666666667,6,6,6,1.95833333333333,2,4,0,100,100,46.1570802218262,51.6888965875628,791.043593929862,909.848431907448,39.8221186476307,95.1492537313433,94.0298507462687,93.9393939393939,4.08333333333333,100,18.1161954683314,3.5,0.0993901052494807,24.7171324454772,0,0,0,0,0,0,92.5,100,90.8333333333333,100,92.5,92.0833333333333,100,90,100,92.5,92.0833333333333,100,90.4166666666667,97.9166666666667,92.5,92.0833333333333,100,90,97.5,92.5,0.701190476190476,0.543710021321961,0.865316275764037,0.694444444444445,1.07738095238095,-0.316071428571429,0.00216402205761463,-0.140245859934386
太阳能板直角边源.txt,太阳能板直角边源,7,太阳能板直角边源:s7:b11,513,0F84854B43984AD31A8122C6B29545AF640BB5D2BC763D76CE72877F1A99F679,complete,1,1,1,0,,92.0416666666667,92.226368159204,90.6094527363184,93.3080808080808,93.3333333333333,90.75,87.9166666666667,99.375,63,95.5,7.03858413792623,0,100,18.8211241758531,59.7014925373134,95.5223880597015,9.94409554497896,0,100,20.3264509017591,0,0,0,0,3.45833333333333,100,3.89583333333333,100,7.95833333333333,37,7.25,12,3.9375,28.5,4,0,100,100,45.4471309426715,51.0812656498976,690.317933945588,578.087389302632,-64.9261565322174,95.1492537313433,94.0298507462687,95.4545454545455,3.89583333333333,100,18.0347115328354,3,0.553995829070591,26.7052116179104,0,0,0,0,0,0,92.9166666666667,100,91.6666666666667,97.5,94.1666666666667,92.5,100,89.5833333333333,85,90,84.5833333333333,79.1666666666667,77.5,97.5,94.1666666666667,92.0833333333333,100,90,97.5,95,-0.0802696078431374,-0.0914544922446593,-0.106087211003805,-0.0427064765300061,-0.110294117647059,-0.00551470588235291,0.0133707565829738,-0.0208808611516109
太阳能板直角边源.txt,太阳能板直角边源,7,太阳能板直角边源:s7:b12,548,B2BF6B9DC8A7EB5092D6DE917A21EBB2F0591301D119F70B645858022EBF4D86,complete,1,1,1,0,,92.0416666666667,92.6616915422886,90.2985074626866,93.1818181818182,93.125,90.9583333333333,87.9166666666667,99.5833333333333,65,95.5,7.06017099599957,0,100,18.9089899859623,52.2388059701493,95.5223880597015,11.1951113472804,0,100,20.4560285853019,0,0,0,0,3.45833333333333,100,3.91666666666667,100,7.95833333333333,35,7.08333333333333,12,4.0625,27,4,0,100,100,45.9772685416612,50.7853403141361,681.04571472744,577.650048457262,-55.2880424399227,95.1492537313433,94.0298507462687,95.4545454545455,3.91666666666667,100,18.1290968915678,3,0.613375829595236,27.3525664545409,0,0,0,0,0,0,92.9166666666667,100,91.25,97.5,94.1666666666667,92.5,100,88.75,82.9166666666667,91.25,85,82.9166666666667,75.8333333333333,97.5,93.75,92.0833333333333,100,90,97.5,95,0,0.0124378109452741,-0.00888415067519515,-0.00360750360750371,0.00595238095238082,0.000595238095238087,0.00169657144356128,0.015146788542563
太阳能板直角边源.txt,太阳能板直角边源,7,太阳能板直角边源:s7:b13,582,885FC4A2D478BE78D235B9750CD8729CFD713F6DC4AA780D4F6CCCC6CAFF33BE,complete,1,1,1,0,,92.0833333333333,92.7238805970149,90.3606965174129,93.1818181818182,93.0833333333333,91.0833333333333,87.7083333333333,99.5833333333333,65.5,95.5,7.02892574305984,0,100,18.8016921913268,53.7313432835821,95.5223880597015,11.1255022635965,0,100,20.2209095411778,0,0,0,0,3.45833333333333,100,3.89583333333333,100,7.91666666666667,34.5,6.83333333333333,12,4.14583333333333,27,4,0,100,100,45.9693202856387,50.766590389016,683.565162216098,576.419602134378,-57.1397575617458,95.1492537313433,94.0298507462687,95.4545454545455,3.89583333333333,100,18.0347115328354,3,0.553995829070591,26.7052116179104,0,0,0,0,0,0,92.9166666666667,100,91.6666666666667,97.5,94.1666666666667,92.5,100,88.3333333333333,82.5,91.25,85,83.3333333333333,76.25,97.5,94.1666666666667,92.0833333333333,100,90,97.5,95,0.00122549019607815,0.00182908984489295,0.00182908984489295,0,0.00367647058823571,-0.000612745098039207,-0.00174647060366602,-0.000233772235954888
太阳能板直角边源.txt,太阳能板直角边源,7,太阳能板直角边源:s7:b14,616,A6CCDD310B818494768142064A4DC01C9AFF95CF12A900CBE0F384A3333B3749,complete,1,1,1,0,,92.0208333333333,92.7238805970149,90.2985074626866,93.0555555555556,93,91.0416666666667,87.5,99.5833333333333,66,95.5,7.05641731775544,0,100,18.8516345574742,52.2388059701493,95.5223880597015,11.3412341466339,0,100,20.3658156121975,0,0,0,0,3.5,100,3.89583333333333,100,7.97916666666667,34,6.75,10,4.16666666666667,27,4,0,100,100,46.0789587624808,50.6981496197071,683.920584884306,572.530794771614,-58.0115549261018,95.1492537313433,94.0298507462687,95.4545454545455,3.89583333333333,100,18.0347115328354,3,0.553995829070591,26.7052116179104,0,0,0,0,0,0,92.9166666666667,100,91.6666666666667,97.5,94.1666666666667,92.5,100,88.3333333333333,81.6666666666667,91.25,85,83.3333333333333,75.8333333333333,97.5,94.1666666666667,92.0833333333333,100,90,97.5,95,-0.00183823529411765,0,-0.00182908984489295,-0.00371360665478281,-0.00122549019607857,0,0,0.00322466108359077
太阳能板直角边源.txt,太阳能板直角边源,7,太阳能板直角边源:s7:b15,651,A98D50CFACCD05ADDE1679B7131EA778D7D4089213C613ED430F2F36C68FC4F8,complete,1,1,1,0,,91.9791666666667,92.7238805970149,90.2985074626866,92.9292929292929,92.9166666666667,91.0416666666667,87.5,99.5833333333333,66,95.5,7.07948531454375,0,100,18.8662527662337,52.2388059701493,95.5223880597015,11.3412341466339,0,100,20.3658156121975,0,0,0,0,3.5,100,3.89583333333333,100,8.02083333333333,34,6.66666666666667,10,4.22916666666667,27,4,0,100,100,46.2429028258174,50.6493506493506,685.588609765783,570.037185459571,-59.1996921697372,95.1492537313433,94.0298507462687,95.4545454545455,3.89583333333333,100,18.0347115328354,3,0.553995829070591,26.7052116179104,0,0,0,0,0,0,92.9166666666667,100,91.6666666666667,97.5,94.1666666666667,92.5,100,88.3333333333333,81.25,90.8333333333333,85,83.3333333333333,75.8333333333333,97.5,94.1666666666667,92.0833333333333,100,90,97.5,95,-0.00119047619047592,0,0,-0.00360750360750371,0,0,0,0.00468411609533125
太阳能板直角边源.txt,太阳能板直角边源,7,太阳能板直角边源:s7:b16,686,2D644EACD18E6BA1E9B2DBB70C55328CFEF04DAEF9BAC2E2A3CC9AC4C01B7F3F,complete,1,1,1,0,,92.1875,92.8482587064677,90.4228855721393,93.3080808080808,93.1666666666667,91.2083333333333,87.5,99.7916666666667,67.5,95.5,6.78202948335109,0,100,18.8893597319548,53.7313432835821,95.5223880597015,11.0023974898122,0,100,20.4126068599785,0,0,0,0,3.5,100,3.89583333333333,100,7.8125,32.5,6.91666666666667,12,4,25,4,0,100,100,45.6897822445561,50.8405797101449,672.122257743211,580.099978996009,-50.2389823513704,95.1492537313433,94.0298507462687,95.4545454545455,3.89583333333333,100,18.0347115328354,3,0.553995829070591,26.7052116179104,0,0,0,0,0,0,92.9166666666667,100,91.6666666666667,97.5,94.5833333333333,92.5,100,88.3333333333333,81.6666666666667,92.5,85.8333333333333,83.3333333333333,76.25,97.5,94.5833333333333,92.0833333333333,100,90,97.5,95,0.00595238095238082,0.00355366027007814,0.00355366027007774,0.0108225108225107,0.0047619047619049,0,0,-0.015803445178894
太阳能板直角边源.txt,太阳能板直角边源,7,太阳能板直角边源:s7:b17,720,4A9079D5C1A1FD0A43E16EEA0B3E3F3BBDAED7A3AEFC0386D5F0F189F3189A10,complete,1,1,1,0,,92.2083333333333,92.7238805970149,90.4850746268657,93.4343434343434,93.2916666666667,91.125,87.5,99.5833333333333,66.5,95.5,6.83169828441474,0,100,18.8772205478293,53.7313432835821,95.5223880597015,10.8864291390562,0,100,20.4356741318946,0,0,0,0,3.52083333333333,100,3.875,100,7.79166666666667,33.5,7,12,3.9375,27,4,0,100,100,45.3940827130304,50.9881422924901,678.43937253052,583.594402625366,-59.9422892824334,95.1492537313433,94.0298507462687,95.4545454545455,3.875,100,17.9495287035951,3,0.585969675506938,25.7002227203392,0,0,0,0,0,0,93.3333333333333,100,91.6666666666667,97.5,94.1666666666667,92.5,100,88.3333333333333,83.3333333333333,92.0833333333333,85,83.3333333333333,76.25,97.5,95,91.6666666666667,100,90,97.5,95,0.000612745098039494,-0.00365817968978632,0.00182908984489337,0.00371360665478323,-0.00245098039215714,-0.000612745098039233,0.000940407248127861,-0.00869704504487392
太阳能板直角边源.txt,太阳能板直角边源,7,太阳能板直角边源:s7:b18,755,110A35CDDF0F431E72D45B777629D69049EF6D5F62B0F87D0F26A718F34258E3,complete,1,1,1,0,,92.2916666666667,92.9726368159204,90.4850746268657,93.4343434343434,93.2916666666667,91.2916666666667,87.5,99.7916666666667,68.5,95.5,6.5240635954213,0,100,18.9115735216646,53.7313432835821,95.5223880597015,10.7611521778818,0,100,20.448542038519,0,0,0,0,3.52083333333333,100,3.875,100,7.70833333333333,31.5,6.91666666666667,12,3.91666666666667,25,4,0,100,100,45.6430802661958,50.9635722679201,670.762663632554,587.765137026875,-55.7696699587115,95.1492537313433,94.0298507462687,95.4545454545455,3.875,100,17.9495287035951,3,0.585969675506938,25.7002227203392,0,0,0,0,0,0,93.3333333333333,100,91.6666666666667,97.5,94.5833333333333,92.5,100,88.3333333333333,82.9166666666667,92.0833333333333,86.6666666666667,83.3333333333333,76.25,97.5,95,91.6666666666667,100,90,97.5,95,0.00238095238095225,0.00710732054015628,0,0,0.0047619047619049,0,0,0.0071142158047268
太阳能板直角边源.txt,太阳能板直角边源,7,太阳能板直角边源:s7:b19,790,803D1F6CB3AC83F342139C0A4D8420EE0D85CAD2EE0802E06526CCF41FFB0F47,complete,1,1,1,0,,92.0625,92.910447761194,90.2985074626866,92.9924242424242,92.9583333333333,91.1666666666667,87.5,99.5833333333333,67.5,95.5,6.79243905094993,0,100,18.8785491928248,53.7313432835821,95.5223880597015,11.1082588999951,0,100,20.391631472303,0,0,0,0,3.52083333333333,100,3.875,100,7.9375,32.5,7,12,4.0625,25,4,0,100,100,46.3604109787784,50.7474609152117,681.493960425135,575.541903026675,-63.5027687165077,95.1492537313433,94.0298507462687,95.4545454545455,3.875,100,17.9495287035951,3,0.585969675506938,25.7002227203392,0,0,0,0,0,0,93.3333333333333,100,91.6666666666667,97.5,94.1666666666667,92.5,100,87.5,81.6666666666667,91.25,86.25,83.3333333333333,76.25,97.5,94.1666666666667,91.6666666666667,100,90,97.5,95,-0.00654761904761918,-0.00177683013503927,-0.00533049040511701,-0.0126262626262624,-0.00357142857142898,0,0,0.0204951632166449
太阳能板直角边源.txt,太阳能板直角边源,7,太阳能板直角边源:s7:b20,824,AFAB6AC0EAD54EBF8B38DDE8822133F53B233C650C94D0A03039D4B59868C4D5,complete,1,1,1,0,,92.125,92.7860696517413,90.4228855721393,93.1818181818182,93.0416666666667,91.2083333333333,87.7083333333333,99.5833333333333,66.5,95.5,6.80991923593812,0,100,18.8192699601068,52.2388059701493,95.5223880597015,11.2461832161915,0,100,20.2833324692738,0,0,0,0,3.54166666666667,100,3.85416666666667,100,7.875,33.5,6.75,12,4.1875,27,4,0,100,100,45.9400175480577,50.6786289394985,678.675956052911,582.475220556457,-61.6801367102216,95.1492537313433,94.0298507462687,95.4545454545455,3.85416666666667,100,17.9126855652548,3,0.525284620025708,26.3157571707194,0,0,0,0,0,0,92.9166666666667,100,91.6666666666667,97.5,94.1666666666667,92.5,100,88.3333333333333,81.6666666666667,91.6666666666667,85.8333333333333,83.3333333333333,76.25,97.5,95,91.6666666666667,100,90,97.5,95,0.00183823529411765,-0.0036581796897859,0.0036581796897859,0.00557040998217422,0.00122549019607899,-0.000612745098039233,-0.00178485457297736,-0.0123645126682546
太阳能板直角边源.txt,太阳能板直角边源,7,太阳能板直角边源:s7:b21,859,6DBA8467056C129BA94277C7EF343661FA75909FF70892FCB24F519F656A5F7F,complete,1,1,1,0,,92.1875,92.8482587064677,90.2985074626866,93.4343434343434,93.6666666666667,90.7083333333333,84.375,100,72.5,95.5,5.98151591226636,0,100,18.9078249726988,64.1791044776119,95.5223880597015,9.5111869333776,0,100,20.3399669861541,0,0,0,0,3.41666666666667,100,3.58333333333333,100,7.8125,27.5,7.08333333333333,16,3.70833333333333,22.5,4,0,100,100,45.0867671691792,52.4057971014493,674.465902263972,602.643142197017,-30.4505328575244,95.1492537313433,94.4029850746269,93.9393939393939,3.58333333333333,100,17.0498251676312,3.5,-0.0960244734277788,29.3983776280615,0,0,0,0,0,0,92.9166666666667,100,90.8333333333333,97.5,95,92.9166666666667,100,90,83.3333333333333,94.1666666666667,85.4166666666667,82.5,76.25,94.5833333333333,95,92.0833333333333,100,90.4166666666667,95.8333333333333,95,0.00178571428571429,0.00177683013503887,-0.00355366027007774,0.00721500721500742,-0.0142857142857147,-0.0077380952380952,-0.0177516883843853,-0.0243785822536714
太阳能板直角边源.txt,太阳能板直角边源,7,太阳能板直角边源:s7:b22,894,FCF4625C1CE6655A52A59FE9FB11A11AB6AFBC91E8642B8B45E526E8A0A54DCF,complete,1,1,1,0,,92.125,91.8532338308458,90.4850746268657,94.0656565656566,94.0833333333333,90.1666666666667,87.7083333333333,99.7916666666667,61.5,96,7.5271248624991,0,100,18.6048025925742,59.7014925373134,95.5223880597015,9.99590703379653,0,100,19.9009274131916,0,0,0,0,3.5,100,3.4375,100,7.875,38.5,7.33333333333333,14,3.3125,15,3.5,0,100,100,43.4021961660153,51.8863584080975,641.154877140313,575.776725620196,-56.763809504971,95.1492537313433,94.4029850746269,95.4545454545455,3.4375,100,16.8925103539429,2.5,-0.122970844542549,20.4739471733485,0,0,0,0,0,0,93.3333333333333,100,90,97.5,94.5833333333333,93.3333333333333,100,91.25,86.25,94.5833333333333,82.9166666666667,74.1666666666667,77.9166666666667,96.25,95,92.0833333333333,100,90.8333333333333,97.5,95,-0.00178571428571429,-0.0284292821606255,0.00533049040511701,0.0180375180375181,-0.0154761904761906,-0.00416666666666668,-0.000769896317564855,-0.0481306000903995
太阳能板直角边源.txt,太阳能板直角边源,7,太阳能板直角边源:s7:b23,928,E25A927F3BC6A9F064E183D91B55467C1A00ECEB949779236F005A0B70B154FD,complete,1,1,1,0,,91.9375,91.9154228855721,90.1741293532338,93.75,93.6666666666667,90.2083333333333,87.7083333333333,99.7916666666667,61,95.5,7.61336425093344,0,100,18.5592027909504,59.7014925373134,95.5223880597015,10.330449825034,0,100,19.8067990068774,0,0,0,0,3.5,100,3.4375,100,8.0625,39,7.5,14,3.27083333333333,11.5,3.5,0,100,100,44.1367041927986,51.6683518705763,643.027952330529,563.970215455052,-60.3769219060976,95.1492537313433,94.4029850746269,95.4545454545455,3.4375,100,16.8925103539429,2.5,-0.122970844542549,20.4739471733485,0,0,0,0,0,0,93.3333333333333,100,90,97.5,94.5833333333333,93.3333333333333,100,91.25,82.9166666666667,93.75,83.3333333333333,74.1666666666667,77.9166666666667,96.25,95,92.0833333333333,100,90.8333333333333,97.5,95,-0.00551470588235294,0.00182908984489337,-0.0091454492244656,-0.00928401663695787,0.00122549019607857,0,0,0.0216031772583341
太阳能板直角边源.txt,太阳能板直角边源,7,太阳能板直角边源:s7:b24,963,6A2CC03BFB91C96655A59DB547264C284A3C321FA188946AE5561C342C3D3D44,complete,1,1,1,0,,91.75,91.728855721393,90.1119402985075,93.4343434343434,93.4166666666667,90.0833333333333,87.5,99.7916666666667,60,95.5,7.76278748679992,0,100,18.5915274015418,59.7014925373134,95.5223880597015,10.301305002382,0,100,19.8351240185535,0,0,0,0,3.5,100,3.47916666666667,100,8.25,40,7.33333333333333,14,3.77083333333333,22,3.5,0,100,100,44.4152581087254,51.5480895915679,650.965531660406,558.457708204228,-65.3574044615219,95.1492537313433,94.0298507462687,95.4545454545455,3.47916666666667,100,16.9818270644439,2.5,-0.103810271090571,20.6063518574434,0,0,0,0,0,0,93.3333333333333,100,90,97.5,94.5833333333333,92.9166666666667,100,91.25,82.5,92.0833333333333,82.9166666666667,73.75,77.9166666666667,96.25,95,92.0833333333333,100,90.4166666666667,97.5,95,-0.00535714285714286,-0.00533049040511742,-0.00177683013503927,-0.00901875901875907,-0.00357142857142817,0.0011904761904762,0.000547444955770805,0.0079586833121953
太阳能板直角边源.txt,太阳能板直角边源,7,太阳能板直角边源:s7:b25,997,5DDC34F311C1519455C8EA2DCA5695146B6D3A9BDE256A25723CCD3620290A01,complete,1,1,1,0,,91.7708333333333,91.6666666666667,90.1741293532338,93.4974747474748,93.4583333333333,90.0833333333333,87.5,99.7916666666667,59,95.5,7.91116322819776,0,100,18.5796866610014,59.7014925373134,95.5223880597015,10.330449825034,0,100,19.8067990068774,0,0,0,0,3.5,100,3.45833333333333,100,8.22916666666667,41,7.08333333333333,12,4.22916666666667,33,3.5,0,100,100,44.3419629794542,51.4694551458448,650.695850538702,556.561478775183,-65.1723537607504,95.1492537313433,94.4029850746269,95.4545454545455,3.45833333333333,100,16.9681176219911,2.5,-0.164151778528891,21.4514375252018,0,0,0,0,0,0,93.3333333333333,100,90,97.5,94.5833333333333,92.9166666666667,100,91.25,82.9166666666667,92.0833333333333,82.9166666666667,73.3333333333333,77.9166666666667,96.25,95,92.0833333333333,100,90.8333333333333,97.5,95,0.000612745098039076,-0.00182908984489337,0.00182908984489337,0.00185680332739182,0,-0.000612745098039207,-0.00177475021877412,-0.00215573909621244
太阳能板直角边源.txt,太阳能板直角边源,7,太阳能板直角边源:s7:b26,1032,A7925FE1A6D50ABD970421BC5FC23ECC079EC7B52FCFD19722BEBE357F4BB5F4,complete,1,2,0,0,,91.8333333333333,91.7910447761194,90.1119402985075,93.6237373737374,93.5416666666667,90.125,87.5,99.7916666666667,60,95.5,7.70187253722821,0,100,18.6050370514302,59.7014925373134,95.5223880597015,10.301305002382,0,100,19.8351240185535,0,0,0,0,3.5,100,3.47916666666667,100,8.16666666666667,40,7.25,12,3.75,22,3.5,0,100,100,44.2646908009435,51.5638864241349,650.618137232935,563.697540761608,-64.3703744534381,95.1492537313433,94.0298507462687,95.4545454545455,3.47916666666667,100,16.9818270644439,2.5,-0.103810271090571,20.6063518574434,0,0,0,0,0,0,93.3333333333333,100,90,97.5,94.5833333333333,92.9166666666667,100,91.25,83.75,92.0833333333333,82.9166666666667,74.1666666666667,77.9166666666667,96.25,95,92.0833333333333,100,90.4166666666667,97.5,95,0.00178571428571429,0.00355366027007855,-0.00177683013503927,0.0036075036075033,0.00119047619047592,0.000595238095238087,0.00172404306966629,-0.00220777652887827
太阳能板直角边源.txt,太阳能板直角边源,7,太阳能板直角边源:s7:b27,1066,7DBF7184C21E7B1AADE56AE022CFBEA82ECB06817E4AD7CCD64F7452F881CA9D,complete,1,2,0,0,,91.9375,91.7910447761194,90.1741293532338,93.8762626262626,93.875,90,86.875,99.7916666666667,61.5,95.5,7.67167645076468,0,100,18.5592027909504,58.2089552238806,95.5223880597015,10.4608860423822,0,100,19.8333425183711,0,0,0,0,3.54166666666667,100,3.41666666666667,100,8.0625,38.5,7.58333333333333,14,3.10416666666667,11.5,3.5,0,100,100,43.549790295145,51.8818110324683,647.805745221605,557.448514821205,-59.3899384018689,95.5223880597015,94.4029850746269,95.4545454545455,3.41666666666667,100,16.8786766782774,2.5,-0.0846496976385915,21.4245791707489,0,0,0,0,0,0,93.75,100,90,97.5,94.5833333333333,92.9166666666667,100,91.25,84.5833333333333,94.1666666666667,81.6666666666667,74.1666666666667,77.5,95.8333333333333,95,92.5,100,90.8333333333333,97.5,95,0.00306372549019622,0,0.00182908984489337,0.00742721330956646,-0.00367647058823529,-0.00183823529411765,0.000563546277999383,-0.0210264854646625
太阳能板直角边源.txt,太阳能板直角边源,7,太阳能板直角边源:s7:b28,1101,F8BCC039403F519BE2AA6DBE7B2BD5CBC3388CED16DE1DD059A978FD815A9F97,complete,1,2,0,0,,91.625,92.5373134328358,89.863184079602,92.4873737373737,94.6666666666667,88.5833333333333,88.75,100,63.5,95.5,7.20695618075373,0,100,19.9279393468274,46.2686567164179,95.5223880597015,11.784998874376,0,100,19.9460536204005,0,0,0,0,4.02083333333333,100,4.04166666666667,100,8.375,36.5,7.5,18,3.08333333333333,9.5,4,0,100,100,46.5386634665866,55.2022496214579,685.660020072466,628.9429565019,-49.916157053829,95.1492537313433,94.0298507462687,93.9393939393939,4.04166666666667,100,18.4972023930848,2.5,0.471864868593502,21.6682893996513,0,0,0,0,0,0,93.3333333333333,100,91.25,100,90,92.0833333333333,100,90,100,90,83.75,79.5833333333333,75.4166666666667,85,90,92.0833333333333,100,90,100,90,-0.00892857142857143,0.0213219616204689,-0.00888415067519556,-0.03968253968254,-0.0404761904761902,0.0178571428571429,0.0159004161780598,0.0853963763269054
太阳能板直角边源.txt,太阳能板直角边源,7,太阳能板直角边源:s7:b29,1136,590DCC5E4F234B8D31C6C5FA941E3AAC01BC40EA80ADB44AC09DC070D531552C,complete,1,2,0,0,,93.3958333333333,94.4651741293532,93.2213930348259,92.4873737373737,92.75,94.0416666666667,96.25,99.5833333333333,84,95.5,2.56217963709683,0,100,20.033984509215,85.0746268656716,95.5223880597015,2.98439858232595,0,100,20.7553568611598,0,0,0,0,3.60416666666667,100,3.83333333333333,100,6.60416666666667,16,7.58333333333333,16,2.41666666666667,5.5,4.5,0,100,100,50.5001347431162,48.0181045124126,799.03444023074,950.867460387138,69.3983306055499,95.5223880597015,94.0298507462687,89.3939393939394,3.83333333333333,100,17.4309677767073,7,-0.527097868703776,27.0685225093207,0,0,0,0,0,0,92.5,99.5833333333333,87.9166666666667,93.75,90,91.6666666666667,92.0833333333333,90,100,90,92.5,100,90.8333333333333,100,90,92.0833333333333,100,90.4166666666667,100,84.5833333333333,0.050595238095238,0.0550817341862118,0.0959488272921107,0,0.155952380952381,-0.00595238095238097,-0.0285417924942079,0.11318489361513
太阳能板直角边源.txt,太阳能板直角边源,7,太阳能板直角边源:s7:b30,1171,BFD138FE0AFDF87892B5B525BAC271854287DA929F606EE020FF5F16F91DA27E,complete,1,2,0,0,,92.2708333333333,93.1592039800995,90.3606965174129,93.3080808080808,95.0833333333333,89.4583333333333,93.9583333333333,100,67.5,95.5,6.47399340281639,0,100,18.9007179906989,62.6865671641791,95.5223880597015,10.3684686136538,0,100,20.5819295111789,0,0,0,0,3.79166666666667,100,3.29166666666667,100,7.72916666666667,32.5,7.33333333333333,20,3.83333333333333,25,3.5,0,100,100,47.0208183776023,58.3382163365757,654.703754276984,724.055589175584,-9.72029624609292,95.1492537313433,94.4029850746269,94.3181818181818,3.29166666666667,100,16.5331228542014,2.5,-0.258278017408373,16.0482854830901,0,0,0,0,0,0,92.5,100,90,100,92.5,92.5,100,90.8333333333333,100,92.5,91.6666666666667,99.5833333333333,80,80.8333333333333,91.6666666666667,89.1666666666667,83.3333333333333,87.0833333333333,100,91.25,-0.0321428571428571,-0.0373134328358207,-0.0817341862117981,0.0234487734487735,-0.130952380952381,-0.0154761904761905,0.00768056717986865,-0.0994090390146833
太阳能板直角边源.txt,太阳能板直角边源,7,太阳能板直角边源:s7:b31,1205,66D06291CF2B6029E288ADB92D9C581EF5DF4657CE9928E23A7433AF4EC46C65,complete,1,2,0,0,,92.0625,92.4751243781095,91.1691542288557,92.5505050505051,90.4166666666667,93.7083333333333,94.1666666666667,97.7083333333333,72,95.5,5.50358085012958,0,100,18.9154827550329,59.7014925373134,95.5223880597015,9.54084194655725,0,100,20.3804614571529,0,0,0,0,3.70833333333333,100,3.52083333333333,100,7.9375,28,7.41666666666667,16,3.77083333333333,21,3.5,0,100,100,47.898284071275,43.2614401460687,757.525193184216,1013.75112223024,144.566459598775,94.7761194029851,95.1492537313433,85.9848484848485,3.52083333333333,100,16.8182880298716,6,-0.575960432361152,12.8333292891057,0,0,0,0,0,0,85.8333333333333,85,72.9166666666667,91.6666666666667,92.0833333333333,92.0833333333333,100,92.0833333333333,100,92.5,92.0833333333333,100,90,100,92.5,91.6666666666667,100,91.25,96.6666666666667,82.9166666666667,-0.00612745098039202,-0.020119988293825,0.0237781679836113,-0.0222816399286986,0.125,0.00674019607843136,-0.00934360043978761,0.025807814519786
太阳能板直角边源.txt,太阳能板直角边源,7,太阳能板直角边源:s7:b32,1240,C4DD54F6AA64F7161AA18B32519CFDE2FCF6A33A72E2FCCB66D2248F241F8214,complete,1,2,0,0,,91.3125,92.3507462686567,90.1119402985075,91.4772727272727,87.8333333333333,94.7916666666667,97.0833333333333,99.1666666666667,63,95.5,7.57400086680975,0,100,19.1819430600475,52.2388059701493,95.5223880597015,12.4393790921463,0,100,19.7020608584599,0,0,0,0,3.77083333333333,100,3.52083333333333,100,8.6875,37,7.08333333333333,16,4.625,30,3.5,0,100,100,49.196823445766,46.1057241163591,731.214105804283,578.246464312822,-99.429600413614,94.7761194029851,94.4029850746269,95.4545454545455,3.52083333333333,100,17.1572353586918,2.5,-0.0844897320730257,23.2871913739465,0,0,0,0,0,0,92.5,100,91.6666666666667,100,86.25,84.5833333333333,82.9166666666667,72.5,82.0833333333333,85.8333333333333,91.6666666666667,100,90,100,90.8333333333333,91.6666666666667,100,91.25,100,92.5,-0.0214285714285714,-0.00355366027007855,-0.0302061122956644,-0.0306637806637805,0.0309523809523804,2.53765262771464e-17,0.0140420200082322,0.0371011249854573
太阳能板直角边源.txt,太阳能板直角边源,7,太阳能板直角边源:s7:b33,1275,42D6BD25AF33971DE4773DE927BA4CECC68278AABD74EAA43CB1FAF3AF796B49,complete,1,2,0,0,,90.2916666666667,91.044776119403,88.8059701492537,91.0353535353535,94.6666666666667,85.9166666666667,99.7916666666667,98.125,57,95,9.58703457196531,0,100,18.9547033449345,37.3134328358209,95.5223880597015,15.7648413768886,0,100,19.6401892690561,0,0,0,0,3.9375,100,3.6875,100,9.70833333333333,43,7,14,5.04166666666667,26,3.5,0,100,100,48.9874264023983,61.3080798656466,689.674782159002,666.179594532252,-83.6276643124951,95.5223880597015,94.0298507462687,95.4545454545455,3.6875,100,17.6489112880604,2.5,0.382983061831021,25.3085360996718,0,0,0,0,0,0,92.5,100,91.6666666666667,100,90,92.0833333333333,100,90,100,90.4166666666667,91.25,100,85.4166666666667,81.25,80.8333333333333,85,72.0833333333333,71.6666666666667,99.1666666666667,92.5,-0.0291666666666665,-0.0373134328358207,-0.0373134328358207,-0.0126262626262628,-0.253571428571429,0.00476190476190474,0.0133563655401156,-0.00598277266765024
太阳能板直角边源.txt,太阳能板直角边源,7,太阳能板直角边源:s7:b34,1309,C644EBC0389BDA9FAB4F1CA4EA82FC606BBFAB00E466437847DE8B7651CC9CC3,complete,1,2,0,0,,89.6875,91.2935323383085,89.1791044776119,88.5732323232323,86.125,93.25,95.625,93.75,52.5,95,9.99327219335263,0,100,19.1006322776477,35.8208955223881,95.5223880597015,15.5872080424458,0,100,20.8467091088107,0.25,6,0,0,3.6875,100,4.39583333333333,100,10.0625,47.5,6.95833333333333,13,5.83333333333333,34,4,0,100,100,51.9963453631795,40.8695652173913,833.691518257334,940.932959080407,94.21018134149,95.1492537313433,94.0298507462687,80.3030303030303,4.39583333333333,100,18.3897672422437,10.5,-0.596312157713186,19.0356185291734,4.16666666666667,0,0,0,0,0,86.25,100,81.6666666666667,74.5833333333333,79.5833333333333,82.0833333333333,83.3333333333333,81.25,100,92.5,92.5,100,90,100,92.0833333333333,92.0833333333333,100,90,100,75.8333333333333,-0.0177696078431374,0.00731635937957265,0.010974539069359,-0.0724153297682711,0.215686274509804,0.0208333333333333,-0.0288028005748296,0.0884976164935668
太阳能板直角边源.txt,太阳能板直角边源,7,太阳能板直角边源:s7:b35,1344,B2D01823770B7C53123908575DA5DEEF339C9C7ADA3AADD5229038E4E11D1CF3,complete,1,2,0,0,,89.0625,89.1169154228856,88.0597014925373,90.0252525252525,93.0833333333333,85.0416666666667,95.2083333333333,96.4583333333333,47.5,95.5,12.1389711081795,0,100,18.8361713334348,20.8955223880597,95.5223880597015,18.4432958522419,0,100,20.1255466390101,0.25,6,0.104166666666667,2.5,4,100,4.10416666666667,100,10.5833333333333,52.5,7.08333333333333,14,5.33333333333333,29.5,4,0,100,100,47.7587939698493,54.4844720496894,760.089588887245,474.524491081877,-72.2043343009041,94.7761194029851,94.0298507462687,93.9393939393939,4.10416666666667,100,18.6314533673154,3,-0.162447865217869,26.4955574283652,4.16666666666667,0,0,4.16666666666667,0,0,91.6666666666667,100,92.0833333333333,100,92.5,91.6666666666667,100,90,95.4166666666667,77.5,72.0833333333333,72.0833333333333,65,75.8333333333333,92.5,91.6666666666667,100,90.4166666666667,100,90.8333333333333,-0.0178571428571429,-0.0621890547263681,-0.0319829424307037,0.0414862914862916,-0.234523809523809,-0.00833333333333332,0.0123961226427233,-0.121072896952294
太阳能板直角边源.txt,太阳能板直角边源,7,太阳能板直角边源:s7:b36,1378,3DB53286AC18ACBFB02F8A86D41A6E2309EC3F9C0B96DFA1B89C6AB20C476105,complete,1,2,0,0,,86,83.955223880597,85.136815920398,88.9520202020202,88.4583333333333,83.5416666666667,90.625,95.4166666666667,45.5,95.5,15.2529398449297,0,100,18.4269348047405,16.4179104477612,95.5223880597015,21.3788505160071,0,95.8333333333333,19.4249164286546,0.520833333333333,8.5,0.145833333333333,3.5,7.54166666666667,100,6.70833333333333,100,13.3333333333333,54,7.04166666666667,14,7.9375,34.5,4,0,100,100,44.6525783680306,55.6418219461697,752.036373067057,1593.54116567862,283.351845308074,67.5373134328358,58.5820895522388,77.6515151515152,6.70833333333333,100,17.8191857499958,51,0.031323829033669,8.14659645956948,8.33333333333333,-0.0492857142857143,0,4.16666666666667,0,0,70.4166666666667,66.6666666666667,78.75,100,92.5,91.6666666666667,100,92.0833333333333,100,92.5,91.6666666666667,100,90,100,80,72.9166666666667,82.9166666666667,67.0833333333333,68.3333333333333,82.5,-0.0900735294117647,-0.151814457126134,-0.0859672227099796,-0.0315656565656568,-0.0441176470588235,0.0765931372549019,0.0056991674779864,-0.0913592824064304
太阳能板直角边源.txt,太阳能板直角边源,7,太阳能板直角边源:s7:b37,1413,4C25A6B55D69A499CF502A68C37CF86D5DCD11A045E39EF0A257FB60E494FADA,complete,1,2,0,0,,83.7291666666667,80.5348258706468,82.7114427860697,88.0050505050505,81.875,85.5833333333333,81.25,95.4166666666667,43,95,16.7253902057988,0,100,18.8693045067484,28.3582089552239,95.5223880597015,22.2248721277749,0,95.8333333333333,18.5950914491246,4.10416666666667,55,0.104166666666667,2.5,8.14583333333334,100,3.72916666666667,100,12.0625,56,6.66666666666667,13,11.2083333333333,55,4.5,0,100,100,43.0275577632078,38.7797138562601,727.100806894804,771.003150286633,111.757823009087,95.1492537313433,94.4029850746269,94.3181818181818,3.72916666666667,100,17.7092139400711,3,0.0708003041657108,29.1843491819133,12.5,-0.965827067669173,3.39836316194299,4.16666666666667,0,0,61.25,66.6666666666667,77.5,100,87.9166666666667,91.6666666666667,100,87.5,73.3333333333333,72.9166666666667,70.4166666666667,66.25,61.6666666666667,94.5833333333333,90,91.25,100,91.25,100,90.4166666666667,-0.0648809523809522,-0.0977256574271499,-0.0692963752665244,-0.0270562770562768,0.0583333333333331,-0.0851190476190476,0.00112789928948691,-0.0464291601377935
太阳能板直角边源.txt,太阳能板直角边源,7,太阳能板直角边源:s7:b38,1448,D3A69AE0C0437EF77DE53C048FB54D2698296E80A4F1583193BB30993799A7A8,complete,1,2,0,0,,20.5,12.7487562189055,15.4228855721393,33.5227272727273,0.0833333333333333,40.9166666666667,14.1666666666667,43.125,0,92,30.9691290888481,0,50,11.7803743332071,0,94.0298507462687,32.8200855066252,0,25,5.37987335711165,76.2083333333333,100,46.0208333333333,100,79.0416666666667,100,5.77083333333333,100,48.9375,100,2.04166666666667,11,78.3125,100,74,70.8333333333333,100,54.1666666666667,46.6724344995418,40.4577978306445,782.206356497265,658.769032742839,-103.650967513035,76.4925373134328,84.7014925373134,85.6060606060606,5.77083333333333,100,22.8205403615977,5.5,0.468145981688702,1.29747761608698,37.5,-1.15575,1.63171688720807,8.33333333333333,0.804999999999999,0,0,0,0,0,0,0,0,0,0,0.833333333333333,0,0,0,7.08333333333333,67.5,52.0833333333333,49.5833333333333,56.6666666666667,90.4166666666667,85.8333333333333,-1.80654761904762,-1.93674484719261,-1.9225302061123,-1.55663780663781,-1.27619047619048,0.0583333333333333,0.011352733643514,0.104139335323827
太阳能板直角边源.txt,太阳能板直角边源,7,太阳能板直角边源:s7:b39,1482,23BAEB3CB670697EF0357770771958D691EFF1C7C9A2AE1C247E31AB488F3A70,complete,1,2,0,0,,0,0,0,0,0,0,0,0,0,0,0,0,0,0,0,0,0,0,0,0,100,100,100,100,100,100,100,100,100,100,0,0,100,100,100,100,0,0,50,50,841.708542713568,905.797101449277,1.6579330501069e-15,0,0,0,100,100,0,0,0,0,0,0,0,0,0,0,0,0,0,0,0,0,0,0,0,0,0,0,0,0,0,0,0,0,0,0,-0.602941176470588,-0.374963418203102,-0.453614281533509,-0.98596256684492,-1.20343137254902,2.77144607843137,-0.0137689994614324,0.0978695735428888
太阳能板直角边源.txt,太阳能板直角边源,7,太阳能板直角边源:s7:b40,1517,D7FFC2D9B2E59C02386676A80E2C1B36070529397DC55E42B2C8AE054A1D27F0,complete,1,2,0,0,,47.25,59.2661691542289,50.0621890547264,32.1969696969697,78.5,16,53.75,25.2083333333333,0,89,36.6098703725601,0,66.6666666666667,15.5647007894284,0,95.5223880597015,41.5888758917367,0,62.5,11.1306458008291,33.3333333333333,100,46.1875,100,3.95833333333333,100,48.5625,100,39.8958333333333,100,4.54166666666667,12,49.3541666666667,100,11.5,33.3333333333333,100,66.6666666666667,55.8320830058666,69.0019918950477,861.318711163136,630.608814124855,-91.5114438015432,0,0,0,48.5625,100,17.3166670092522,97,0.421016870397648,8.47859664007123,0,0,0,45.8333333333333,1.32563636363636,2.9400342945096,79.5833333333333,70.8333333333333,77.0833333333333,76.6666666666667,97.5,91.6666666666667,90.8333333333333,100,77.9166666666667,22.9166666666667,61.25,58.3333333333333,37.0833333333333,3.33333333333333,0,0,0,0,0,0,1.35,1.69331911869225,1.43034825870647,0.91991341991342,0.457142857142857,-1.46964285714286,0.0120290534399328,0.166630943024761
太阳能板直角边源.txt,太阳能板直角边源,7,太阳能板直角边源:s7:b41,1552,0EE05508C96F7CF000332B5788744C572638E830DEA8754CABF93E6623858812,complete,1,2,0,0,,90.6666666666667,93.1592039800995,91.4179104477612,87.3737373737374,92.2916666666667,89.0416666666667,85.625,95.625,76,95,5.25577667008379,0,100,18.0934511907227,58.2089552238806,95.5223880597015,7.97404430801144,0,100,18.5614906086433,0,0,0.0416666666666667,1,3.35416666666667,100,4.04166666666667,100,9.29166666666667,24,7.45833333333333,14,5.125,18,3.5,0,100,100,50.97473977028,56.6964285714285,812.078368313129,1075.11126053682,379.845095144924,96.2686567164179,82.8358208955224,75.3787878787879,4.04166666666667,100,15.4039571405875,19,-0.370686387305405,17.8492714108114,0,0,0,4.16666666666667,0,0,89.1666666666667,72.9166666666667,96.25,91.25,100,92.9166666666667,90.4166666666667,100,90,100,92.9166666666667,90.8333333333333,100,90,88.75,93.3333333333333,91.25,95.8333333333333,60,87.5,1.24047619047619,0.968372423596304,1.181592039801,1.57647907647908,2.08690476190476,-1.27202380952381,-0.0226200930772301,-0.138781235302476
太阳能板直角边源.txt,太阳能板直角边源,7,太阳能板直角边源:s7:b42,1586,F3FAD2D2A5BBE246AA797CB13C95540DF4B89A4F3674B23DD4F95B084DA0FF98,complete,1,2,0,0,,92.3333333333333,95.8955223880597,90.4228855721393,90.6565656565657,94.6666666666667,90,86.25,99.375,82,96,3.91115091108428,0,100,17.5808731915555,56.7164179104478,95.5223880597015,10.0259396698638,12.5,100,17.5584480505716,0,0,0,0,2.97916666666667,100,3.75,100,7.66666666666667,18,7.25,10,3.77083333333333,12,2.5,0,100,100,48.675442429539,61.1058601134215,725.276210719412,1026.59411951787,223.795711730346,95.8955223880597,73.5074626865672,87.8787878787879,3.75,100,15.1417091764411,16.5,-0.317711438323397,18.6365249035965,0,0,0,0,0,0,92.5,91.25,95.8333333333333,90.8333333333333,100,93.3333333333333,90.8333333333333,100,92.0833333333333,100,93.3333333333333,90.8333333333333,100,89.5833333333333,92.9166666666667,93.3333333333333,90.4166666666667,85.8333333333333,65.4166666666667,98.3333333333333,0.0490196078431374,0.0804799531752999,-0.0292654375182914,0.0965537730243615,0.0281862745098042,-0.008578431372549,0.00155808673476492,-0.0676263923747346
太阳能板直角边源.txt,太阳能板直角边源,7,太阳能板直角边源:s7:b43,1621,BCDCA939EC15E8F52DF665BCF8213D5B38E1E9F1B46867F64C1F64583A40BA9A,complete,1,2,0,0,,93.9583333333333,90.7338308457712,97.4502487562189,93.6868686868687,95.0833333333333,92.8333333333333,87.9166666666667,100,82.5,96,3.34896696163831,0,100,17.1452945460203,80.5970149253731,100,4.11650451186896,41.6666666666667,100,8.20466397117784,0.458333333333333,1.5,0,0,2.45833333333333,100,2.83333333333333,100,5.58333333333333,17.5,6.5,14,2.45833333333333,8,2.5,0,100,100,38.9776468549645,55.3673163418291,667.135064659996,751.747289773404,-95.5636893041956,94.4029850746269,96.2686567164179,93.9393939393939,2.83333333333333,100,14.0959165436276,4.5,0.394352778325447,24.31808436508,50,0.0249300699300699,0.14041508008898,0,0,0,97.0833333333333,91.25,100,91.25,100,93.75,91.25,100,86.25,100,88.3333333333333,78.75,97.5,90,100,92.9166666666667,90.8333333333333,100,90,100,0.0464285714285714,-0.147476901208244,0.200781805259418,0.0865800865800862,0.0809523809523808,-0.0261904761904762,0.0203446919042527,-0.277079873559271
太阳能板直角边源.txt,太阳能板直角边源,7,太阳能板直角边源:s7:b44,1655,F8F24313DECB9D9093FF2B2EF6958BFF28AEBEA6826D85C419615DCC2371F550,complete,1,2,0,0,,94.9791666666667,92.1019900497513,99.0671641791045,93.75,95.75,94.2083333333333,91.875,100,92,96.5,1.30616570180805,0,100,16.9072744388416,91.044776119403,100,2.32111303912776,83.3333333333333,100,2.792344588499,0.458333333333333,1.5,0,0,2.08333333333333,100,2.95833333333333,100,4.5625,7,6.08333333333333,11,2.02083333333333,2.5,2.5,0,100,100,42.3319919097562,54.0862348908533,622.273612368202,796.725803274086,-138.492483828524,91.4179104477612,98.5074626865672,93.9393939393939,2.95833333333333,100,14.6115126167413,4.5,0.582636788894674,24.2417242984506,50,0.0249300699300699,0.14041508008898,0,0,0,100,91.25,100,91.25,100,97.0833333333333,90.8333333333333,100,87.0833333333333,100,92.5,85,99.5833333333333,90.4166666666667,100,93.75,90.8333333333333,100,90,100,0.0300245098039218,0.04023997658765,0.0475563359672222,0.00185680332739182,0.0404411764705887,0.00367647058823527,0.00553776501674198,0.098657207493875
太阳能板直角边源.txt,太阳能板直角边源,7,太阳能板直角边源:s7:b45,1690,24B399D5FF91A4EC3EF6F0161EB9450289483CC6DDC73E30CC2A4BE64618DB30,complete,1,2,0,0,,93.3333333333333,91.6044776119403,95.1492537313433,93.2449494949495,95.6666666666667,91,97.5,92.7083333333333,74.5,96,4.80413469262963,0,100,17.4391740234383,76.1194029850746,100,5.80981990946017,16.6666666666667,100,11.0143438132585,0.208333333333333,1,0.729166666666667,1,2.41666666666667,100,3.125,100,5.72916666666667,23.5,7.04166666666667,16,3.04166666666667,16.5,3,0,99.5,100,50.3847361809045,63.0842391304348,668.635594646442,956.874520025992,-237.685007066583,77.6119402985075,87.6865671641791,92.0454545454545,3.125,100,15.0825362792264,5,0.0172217989286002,30.2604694271747,29.1666666666667,0.0246428571428572,0.123717914826348,100,-0.000549999999999995,0.248579903851928,100,91.25,100,90.8333333333333,95.4166666666667,100,90.8333333333333,100,91.25,97.0833333333333,99.5833333333333,90.8333333333333,100,84.1666666666667,97.0833333333333,91.25,70.8333333333333,90.4166666666667,90.4166666666667,95.4166666666667,-0.0470238095238098,-0.014214641080313,-0.111940298507462,-0.0144300144300144,-0.0916666666666669,0.00476190476190477,-0.0161547139990307,0.230078407747094
太阳能板直角边源.txt,太阳能板直角边源,7,太阳能板直角边源:s7:b46,1724,16E7C9DB6D71BD262DFCA47034810D007039F85B00B7E744F2DC949D78CEAB0E,complete,1,2,0,0,,94.0625,94.0298507462687,93.0348258706468,95.1388888888889,94.7916666666667,93.3333333333333,100,85.4166666666667,87,95.5,1.68956194477071,0,100,19.3118522543287,80.5970149253731,95.5223880597015,3.10176423461588,0,100,20.4688836959611,0,0,0,0,2.8125,100,3.875,100,5.9375,13,6.83333333333333,8,2.22916666666667,7.5,3.5,0,100,100,59.5010138411355,55.0266971777269,731.249287046102,949.709929651177,-41.6737561238822,92.1641791044776,88.4328358208955,95.4545454545455,3.875,100,16.742447066663,11.5,1.21822684048415,20.2654879872162,0,0,0,0,0,0,100,90.4166666666667,100,90.8333333333333,93.3333333333333,100,90.8333333333333,100,90,92.5,100,90.8333333333333,100,87.5,92.0833333333333,100,84.1666666666667,97.5,88.75,92.5,0.0214460784313727,0.0713345039508343,-0.0621890547263683,0.0557040998217468,0.068627450980392,0.0220588235294118,0.0353236776928104,0.268125813536204
太阳能板直角边源.txt,太阳能板直角边源,7,太阳能板直角边源:s7:b47,1760,6FC9A215C4385EACE4E81D896833857A7CCA728E0D89A4AFF63D04021FFC8D2B,complete,1,2,0,0,,94,94.0298507462687,93.5323383084577,94.4444444444444,94.75,93.25,99.5833333333333,88.125,90,95.5,1.75697368271102,0,100,18.2107214050593,85.0746268656716,95.5223880597015,2.00083600776071,0,100,20.0913787649934,0,0,0,0,3,100,3.22916666666667,100,6,10,7.25,12,2.35416666666667,6,3.5,0,100,100,58.1797878280291,55.5706521739131,679.86829893621,987.005011420919,146.414439346491,94.4029850746269,91.7910447761194,86.3636363636364,3.22916666666667,100,14.9937027308175,7.5,-0.382739711834112,23.2944339193385,0,0,0,0,0,0,100,90.4166666666667,98.75,90,95,98.3333333333333,89.1666666666667,100,90.8333333333333,95,100,90.8333333333333,100,90,93.75,100,90.8333333333333,100,76.6666666666667,90.4166666666667,-0.00173611111111111,0,0.0138197899391928,-0.0192901234567901,-0.00231481481481468,-0.0179398148148148,-0.0444712931199518,-0.0367007225862892
太阳能板直角边源.txt,太阳能板直角边源,7,太阳能板直角边源:s7:b48,1794,BD082AC4CAD931E5F63CE606AD5014CE1F35B980C4E3F92E04D54FEB335C717E,complete,1,2,0,0,,73.0625,69.4029850746269,67.7860696517413,82.1338383838384,62.2916666666667,83.8333333333333,74.375,82.0833333333333,32,94.5,18.6578532830129,0,100,18.2453610167639,0,94.0298507462687,31.5417119533839,0,79.1666666666667,17.3863264797289,10.7708333333333,66.5,0.0416666666666667,1,7.29166666666667,100,4.10416666666667,100,16.125,45.5,6.875,13,22.0208333333333,66.5,5,0,100,100,46.0535469303206,39.3557281683984,707.267576672989,820.610737019681,-73.7104930351675,64.5522388059701,75.3731343283582,95.8333333333333,4.10416666666667,100,18.8548737454983,3,-0.0179673897341146,34.0546530948415,25,-0.777806629834254,7.9867062660237,4.16666666666667,0,0,83.3333333333333,65.8333333333333,46.6666666666667,26.6666666666667,78.75,33.3333333333333,38.3333333333333,73.75,89.1666666666667,87.0833333333333,100,90.4166666666667,100,69.5833333333333,82.5,80.4166666666667,65.4166666666667,71.6666666666667,85.4166666666667,92.9166666666667,-0.615808823529412,-0.7243195785777,-0.757243195785777,-0.362076648841355,-0.276960784313725,0.0257352941176471,0.0107285977088234,-0.356654144050249
太阳能板直角边源.txt,太阳能板直角边源,7,太阳能板直角边源:s7:b49,1828,F636042FE2B1CF92DED0B3857FBED9138E0B0375093BF975F19AA2D6B9742EFF,complete,1,2,0,0,,92.4583333333333,91.7910447761194,92.7860696517413,92.8030303030303,93.375,91.5416666666667,99.7916666666667,79.1666666666667,83,95.5,3.23337442077585,0,100,19.0386537811924,79.1044776119403,95.5223880597015,4.30483587318953,0,100,19.3347658379548,0,0,0.104166666666667,2.5,2.72916666666667,100,3.875,100,7.4375,17,7.875,12,2.9375,12,3,0,100,100,55.4846053471779,52.6783569541196,864.620337384658,810.720063490125,-1.57768976347704,94.0298507462687,94.0298507462687,87.1212121212121,3.875,100,17.0880054484597,8,-0.405989670292756,30.4508271834513,0,0,0,4.16666666666667,0,0,100,91.6666666666667,91.25,98.3333333333333,87.5,100,90.8333333333333,83.75,99.1666666666667,91.25,93.75,76.25,90,99.5833333333333,92.5,99.5833333333333,90.4166666666667,92.5,97.5,83.3333333333333,0.57046568627451,0.658472344161545,0.735294117647059,0.313799762329174,0.22671568627451,-0.00674019607843136,-0.0114124200164306,0.277384071084039
太阳能板直角边源.txt,太阳能板直角边源,7,太阳能板直角边源:s7:b50,1863,90AFBB4C6C73809F23F66475441F5E16DC42266E7C07E143022E225935816AFE,complete,1,2,0,0,,92.0416666666667,93.7810945273632,89.365671641791,92.9924242424242,94.7083333333333,89.375,100,83.75,78.5,95.5,4.19605577393473,0,100,18.2850647514529,59.7014925373134,95.5223880597015,10.8552454416587,0,95.8333333333333,17.8005040693479,0,0,0,0,3.35416666666667,100,4.20833333333333,100,7.95833333333333,21.5,7.58333333333333,12,3.70833333333333,15,3,0,100,100,55.8986029624563,61.962212610972,655.666795915917,986.642501684981,-60.8372451258549,90.2985074626866,69.4029850746269,95.4545454545455,4.20833333333333,100,16.3548618076079,19.5,0.580847627476325,16.5199906821166,0,0,0,0,0,0,97.9166666666667,91.6666666666667,91.25,100,91.25,100,91.25,91.25,100,92.5,100,91.25,90.8333333333333,92.9166666666667,87.0833333333333,99.5833333333333,81.25,69.1666666666667,89.1666666666667,92.5,-0.0119047619047616,0.0568585643212507,-0.0977256574271503,0.00541125541125577,-0.061904761904762,0.00952380952380954,0.0281953513648309,0.0118285032936667
太阳能板直角边源.txt,太阳能板直角边源,7,太阳能板直角边源:s7:b51,1897,BB0F5C29E8BBD059522844127947F47BA7BBA8B80069E66219556A9198FB10FC,complete,1,2,0,0,,91.4375,93.0348258706468,91.4179104477612,89.8358585858586,92.875,90,99.375,79.7916666666667,87,94.5,2.60564812933616,0,100,18.8951782296285,74.6268656716418,95.5223880597015,6.10252337152388,0,100,18.3906444232284,0,0,0,0,3.60416666666667,100,3.91666666666667,100,8.5625,13,8.25,16,3.625,8,4,0,100,100,59.0042670774798,55.4004019887866,747.60702697038,999.483108674339,208.970166059982,94.4029850746269,82.089552238806,87.1212121212121,3.91666666666667,100,16.6857093892482,10,0.0658161559789784,23.5631484967074,0,0,0,0,0,0,94.5833333333333,85.8333333333333,85,100,92.5,98.3333333333333,91.25,90.8333333333333,100,90.4166666666667,100,91.25,90.4166666666667,99.5833333333333,77.5,100,90.8333333333333,86.6666666666667,74.5833333333333,89.1666666666667,-0.0177696078431374,-0.0219490781387179,0.0603599648814754,-0.0928401663695783,0.0183823529411765,-0.00857843137254903,-0.0151479844558043,0.0913430622065759
太阳能板直角边源.txt,太阳能板直角边源,7,太阳能板直角边源:s7:b52,1933,3F48F58062481D12543E74FD6F750DE9A47C51CFF538E32021D62F5DDD836471,complete,1,2,0,0,,91.3125,92.7860696517413,91.2313432835821,89.8989898989899,92.6666666666667,89.9583333333333,99.5833333333333,79.7916666666667,87,95,2.76944704887487,0,100,18.7541987668016,73.134328358209,95.5223880597015,6.57707499457222,0,100,18.1350376878377,0,0,0,0,3.54166666666667,100,3.95833333333333,100,8.6875,13,7.91666666666667,12,3.77083333333333,8,4,0,100,100,58.4746273333092,54.9264935877385,751.75571452591,1012.9452570731,223.386611842303,94.4029850746269,81.3432835820896,87.1212121212121,3.95833333333333,100,16.6810553467655,11,0.127668085620263,22.8067024822352,0,0,0,0,0,0,93.75,84.1666666666667,84.5833333333333,100,92.5,98.75,91.25,91.25,100,90.4166666666667,100,91.25,90.4166666666667,99.5833333333333,77.0833333333333,100,90.8333333333333,86.25,74.5833333333333,89.5833333333333,-0.00347222222222222,-0.00690989496959639,-0.00518242122719749,0.00175364758698077,-0.00115740740740754,0.00115740740740742,0.00171810915670236,-0.0147122151158506
太阳能板直角边源.txt,太阳能板直角边源,7,太阳能板直角边源:s7:b53,1967,39C048AE17A112A5AD05CB71BE5E74EF0C5943DF8DFA32E3865C6F2D7ACC8674,complete,1,2,0,0,,91.2291666666667,92.3507462686567,91.2313432835821,90.0883838383838,92.4583333333333,90,99.5833333333333,81.0416666666667,85.5,95,3.02158598819527,0,100,18.6310787636183,74.6268656716418,95.5223880597015,6.05572189773387,0,100,18.3226312937995,0,0,0,0,3.6875,100,3.6875,100,8.77083333333333,14.5,8,12,3.95833333333333,9,3.5,0,100,100,57.4583129423841,54.0121863058969,762.859371304314,1017.86371869285,255.803007548061,94.4029850746269,82.089552238806,87.8787878787879,3.6875,100,16.0977952225564,10,-0.127795852246385,20.6353834897791,0,0,0,0,0,0,90.4166666666667,84.1666666666667,84.1666666666667,100,92.5,99.1666666666667,91.25,90.8333333333333,100,92.0833333333333,100,90.8333333333333,90.8333333333333,99.1666666666667,76.6666666666667,100,91.25,86.25,75.4166666666667,89.5833333333333,-0.00245098039215714,-0.0128036289142528,0,0.00557040998217464,0.00122549019607857,-0.00796568627450982,-0.00751364523137202,-0.0298915997330913
太阳能板直角边源.txt,太阳能板直角边源,7,太阳能板直角边源:s7:b54,2002,12C269AB0ACF9DC37C3601C2994F54A310964902482BB80A8FC90F6B509AD559,complete,1,2,0,0,,91.2083333333333,92.5373134328358,91.2313432835821,89.8358585858586,92.4583333333333,89.9583333333333,99.5833333333333,80.2083333333333,86,95,2.8814121940264,0,100,18.7589081760524,74.6268656716418,95.5223880597015,6.08762582296504,0,100,18.3226312937995,0,0,0,0,3.33333333333333,100,3.77083333333333,100,8.79166666666667,14,8.08333333333333,12,3.95833333333333,9,3,0,100,100,58.0794970111219,54.2035854110859,759.756844327427,1009.19357569158,239.959817564693,94.4029850746269,82.089552238806,87.5,3.77083333333333,100,16.368765089254,10,0.0829175606565395,22.2028014529907,0,0,0,0,0,0,91.25,85,83.75,100,92.5,99.1666666666667,91.25,90.8333333333333,100,90.8333333333333,100,90.8333333333333,90.8333333333333,99.1666666666667,76.6666666666667,100,91.25,86.25,75,89.5833333333333,-0.000595238095237554,0.00533049040511742,0,-0.00721500721500701,-0.00119047619047633,0.00238095238095237,0.00602038322579785,0.0177481162496522
太阳能板直角边源.txt,太阳能板直角边源,7,太阳能板直角边源:s7:b55,2036,E0D2660CA30F042E17A04D6CD65D1E4476D275F665158E3A93A73C6EAF431E0A,interrupted_by_connection_loss,0,2,0,0,,NaN,NaN,NaN,NaN,NaN,NaN,NaN,NaN,NaN,NaN,NaN,NaN,NaN,NaN,NaN,NaN,NaN,NaN,NaN,NaN,NaN,NaN,NaN,NaN,NaN,NaN,NaN,NaN,NaN,NaN,NaN,NaN,NaN,NaN,NaN,NaN,NaN,NaN,NaN,NaN,NaN,NaN,NaN,NaN,NaN,NaN,NaN,NaN,NaN,NaN,NaN,NaN,NaN,NaN,NaN,NaN,NaN,NaN,NaN,NaN,NaN,NaN,NaN,NaN,NaN,NaN,NaN,NaN,NaN,NaN,NaN,NaN,NaN,NaN,NaN,NaN,NaN,NaN,NaN,NaN,NaN,NaN,NaN,NaN,NaN,NaN
太阳能板直角边源.txt,太阳能板直角边源,8,太阳能板直角边源:s8:b1,3,42805D1F9F86B9F8ED4BAF07D3E58FBC46E5E8226EFB32428AB8E6B61D034E80,complete,1,1,1,1,Source capture segment corresponding to oblique two-panel crossing,93.0208333333333,93.8432835820896,91.6666666666667,93.5606060606061,95.2083333333333,90.8333333333333,98.9583333333333,100,69,96,5.96635342469802,0,100,19.5431199971728,44.7761194029851,95.5223880597015,11.2030391317626,0,100,20.4124145231932,0,0,0,0,3.97916666666667,100,3.72916666666667,100,6.97916666666667,31,7.41666666666667,18,2.75,16,4.5,0,100,100,50.611265281632,56.1713173264115,693.73648389061,682.832936297549,-29.828941700181,95.8955223880597,95.5223880597015,95.4545454545455,3.72916666666667,100,18.2669610001779,1.5,1.10338714544357,18.9391685144338,0,0,0,0,0,0,92.5,100,92.5,100,92.5,92.0833333333333,100,90,100,92.5,87.9166666666667,87.9166666666667,77.5,87.5,90,92.9166666666667,100,92.0833333333333,100,92.5,0,0,0,0,0,0,0,0
太阳能板直角边源.txt,太阳能板直角边源,8,太阳能板直角边源:s8:b2,100,E0632779E14AE3F86CF67F668735171308EF602BD1AEAB14F4E7DB23694AEFE3,complete,1,1,1,1,Source capture segment corresponding to oblique two-panel crossing,92.9791666666667,93.9054726368159,91.6044776119403,93.4343434343434,95.2083333333333,90.75,99.1666666666667,100,68,96,6.12634930420242,0,100,19.4565037482895,43.2835820895522,95.5223880597015,11.6180768138933,0,100,20.1725059544479,0,0,0,0,3.97916666666667,100,3.75,100,7.02083333333333,32,7.25,16,3.10416666666667,23.5,4,0,100,100,51.0624338308754,56.3153141530126,684.493888580165,684.413251366336,-21.3632483591025,95.8955223880597,95.5223880597015,95.0757575757576,3.75,100,18.265062468531,2,-0.299010412678968,28.6422351155224,0,0,0,0,0,0,92.5,100,92.5,100,92.5,92.0833333333333,100,90,100,92.5,89.1666666666667,87.0833333333333,77.0833333333333,87.0833333333333,89.5833333333333,92.9166666666667,100,92.5,100,92.0833333333333,-0.000429553264604713,0.000641124275529635,-0.000641124275529489,-0.00130167655940856,-0.000859106529209573,0.000214776632302402,-0.0144577067847685,0.00465122215714836
太阳能板直角边源.txt,太阳能板直角边源,8,太阳能板直角边源:s8:b3,135,6836C9B686E814A264A925BB88B11C7B27B8D89DA1865A4FFEB9E614D05EDF67,complete,1,1,1,1,Source capture segment corresponding to oblique two-panel crossing,93.25,93.7810945273632,92.226368159204,93.75,95.2083333333333,91.2916666666667,99.1666666666667,100,68.5,96,5.73130230287642,0,100,19.5949349076962,46.2686567164179,95.5223880597015,10.1513450403553,0,100,20.5651363454312,0,0,0,0,3.97916666666667,100,3.75,100,6.75,31.5,7.5,20,2.5,12,4.5,0,100,100,50.4016998573112,55.8910359634998,708.820453059814,707.028291136633,-29.1576576680078,95.8955223880597,95.5223880597015,95.0757575757576,3.75,100,18.265062468531,2,-0.299010412678968,28.6422351155224,0,0,0,0,0,0,92.5,100,92.5,100,92.5,92.0833333333333,100,90,100,92.5,88.75,87.0833333333333,80.4166666666667,89.5833333333333,90,92.9166666666667,100,92.0833333333333,100,92.0833333333333,0.0077380952380951,-0.00355366027007855,0.0177683013503907,0.00901875901875907,0.0154761904761906,0,0,-0.0188781135304053
太阳能板直角边源.txt,太阳能板直角边源,8,太阳能板直角边源:s8:b4,169,B816C71A2A699563C99C56920C875EC6968CB8F04596215108A25E86CEF64922,complete,1,1,1,1,Source capture segment corresponding to oblique two-panel crossing,94.2291666666667,95.1492537313433,93.2213930348259,94.3181818181818,95.375,93.0833333333333,99.7916666666667,100,83.5,95.5,2.62918059092755,0,100,20.2005124395312,64.1791044776119,95.5223880597015,6.25503242211391,0,100,21.7577221877137,0,0,0,0,3.89583333333333,100,4.52083333333333,100,5.77083333333333,16.5,7.25,16,1.91666666666667,4.5,4,0,100,100,51.4757905048709,57.746036728928,745.895309689179,964.153883499487,-0.24508196425594,94.0298507462687,85.8208955223881,92.4242424242424,4.52083333333333,100,19.8963389637312,2,-0.59422569706104,17.7507084198801,0,0,0,0,0,0,92.5,100,92.5,100,92.5,92.5,100,91.25,100,92.5,92.0833333333333,100,90,100,92.5,91.25,94.1666666666667,86.25,94.1666666666667,90.4166666666667,0.0287990196078429,0.0402399765876504,0.029265437518291,0.0167112299465243,0.0526960784313723,0.022671568627451,-0.00868280248182563,0.0315909013988141
太阳能板直角边源.txt,太阳能板直角边源,8,太阳能板直角边源:s8:b5,204,9C7CEF5667E2FA296F8EC814A0D7987CEE1B06348972992BC1286F356930211A,complete,1,1,1,1,Source capture segment corresponding to oblique two-panel crossing,94.75,95.0870646766169,93.6567164179104,95.5176767676768,95.0416666666667,94.4583333333333,100,100,92.5,95.5,0.625543242171224,0,100,20.5921550820033,88.0597014925373,94.0298507462687,1.33858866610878,0,100,23.5518962863791,0,0,0,0,3.9375,100,3.625,100,5.25,7.5,6.41666666666667,12,1.97916666666667,2,5,0,100,100,50.0937225811598,51.7425810904072,758.773361630463,891.80843169726,22.1965824499715,94.4029850746269,94.0298507462687,95.0757575757576,3.625,100,17.5106153494458,2.5,0.0259152126066829,26.523785358898,0,0,0,0,0,0,92.0833333333333,100,90,100,94.1666666666667,92.0833333333333,99.5833333333333,90,100,92.5,92.5,98.3333333333333,89.5833333333333,99.1666666666667,92.5,91.25,100,90,100,91.25,0.0148809523809527,-0.00177683013503927,0.0124378109452737,0.0342712842712838,0.0392857142857143,-0.0255952380952381,0.0177183117047921,-0.0394876549631759
太阳能板直角边源.txt,太阳能板直角边源,8,太阳能板直角边源:s8:b6,239,6743E554C740BD00F933913432CFF6C2627FB133BFA589DD135CDB86267727D2,complete,1,1,1,1,Source capture segment corresponding to oblique two-panel crossing,92.7291666666667,93.2213930348259,90.7960199004975,94.1919191919192,95.0416666666667,90.4166666666667,100,98.3333333333333,68,95.5,6.21530223593817,0,100,19.8314255061176,29.8507462686567,95.5223880597015,13.5131112534025,0,100,21.1657484270628,0,0,0,0,4.41666666666667,100,3.625,100,7.27083333333333,32,7.16666666666667,18,3.10416666666667,15.5,4,0,100,100,51.0993362226606,61.9783231593373,691.235299201264,935.229671864434,-19.4644797326324,92.910447761194,73.134328358209,90.530303030303,3.625,100,17.6297831695788,2,0.0679863092201798,11.8054193403147,0,0,0,0,0,0,92.5,100,90,100,92.5,92.5,100,90,100,92.9166666666667,91.6666666666667,100,91.6666666666667,100,92.5,90,82.9166666666667,77.9166666666667,90,87.5,-0.0577380952380955,-0.0533049040511729,-0.0817341862117981,-0.0378787878787875,-0.11547619047619,0,0.0012020313318142,0.0287318183285953
太阳能板直角边源.txt,太阳能板直角边源,8,太阳能板直角边源:s8:b7,273,A2B3E469A30A708EAFD1A7E1874D3499DEC3B5C5F4439E13838175FB06831CE4,complete,1,1,1,1,Source capture segment corresponding to oblique two-panel crossing,92.3125,93.7189054726368,90.9203980099502,92.2979797979798,94.4166666666667,90.2083333333333,100,95.4166666666667,60,95.5,7.71195077672366,0,100,18.751035240358,50.7462686567164,95.5223880597015,11.7762634715291,0,100,18.9825003189176,0,0,0,0,3.60416666666667,100,3.64583333333333,100,7.6875,40,6.91666666666667,12,3.85416666666667,34,3.5,0,100,100,54.230502104016,53.7410156710263,705.983623620965,595.748091998674,49.5870006810895,95.5223880597015,95.1492537313433,95.4545454545455,3.64583333333333,100,17.6477248847245,2.5,0.715661381868561,25.9238920783047,0,0,0,0,0,0,92.5,100,91.6666666666667,100,92.5,87.9166666666667,95.8333333333333,91.6666666666667,100,92.0833333333333,92.5,90.8333333333333,75.4166666666667,83.3333333333333,83.3333333333333,92.5,100,92.0833333333333,100,92.0833333333333,-0.012254901960784,0.0146327187591457,0.00365817968978632,-0.0557040998217468,-0.00612745098039244,0.000612745098039207,0.0190492668425995,0.0920931141575118
太阳能板直角边源.txt,太阳能板直角边源,8,太阳能板直角边源:s8:b8,308,F77AD6E192C3D83B378C56C28EF526E18BB3D53E1D75295026EE4807F80CD12C,complete,1,1,1,1,Source capture segment corresponding to oblique two-panel crossing,89.5,89.6144278606965,88.6194029850746,90.2777777777778,85.6666666666667,93.3333333333333,96.25,81.25,68.5,95.5,6.20658836482933,0,100,16.9364678115563,61.1940298507463,95.5223880597015,10.983858698893,4.16666666666667,95.8333333333333,17.8196824457243,0.0416666666666667,1,0.229166666666667,5.5,3.45833333333333,100,2.85416666666667,100,10.2291666666667,26,7.25,8,5.6875,22,2,0,100,100,54.0360532822844,45.3502415458937,802.329372426208,766.479485268867,13.6708868319822,84.7014925373134,94.0298507462687,95.0757575757576,2.85416666666667,100,13.5841766085313,8.5,0.401743145615292,21.1573528464325,4.16666666666667,0,0,4.16666666666667,0,0,91.25,75.4166666666667,100,91.25,92.0833333333333,100,87.0833333333333,77.0833333333333,64.5833333333333,77.9166666666667,100,90.8333333333333,100,90.4166666666667,92.0833333333333,86.25,91.6666666666667,99.5833333333333,90.4166666666667,92.0833333333333,-0.0803571428571429,-0.11727078891258,-0.0657427149964462,-0.0577200577200577,0.0892857142857143,-0.0226190476190476,-0.00896909246437914,-0.00555568062090178
太阳能板直角边源.txt,太阳能板直角边源,8,太阳能板直角边源:s8:b9,343,70517E6BA3BE6C196518DD454DB1D76441DF14423654F938C6EB127FEEA09E60,complete,1,1,1,1,Source capture segment corresponding to oblique two-panel crossing,39.7291666666667,72.9477611940299,35.4477611940299,10.3535353535354,20.0416666666667,59.4166666666667,85.4166666666667,5.41666666666667,6.5,89,24.1961994710033,0,100,29.2305399553344,0,97.0149253731343,40.1486144464928,0,50,9.95500013762368,1.10416666666667,2.5,52.2083333333333,90,57.1458333333333,100,3.66666666666667,100,6.95833333333333,85,4.66666666666667,8,55.6041666666667,90,41,33.3333333333333,100,100,62.672678984275,38.3609612407761,634.840393779965,718.789874756118,156.947996994771,89.9253731343284,88.4328358208955,59.8484848484849,3.66666666666667,100,17.1137684928481,8.5,-1.41906329151205,12.5824631985979,95.8333333333333,-0.0142045454545455,0.284181545947098,95.8333333333333,-0.625795454545454,17.6928863125769,60.8333333333333,0,0,0,0.416666666666667,90.4166666666667,48.75,0,0,0,82.9166666666667,87.9166666666667,55.4166666666667,1.66666666666667,0,97.0833333333333,67.9166666666667,98.75,71.6666666666667,30.8333333333333,-1.42202380952381,-0.476190476190476,-1.51918976545842,-2.28354978354978,-0.969047619047619,0.0232142857142857,-0.0520230410607811,0.246760734342589
太阳能板直角边源.txt,太阳能板直角边源,8,太阳能板直角边源:s8:b10,377,4FC13B1B3E6E106DD500535611B201FA9E77A3F0F736B5BB8037DBCC15C70A8C,complete,1,1,1,1,Source capture segment corresponding to oblique two-panel crossing,5.0625,9.20398009950249,0.186567164179104,5.80808080808081,5.41666666666667,4.70833333333333,19.5833333333333,15,0,19,5.47586105994537,0,33.3333333333333,7.5982020100544,0,2.98507462686567,0.669294333054389,0,4.16666666666667,0.868220435117705,28.0208333333333,100,67.5625,100,65.6875,100,79.8541666666667,100,32.6875,100,2.125,3,83.1041666666667,100,98,100,100,100,50.4476519088751,50.1474081918882,790.892828145361,861.758253261259,76.0445697121326,32.089552238806,0,0,79.8541666666667,100,33.8650470532777,32.5,0.251477440358933,10.5975260639042,50,0.55208041958042,0.483834440016174,62.5,0.318901963103122,7.98613403851388,7.08333333333333,2.08333333333333,0,0,38.3333333333333,0,6.66666666666667,0,0,0,3.75,0,0,0,0,43.3333333333333,0,0,0,0,-1.01960784313725,-1.87481709101551,-1.03709394205443,-0.133689839572192,-1.60906862745098,2.24080882352941,0.0491335509373817,-0.359559619864705
太阳能板直角边源.txt,太阳能板直角边源,8,太阳能板直角边源:s8:b11,412,4233707ABB75665700C8845600D3ACA8B14361930FB0F5AABB3BBD6E79FAB950,complete,1,1,1,1,Source capture segment corresponding to oblique two-panel crossing,42.1041666666667,4.97512437810945,44.589552238806,77.2727272727273,58.75,25.4583333333333,0,92.0833333333333,3,72,20.2462981944777,0,100,32.6254330639071,0,91.044776119403,37.8029217496538,0,66.6666666666667,15.7248898857094,53.7916666666667,97,0,0,23,100,54.875,100,4.10416666666667,8.5,4.41666666666667,7,53.7916666666667,97,39,25,79,100,34.2446308548862,60.2265437989893,582.311444325036,826.018356586899,219.6231884031,0,0,32.1969696969697,54.875,100,35.0184156306007,74.5,-1.22510139740327,6.34235459386316,100,0.7395,2.63147636782019,0,0,0,0,56.6666666666667,92.0833333333333,84.1666666666667,100,0,2.08333333333333,82.9166666666667,83.3333333333333,86.25,0,0,11.25,76.25,92.5,0,0,0,5.83333333333333,68.75,1.05833333333333,-0.120824449182658,1.26865671641791,2.04184704184704,0.592857142857143,-0.713690476190477,-0.0421879667932059,-0.462943458685397
太阳能板直角边源.txt,太阳能板直角边源,8,太阳能板直角边源:s8:b12,447,4A79B370454BFE7C88B470B522DF0EDA7C4F514C0AD0B1593FD8152A4DDD2F60,complete,1,1,1,1,Source capture segment corresponding to oblique two-panel crossing,80.1875,61.318407960199,87.3756218905473,92.0454545454545,89.7916666666667,70.5833333333333,35.2083333333333,98.9583333333333,56.5,93.5,11.7591892836494,0,100,21.3707791226032,76.1194029850746,95.5223880597015,8.1390947066185,45.8333333333333,95.8333333333333,12.7494088885086,11.3125,36,0,0,2,100,13.125,100,8.5,11,8,12,12.3333333333333,36,1.5,0,100,100,26.997764849484,66.3420655602798,605.153485164137,796.502456484954,-155.338218556818,11.5671641791045,76.865671641791,93.9393939393939,13.125,100,21.2859132595773,42.5,-0.716648532588716,14.0794231845192,66.6666666666667,0.482830882352941,1.14248061188338,0,0,0,82.9166666666667,91.25,100,82.0833333333333,96.6666666666667,78.3333333333333,79.5833333333333,100,91.25,95.8333333333333,29.1666666666667,82.9166666666667,87.0833333333333,90.8333333333333,100,0,53.3333333333333,81.6666666666667,80.8333333333333,100,1.08809523809524,1.60980810234542,1.22245913290689,0.422077922077922,1.28928571428571,-1.19285714285714,0.0145272247089873,-0.207053314440062
太阳能板直角边源.txt,太阳能板直角边源,8,太阳能板直角边源:s8:b13,481,606AB5DB6FE5A8667A8E52ABE9DAC2CD9490E2A6A876A92639E272755C563E33,complete,1,1,1,1,Source capture segment corresponding to oblique two-panel crossing,80.2708333333333,62.9975124378109,87.6243781094527,90.3409090909091,88.375,72.1666666666667,36.25,96.0416666666667,58.5,91,10.3145941000737,0,100,20.5931612619178,76.1194029850746,95.5223880597015,7.98896018155349,45.8333333333333,95.8333333333333,12.5623476516746,10.3125,31.5,0.0416666666666667,1,1.875,100,12.0625,100,9.375,12.5,8.375,12,11.7916666666667,31.5,1.5,0,100,100,28.9509851262649,64.2348836141591,712.055438577227,853.668653602939,-227.813539655785,16.4179104477612,77.6119402985075,94.3181818181818,12.0625,100,20.0214390779647,41,-0.671650929886564,14.3613083483768,66.6666666666667,0.466933823529412,0.525913945376215,4.16666666666667,0,0,80.4166666666667,91.6666666666667,100,77.9166666666667,96.6666666666667,80.8333333333333,78.75,100,91.6666666666667,85.8333333333333,35.4166666666667,82.0833333333333,88.3333333333333,90.8333333333333,99.5833333333333,0,61.25,80.8333333333333,83.3333333333333,100,0.00245098039215714,0.0493854258121158,0.00731635937957265,-0.0501336898395722,0.0465686274509807,-0.0312499999999999,0.00132345890300446,0.0574476551994382
太阳能板直角边源.txt,太阳能板直角边源,8,太阳能板直角边源:s8:b14,516,AE52184967A9BD0BACEAC7C86F73952E82078E8CCDFE505E80F1DC74DA037D45,complete,1,1,1,1,Source capture segment corresponding to oblique two-panel crossing,95.25,95.8955223880597,94.9626865671642,94.8863636363636,95.1666666666667,95.3333333333333,88.3333333333333,100,94.5,96,0.41702882811415,50,100,12.1570772884167,94.0298507462687,95.5223880597015,0.738112470219157,58.3333333333333,100,12.5532810879735,0,0,0,0,1.04166666666667,41.6666666666667,1.10416666666667,50,4.75,5.5,6,6,1.79166666666667,2,0,0,100,100,46.9121925416557,49.5614035087719,832.893888117536,914.061604530346,-72.8981381676539,95.5223880597015,95.1492537313433,95.0757575757576,1.10416666666667,50,5.78010984992185,4.5,-0.209570818807544,11.2689856030954,0,0,0,0,0,0,93.3333333333333,100,91.6666666666667,100,90.8333333333333,93.3333333333333,100,91.6666666666667,100,90.8333333333333,92.9166666666667,100,91.6666666666667,95.8333333333333,96.6666666666667,92.9166666666667,100,91.25,92.0833333333333,100,0.42797619047619,0.939943141435679,0.209665955934613,0.12987012987013,0.661904761904762,-0.313095238095238,0.013202288887972,0.51317735472545
太阳能板直角边源.txt,太阳能板直角边源,8,太阳能板直角边源:s8:b15,550,E17DA7C31F78C25E7A80319A818CF80DD498E6E6F3BD3982C1F688425B023671,complete,1,1,1,1,Source capture segment corresponding to oblique two-panel crossing,94.7083333333333,95.4601990049751,94.2164179104478,94.4444444444444,95.0833333333333,94.3333333333333,95,100,92,96.5,1.2150922908826,62.5,100,10.0312708999523,91.044776119403,95.5223880597015,1.41337777512164,62.5,100,9.51129113359968,0.333333333333333,1.5,0,0,0.895833333333333,33.3333333333333,0.916666666666667,33.3333333333333,4.95833333333333,8,6.625,9,1.95833333333333,3,0,0,100,100,46.3498595338899,53.012666894899,545.54995804772,1021.80218538131,85.7972264338673,91.4179104477612,92.910447761194,94.3181818181818,0.916666666666667,33.3333333333333,4.32407850777175,8,0.050817487860128,10.5217921568377,37.5,-0.0296774193548387,0.163956458945988,0,0,0,92.9166666666667,90.4166666666667,100,90.4166666666667,100,97.5,89.5833333333333,100,90.8333333333333,99.1666666666667,99.1666666666667,90.4166666666667,96.25,91.25,100,95.8333333333333,90.8333333333333,90.8333333333333,88.75,100,-0.0159313725490193,-0.0128036289142523,-0.0219490781387184,-0.0129976232917411,-0.0294117647058824,-0.00551470588235294,0.00765847960787271,-0.016539206110757
太阳能板直角边源.txt,太阳能板直角边源,8,太阳能板直角边源:s8:b16,585,DB4D05802F614BB2DC43B0D71DDFB283AF58782040541C46303F36089DCA3E42,complete,1,1,1,1,Source capture segment corresponding to oblique two-panel crossing,93.6041666666667,94.5273631840796,92.5995024875622,93.6868686868687,94.7083333333333,92.5,88.125,99.375,90.5,96,1.56718500521786,62.5,100,10.2733227664876,88.0597014925373,95.5223880597015,2.22161544970819,62.5,100,11.8256860942857,0,0,0,0,0.729166666666667,29.1666666666667,1.14583333333333,33.3333333333333,6.39583333333333,9.5,8.75,14,2.0625,2.5,0,0,100,100,47.6732195177844,55.3604305339187,837.017645372209,872.03424320177,-18.0457879191165,94.0298507462687,90.6716417910448,93.1818181818182,1.14583333333333,33.3333333333333,4.68764540068555,9.5,-0.106942681977727,9.39434382524248,0,0,0,0,0,0,92.5,100,89.1666666666667,100,93.3333333333333,92.9166666666667,98.75,90.4166666666667,97.9166666666667,92.0833333333333,90.4166666666667,95.8333333333333,90.4166666666667,94.1666666666667,91.6666666666667,90,99.1666666666667,84.1666666666667,100,89.1666666666667,-0.0315476190476192,-0.0266524520255863,-0.0461975835110163,-0.0216450216450219,-0.0523809523809527,0.00654761904761905,-0.00450743342393872,0.0378102852541269
太阳能板直角边源.txt,太阳能板直角边源,8,太阳能板直角边源:s8:b17,620,8DD8100A5D42C54B3D3E34A824063C8D342F03C0B629EA481732712E42A4CD18,complete,1,1,1,1,Source capture segment corresponding to oblique two-panel crossing,93.5416666666667,94.4029850746269,92.5373134328358,93.6868686868687,94.6666666666667,92.4166666666667,87.5,99.375,91,96,1.48848235130448,62.5,100,10.3483943572571,88.0597014925373,95.5223880597015,2.06437037256157,62.5,100,11.8193764931348,0,0,0,0,0.729166666666667,29.1666666666667,1,33.3333333333333,6.45833333333333,9,9,14,2.04166666666667,3,0,0,100,100,47.4144918139083,55.2875175315568,848.387640701429,873.164177988824,-14.7284401921838,94.0298507462687,90.6716417910448,92.8030303030303,1,33.3333333333333,4.20294092881932,9,-0.111824525185797,8.43476250232357,0,0,0,0,0,0,92.0833333333333,100,89.1666666666667,100,93.3333333333333,92.9166666666667,99.1666666666667,90.4166666666667,97.5,92.0833333333333,90,95.8333333333333,90.4166666666667,94.5833333333333,91.6666666666667,89.5833333333333,99.1666666666667,84.1666666666667,100,88.75,-0.00178571428571429,-0.00355366027007814,-0.00177683013503927,0,-0.00238095238095225,-0.00416666666666667,-0.000139481234516277,-0.00739222011074584
太阳能板直角边源.txt,太阳能板直角边源,8,太阳能板直角边源:s8:b18,654,AD7B2C12BFA253C7EAFE411004810F5DB81A2B0A1A09629E392D16B1C0D40A33,complete,1,2,0,1,Source capture segment corresponding to oblique two-panel crossing,93.5208333333333,94.3407960199005,92.5995024875622,93.6237373737374,94.6666666666667,92.375,87.2916666666667,99.375,91,96,1.47794780359285,62.5,100,10.440278933264,88.0597014925373,95.5223880597015,2.03978780536299,62.5,100,11.8479089242228,0,0,0,0,0.729166666666667,29.1666666666667,1,33.3333333333333,6.47916666666667,9,9.08333333333333,14,2.04166666666667,3,0,0,100,100,47.4478501833929,55.473228016217,853.799463097526,877.400980025392,-14.0251682017568,93.6567164179104,90.6716417910448,92.4242424242424,1,33.3333333333333,4.20294092881932,9,-0.111824525185797,8.43476250232357,0,0,0,0,0,0,92.0833333333333,100,89.1666666666667,100,93.3333333333333,92.9166666666667,99.1666666666667,90.4166666666667,97.5,92.0833333333333,90,96.25,90.4166666666667,94.5833333333333,91.6666666666667,89.1666666666667,99.1666666666667,84.1666666666667,100,88.3333333333333,-0.000612745098039494,-0.00182908984489337,0.00182908984489337,-0.00185680332739141,-0.00122549019607857,0,0,0.000981128514252811
太阳能板直角边源.txt,太阳能板直角边源,8,太阳能板直角边源:s8:b19,689,3D846179A02C72C8D53EE169D45C83C8DE70304B1880A9FB854C80E8947426CC,complete,1,2,0,1,Source capture segment corresponding to oblique two-panel crossing,93.5,93.9676616915423,92.5995024875622,93.9393939393939,94.6666666666667,92.3333333333333,87.0833333333333,99.5833333333333,90,96,1.58799846676084,62.5,100,10.3136869484258,88.0597014925373,95.5223880597015,2.30716182009832,62.5,100,11.4871857937081,0,0,0,0,0.708333333333333,29.1666666666667,0.958333333333333,33.3333333333333,6.5,10,8.91666666666667,12,1.97916666666667,2.5,0,0,100,100,46.353562685221,55.2814938684504,849.948984048162,861.907577158595,-25.5340282293611,93.2835820895522,91.044776119403,93.1818181818182,0.958333333333333,33.3333333333333,4.08654114589956,8.5,-0.094167360281075,8.44509226688175,0,0,0,0,0,0,91.6666666666667,100,89.5833333333333,100,92.9166666666667,92.9166666666667,98.3333333333333,90.4166666666667,98.75,92.0833333333333,89.5833333333333,93.75,90.8333333333333,95.4166666666667,91.6666666666667,89.1666666666667,99.1666666666667,84.5833333333333,100,89.1666666666667,-0.00059523809523796,-0.0106609808102344,0,0.00901875901875907,-0.00119047619047633,-0.00119047619047619,0.000504490425849197,-0.0312653570906251
太阳能板直角边源.txt,太阳能板直角边源,8,太阳能板直角边源:s8:b20,724,2943AE7F25AC9C6EDAC8120C9ADB84A538CDFB8242F99D1EBC89A02FB2DED095,complete,1,2,0,1,Source capture segment corresponding to oblique two-panel crossing,94.7916666666667,95.273631840796,93.9676616915423,95.1388888888889,94.9583333333333,94.625,84.5833333333333,100,94,95.5,0.440273301155254,62.5,100,11.0417555541443,92.5373134328358,95.5223880597015,0.692993464906771,62.5,100,12.056169006618,0,0,0,0,0.791666666666667,29.1666666666667,1.04166666666667,37.5,5.20833333333333,6,6.33333333333333,8,1.95833333333333,2.5,0,0,100,100,44.7819095477387,51.1478260869565,879.743073154718,902.614442344045,-25.5726982739786,94.7761194029851,93.6567164179104,95.0757575757576,1.04166666666667,37.5,5.11164439598884,5,-0.124700191217216,9.72408872304318,0,0,0,0,0,0,92.5,100,90,100,92.9166666666667,92.0833333333333,100,90,100,92.0833333333333,92.0833333333333,100,90.4166666666667,100,91.25,92.5,99.1666666666667,90.4166666666667,94.1666666666667,96.25,0.0369047619047616,0.0373134328358211,0.03909026297086,0.0342712842712842,0.0654761904761906,0.00238095238095239,-0.000872366598175459,-0.0449043753566363
太阳能板直角边源.txt,太阳能板直角边源,8,太阳能板直角边源:s8:b21,758,C2CFF487442550768BEBCF095B0C0DE43EF0458D7D10F81A70A69548A3B7ABF4,complete,1,2,0,1,Source capture segment corresponding to oblique two-panel crossing,94.4166666666667,94.7761194029851,93.7189054726368,94.760101010101,94.7916666666667,94.0416666666667,98.3333333333333,99.5833333333333,91,95,0.892805381522402,58.3333333333333,100,11.5943559499402,88.0597014925373,95.5223880597015,1.45834731384087,62.5,100,12.2743336600129,0,0,0,0,1.04166666666667,33.3333333333333,1.14583333333333,37.5,5.58333333333333,9,6.41666666666667,10,2.04166666666667,2.5,0,0,100,100,49.454361359034,52.2874756651525,876.230159007181,922.242555947514,-37.7283827780315,95.1492537313433,92.1641791044776,94.6969696969697,1.14583333333333,37.5,5.13187174639435,7,-0.0410520512333688,11.1408604133728,0,0,0,0,0,0,91.6666666666667,100,90,100,92.5,91.6666666666667,100,90.8333333333333,100,91.25,91.6666666666667,100,90,98.75,92.0833333333333,91.25,97.5,89.1666666666667,98.75,91.25,-0.0110294117647055,-0.0146327187591457,-0.00731635937957265,-0.0111408199643493,-0.0171568627450979,0.00306372549019608,0.00246023941128963,0.13742505327339
太阳能板直角边源.txt,太阳能板直角边源,8,太阳能板直角边源:s8:b22,793,77CE823F0FCE1952B91F38963EE0E0C15404453769957E901D10BAA9B53E797E,complete,1,2,0,1,Source capture segment corresponding to oblique two-panel crossing,94.4583333333333,94.6517412935323,94.0298507462687,94.6969696969697,94.6666666666667,94.25,100,85.4166666666667,93,95.5,0.735980072193987,58.3333333333333,100,11.2248073902936,91.044776119403,95.5223880597015,1.07808226643972,62.5,100,11.8568526185405,0,0,0.0416666666666667,1,1.02083333333333,37.5,1.04166666666667,37.5,5.5,7,6.625,8,1.97916666666667,2,0,0,100,100,54.477273585975,52.1739130434783,881.315876418464,906.946003951277,-13.1993737895098,94.4029850746269,94.4029850746269,91.6666666666667,1.04166666666667,37.5,4.9025611761594,6,-0.117469287015162,10.150821837172,0,0,0,4.16666666666667,0,0,92.5,98.75,90.8333333333333,100,92.9166666666667,91.25,99.1666666666667,90.4166666666667,100,90.8333333333333,90.8333333333333,100,89.1666666666667,100,93.3333333333333,90.8333333333333,100,90.4166666666667,96.6666666666667,91.25,0.00119047619047592,-0.00355366027007814,0.00888415067519556,-0.00180375180375165,0.00595238095238082,-0.00297619047619048,-0.00218334959376551,0.143511777912601
太阳能板直角边源.txt,太阳能板直角边源,8,太阳能板直角边源:s8:b23,827,79D58B987125556C0B1AE7380FF37B3779F10DE6E6A3AE1D33173726B1C4BBD9,complete,1,2,0,1,Source capture segment corresponding to oblique two-panel crossing,93.1875,93.9676616915423,93.6567164179104,91.9191919191919,93.9583333333333,92.4166666666667,100,81.6666666666667,90.5,95.5,1.48039727335487,58.3333333333333,100,11.1942013771578,86.5671641791045,95.5223880597015,2.12220706369472,62.5,100,11.7931056371881,0,0,0.0625,1.5,1,33.3333333333333,1.22916666666667,37.5,6.75,9.5,8.29166666666667,12,2.1875,3.5,0,0,100,100,60.6795445115486,53.1445286531047,815.15636500068,986.842832180872,-85.9296978924182,90.6716417910448,94.4029850746269,89.0151515151515,1.22916666666667,37.5,5.07821123439644,9.5,-0.106092934626349,10.4678442878909,0,0,0,4.16666666666667,0,0,100,90,100,91.25,85,100,91.25,100,90.4166666666667,91.6666666666667,99.5833333333333,91.25,95,85.4166666666667,92.5,95,91.25,91.25,94.5833333333333,88.3333333333333,-0.037377450980392,-0.020119988293825,-0.0109745390693594,-0.081699346405229,-0.0539215686274508,0.00551470588235295,0.000334598599670964,0.182419733105105
太阳能板直角边源.txt,太阳能板直角边源,8,太阳能板直角边源:s8:b24,862,4E106CB5784F194200F18040FD6FF3C11A0BAA262E80C04F98C6F4B92578AEAA,complete,1,2,0,1,Source capture segment corresponding to oblique two-panel crossing,91.3333333333333,92.7860696517413,90.8582089552239,90.3409090909091,93.1666666666667,89.5,100,82.2916666666667,87,94.5,2.36214100868842,54.1666666666667,100,11.3427146117101,85.0746268656716,95.5223880597015,3.69056235109582,58.3333333333333,100,11.5879107201442,0,0,0.25,1.5,0.8125,33.3333333333333,1.4375,41.6666666666667,8.41666666666667,13,8.33333333333333,10,3.125,5,0,0,100,100,60.2688925396212,56.9607023411371,720.949431878756,922.629762950079,9.96688060672542,91.044776119403,89.1791044776119,82.9545454545455,1.4375,41.6666666666667,5.35906266283874,11.5,-0.138078647263031,9.71103996801371,0,0,0,25,0.0525714285714286,0.119522860933439,100,90.8333333333333,94.5833333333333,90.8333333333333,90.4166666666667,100,90.8333333333333,91.25,90,92.9166666666667,99.5833333333333,87.5,100,75.8333333333333,92.5,100,77.0833333333333,99.5833333333333,87.9166666666667,75,-0.0529761904761906,-0.0337597725657426,-0.0799573560767588,-0.045093795093795,-0.0833333333333335,0.00595238095238095,-0.000913877503905207,-0.0117329134836394
太阳能板直角边源.txt,太阳能板直角边源,8,太阳能板直角边源:s8:b25,896,921C53B2EE810708558AC39B1989B1CC739168A48D0387461F0B5C2403736828,complete,1,2,0,1,Source capture segment corresponding to oblique two-panel crossing,89.5416666666667,91.2313432835821,89.9253731343284,87.4368686868687,89.75,89.3333333333333,97.9166666666667,77.5,85,92.5,1.75025878003838,50,100,11.4851122285943,80.5970149253731,100,6.57615454463495,58.3333333333333,100,10.0542837906957,0,0,1.29166666666667,9,1.79166666666667,37.5,1.41666666666667,41.6666666666667,9.16666666666667,11.5,9.08333333333333,13,4.0625,9,0,0,100,100,59.3425293799676,49.5842716092153,773.066811997764,939.113502834249,-172.596054904809,91.044776119403,82.089552238806,95.4545454545455,1.41666666666667,41.6666666666667,5.40513848617388,10.5,-0.0179610814089527,10.664572106406,0,0,0,50,-0.0817132551848512,1.65220089844933,97.9166666666667,87.9166666666667,100,78.3333333333333,81.6666666666667,100,81.25,100,83.75,86.6666666666667,97.5,82.9166666666667,92.5,90.4166666666667,81.25,94.5833333333333,90.4166666666667,80.8333333333333,90.4166666666667,92.5,-0.0526960784313727,-0.0457272461223297,-0.027436347673398,-0.0854129530600122,-0.00490196078431387,-0.000612745098039207,0.00353286958394349,-0.0272459752839302
太阳能板直角边源.txt,太阳能板直角边源,8,太阳能板直角边源:s8:b26,931,43D819E8DE16BF22389553A614F458E8AE2B20E70BB4B21EB7C38C7D811A5921,complete,1,2,0,1,Source capture segment corresponding to oblique two-panel crossing,74.7708333333333,91.7910447761194,89.6144278606965,42.4242424242424,64,85.5416666666667,100,28.9583333333333,55.5,90.5,12.1797936430962,0,100,25.7061001299629,71.6417910447761,98.5074626865672,6.68177911371308,50,95.8333333333333,8.95335879995287,0,0,17.7916666666667,42.5,18.4791666666667,100,2.1875,100,7.4375,11.5,6.91666666666667,9,18.875,42.5,2.5,0,99.5,100,74.8656577686118,36.1540947115213,460.121219452676,765.283284427183,-128.173585629189,88.0597014925373,95.5223880597015,79.5454545454545,2.1875,100,9.44193719388131,12.5,-0.277156151419559,10.7923552411368,0,0,0,100,-0.4704,2.54220236692442,100,82.0833333333333,95.8333333333333,16.6666666666667,0,100,90.4166666666667,83.3333333333333,70,1.66666666666667,95.8333333333333,90,92.0833333333333,82.0833333333333,54.1666666666667,99.5833333333333,80,100,70,91.6666666666667,-0.422023809523809,0.0159914712153518,-0.00888415067519515,-1.28607503607504,-0.108333333333333,0.0220238095238095,-0.00740557342887445,0.443517953961265
太阳能板直角边源.txt,太阳能板直角边源,8,太阳能板直角边源:s8:b27,966,3DEC6F1B66340FC206BF79C848E2D2CE63D2442852823BA30A7328B5D80BCF39,complete,1,2,0,1,Source capture segment corresponding to oblique two-panel crossing,35.1458333333333,81.9651741293532,22.9477611940299,0,25.25,45.0416666666667,98.125,0,16.5,54.5,11.8747806997294,0,100,38.200870608076,0,71.6417910447761,27.333203838526,0,50,17.1086154127907,0.0625,0.5,62.2083333333333,83,62.8125,100,39.875,100,2.58333333333333,6,3.70833333333333,6,62.2083333333333,83,53.5,25,61,100,65.8606233867701,44.6277182642216,465.815541920697,867.982848981771,143.953223874263,90.6716417910448,68.2835820895522,0,39.875,100,48.4177157187486,6.5,0.115706586790866,12.8407119238448,12.5,2.21835029979869e-18,1.35973995551052e-16,100,-0.4427,0.762452976296114,94.5833333333333,8.75,0,0,0,93.75,55.4166666666667,0,0,0,95.8333333333333,82.5,17.0833333333333,0,0,99.5833333333333,77.0833333333333,77.5,0.833333333333333,0,-1.13214285714286,-0.280739161336176,-1.9047619047619,-1.21212121212121,-1.15714285714286,1.07678571428571,0.011224649663155,-0.257286696624049
太阳能板直角边源.txt,太阳能板直角边源,8,太阳能板直角边源:s8:b28,1001,7BD716469981A5E7D7B95F2312E32CBEC6F16B318EA3E215D22E5C9827DDAF0E,complete,1,2,0,1,Source capture segment corresponding to oblique two-panel crossing,14.4166666666667,8.27114427860696,0.746268656716418,34.5328282828283,22.0833333333333,6.75,23.125,52.5,1,33,9.66691653849969,0,62.5,18.5862709968964,0,11.9402985074627,2.67717733221756,0,8.33333333333333,2.16693048295874,46.2083333333333,95.5,34.1875,99,61.2291666666667,100,73.5833333333333,100,5.1875,96.5,2.41666666666667,5,84.1875,99,76,79.1666666666667,100,100,46.3364779104872,52.7062783116718,705.186778408744,852.057816378032,200.534644618216,32.8358208955224,0,0,73.5833333333333,100,35.3243327874546,37,-0.317942078903499,18.5748162538715,70.8333333333333,-0.664923885077186,23.256444576344,37.5,-0.369916666666666,0.60514767098924,0,0,0,47.9166666666667,92.9166666666667,0,0,0,0.416666666666667,79.5833333333333,7.91666666666667,0,0,0,12.0833333333333,47.5,0,0,0,0,-0.592261904761905,-2.10554371002132,-0.634328358208955,0.986652236652237,-1.09404761904762,0.963095238095238,-0.0123899618769818,-0.557832727893797
太阳能板直角边源.txt,太阳能板直角边源,8,太阳能板直角边源:s8:b29,1035,E5B8A38C3DC6E5AACB37EF3C5DAEF1F974F8F3F90D32D829C43D3FD4999D331E,complete,1,2,0,1,Source capture segment corresponding to oblique two-panel crossing,52.7708333333333,9.07960199004975,61.7537313432836,88.0050505050505,64.8333333333333,40.7083333333333,0,93.5416666666667,27.5,75,14.4650847745954,0,100,36.2214035052097,4.47761194029851,94.0298507462687,26.4398164766511,4.16666666666667,91.6666666666667,20.9080147949888,40.5625,65.5,0,0,19.3333333333333,100,41.8541666666667,100,6.66666666666667,8.5,6.08333333333333,11,40.5625,65.5,31,0,81.5,100,29.24968911607,58.9957998504056,512.293182796931,831.374009974495,152.672727738091,0,15.6716417910448,79.1666666666667,41.8541666666667,100,39.8259611965827,54,-1.22527819424004,14.2790777310953,100,0.47025,0.688364081497322,0,0,0,1.25,85.8333333333333,77.9166666666667,100,90.4166666666667,0,30,79.5833333333333,91.6666666666667,91.6666666666667,0,0,66.6666666666667,78.75,92.0833333333333,0,0,10.4166666666667,84.5833333333333,74.5833333333333,1.1280637254902,0.0237781679836114,1.79433713784021,1.57271241830065,0.998774509803922,-0.933210784313726,-0.0266863563334276,-0.502552611600506
太阳能板直角边源.txt,太阳能板直角边源,8,太阳能板直角边源:s8:b30,1070,BF5264BBC747A9AE2069DE42A90CE88252E6C9CF53512F7DE09FE9690ACFD611,complete,1,2,0,1,Source capture segment corresponding to oblique two-panel crossing,82.8541666666667,68.407960199005,90.4850746268657,89.7727272727273,90.875,74.8333333333333,47.7083333333333,95.625,69.5,94.5,9.08352446282095,12.5,100,18.8442286083179,80.5970149253731,95.5223880597015,4.73646132474961,58.3333333333333,100,11.5553393777109,8.10416666666667,24.5,0.0416666666666667,1,1.10416666666667,41.6666666666667,9.70833333333333,87.5,9,13,9.125,12,8.95833333333333,24.5,1.5,0,100,100,31.8457414655293,65.3072005916847,922.084942246192,702.870195620856,-202.715573306808,34.7014925373134,83.2089552238806,92.8030303030303,9.70833333333333,87.5,18.7371303310564,30.5,-0.566353401597073,17.7521376022139,66.6666666666667,0.368507352941177,0.437158480147309,4.16666666666667,0,0,88.75,100,86.6666666666667,99.1666666666667,92.0833333333333,75.4166666666667,95,91.25,87.9166666666667,92.5,42.9166666666667,85.4166666666667,90.4166666666667,94.1666666666667,79.5833333333333,5.83333333333333,85.4166666666667,80,100,84.5833333333333,0.859523809523809,1.69509594882729,0.82089552238806,0.0505050505050503,0.975,-0.918452380952381,0.0188264226469418,0.0741729242702671
太阳能板直角边源.txt,太阳能板直角边源,8,太阳能板直角边源:s8:b31,1104,DC0A25228C26028BB9E9BC75EBAE9AA679373EF95DDEA64B68A8A089AA2E107A,complete,1,2,0,1,Source capture segment corresponding to oblique two-panel crossing,92.5833333333333,91.7910447761194,92.1019900497513,93.8762626262626,94.2083333333333,90.9583333333333,98.5416666666667,81.875,87,95.5,2.33901998553959,50,100,11.6448108274522,82.089552238806,95.5223880597015,4.18649496390996,58.3333333333333,100,11.8104044192125,0.0208333333333333,0.5,0,0,0.916666666666667,37.5,1.5625,37.5,7.39583333333333,13,8.375,14,2.39583333333333,4,0,0,100,100,51.9987578341144,58.2681973619931,875.127444166175,897.578587368793,-93.5815282866085,91.4179104477612,84.7014925373134,90.530303030303,1.5625,37.5,5.54846263434207,13,0.00558339590034679,10.4837946546077,4.16666666666667,0,0,0,0,0,97.0833333333333,94.1666666666667,92.5,98.75,91.6666666666667,91.25,98.75,90.8333333333333,94.5833333333333,92.5,90.8333333333333,90,90,100,90,88.75,85,89.1666666666667,100,85.8333333333333,0.286151960784314,0.687737781679836,0.047556335967223,0.120692216280452,0.474264705882353,-0.239583333333333,0.01682167051463,0.592735775546619
太阳能板直角边源.txt,太阳能板直角边源,8,太阳能板直角边源:s8:b32,1139,2541AB276E8BDC75E0C5521EBCE3FE9884A9BD79DE778431C62DFAC427CBCBB8,complete,1,2,0,1,Source capture segment corresponding to oblique two-panel crossing,93.8333333333333,93.2835820895522,93.4701492537313,94.760101010101,95.375,92.2916666666667,100,85.8333333333333,89,97,1.98180125943144,50,100,12.306287970712,86.5671641791045,97.0149253731343,2.59683217449441,54.1666666666667,100,12.6511043878895,0,0,0.354166666666667,1.5,0.875,41.6666666666667,1.39583333333333,41.6666666666667,5.8125,11,7.08333333333333,12,2.125,3,0,0,100,100,57.5105256009779,57.8143360752057,785.194762976173,819.48588858618,39.7533847022772,94.0298507462687,89.5522388059701,94.3181818181818,1.39583333333333,41.6666666666667,6.07160965037364,8,0.068802924720885,13.2461929526825,0,0,0,33.3333333333333,0.0128258145363409,0.273489242777092,100,90.8333333333333,99.1666666666667,91.6666666666667,98.3333333333333,100,90.8333333333333,100,89.5833333333333,93.3333333333333,100,85.8333333333333,100,89.5833333333333,87.0833333333333,100,84.1666666666667,96.6666666666667,90.4166666666667,89.1666666666667,0.0357142857142857,0.0426439232409381,0.0390902629708596,0.0252525252525252,0.0380952380952384,-0.00476190476190477,0.00180627225201538,0.157479079053242
太阳能板直角边源.txt,太阳能板直角边源,8,太阳能板直角边源:s8:b33,1173,EE648F4F4DE2B0B84D7883546045E05DEB26FB860A306E3192BAC3295B162773,complete,1,2,0,1,Source capture segment corresponding to oblique two-panel crossing,94.0416666666667,95.2114427860697,92.7860696517413,94.1287878787879,94.625,93.4583333333333,83.9583333333333,99.1666666666667,92,95.5,0.965904247062178,45.8333333333333,100,12.5349177292498,88.0597014925373,95.5223880597015,2.31501972605683,54.1666666666667,100,13.0876611245954,0,0,0,0,1.14583333333333,45.8333333333333,1.14583333333333,45.8333333333333,5.95833333333333,8,7.5,12,2,2.5,0,0,100,100,42.4166285975331,52.7667984189723,852.225721116773,867.957871308962,-52.2371247042032,95.1492537313433,91.7910447761194,94.6969696969697,1.14583333333333,45.8333333333333,5.69587843338159,5.5,-0.144356808921644,12.6764831973976,0,0,0,0,0,0,92.9166666666667,97.5,92.9166666666667,90.8333333333333,100,92.0833333333333,92.0833333333333,98.75,91.25,97.9166666666667,92.0833333333333,90,95,91.6666666666667,98.3333333333333,90.8333333333333,90.4166666666667,95,91.25,100,0.00612745098039244,0.0567017851916886,-0.0201199882938246,-0.0185680332739157,0.0343137254901958,-0.00735294117647058,-0.00626940393066261,-0.443938147160139
太阳能板直角边源.txt,太阳能板直角边源,8,太阳能板直角边源:s8:b34,1209,A309D33C109DB4E8F3ECB90E46F0E9E3B3A4A95746159214A0D9842AA18FE208,complete,1,2,0,1,Source capture segment corresponding to oblique two-panel crossing,94,94.7139303482587,93.5945273631841,93.6868686868687,94.5,93.5,86.25,98.3333333333333,91.5,95.5,1.11316235778192,50,100,12.5009770695744,89.5522388059701,95.5223880597015,1.42475323244153,58.3333333333333,100,13.1227122065931,0,0,0,0,1.0625,33.3333333333333,1.35416666666667,41.6666666666667,6,8.5,7.08333333333333,10,2.02083333333333,2.5,0,0,100,100,48.8501535455053,52.4154589371981,933.295806100848,872.657471586268,8.3191554929775,94.7761194029851,92.5373134328358,94.6969696969697,1.35416666666667,41.6666666666667,6.15239957409002,6,-0.143753893944952,11.5021416588545,0,0,0,0,0,0,91.25,100,90.8333333333333,100,91.6666666666667,90.8333333333333,100,90,98.75,91.6666666666667,91.6666666666667,99.5833333333333,90.4166666666667,98.3333333333333,86.25,91.25,97.9166666666667,89.1666666666667,100,90.4166666666667,-0.00115740740740754,-0.0138197899391932,0.0224571586511881,-0.0122755331088666,0.00115740740740754,0.00578703703703703,1.67476382414287e-05,0.178709026332561
太阳能板直角边源.txt,太阳能板直角边源,8,太阳能板直角边源:s8:b35,1242,78491F06DE07E32C569A47C9C364EA98E9C43D59E173B5AC667E698CFA36A08D,complete,1,2,0,1,Source capture segment corresponding to oblique two-panel crossing,91.2916666666667,92.8482587064677,90.4850746268657,90.530303030303,91.7083333333333,90.875,100,80.625,87.5,94,1.99954705015839,37.5,100,13.581687736227,79.1044776119403,95.5223880597015,4.73646132474961,50,100,12.8283058282705,0,0,0.166666666666667,4,1.45833333333333,50,1.77083333333333,62.5,8.54166666666667,12.5,8.375,12,3.14583333333333,5,0,0,100,100,56.6204226876007,50.5408778864156,825.358399313156,852.11019710741,-59.7071133685534,93.6567164179104,85.8208955223881,95.0757575757576,1.77083333333333,62.5,7.61609270495391,9.5,-0.172627966796006,16.6241750916634,0,0,0,4.16666666666667,0,0,89.5833333333333,100,84.1666666666667,92.5,91.6666666666667,89.5833333333333,100,91.25,92.0833333333333,86.25,90,92.9166666666667,90.8333333333333,100,75.8333333333333,89.5833333333333,96.25,81.6666666666667,100,91.6666666666667,-0.0820707070707069,-0.0565355042966981,-0.0942258404944971,-0.0956535047444135,-0.0795454545454545,0.0126262626262626,-0.000874971904577392,0.235462701275618
太阳能板直角边源.txt,太阳能板直角边源,8,太阳能板直角边源:s8:b36,1277,87D411B967C8B236A08FED7798C8FD0ABEC00AFBECF79DF94A0CA58BC1A67107,complete,1,2,0,1,Source capture segment corresponding to oblique two-panel crossing,81.8125,89.7388059701492,82.4626865671642,73.1060606060606,79.5833333333333,84.0416666666667,96.6666666666667,71.4583333333333,76,89,4.21645972454329,33.3333333333333,100,15.257522675237,61.1940298507463,95.5223880597015,9.32868266794591,33.3333333333333,95.8333333333333,15.1371624693168,0,0,2.25,15,3.1875,41.6666666666667,1.75,45.8333333333333,15.9375,24,8.33333333333333,11,10.6041666666667,15.5,0,0,100,100,63.379900648719,45.3110214652124,598.753245105609,839.269129182867,10.4652731182436,87.3134328358209,94.0298507462687,76.8939393939394,1.75,45.8333333333333,6.43548058696937,13.5,-0.000472777599715297,12.6449005826307,0,0,0,41.6666666666667,-0.000839651783206911,4.72647071441361,99.5833333333333,80.8333333333333,75.4166666666667,55.4166666666667,88.3333333333333,99.5833333333333,78.75,92.5,53.3333333333333,72.0833333333333,93.75,90,81.25,88.75,52.0833333333333,90.4166666666667,89.1666666666667,100,64.1666666666667,90.8333333333333,-0.270833333333333,-0.0888415067519548,-0.229211087420042,-0.497835497835498,-0.195238095238095,-0.0005952380952381,0.00491871969132259,0.193127941746236
太阳能板直角边源.txt,太阳能板直角边源,8,太阳能板直角边源:s8:b37,1312,17C31C650FE8EFEB7A90B16AEA2FE6A395FF0E498A9BDBED31930318E259BBF5,complete,1,2,0,1,Source capture segment corresponding to oblique two-panel crossing,81.8541666666667,89.8009950248756,83.0845771144279,72.5378787878788,79.3333333333333,84.375,96.4583333333333,67.2916666666667,75.5,89.5,4.67062784781164,37.5,100,15.2901943731873,62.6865671641791,94.0298507462687,9.09118791196276,37.5,95.8333333333333,15.0035173523195,0.0416666666666667,1,2.35416666666667,15.5,3.1875,41.6666666666667,1.6875,45.8333333333333,15.75,24.5,8.83333333333333,11,10.1875,15.5,0,0,100,100,64.3106462276941,44.6263664952828,614.990032327307,831.48164685659,5.99015950712577,88.0597014925373,94.0298507462687,78.7878787878788,1.6875,45.8333333333333,6.35001632174534,13,-0.0342579639767169,12.6959330852376,4.16666666666667,0,0,54.1666666666667,0.0983649912331969,4.38130731080828,100,79.5833333333333,76.6666666666667,57.0833333333333,83.3333333333333,97.5,81.6666666666667,92.0833333333333,54.1666666666667,71.25,93.75,90,82.5,88.75,50,92.9166666666667,87.9166666666667,100,67.0833333333333,90.8333333333333,0.00119047619047592,0.00177683013503927,0.0177683013503907,-0.0162337662337665,0.00952380952380939,-0.00178571428571429,-0.000965291039342902,0.0265927308278628
太阳能板直角边源.txt,太阳能板直角边源,8,太阳能板直角边源:s8:b38,1347,201D5461CFD83A1B454B393BA3E0E2A4492D6A95D51C84D4542C97EA1E2350B7,complete,1,2,0,1,Source capture segment corresponding to oblique two-panel crossing,81.7916666666667,89.6766169154229,83.2089552238806,72.3484848484848,79.25,84.3333333333333,96.0416666666667,66.875,75,89,4.75695524347306,41.6666666666667,100,15.2582802849119,62.6865671641791,95.5223880597015,9.27662488057436,41.6666666666667,95.8333333333333,14.6861481979416,0.0416666666666667,1,2.29166666666667,15,3.20833333333333,37.5,1.77083333333333,50,15.875,25,8.91666666666667,11,10.1666666666667,15,0,0,100,100,64.2474385658268,44.6821211819719,621.903129007685,824.598744987767,-1.03812632091636,88.4328358208955,94.7761194029851,78.4090909090909,1.77083333333333,50,6.62357171481569,13.5,-0.0506028092833564,13.1419433972403,4.16666666666667,0,0,54.1666666666667,0.0933912916423143,4.24633136735393,100,80.4166666666667,77.5,56.25,83.3333333333333,97.0833333333333,82.0833333333333,91.25,54.1666666666667,70.4166666666667,93.3333333333333,89.5833333333333,82.0833333333333,88.3333333333333,51.25,92.9166666666667,87.5,100,68.3333333333333,90,-0.00178571428571429,-0.00355366027007774,0.00355366027007814,-0.00541125541125536,-0.00119047619047592,0.00238095238095239,-0.0004669955801897,-0.00180593319620885
太阳能板直角边源.txt,太阳能板直角边源,8,太阳能板直角边源:s8:b39,1381,14C2E76E43B57B5144F55191A8DBE3AE89B43C61ABE6B6F1CAFC6FC886B2688C,complete,1,2,0,1,Source capture segment corresponding to oblique two-panel crossing,81.8125,89.5522388059701,83.3333333333333,72.4116161616162,79.1666666666667,84.4583333333333,96.0416666666667,67.2916666666667,74.5,89,4.75214482468523,41.6666666666667,100,15.2803773611907,62.6865671641791,95.5223880597015,9.3018225218497,41.6666666666667,95.8333333333333,14.9529283867765,0.0416666666666667,1,2.27083333333333,15,3.4375,50,1.8125,50,15.875,25.5,8.91666666666667,11,10.1875,15,0,0,100,100,64.159284394481,44.6137755864336,623.887917491437,829.905646787524,-1.62261207793016,88.0597014925373,94.4029850746269,78.4090909090909,1.8125,50,6.76871101256627,13.5,-0.0581960822268578,13.3928320241994,4.16666666666667,0,0,54.1666666666667,0.0966846873173582,4.24040883374265,100,80,77.5,55.8333333333333,83.75,97.0833333333333,82.0833333333333,91.25,54.1666666666667,70,93.3333333333333,89.5833333333333,83.75,88.3333333333333,51.25,92.5,87.5,100,67.9166666666667,90.4166666666667,0.000612745098039494,-0.00365817968978674,0.00365817968978674,0.00185680332739182,0.00367647058823488,0.00122549019607843,-0.000223331557161808,-0.00259276974546614
太阳能板直角边源.txt,太阳能板直角边源,8,太阳能板直角边源:s8:b40,1416,DEB03F402F36711D698B9B6E730B5BF97360288B41B04EB0C0E2C0118674FA1E,complete,1,2,0,1,Source capture segment corresponding to oblique two-panel crossing,81.7291666666667,89.5522388059701,83.271144278607,72.2222222222222,79.1666666666667,84.2916666666667,96.0416666666667,66.875,74.5,89,4.70887036824412,41.6666666666667,100,15.3969751782571,62.6865671641791,95.5223880597015,9.30507585538731,41.6666666666667,95.8333333333333,15.0142422795728,0.0416666666666667,1,2.3125,15,3.4375,50,1.85416666666667,50,15.9166666666667,25.5,8.91666666666667,11,10.2291666666667,15,0,0,100,100,64.2408163966927,44.7870705468247,625.084226180307,832.717850991345,-3.92512187173155,87.6865671641791,94.4029850746269,78.030303030303,1.85416666666667,50,6.79598071308302,13.5,-0.0638095640488242,13.2045533050639,4.16666666666667,0,0,54.1666666666667,0.0966510812390414,4.18628405022527,100,80,77.5,55.8333333333333,83.75,97.0833333333333,82.5,91.25,54.1666666666667,69.5833333333333,93.3333333333333,89.5833333333333,83.75,87.9166666666667,50.8333333333333,92.5,87.0833333333333,100,67.5,90.4166666666667,-0.00238095238095265,0,-0.00177683013503927,-0.00541125541125577,-0.00476190476190449,0.0011904761904762,-0.000160385194913323,0.0023294857774772
太阳能板直角边源.txt,太阳能板直角边源,8,太阳能板直角边源:s8:b41,1450,56718E899225C5FB564001FBB02E7EDBF3A9CD0025E8946C24F83761C3E594DA,complete,1,2,0,1,Source capture segment corresponding to oblique two-panel crossing,81.6458333333333,89.4900497512438,83.2089552238806,72.0959595959596,79.125,84.1666666666667,96.0416666666667,66.875,74.5,89,4.63089616331033,41.6666666666667,100,15.3823495323594,62.6865671641791,95.5223880597015,9.30789449131742,41.6666666666667,95.8333333333333,14.9699852140679,0.0416666666666667,1,2.3125,15,3.4375,50,1.85416666666667,50,16,25.5,8.91666666666667,11,10.2708333333333,15,0,0,100,100,64.1733069433433,44.9045057493954,625.700863563675,834.98081752858,-4.87238679749769,87.3134328358209,94.4029850746269,77.6515151515152,1.85416666666667,50,6.79598071308302,13.5,-0.0638095640488242,13.2045533050639,4.16666666666667,0,0,54.1666666666667,0.0966510812390414,4.18628405022527,100,80,77.5,55.8333333333333,83.75,97.0833333333333,82.0833333333333,91.25,54.1666666666667,69.5833333333333,93.3333333333333,89.5833333333333,83.75,87.9166666666667,50.8333333333333,92.0833333333333,87.0833333333333,100,66.6666666666667,90.4166666666667,-0.00245098039215672,-0.00182908984489295,-0.00182908984489337,-0.00371360665478323,-0.00367647058823529,0,0,-0.00198557215733618
太阳能板直角边源.txt,太阳能板直角边源,8,太阳能板直角边源:s8:b42,1485,499F9EEC66A7936304ADC1B1121B599108A2FC4BE64B7AFFA4CB0BB3F1588A83,complete,1,2,0,1,Source capture segment corresponding to oblique two-panel crossing,81.6875,89.4900497512438,83.271144278607,72.1590909090909,79.1666666666667,84.2083333333333,96.0416666666667,66.875,75,89,4.63871351168384,41.6666666666667,100,15.3414600259768,62.6865671641791,95.5223880597015,9.14761079416272,41.6666666666667,95.8333333333333,14.8910983912219,0.0416666666666667,1,2.3125,15,3.41666666666667,50,1.85416666666667,50,15.9583333333333,25,8.91666666666667,11,10.2083333333333,15,0,0,100,100,64.162679152303,44.9324825641787,627.575215608642,834.460570828473,-4.89169164029184,87.3134328358209,94.4029850746269,77.2727272727273,1.85416666666667,50,6.79598071308302,13.5,-0.0638095640488242,13.2045533050639,4.16666666666667,0,0,54.1666666666667,0.0966510812390414,4.18628405022527,100,80,77.9166666666667,55.8333333333333,83.75,97.0833333333333,82.0833333333333,90.8333333333333,54.5833333333333,69.5833333333333,93.3333333333333,89.5833333333333,83.75,88.3333333333333,50.8333333333333,92.0833333333333,87.0833333333333,100,66.6666666666667,90.4166666666667,0.00119047619047633,0,0.00177683013503927,0.00180375180375206,0.00119047619047592,0,0,-0.000303651172578157
太阳能板直角边源.txt,太阳能板直角边源,8,太阳能板直角边源:s8:b43,1519,C0A99F6A79966F97125060DC0A3DE4A86CA77F4D2B7A4482AFB6E4F17D106905,complete,1,2,0,1,Source capture segment corresponding to oblique two-panel crossing,81.625,89.4900497512438,83.1467661691542,72.0959595959596,79.125,84.125,95.8333333333333,66.875,74.5,89,4.6654372086468,41.6666666666667,100,15.3601719634602,62.6865671641791,95.5223880597015,9.27901724873601,41.6666666666667,95.8333333333333,14.9253338735098,0.0416666666666667,1,2.3125,15,3.4375,50,1.85416666666667,50,16.0208333333333,25.5,8.91666666666667,11,10.2708333333333,15,0,0,100,100,64.1427090099021,44.9275362318841,626.782831405379,835.015795858357,-2.5200768045426,87.3134328358209,94.4029850746269,77.2727272727273,1.85416666666667,50,6.79598071308302,13.5,-0.0638095640488242,13.2045533050639,4.16666666666667,0,0,54.1666666666667,0.0966510812390414,4.18628405022527,100,80,77.5,55.8333333333333,83.75,97.0833333333333,82.0833333333333,90.8333333333333,54.5833333333333,69.5833333333333,92.9166666666667,89.5833333333333,83.75,87.9166666666667,50.8333333333333,92.5,87.0833333333333,100,66.25,90.4166666666667,-0.00183823529411765,0,-0.00365817968978632,-0.00185680332739182,-0.00245098039215672,0,0,-0.000587357129438882
太阳能板直角边源.txt,太阳能板直角边源,8,太阳能板直角边源:s8:b44,1555,41C21CDDCB87A520905B7593E1225168D147520CBE007EE88409D94536F62273,interrupted_by_connection_loss,0,2,0,1,Source capture segment corresponding to oblique two-panel crossing,NaN,NaN,NaN,NaN,NaN,NaN,NaN,NaN,NaN,NaN,NaN,NaN,NaN,NaN,NaN,NaN,NaN,NaN,NaN,NaN,NaN,NaN,NaN,NaN,NaN,NaN,NaN,NaN,NaN,NaN,NaN,NaN,NaN,NaN,NaN,NaN,NaN,NaN,NaN,NaN,NaN,NaN,NaN,NaN,NaN,NaN,NaN,NaN,NaN,NaN,NaN,NaN,NaN,NaN,NaN,NaN,NaN,NaN,NaN,NaN,NaN,NaN,NaN,NaN,NaN,NaN,NaN,NaN,NaN,NaN,NaN,NaN,NaN,NaN,NaN,NaN,NaN,NaN,NaN,NaN,NaN,NaN,NaN,NaN,NaN,NaN
太阳能板直角边源.txt,太阳能板直角边源,9,太阳能板直角边源:s9:b1,3,57D2FC2E7615A795F2530F1A3A6431BCAFE7610327E2C799C7554B7C90412B0F,complete,1,1,1,0,,46.125,97.8855721393035,37.5621890547264,2.27272727272727,39.4166666666667,52.8333333333333,99.375,0,35,59,7.73508382237261,0,100,43.1064274129792,0,77.6119402985075,25.4309630984767,0,91.6666666666667,29.2880998204907,0,0,35.8125,57,43.5833333333333,100,36.9375,100,18.0625,47,4.41666666666667,7,46.875,57,46.5,0,89,100,71.6702227300463,45.8001277783382,312.009715919145,880.014864200914,122.244946947585,97.3880597014925,73.134328358209,0,36.9375,100,46.4368997774788,13.5,1.42232439555403,17.3822559655003,0,0,0,100,0.34345,12.5118344340787,100,72.5,0,5,7.08333333333333,98.75,95,12.9166666666667,0,2.91666666666667,99.1666666666667,100,47.0833333333333,0,0,99.1666666666667,97.0833333333333,84.1666666666667,1.66666666666667,0,0,0,0,0,0,0,0,0
太阳能板直角边源.txt,太阳能板直角边源,9,太阳能板直角边源:s9:b2,94,C6C6C869F79E878AC1704B1C80DA49CD280BC08347794EB996D6EE863C5B7870,complete,1,1,1,0,,45.1458333333333,96.3930348258706,37.0024875621891,1.38888888888889,38.3333333333333,51.9583333333333,97.9166666666667,0,34,57.5,7.8150901503419,0,100,42.826767700659,0,77.6119402985075,25.3061648815055,0,91.6666666666667,29.1533373948913,0,0,42,61,46.8541666666667,100,38.2916666666667,100,12.8541666666667,47,5.5,9,48.7083333333333,61,46.5,0,84,100,71.1520000305364,45.8395944450866,338.00622384752,880.789322859496,110.229107121086,94.7761194029851,72.7611940298508,0,38.2916666666667,100,47.5539123652253,11,1.2451311102168,17.9788378271809,0,0,0,100,0.2122,13.5017162086792,99.1666666666667,71.25,0,4.58333333333333,4.58333333333333,97.0833333333333,94.1666666666667,12.5,0,0,97.9166666666667,98.75,45.8333333333333,0,0,96.6666666666667,95.8333333333333,83.3333333333333,1.25,0,-0.0107600732600732,-0.0164015089388224,-0.00615056585205832,-0.00971250971250972,-0.00961538461538462,0.0148809523809524,-0.00194717895974977,-0.00569475493966929
太阳能板直角边源.txt,太阳能板直角边源,9,太阳能板直角边源:s9:b3,129,9D0A07186535088DDA947A397760BE81111825A688D262C6504B75E1F4E84C1C,complete,1,1,1,0,,43.8541666666667,94.0298507462687,36.7537313432836,0.126262626262626,36.75,50.9583333333333,96.0416666666667,0,31,57,8.37371556233197,0,100,42.3333133432865,0,77.6119402985075,25.3323048215885,0,91.6666666666667,28.9759763231473,0,0,49.9583333333333,68,52.9791666666667,100,39.2291666666667,100,6.1875,47,6,9,52.1041666666667,68,46.5,0,81.5,100,70.4037814303429,45.6207146890376,374.856083356535,883.913772303823,101.992189501516,93.2835820895522,72.7611940298508,0,39.2291666666667,100,48.5127019967465,5,0.901770293609672,21.364385730329,0,0,0,100,-0.121,11.6631108711714,95.8333333333333,70.4166666666667,0,0.416666666666667,0.416666666666667,95,93.3333333333333,12.0833333333333,0,0,94.5833333333333,95.8333333333333,45,0,0,95,94.5833333333333,83.3333333333333,1.25,0,-0.036904761904762,-0.0675195451314851,-0.00710732054015649,-0.0360750360750361,-0.0285714285714284,0.0267857142857143,-0.00981030904591786,-0.0213776742912415
太阳能板直角边源.txt,太阳能板直角边源,9,太阳能板直角边源:s9:b4,164,8647F90F9ADDFFD97E135B91A498F0A13CCAE8CD6EE7D54779E1AAAE3712F6A4,complete,1,1,1,0,,43.375,94.092039800995,35.2611940298507,0.126262626262626,36.2916666666667,50.4583333333333,95,0,30.5,57,8.33438399173803,0,100,42.2802188258796,0,76.1194029850746,25.0748296552475,0,87.5,28.2906723376033,0,0,52.3958333333333,69,53.4791666666667,100,39.1875,100,4.22916666666667,47,6,9,53.5208333333333,69,47,0,81.5,100,70.196087131759,45.6745688965672,377.507651301146,884.542230457965,100.407930342204,93.2835820895522,71.2686567164179,0,39.1875,100,48.4673989375444,5,0.761379290968348,22.1859789830547,0,0,0,100,-0.21795,9.05269989019477,96.6666666666667,67.0833333333333,0,0,0.833333333333333,95.4166666666667,93.3333333333333,9.58333333333333,0,0,95,96.25,42.5,0,0,94.1666666666667,95,80.8333333333333,0.833333333333333,0,-0.0136904761904761,0.00177683013503887,-0.0426439232409383,0,-0.0142857142857143,-0.00119047619047612,-0.00401117150403783,-0.00593412281668374
太阳能板直角边源.txt,太阳能板直角边源,9,太阳能板直角边源:s9:b5,198,65D05D20B4CF79D0E04A409548E50DDF040F804B48BAA0A86D2334706908255A,complete,1,1,1,0,,34.8541666666667,85.136815920398,17.4751243781095,1.4520202020202,26.4583333333333,43.25,95,0,21.5,51.5,9.73951963669786,0,100,38.9082262035131,0,58.2089552238806,20.2528361964335,0,58.3333333333333,19.0421792524634,0.208333333333333,1.5,52.1666666666667,73.5,55.6666666666667,100,44.8541666666667,100,12.7708333333333,55,5.58333333333333,7,58.2083333333333,73.5,57,25,79.5,100,65.7719361116424,45.6264512451162,469.238979125291,877.107554303531,144.971945996826,94.7761194029851,51.1194029850746,0,44.8541666666667,100,48.6809137308397,11.5,1.45283558671709,14.2086126042539,25,-0.046,0.149071198499986,100,0.1719,15.9412338858048,90.4166666666667,16.6666666666667,0,9.58333333333333,0,89.5833333333333,58.3333333333333,0,0,0,94.5833333333333,92.5,7.5,0,0,94.1666666666667,97.5,46.25,0,0,-0.250612745098039,-0.263388937664618,-0.52311969563945,0.0389928698752228,-0.212009803921569,0.166666666666667,0.0203369498749629,-0.130122088826958
太阳能板直角边源.txt,太阳能板直角边源,9,太阳能板直角边源:s9:b6,233,BA3A4D559ECBDF1CA7019C5C6904E590A88D3B7B8A0C10CCFAB5DC5722AF5BD7,complete,1,1,1,0,,23.6041666666667,60.8208955223881,4.72636815920398,4.98737373737374,16.4166666666667,30.7916666666667,86.25,8.125,12.5,39,8.50061272301395,0,100,30.2928588433177,0,26.865671641791,8.06362615847064,0,25,6.76130438203904,0,0,26.7708333333333,71.5,57.7291666666667,100,52.9583333333333,100,49.625,84.5,6.25,7,64.7708333333333,77,69,58.3333333333333,97,100,59.2424900614335,46.7625472783106,601.247764611088,883.162096772718,155.404440679799,89.9253731343284,19.4029850746269,0,52.9583333333333,100,46.0765020334949,25.5,0.610070497446367,22.0809365249118,0,0,0,100,0.80245,16.5505516330998,42.0833333333333,0,0,21.25,5.83333333333333,82.9166666666667,2.08333333333333,0,3.33333333333333,6.66666666666667,89.1666666666667,38.75,0,0,3.75,89.5833333333333,83.75,2.91666666666667,0,0,-0.321428571428572,-0.694740582800284,-0.364250177683014,0.101010101010101,-0.355952380952381,0.231547619047619,-0.024079002550592,-0.186555601434541
太阳能板直角边源.txt,太阳能板直角边源,9,太阳能板直角边源:s9:b7,267,B274E9C520EF8570024C4234720B8372569795DDCC9444FF68F3A3785FF5E806,complete,1,1,1,0,,11.1666666666667,19.0298507462687,9.20398009950249,5.17676767676768,9.04166666666667,13.2916666666667,40.625,1.25,4,22,4.93141364921968,0,58.3333333333333,13.6238246666748,0,40.2985074626866,14.3339451217497,0,20.8333333333333,6.86331320091645,23.1875,70.5,39.875,93.5,58.6875,100,62.9375,100,25.7708333333333,84.5,3.5,5,71.0625,93.5,87.5,100,97,100,52.2400935257903,49.2515702749001,790.837620360478,867.373615896258,109.050747153553,57.8358208955224,0,0,62.9375,100,38.9871180800337,45,-0.465759794098491,18.2732539900485,41.6666666666667,0.731121212121212,0.488659266552756,100,0.8923,22.0557482894754,0,0,46.6666666666667,6.66666666666667,7.5,2.08333333333333,0,0,21.25,6.25,37.9166666666667,0,0,0,7.5,83.3333333333333,4.16666666666667,0,0,0,-0.365808823529412,-1.22914837576822,0.131694468832309,0.00557040998217466,-0.514705882352941,0.293504901960784,-0.0316420673983782,-0.205952839283621
太阳能板直角边源.txt,太阳能板直角边源,9,太阳能板直角边源:s9:b8,303,6BE889CDFF699BAEA08E6AFA084453E9EC294ACA990443410E57E7ADA0434C4D,complete,1,1,1,0,,9.85416666666667,4.2910447761194,18.0348258706468,7.1969696969697,19.2083333333333,0.5,2.5,0,0,24,10.2665340312343,0,45.8333333333333,9.18185793916262,0,61.1940298507463,24.5482459554904,8.33333333333333,25,5.19951575327416,64.5,100,62.6666666666667,100,44.9583333333333,100,75.0833333333333,100,46.3125,100,1.66666666666667,4,73.1458333333333,100,98.5,100,87.5,100,49.8963502513725,53.0139367570663,898.797353629769,874.940880908035,-6.88502153061565,4.47761194029851,0,0,75.0833333333333,100,23.8606951907534,66,-0.705505305595703,2.4601371795316,50,1.19744755244755,2.91663336644327,58.3333333333333,0.677657909446618,15.9519755339856,0,50,57.5,7.5,0,0,0,21.25,44.5833333333333,11.25,0,0,0,0,0,5,0,0,0,0,-0.0364583333333333,-0.40941127694859,0.245301271420674,0.0561167227833895,-0.355324074074074,0.337384259259259,-0.00665959754158922,-0.065103979844941
太阳能板直角边源.txt,太阳能板直角边源,9,太阳能板直角边源:s9:b9,337,1CD2269326A1E253093A9A786D3D1E6526731BB5F5F6A7BB2F6FD976803F7E73,complete,1,1,1,0,,12.7083333333333,14.4278606965174,19.2164179104478,4.35606060606061,25.4166666666667,0,3.33333333333333,0.833333333333333,0,45,18.1113204249782,0,37.5,9.23465346826563,0,98.5074626865672,31.7479897828198,8.33333333333333,37.5,7.46608577541604,71.6875,100,75.0416666666667,100,23.6875,100,76.0624999999999,100,65.5625,100,1.5,6,78.1666666666667,100,96.5,66.6666666666667,87.5,37.5,51.1878005780694,54.8884507626855,897.376942755712,834.486273218296,-67.5670037232633,0,0,0,76.0624999999999,100,12.2211891567621,87.5,-0.294014405135094,4.53672389235445,37.5,1.44325,3.82190324896438,37.5,-0.70725,7.1947876366021,34.5833333333333,89.1666666666667,52.0833333333333,2.5,0,0,5,30.4166666666667,30.4166666666667,10,0,0,0,0,0,0,0,0,0,0,0.0839460784313725,0.298141644717589,0.0347527070529704,-0.0835561497326203,-0.0147058823529412,0.028799019607842,0.0121026735429591,0.0379838331381451
太阳能板直角边源.txt,太阳能板直角边源,9,太阳能板直角边源:s9:b10,372,92F0929ED692BAEC23C062DA6C35DE75B94CDE28A3BEEB973DE10C40F8BE711B,complete,1,1,1,0,,14.7916666666667,22.1393034825871,16.7910447761194,5.3030303030303,29.5833333333333,0,19.5833333333333,0.416666666666667,0,80.5,26.439396110098,0,33.3333333333333,8.496620505962,0,100,33.9331994947778,8.33333333333333,33.3333333333333,6.19590008377581,69.4791666666667,100,75.375,100,16.6666666666667,100,78.0416666666666,100,73.6875,100,2,19,78.375,100,92,75,95,33.3333333333333,52.4621886940817,56.0114808121611,856.325057593475,810.2369072137,-100.495096594599,0,0,0,78.0416666666666,100,9.40279473642746,90.5,0.164247259376208,4.75284975420438,16.6666666666667,0.664224137931035,13.2554071595526,33.3333333333333,1.62369047619048,2.41676929174545,85.4166666666667,62.0833333333333,59.5833333333333,40,10.4166666666667,6.66666666666667,16.6666666666667,15,0,0,0,0,0,0,0,0,0,0,0,0,0.0595238095238095,0.220326936744847,-0.0692963752665245,0.027056277056277,0,0.05654761904762,0.0130931904146086,0.0364110890289232
太阳能板直角边源.txt,太阳能板直角边源,9,太阳能板直角边源:s9:b11,406,0EFFC6D4BA127E587CA143A53C2217B1D32DDEA59854B828B5D38AFE372CF2F8,complete,1,1,1,0,,10.0625,16.6666666666667,11.5049751243781,1.89393939393939,18.875,1.25,13.5416666666667,6.25,0,35,13.245436047445,0,29.1666666666667,8.12423492081416,0,65.6716417910448,22.4829447938418,0,20.8333333333333,7.03562185404455,66.625,100,68.2916666666667,100,42.9375,100,77.4791666666667,100,46.6875,100,1.375,4,84.1041666666667,100,97.5,79.1666666666667,100,100,51.8741495292073,53.2354392643845,845.402399501096,850.87910158471,-82.2287068944602,0,0,11.3636363636364,77.4791666666667,100,25.915325857909,62,0.533145685811696,2.69531791825943,41.6666666666667,0.856089548880639,13.4902399271782,37.5,1.51416666666667,4.30725772804489,22.5,65.4166666666667,52.0833333333333,1.66666666666667,0,36.6666666666667,10.4166666666667,0,0,0,0,0,0,0,0,0,0,0,0,12.5,-0.139093137254902,-0.1609599063506,-0.15547263681592,-0.100267379679144,0.0367647058823529,-0.0165441176470576,0.0108499537186908,-0.0172952695551284
太阳能板直角边源.txt,太阳能板直角边源,9,太阳能板直角边源:s9:b12,441,C782ECAEC435A27A325657CCBAB1EEFD350C201810035E00807E45BAF2975505,complete,1,1,1,0,,14.8958333333333,14.0547263681592,1.30597014925373,29.5454545454545,11.0416666666667,18.75,10,51.6666666666667,1.5,31,7.74172653289594,0,62.5,16.0122653077182,0,19.4029850746269,4.40812401520023,0,8.33333333333333,2.7340903446235,51.6666666666667,96,28.4583333333333,93.5,54.25,100,58.8541666666667,100,4.97916666666667,97.5,2.875,5,80.125,97.5,81,87.5,100,100,47.3728495599171,48.5743174924166,738.577768605147,847.538107302297,-192.072702049354,0,0.373134328358209,83.7121212121212,58.8541666666667,100,41.8483007169017,41,0.100017141510908,14.26583016625,91.6666666666667,0.823991632135817,23.7002968530362,79.1666666666667,-1.25713157894737,23.3669585246459,27.5,47.9166666666667,0,0,0,27.0833333333333,0,0,0,7.91666666666667,0,0,0,0,60.4166666666667,0,0,0,33.3333333333333,93.75,0.138095238095238,-0.0746268656716417,-0.291400142146411,0.79004329004329,0.5,-0.532142857142858,-0.0123751012657368,-0.128608570551149
太阳能板直角边源.txt,太阳能板直角边源,9,太阳能板直角边源:s9:b13,475,17D66086979E17F1EFAB0D0A38196D6F4C348DA372C1FD3B38CABBC440F40F85,complete,1,1,1,0,,26.9375,8.33333333333333,8.33333333333333,64.709595959596,18.9166666666667,34.9583333333333,9.79166666666667,86.4583333333333,15,47,9.74825792686548,0,100,30.5640874020702,0,49.2537313432836,14.6959437488532,0,33.3333333333333,10.8313906572067,43.2708333333333,79.5,0,0,51.3541666666667,100,44.9583333333333,100,29.7916666666667,78.5,5.16666666666667,7,67.8333333333333,79.5,62.5,54.1666666666667,98.5,100,40.2485767875591,46.2441576474381,583.539553142396,862.642715575439,-204.278981521933,0,37.3134328358209,93.1818181818182,44.9583333333333,100,45.0172705552125,29,-0.596874716021152,15.720029978009,100,0.67005,21.5400183332022,0,0,0,33.3333333333333,12.5,0,0,42.0833333333333,10,0,0,5.41666666666667,85.8333333333333,0,0,0,50.8333333333333,94.5833333333333,0,0,22.5,87.9166666666667,93.75,0.354166666666667,-0.168276265730173,0.206687152472929,1.0342394533571,0.47671568627451,-0.408700980392157,-0.0204968193391782,-0.209537434481117
太阳能板直角边源.txt,太阳能板直角边源,9,太阳能板直角边源:s9:b14,510,2AFCCE6964A94717EEECAB66316B1308565204208B59768A82BE59BB7F8BBA6C,complete,1,1,1,0,,45.9583333333333,1.30597014925373,44.9626865671642,92.2979797979798,36.6666666666667,55.25,2.08333333333333,87.2916666666667,29.5,63.5,10.8426659912174,0,100,39.7242159210424,0,94.0298507462687,33.0161777359272,8.33333333333333,87.5,21.8385917967001,41.1041666666667,64,0,0,45.7916666666667,100,31.6041666666667,100,12.9375,60,7.5,11,49.375,64,42.5,0,93.5,100,30.0265785364758,44.1101538667829,434.035810536562,861.856637013226,-123.276400115475,2.23880597014925,92.1641791044776,91.2878787878788,31.6041666666667,100,45.3987649703374,11,-0.991609820261158,16.2507346186907,100,0.0770499999999998,17.2933402804535,0,0,0,6.25,0,0,62.9166666666667,95.4166666666667,0,0,17.9166666666667,90.4166666666667,93.75,0,0,66.6666666666667,90.4166666666667,93.3333333333333,0,24.1666666666667,95.4166666666667,92.9166666666667,89.5833333333333,0.543452380952381,-0.200781805259417,1.04655294953802,0.788239538239539,0.579761904761905,-0.381547619047619,-0.0112781458354287,-0.292057092888096
太阳能板直角边源.txt,太阳能板直角边源,9,太阳能板直角边源:s9:b15,544,1E6FE128101AE8B1E24C5BFF352901C4263E1F1D7CA83C172F38F53659C10505,complete,1,1,1,0,,58.6875,9.63930348258707,77.9228855721393,88.9520202020202,51.0833333333333,66.2916666666667,0,81.4583333333333,44,70,8.79082092916786,0,100,38.7590551999712,38.8059701492537,97.0149253731343,20.1305182040457,29.1666666666667,100,20.7068753598946,36.2083333333333,53,0.791666666666667,4,36.7291666666667,100,20.7916666666667,100,4.3125,9.5,9.25,14,36.2083333333333,53,28,0,81.5,100,26.6068111612019,43.7874103795304,561.745436146377,881.109223116642,-2.34966974992227,35.8208955223881,94.7761194029851,78.030303030303,20.7916666666667,100,39.4068732720981,10.5,0.140779233346824,9.93750877510391,100,-0.3462,0.475527294410604,50,0.0168881118881119,0.963746493538266,0,0,50.4166666666667,95.8333333333333,89.1666666666667,0,3.75,87.9166666666667,95.8333333333333,87.9166666666667,0,37.0833333333333,96.25,95.4166666666667,88.75,1.25,80.4166666666667,96.25,94.5833333333333,72.9166666666667,0.374387254901961,0.245098039215686,0.969417617793386,-0.0984105763517533,0.324754901960784,-0.318014705882353,0.0333055604002347,-0.100581393390408
太阳能板直角边源.txt,太阳能板直角边源,9,太阳能板直角边源:s9:b16,579,1960F0BE83764D0889073FA56CDA5886A3C1780CA0F1EA2228D11087C3E726AF,complete,1,1,1,0,,67.7083333333333,26.4303482587065,93.2213930348259,83.7121212121212,62.25,73.1666666666667,0,70.8333333333333,58,76.5,6.23265709731842,0,100,33.8598234869316,79.1044776119403,97.0149253731343,4.4879648140967,79.1666666666667,100,6.521293021826,24.8125,39,0.895833333333333,6,25.1875,100,12.5208333333333,100,6.58333333333333,10,10.9166666666667,14,24.8125,39,17.5,0,90,100,28.283028043443,44.4235624123422,883.76143383003,885.879988748331,163.753624931425,59.7014925373134,95.8955223880597,70.8333333333333,12.5208333333333,100,31.1678778574032,12.5,0.126063619284988,5.63013018363978,100,-0.29115,0.438588191187673,33.3333333333333,0.0348272357723577,1.70248913598005,0,16.6666666666667,94.5833333333333,94.1666666666667,93.3333333333333,0,53.3333333333333,95.4166666666667,95,80,2.91666666666667,87.5,92.0833333333333,94.1666666666667,79.1666666666667,32.5,94.1666666666667,97.0833333333333,90.4166666666667,61.6666666666667,0.257738095238095,0.479744136460554,0.437100213219616,-0.149711399711399,0.196428571428571,-0.236309523809524,-0.000420446116052446,0.0478919109211755
太阳能板直角边源.txt,太阳能板直角边源,9,太阳能板直角边源:s9:b17,614,F24B9D0F73E0FA8142791666473A6F844E8D5AB90AC6AF72CCA16EA06CCE4CFA,complete,1,1,1,0,,75.3958333333333,50.6218905472637,95.9577114427861,79.6717171717172,70.7083333333333,80.0833333333333,10.625,73.75,66.5,82.5,5.46327495083359,0,100,28.0041645498109,94.0298507462687,98.5074626865672,1.55478044465765,87.5,100,4.52791038569976,15.5208333333333,27.5,1.72916666666667,7,16.0416666666667,100,6.33333333333333,100,7.35416666666667,9,12.2083333333333,16,15.7291666666667,27.5,9.5,0,96,100,33.6266429522719,43.7065125354343,1240.90466841728,897.748457880599,260.40844577885,81.3432835820896,96.6417910447761,65.9090909090909,6.33333333333333,100,20.5315665776056,15.5,0.260906213987324,10.824577647953,100,-0.24425,0.424518411429365,62.5,0.0924107142857142,1.10249536586148,0,72.0833333333333,97.9166666666667,93.3333333333333,75,8.33333333333333,95,96.6666666666667,94.5833333333333,74.1666666666667,34.5833333333333,96.25,96.25,84.1666666666667,84.1666666666667,65.4166666666667,96.25,96.6666666666667,80.8333333333333,66.25,0.219642857142857,0.691186922530206,0.0781805259417199,-0.115440115440115,0.197619047619047,-0.176785714285714,0.00385264556292387,0.152674711680826
太阳能板直角边源.txt,太阳能板直角边源,9,太阳能板直角边源:s9:b18,649,4466F05CE79973A9E6A0FC72743163E5761C4674661AD812A2250C95E10602DF,complete,1,1,1,0,,81.875,71.7039800995025,91.9154228855721,82.0075757575758,79.125,84.625,31.6666666666667,71.875,75.5,88.5,3.72783303414125,12.5,100,20.1921862565196,82.089552238806,97.0149253731343,4.55091770633919,79.1666666666667,100,6.01977473195706,8.58333333333333,19,1.77083333333333,5.5,9.08333333333334,87.5,2.79166666666667,45.8333333333333,7.77083333333333,11.5,12,16,9.72916666666667,19,3.5,0,100,100,40.0352336394617,44.5127436281859,1341.32869714149,908.627170672535,451.563881895476,93.2835820895522,86.5671641791045,79.1666666666667,2.79166666666667,45.8333333333333,8.44884349771679,16.5,0.306514330266621,10.8843197055141,87.5,-0.209538961038961,0.319543131395589,45.8333333333333,0.109772727272727,0.737849230943087,15.8333333333333,99.1666666666667,94.1666666666667,83.3333333333333,90.8333333333333,41.6666666666667,96.25,95,82.5,92.5,69.5833333333333,92.9166666666667,94.1666666666667,77.0833333333333,81.25,92.5,94.1666666666667,92.5,82.0833333333333,70,0.185119047619048,0.602345415778252,-0.115493958777541,0.0667388167388164,0.129761904761905,-0.101190476190476,0.00130308903655136,0.183102591062564
太阳能板直角边源.txt,太阳能板直角边源,9,太阳能板直角边源:s9:b19,683,BE94B023715CF5A49144D2BB61FA6FCBF6AC3047802AD6945CEF3FCAA02A1C98,complete,1,1,1,0,,87.2083333333333,87.7487562189055,88.3084577114428,85.5429292929293,86.9583333333333,87.4583333333333,66.6666666666667,70.8333333333333,81,90.5,2.17653826995523,16.6666666666667,100,14.9299850240934,85.0746268656716,91.044776119403,1.79680377739954,75,100,7.54611265965295,3.27083333333333,10.5,2.54166666666667,5.5,4.0625,58.3333333333333,2.9375,62.5,6.97916666666667,9.5,10.9583333333333,15,5.39583333333333,10.5,1,0,100,100,53.1640286121159,48.4421470046735,1278.28984680711,1015.82706718584,531.497993174997,94.7761194029851,88.0597014925373,76.5151515151515,2.9375,62.5,10.4327555817471,13.5,0.510245104661338,13.5293859561345,62.5,-0.125437573789847,1.21297690305121,83.3333333333333,0.044990243902439,0.843511822751733,56.6666666666667,100,95.8333333333333,82.0833333333333,89.5833333333333,78.75,98.3333333333333,90.8333333333333,87.9166666666667,89.5833333333333,96.6666666666667,95.8333333333333,79.5833333333333,95.8333333333333,72.9166666666667,96.6666666666667,95,81.25,94.1666666666667,66.6666666666667,0.156862745098039,0.471905179982441,-0.106087211003805,0.103980986333928,0.0833333333333336,0.0042892156862745,0.00599208159984462,0.386141028607479
太阳能板直角边源.txt,太阳能板直角边源,9,太阳能板直角边源:s9:b20,717,FEBDF5E0229A322B70BF553970E5E383C38EB77412A74ACC5F961F943A6E9173,complete,1,1,1,0,,89,95.2114427860697,86.5671641791045,85.1641414141414,90.4583333333333,87.5416666666667,91.875,64.375,86,93,1.93368312677714,29.1666666666667,100,11.9690415843923,80.5970149253731,92.5373134328358,3.14312291714791,75,100,6.39852543128954,0.583333333333333,4,2.27083333333333,6.5,1.14583333333333,25,0.916666666666667,16.6666666666667,8.14583333333333,12.5,11.7083333333333,15,3.6875,6.5,0,0,100,100,62.929229480737,53.1373517786561,894.686462823355,891.299831859582,137.757245963017,94.7761194029851,84.7014925373134,85.6060606060606,0.916666666666667,16.6666666666667,2.86856117523758,11,0.0157537099982294,3.53091123542805,25,-0.157714285714286,0.132137494528682,70.8333333333333,0.00507352941176474,1.63294901676368,87.9166666666667,95.8333333333333,83.75,94.5833333333333,90.8333333333333,98.3333333333333,95,81.6666666666667,93.75,82.9166666666667,96.6666666666667,92.0833333333333,82.0833333333333,95.4166666666667,68.3333333333333,97.5,92.0833333333333,83.75,93.3333333333333,74.1666666666667,0.0526960784313727,0.219490781387182,-0.0512145156570094,-0.0111408199643493,0.00245098039215631,-0.0594362745098039,-0.014543864548915,0.287211790253561
太阳能板直角边源.txt,太阳能板直角边源,9,太阳能板直角边源:s9:b21,752,EED7BCAF23D4BA23D196B1ED473917FF64A98C70283216AACB84E3472A9C5BBB,complete,1,1,1,0,,88.9791666666667,96.2686567164179,88.4950248756219,82.0707070707071,89.9166666666667,88.0416666666667,99.7916666666667,65,86,91,1.54271899063244,29.1666666666667,100,11.9607110581816,86.5671641791045,92.5373134328358,1.84007971985809,75,100,7.91532259452931,0.0208333333333333,0.5,1.22916666666667,2.5,0.791666666666667,16.6666666666667,1.0625,25,9.77083333333333,12,12.7083333333333,15,2.9375,4.5,0,0,100,100,66.8199219158172,52.1985699021945,748.697260212772,842.656472309901,-96.6652731638691,95.5223880597015,86.9402985074627,84.469696969697,1.0625,25,3.54434448968069,11,-0.0143682497569042,5.51961944173387,4.16666666666667,0,0,66.6666666666667,-0.0112103614772282,0.4487193050741,100,96.25,84.5833333333333,95,78.3333333333333,100,95.8333333333333,82.5,94.1666666666667,72.5,96.6666666666667,84.1666666666667,90,94.1666666666667,70.4166666666667,95.4166666666667,82.9166666666667,92.5,93.3333333333333,80.8333333333333,-0.00059523809523796,0.0302061122956644,0.0550817341862118,-0.0883838383838383,0.0142857142857143,0.00416666666666666,-0.000860627421575245,0.111162641002293
太阳能板直角边源.txt,太阳能板直角边源,9,太阳能板直角边源:s9:b22,787,D9899236D6AEDA070275051BAC5CCDA4DEFC1DDC3C2A63E0821F0A5F80A4DB44,complete,1,1,1,0,,90.4791666666667,94.7139303482587,91.4800995024876,85.1641414141414,90.75,90.2083333333333,99.1666666666667,85.8333333333333,89.5,92,0.865763883197535,45.8333333333333,100,9.19325271323864,82.089552238806,97.0149253731343,4.41178448833687,75,100,6.74327963174963,0,0,0.770833333333333,2.5,1.0625,54.1666666666667,0.9375,20.8333333333333,8.75,10.5,10.7916666666667,14,2.79166666666667,3.5,0,0,100,100,62.9317264660282,51.4128056321949,681.921393185642,886.359036853003,-101.001005152335,90.6716417910448,96.2686567164179,82.5757575757576,0.9375,20.8333333333333,3.27411542219853,9.5,-0.029735493151795,4.85407461500427,0,0,0,54.1666666666667,0.0214835164835165,0.543150696978347,98.75,90,90.4166666666667,98.75,77.9166666666667,99.1666666666667,84.1666666666667,99.1666666666667,94.1666666666667,75,99.5833333333333,83.75,94.5833333333333,92.0833333333333,82.5,98.75,84.5833333333333,93.75,81.6666666666667,90.8333333333333,0.0428571428571429,-0.0444207533759774,0.0852878464818766,0.0883838383838383,0.061904761904762,-0.00357142857142857,-0.000439064096996879,-0.111091298565402
太阳能板直角边源.txt,太阳能板直角边源,9,太阳能板直角边源:s9:b23,822,BD57A187F0B503B414B881DE48A03860731569197D255F083803D4DFD5B53BBF,complete,1,1,1,0,,90.8333333333333,91.2313432835821,93.9054726368159,87.3106060606061,90.75,90.9166666666667,100,87.7083333333333,89,92.5,0.892805381522402,62.5,100,8.427027720569,83.5820895522388,100,5.14996687716831,79.1666666666667,100,5.58679780051169,0,0,0.458333333333333,2,1.08333333333333,25,0.708333333333333,16.6666666666667,8.70833333333333,11,9.70833333333333,12,2.625,4,0,0,100,100,56.7462311557789,50.0592885375494,741.217809582402,934.177615647799,-209.158688700419,92.1641791044776,85.0746268656716,94.3181818181818,0.708333333333333,16.6666666666667,2.64547431254935,8.5,-0.021941788917912,4.24852335871151,0,0,0,37.5,-0.0104545454545454,0.445075309835723,100,87.0833333333333,97.5,84.5833333333333,83.75,100,86.25,94.1666666666667,82.5,91.6666666666667,95.4166666666667,88.3333333333333,95,82.9166666666667,95.8333333333333,86.6666666666667,92.0833333333333,95,87.0833333333333,90.8333333333333,0.0101190476190473,-0.0995024875621888,0.0692963752665248,0.0613275613275614,0.0202380952380955,-0.00654761904761905,0.000222677263825228,-0.176728437435693
太阳能板直角边源.txt,太阳能板直角边源,9,太阳能板直角边源:s9:b24,857,73A25524A92F3DDB02740A79B5749D7F78ECD2A2E1A3A4C0D536796CFE45646A,complete,1,1,1,0,,90.8125,93.407960199005,89.9253731343284,89.0782828282828,91.2916666666667,90.3333333333333,85.2083333333333,82.0833333333333,89,93,1.05100883213101,66.6666666666667,100,9.45449499298117,85.0746268656716,95.5223880597015,2.57576694185455,66.6666666666667,100,9.43336918569808,0,0,0.0833333333333333,1.5,1,25,1.02083333333333,25,9.10416666666667,11,9.91666666666667,14,2.60416666666667,4.5,0,0,100,100,56.0626260554473,50.9612540668441,1003.95000685309,884.597811193456,-68.5600486926804,92.1641791044776,91.4179104477612,88.6363636363636,1.02083333333333,25,3.74773102769481,9.5,-0.0555075320638496,6.29175728965766,0,0,0,8.33333333333333,-0.23,0,89.5833333333333,100,84.5833333333333,100,82.9166666666667,89.1666666666667,100,85.8333333333333,95.4166666666667,85.4166666666667,89.1666666666667,98.75,87.5,93.3333333333333,80.8333333333333,88.75,99.1666666666667,84.1666666666667,92.0833333333333,89.5833333333333,-0.00059523809523796,0.0621890547263681,-0.113717128642502,0.0505050505050503,-0.0166666666666669,0.00892857142857144,-0.000959021232741075,-0.0195315742951881
太阳能板直角边源.txt,太阳能板直角边源,9,太阳能板直角边源:s9:b25,891,F5F65F69979CF6CC41F184640449CC1C5E9ED0E250BDD649CAF49E9AD49BB919,complete,1,1,1,0,,92.0833333333333,94.9626865671642,93.2213930348259,88.0050505050505,92.7083333333333,91.4583333333333,100,92.7083333333333,90.5,94.5,1.13890361720181,62.5,100,9.16114497926433,86.5671641791045,97.0149253731343,2.56556273588574,70.8333333333333,100,5.65732950734098,0,0,0.145833333333333,2.5,0.645833333333333,29.1666666666667,1.10416666666667,33.3333333333333,7.77083333333333,9.5,7.5,10,2.70833333333333,4.5,0,0,100,100,59.734197302301,53.2036613272311,510.97239807803,863.331221297697,35.9785498611932,91.044776119403,94.0298507462687,89.0151515151515,1.10416666666667,33.3333333333333,4.44971399466107,9,-0.101517710438904,8.84903712161053,0,0,0,8.33333333333333,-0.344999999999999,2.51214793389404e-15,100,85.4166666666667,98.75,84.1666666666667,100,100,89.1666666666667,91.25,86.6666666666667,91.6666666666667,100,88.75,92.9166666666667,90.4166666666667,86.6666666666667,100,85,96.6666666666667,82.9166666666667,91.25,0.037377450980392,0.0457272461223297,0.0969417617793386,-0.0315656565656564,0.0330882352941176,0.00245098039215686,-0.00135324054044279,0.107987389613343
太阳能板直角边源.txt,太阳能板直角边源,9,太阳能板直角边源:s9:b26,925,C617EFF592DECE9D150671BA4B85284D893059149A1C7B5924FE1179E9FDCAFE,complete,1,1,1,0,,90.9166666666667,94.2786069651741,89.4278606965174,89.0151515151515,92.125,89.7083333333333,85.4166666666667,93.9583333333333,88,94.5,1.69183889321049,50,100,11.8497833145076,80.5970149253731,95.5223880597015,4.42137881171245,58.3333333333333,100,11.7253295661506,0,0,0.1875,3.5,0.6875,29.1666666666667,1.35416666666667,37.5,8.89583333333333,12,8.5,10,3.4375,5.5,0,0,100,100,54.4626803743488,53.4802552852014,822.59112523867,876.486702808522,-12.0961616358066,93.2835820895522,84.3283582089552,93.9393939393939,1.35416666666667,37.5,5.39702177886274,9,-0.135242611478369,10.3023657983293,0,0,0,8.33333333333333,-0.574999999999999,0,90.8333333333333,100,84.5833333333333,93.75,91.6666666666667,92.0833333333333,100,92.0833333333333,84.1666666666667,92.0833333333333,92.0833333333333,90.8333333333333,90.4166666666667,98.75,75,89.5833333333333,99.5833333333333,76.25,100,84.5833333333333,-0.0343137254901958,-0.020119988293825,-0.111574480538484,0.029708853238265,-0.0514705882352941,0.0073529411764706,-0.000991908854101893,-0.155044615528005
太阳能板直角边源.txt,太阳能板直角边源,9,太阳能板直角边源:s9:b27,960,2A5B79D22D505316BCA341BE7964261BD3010E6A599B7E6A718A1D74FACA3D9C,complete,1,1,1,0,,90.0833333333333,91.2313432835821,89.0547263681592,89.9621212121212,88.375,91.7916666666667,99.375,96.0416666666667,80,95.5,3.73487287097149,0,100,16.7374960620666,73.134328358209,95.5223880597015,7.80731400786023,12.5,95.8333333333333,17.1310896434957,0,0,0,0,2.375,100,3.3125,100,9.91666666666667,20,7.25,8,5.14583333333333,15,2,0,100,100,51.5941049786749,47.3054439166971,748.433520347388,961.945575516985,-174.877312541282,81.7164179104478,92.1641791044776,94.3181818181818,3.3125,100,14.0558622432185,11,0.206935603381496,27.5517954614764,0,0,0,0,0,0,92.0833333333333,91.25,72.5,97.9166666666667,91.6666666666667,92.5,100,90.8333333333333,81.6666666666667,73.3333333333333,88.75,100,90.4166666666667,100,91.25,85.8333333333333,82.5,88.75,100,90.4166666666667,-0.0238095238095237,-0.0870646766169155,-0.0106609808102344,0.0270562770562772,0.0595238095238098,0.0559523809523809,0.00977652042456757,-0.0819592970192545
太阳能板直角边源.txt,太阳能板直角边源,9,太阳能板直角边源:s9:b28,994,8499EEA737A59EF0D35E62781F2E46FF50DBD73EDA5FE693CD8F8E4A6B3EB071,complete,1,1,1,0,,90.2708333333333,91.044776119403,89.1169154228856,90.6565656565657,88.6666666666667,91.875,84.5833333333333,97.5,72,95.5,5.4950158576079,0,100,17.6889057388166,61.1940298507463,95.5223880597015,10.4104196563939,0,100,18.9690518579174,0,0,0,0,3.5625,100,4,100,9.72916666666667,28,7.83333333333333,18,4.8125,12,3,0,100,100,47.3631541002658,45.0330509263569,736.341897014895,1103.58441704151,-266.190822851532,80.2238805970149,91.7910447761194,93.9393939393939,4,100,17.0590330499284,10,0.849806108934009,19.7089607253409,0,0,0,0,0,0,92.5,88.3333333333333,72.5,75,91.25,94.1666666666667,100,90.8333333333333,90,92.0833333333333,89.5833333333333,100,91.25,90.8333333333333,100,83.3333333333333,82.9166666666667,90,90.8333333333333,100,0.00551470588235252,-0.00548726953467969,0.00182908984489295,0.0204248366013071,0.00245098039215672,0.0202205882352941,0.0189079560456621,-0.124439731717916
太阳能板直角边源.txt,太阳能板直角边源,9,太阳能板直角边源:s9:b29,1030,6F5597EF93BBE3EC632564F3B66ABEBBC52A35C4DB26236C9DF345732E83858C,complete,1,1,1,0,,89.8125,90.6716417910448,89.1169154228856,89.6464646464647,87.7916666666667,91.8333333333333,83.5416666666667,96.0416666666667,71,95.5,6.16584649853354,0,100,18.0618774634363,59.7014925373134,95.5223880597015,10.6039969930435,0,100,18.3487541876884,0,0,0,0,3.375,100,3.77083333333333,100,10.1875,29,7.58333333333333,14,5.02083333333333,13.5,3.5,0,100,100,48.3809641253301,44.2429092202365,776.431084045522,1057.39792468808,-280.333463353082,80.9701492537313,91.7910447761194,93.9393939393939,3.77083333333333,100,16.5173245216142,10.5,0.920268080773445,23.0276662632262,0,0,0,0,0,0,92.5,88.3333333333333,72.9166666666667,73.75,91.25,92.5,100,91.25,89.1666666666667,86.25,88.3333333333333,100,90.8333333333333,91.25,100,83.75,82.9166666666667,90.4166666666667,90.8333333333333,100,-0.0127314814814814,-0.0103648424543946,0,-0.0280583613916947,-0.00115740740740754,-0.00636574074074072,0.00195727699553991,0.0282725006962319
太阳能板直角边源.txt,太阳能板直角边源,9,太阳能板直角边源:s9:b30,1064,5294FAB8C7D09156B1429259037EC5EE404883DE16FA8B32D7DB60293984DD91,complete,1,1,1,0,,89.75,90.547263681592,89.1169154228856,89.5833333333333,87.7916666666667,91.7083333333333,83.125,95.8333333333333,71,95.5,6.20308478658524,0,100,18.2164693156273,59.7014925373134,95.5223880597015,10.7220793320963,0,100,18.1614304131307,0,0,0.375,9,3.5,100,4.16666666666667,100,9.875,29,7.54166666666667,13,5.04166666666667,13.5,3.5,0,100,100,48.3341504269314,44.3884764934606,784.021923924474,1059.19425330313,-285.316876060259,80.2238805970149,91.7910447761194,94.3181818181818,4.16666666666667,100,17.682603980431,10,0.976126933765186,22.8926789856193,0,0,0,4.16666666666667,0,0,92.5,88.3333333333333,72.5,74.1666666666667,91.25,92.5,100,91.6666666666667,89.1666666666667,85.8333333333333,88.3333333333333,100,90.8333333333333,90.8333333333333,100,82.9166666666667,82.9166666666667,90.4166666666667,90.8333333333333,100,-0.00183823529411765,-0.00365817968978632,0,-0.00185680332739141,-0.00367647058823488,0.0116421568627451,0.00164290744093355,-0.00137687348231515
太阳能板直角边源.txt,太阳能板直角边源,9,太阳能板直角边源:s9:b31,1098,F90E29CE980699192620E51458191838BFC43A5B10C285103071585435B52346,complete,1,1,1,0,,89.8541666666667,90.6094527363184,89.1791044776119,89.7727272727273,87.9583333333333,91.75,83.125,96.0416666666667,71.5,95.5,6.03698594294888,0,100,18.2439264845434,59.7014925373134,95.5223880597015,10.638383393002,0,100,18.1774204440758,0,0,0.375,9,3.5,100,4.16666666666667,100,9.77083333333333,28.5,7.625,13,5.02083333333333,13.5,3.5,0,100,100,48.1596896185238,44.4960271404339,781.013497110541,1059.81663781486,-281.141925980489,80.5970149253731,91.7910447761194,94.3181818181818,4.16666666666667,100,17.682603980431,10,0.976126933765186,22.8926789856193,0,0,0,4.16666666666667,0,0,92.5,88.3333333333333,72.9166666666667,74.1666666666667,91.6666666666667,92.5,100,91.6666666666667,89.1666666666667,86.6666666666667,88.3333333333333,100,90.8333333333333,90.8333333333333,100,82.9166666666667,83.3333333333333,90.4166666666667,90.8333333333333,100,0.00306372549019622,0.00182908984489295,0.00182908984489337,0.00557040998217422,0.00122549019607815,0,0,-0.00513120024728158
太阳能板直角边源.txt,太阳能板直角边源,9,太阳能板直角边源:s9:b32,1133,7B602869870DC62B23D268332402CB8E1B6F60E72BEFA3B4B7EB7FDE29DF0F71,complete,1,1,1,0,,89.8125,90.6716417910448,89.1791044776119,89.5833333333333,87.8333333333333,91.7916666666667,83.125,95.8333333333333,71,95.5,6.19223303825042,0,100,18.2301492317153,59.7014925373134,95.5223880597015,10.638383393002,0,100,18.1774204440758,0,0,0.375,9,3.5,100,4.16666666666667,100,9.8125,29,7.45833333333333,11,5,13.5,3.5,0,100,100,48.4508431729198,44.2695829999111,786.276077133993,1052.5242146115,-282.300311168878,80.9701492537313,91.7910447761194,94.3181818181818,4.16666666666667,100,17.682603980431,10,0.976126933765186,22.8926789856193,0,0,0,4.16666666666667,0,0,92.5,88.3333333333333,72.9166666666667,74.1666666666667,91.25,92.5,100,91.6666666666667,89.1666666666667,85.8333333333333,88.3333333333333,100,90.8333333333333,90.8333333333333,100,82.9166666666667,83.75,90.4166666666667,90.8333333333333,100,-0.00119047619047633,0.00177683013503927,0,-0.00541125541125496,0.00119047619047633,0,0,0.00831867298274237
太阳能板直角边源.txt,太阳能板直角边源,9,太阳能板直角边源:s9:b33,1168,3BD45068698C0DE1CC9D4FF3EF222D5FB8739AEDBE1B33216FFDAD3F85C344B7,complete,1,1,1,0,,89.8333333333333,90.7338308457712,89.1169154228856,89.6464646464647,87.875,91.7916666666667,83.125,95.8333333333333,72,95.5,6.05888974380094,0,100,18.3062842944106,59.7014925373134,95.5223880597015,10.6586590902274,0,100,18.3774037554928,0,0,0.375,9,3.52083333333333,100,4.16666666666667,100,9.79166666666667,28,7.70833333333333,14,4.91666666666667,12,3.5,0,100,100,48.3905181645934,44.2622950819672,780.875253183086,1054.81000137675,-277.4973743494,80.9701492537313,91.7910447761194,94.3181818181818,4.16666666666667,100,17.682603980431,10,0.976126933765186,22.8926789856193,0,0,0,4.16666666666667,0,0,92.5,88.3333333333333,72.5,74.5833333333333,91.6666666666667,92.5,100,91.6666666666667,89.1666666666667,85.8333333333333,88.3333333333333,100,90.4166666666667,90.8333333333333,100,83.3333333333333,83.75,90.4166666666667,90.8333333333333,100,0.00059523809523796,0.00177683013503927,-0.00177683013503927,0.00180375180375165,0,0,0,-0.0017235716664674
太阳能板直角边源.txt,太阳能板直角边源,9,太阳能板直角边源:s9:b34,1202,6FFF2CE02776AF505F162CEB7E451B11FB814214D69F92506272048D0381C6B7,complete,1,1,1,0,,89.9375,90.6716417910448,89.0547263681592,90.0883838383838,88.2083333333333,91.6666666666667,83.125,96.4583333333333,71.5,95.5,5.89641103074389,0,100,17.9872421869165,61.1940298507463,95.5223880597015,10.6239584597326,0,95.8333333333333,18.1161931595937,0,0,0,0,3.16666666666667,100,3.97916666666667,100,10.0625,28.5,7.66666666666667,14,4.95833333333333,12,4,0,100,100,47.709562304275,44.7835088666847,769.825163778668,1068.59968530397,-286.93107360051,80.2238805970149,91.7910447761194,94.3181818181818,3.97916666666667,100,17.1124302803694,10.5,0.391373857522203,29.7790348218831,0,0,0,0,0,0,92.9166666666667,88.75,72.0833333333333,74.5833333333333,91.25,92.5,100,91.6666666666667,90,88.3333333333333,87.5,100,90,91.25,100,83.75,82.0833333333333,91.25,90.8333333333333,100,0.00306372549019622,-0.00182908984489337,-0.00182908984489295,0.0129976232917407,-0.00367647058823571,-0.00551470588235299,-0.0171986198894995,-0.0200281135387781
太阳能板直角边源.txt,太阳能板直角边源,9,太阳能板直角边源:s9:b35,1237,6CC9D529CE935ADFA32A8F20EEF23335C3E42338B487791BCF4DB19245E781AD,complete,1,1,1,0,,89.875,90.547263681592,89.0547263681592,90.0252525252525,88.0833333333333,91.6666666666667,82.9166666666667,96.25,71,95.5,6.00950334343718,0,100,18.1957203937542,61.1940298507463,95.5223880597015,10.6239584597326,0,95.8333333333333,18.47562749944,0,0,0.354166666666667,8.5,3.64583333333333,100,4.04166666666667,100,9.77083333333333,29,7.625,13,4.9375,12,4,0,100,100,47.6704510205348,44.6233673286813,778.473626812765,1063.5132700819,-285.303855491227,80.2238805970149,92.1641791044776,94.3181818181818,4.04166666666667,100,17.3886242070679,10,0.910220553200748,22.4015004131469,0,0,0,4.16666666666667,0,0,92.5,88.75,72.0833333333333,74.5833333333333,91.25,92.5,100,91.6666666666667,89.5833333333333,87.9166666666667,87.5,100,90,91.25,100,82.9166666666667,82.9166666666667,91.25,90.8333333333333,100,-0.00178571428571429,-0.00355366027007814,0,-0.00180375180375165,0,0.00178571428571431,0.0148241913051013,-0.00111746524972075
太阳能板直角边源.txt,太阳能板直角边源,9,太阳能板直角边源:s9:b36,1271,B7E9358F180953378ADD05D7AD23C3E372C5CDE156044FD56B0BCD04550B7FBA,complete,1,1,1,0,,82.3333333333333,79.9751243781095,83.2089552238806,83.8383838383838,76.7916666666667,87.875,75.4166666666667,82.7083333333333,52,96.5,12.8169950580797,4.16666666666667,95.8333333333333,13.6524827323501,25.3731343283582,97.0149253731343,23.0772148821537,41.6666666666667,87.5,9.64898868078607,4.14583333333333,44,0.4375,10.5,3.33333333333333,62.5,1.41666666666667,79.1666666666667,13.0833333333333,42,11.5416666666667,14,13.0625,44,1.5,0,100,100,46.9985540912108,39.6021328958163,877.122938153376,506.251089362372,-211.987169448089,95.8955223880597,96.6417910447761,95.0757575757576,1.41666666666667,79.1666666666667,9.08886581778568,3.5,0.786978147423353,11.3178892397024,33.3333333333333,0.717380952380952,6.43562154747939,4.16666666666667,0,0,78.3333333333333,96.25,97.9166666666667,78.3333333333333,54.5833333333333,86.6666666666667,72.9166666666667,46.25,61.25,95.4166666666667,52.0833333333333,70,93.75,90.4166666666667,95,94.5833333333333,97.9166666666667,97.5,92.5,95,-0.221813725490196,-0.310945273631841,-0.171934445419959,-0.181966726084373,-0.111519607843137,-0.0772058823529412,-0.00362477664051163,-0.0197616743918821
太阳能板直角边源.txt,太阳能板直角边源,9,太阳能板直角边源:s9:b37,1306,1A141198D25C4E26C0E499D7A16C71A5A29C502C12C69556AC5ECC72B7999224,complete,1,1,1,0,,91.3125,97.9477611940299,80.8457711442786,95.2020202020202,97.2916666666667,85.3333333333333,96.4583333333333,97.9166666666667,77.5,100,7.17000469953154,33.3333333333333,100,15.8883241256959,55.2238805970149,100,16.6822369245836,33.3333333333333,100,23.4028961888831,0,0,0,0,0,0,5.79166666666667,66.6666666666667,8.6875,22.5,4.58333333333333,10,6.10416666666667,14.5,0,0,100,100,60.2966872732969,73.6002502345949,291.400703813523,389.488411990349,33.6355546380418,97.0149253731343,58.5820895522388,87.1212121212121,5.79166666666667,66.6666666666667,15.0190066628598,22.5,-0.341268114498096,21.3787742223925,0,0,0,0,0,0,99.1666666666667,100,100,100,100,96.25,100,97.9166666666667,85.8333333333333,93.75,94.5833333333333,100,77.0833333333333,79.5833333333333,90.4166666666667,100,96.25,65.8333333333333,56.6666666666667,92.9166666666667,0.256547619047619,0.513503909026297,-0.0675195451314851,0.324675324675325,-0.0726190476190473,0.125,-0.03223560748347,0.379946662345319
太阳能板直角边源.txt,太阳能板直角边源,9,太阳能板直角边源:s9:b38,1341,5E6C004670D3A9EAEFCA3D7BC219AC85FC84D76BBD9B49AC0FA3D6969C59E7C9,complete,1,1,1,0,,81.125,75.2487562189055,77.0522388059701,91.2247474747475,75,87.25,80.8333333333333,98.9583333333333,66,93.5,7.57462870377156,0,100,17.893059317725,44.7761194029851,95.5223880597015,17.7246063583092,4.16666666666667,95.8333333333333,17.1393380821714,2.22916666666667,22,0,0,4.47916666666667,100,2.85416666666667,100,16.6458333333333,34,7.5,10,13.1875,26.5,2.5,0,100,100,39.7639411183955,43.1807275170362,617.99692310114,858.543488159026,-60.6567846064288,66.4179104477612,92.1641791044776,92.8030303030303,2.85416666666667,100,12.2680709985135,14.5,0.292384598338688,19.5339446794459,16.6666666666667,-0.140009708737864,4.9491835160689,0,0,0,92.0833333333333,72.5,37.0833333333333,95.4166666666667,89.5833333333333,35,63.75,90.4166666666667,87.0833333333333,87.0833333333333,91.25,100,77.5,90.4166666666667,90.8333333333333,75,75,83.75,100,88.75,-0.291071428571429,-0.648542999289268,-0.108386638237385,-0.113636363636363,0.0547619047619045,-0.0839285714285714,0.0181043632239081,-0.586649890140041
太阳能板直角边源.txt,太阳能板直角边源,9,太阳能板直角边源:s9:b39,1376,2B89D6FC6DA5FA687BF6E42599465D26D95D5A12545EA63684ED254108AB2C95,complete,1,1,1,0,,75.7291666666667,64.2412935323383,74.0049751243781,89.1414141414141,67.5,83.9583333333333,40.4166666666667,96.25,55,93.5,10.8055734075831,0,100,20.9249972566268,34.3283582089552,95.5223880597015,20.8858634701344,8.33333333333333,87.5,13.8779543871117,4.91666666666667,34.5,0.0833333333333333,2,7.1875,100,3.16666666666667,100,19.2708333333333,41.5,8.95833333333333,11,14.75,34.5,5,0,100,100,35.638277223025,41.1084157492069,725.706210428784,846.505823120338,-97.2724998141003,62.6865671641791,85.4477611940299,94.3181818181818,3.16666666666667,100,14.2894228256468,6,0.391829034882201,24.5167727747759,58.3333333333333,-0.166444212721585,9.18389472067429,4.16666666666667,0,0,56.25,87.5,35,71.6666666666667,88.3333333333333,24.1666666666667,50,85.4166666666667,96.25,80.4166666666667,72.5,100,80,80.4166666666667,92.5,66.6666666666667,75,81.25,100,91.25,-0.154166666666667,-0.314498933901919,-0.0870646766169151,-0.0595238095238094,-0.0940476190476192,0.00892857142857145,0.00284126961552896,-0.1178761112963
太阳能板直角边源.txt,太阳能板直角边源,9,太阳能板直角边源:s9:b40,1410,F5815C0CA141684D6B20328273970D23BABA97637BA6575631C04838929229CA,complete,1,1,1,0,,79.3541666666667,75.3731343283582,73.8805970149254,88.9520202020202,72.1666666666667,86.5416666666667,79.1666666666667,96.0416666666667,59,91,9.37095323287624,4.16666666666667,100,16.022396189342,35.8208955223881,95.5223880597015,20.3507363336353,8.33333333333333,83.3333333333333,13.6195234559361,2.39583333333333,28.5,0.0833333333333333,2,4.08333333333333,95.8333333333333,3.20833333333333,95.8333333333333,18.1666666666667,41,7.83333333333333,10,15.2916666666667,35,2,0,100,100,41.5903939475379,42.9035230114509,630.995547376619,863.111732403255,-154.571832976615,64.5522388059701,83.5820895522388,94.3181818181818,3.20833333333333,95.8333333333333,12.9538625297191,15.5,0.794357244352296,17.9980375241318,12.5,-2.2425,0.589255650988786,4.16666666666667,0,0,92.9166666666667,89.5833333333333,36.6666666666667,70.8333333333333,87.9166666666667,32.0833333333333,49.5833333333333,84.5833333333333,96.25,81.25,92.5,100,80.8333333333333,79.5833333333333,92.5,75.8333333333333,73.75,80,100,90.4166666666667,0.106617647058824,0.327407082235879,-0.00365817968978674,-0.00557040998217505,0.0759803921568626,0.00122549019607844,0.0118390649844146,0.17506225660332
太阳能板直角边源.txt,太阳能板直角边源,9,太阳能板直角边源:s9:b41,1444,B6E3C74A1A9DAE9B9D913E7AF9E7454CFAF1CF5AAAF1F8B4516AA53068F6ADAD,complete,1,1,1,0,,81.3541666666667,73.1965174129353,80.9701492537313,90.0252525252525,74.25,88.4583333333333,60,94.1666666666667,69.5,94.5,8.2784150534448,12.5,100,16.1775890636331,46.2686567164179,95.5223880597015,15.2543243845294,20.8333333333333,95.8333333333333,15.6277166089087,3.54166666666667,23,0.0416666666666667,1,4.75,70.8333333333333,2,87.5,15.0625,28,8.29166666666667,12,11.7291666666667,23.5,1,0,100,100,36.3482215547009,39.7619625941219,686.47687432238,855.395281883933,30.0865881113093,74.6268656716418,94.7761194029851,87.8787878787879,2,87.5,9.99860403433395,7,-0.0350509585608031,25.7015513622855,50,0.184160839160839,5.81475563212961,4.16666666666667,0,0,74.5833333333333,53.75,57.5,91.6666666666667,88.3333333333333,33.75,72.5,97.5,73.75,99.1666666666667,92.5,97.0833333333333,73.75,89.1666666666667,100,79.5833333333333,77.5,91.6666666666667,90.8333333333333,92.5,0.0588235294117647,-0.0640181445712613,0.208516242317822,0.0315656565656568,0.0563725490196084,-0.0355392156862745,-0.0243943589092088,-0.154181540965794
太阳能板直角边源.txt,太阳能板直角边源,9,太阳能板直角边源:s9:b42,1479,84C47F127463D9DA353AF7148E89B9BD1FD2D9C0D7E28CB21C2C9CE0D5230ABC,complete,1,1,1,0,,81.25,75.3731343283582,78.9179104477612,89.5833333333333,76.0416666666667,86.4583333333333,68.5416666666667,93.5416666666667,69.5,91,6.93917674605882,12.5,100,16.0534162087378,46.2686567164179,94.0298507462687,14.2841662495644,16.6666666666667,95.8333333333333,17.3454059825341,2.29166666666667,22.5,0.0416666666666667,1,3.75,70.8333333333333,2.5,87.5,16.4166666666667,30,9,14,12.0625,23.5,1.5,0,100,100,38.465103294249,43.5458937198068,646.070983679487,919.172069359844,-42.4092388944184,69.7761194029851,89.5522388059701,87.1212121212121,2.5,87.5,10.3925600454977,12,0.141969925742447,22.0850756603623,20.8333333333333,-0.214290450928382,5.66738891220888,4.16666666666667,0,0,92.5,52.0833333333333,57.9166666666667,91.6666666666667,87.0833333333333,37.0833333333333,72.9166666666667,97.5,72.5,99.1666666666667,92.5,95,70.8333333333333,89.1666666666667,100,74.1666666666667,76.25,84.1666666666667,90.8333333333333,91.6666666666667,-0.00297619047619061,0.0621890547263681,-0.0586353944562895,-0.0126262626262624,-0.0571428571428571,0.0142857142857143,0.00505773955152144,0.0604823354156612
太阳能板直角边源.txt,太阳能板直角边源,9,太阳能板直角边源:s9:b43,1514,F3CA06AF2E2CEE87A0DEFD5763775A6FAF42FB81DB87B6E77B167FBC53AFA83C,complete,1,1,1,0,,81.6666666666667,75.8706467661692,79.3532338308458,89.8989898989899,76.4166666666667,86.9166666666667,69.5833333333333,94.1666666666667,70,92.5,6.83448205261644,12.5,100,15.668386163167,46.2686567164179,95.5223880597015,14.1845111906693,20.8333333333333,95.8333333333333,16.7521927402388,2.35416666666667,22.5,0.0416666666666667,1,3.54166666666667,70.8333333333333,2.45833333333333,87.5,15.9375,28.5,8.91666666666667,13,11.9583333333333,23,1,0,100,100,38.4542028323435,43.3646245059289,639.467753013479,911.892053265947,-42.301306771912,70.8955223880597,89.9253731343284,87.8787878787879,2.45833333333333,87.5,10.2419603910653,12,0.194498839182774,21.2876897422562,20.8333333333333,-0.210172413793104,5.6987596956676,4.16666666666667,0,0,92.9166666666667,53.3333333333333,57.9166666666667,91.6666666666667,87.9166666666667,37.5,73.3333333333333,97.5,72.9166666666667,99.1666666666667,92.9166666666667,95.8333333333333,71.6666666666667,89.1666666666667,100,75.8333333333333,75.8333333333333,84.5833333333333,90.8333333333333,92.5,0.011904761904762,0.014214641080313,0.0124378109452733,0.00901875901875867,0.0130952380952376,-0.00119047619047619,0.00150082609829506,-0.000311441768728165
太阳能板直角边源.txt,太阳能板直角边源,9,太阳能板直角边源:s9:b44,1548,D7A2730938AC11122D3733C6AFA29348A0988BFCB9BFDCFB17A3131441F27F86,complete,1,1,1,0,,81.8333333333333,77.3009950248756,78.544776119403,89.7727272727273,76.3333333333333,87.3333333333333,72.2916666666667,93.75,70.5,92,6.83607226834028,12.5,100,15.6518961698898,44.7761194029851,95.5223880597015,14.7084331245158,20.8333333333333,95.8333333333333,17.2598623075831,2.14583333333333,22.5,0.0208333333333333,0.5,3.47916666666667,66.6666666666667,1.89583333333333,75,16,29,8.70833333333333,15,11.9791666666667,23.5,2,0,100,100,39.4224563182887,42.1469884323893,632.618245319064,870.459378081221,-17.1596571920323,76.4925373134328,91.4179104477612,88.2575757575758,1.89583333333333,75,9.03454251983539,8,0.00185122387539947,22.3275252320808,16.6666666666667,-1.5295,0.379143772202579,4.16666666666667,0,0,93.3333333333333,52.0833333333333,57.9166666666667,91.6666666666667,87.0833333333333,38.75,71.25,98.75,73.3333333333333,99.1666666666667,92.9166666666667,95.8333333333333,67.5,88.75,100,82.5,76.25,86.25,90.8333333333333,92.5,0.00490196078431387,0.0420690664325429,-0.0237781679836113,-0.00371360665478323,0.0122549019607845,-0.0165441176470588,-0.00566610633256985,0.0284780437042693
太阳能板直角边源.txt,太阳能板直角边源,9,太阳能板直角边源:s9:b45,1584,792D309BE4EFBDE34D7CC1AA94DB1D4A08AD8891DEE6605530434EBF9F9CE3A3,complete,1,1,1,0,,75.4166666666667,78.9179104477612,73.0721393034826,74.2424242424242,67.375,83.4583333333333,72.0833333333333,79.7916666666667,17,95.5,22.850966427411,0,83.3333333333333,16.9521199812677,0,95.5223880597015,31.8854841673647,0,83.3333333333333,19.8549077099052,7.5625,83,2.35416666666667,23.5,3.79166666666667,100,6.58333333333333,100,14.6666666666667,62.5,7.25,14,18.0625,83,4,8.33333333333333,100,100,49.7368196916787,50.3979366249079,806.686386449157,602.433681302062,-84.3466360693216,80.9701492537313,74.2537313432836,74.2424242424242,6.58333333333333,100,19.3746454011966,31.5,0.01282753234112,15.5379335730187,20.8333333333333,-0.522807692307692,33.5875148507024,20.8333333333333,-0.115,7.15262189689907,95,90.8333333333333,100,92.5,75.4166666666667,37.0833333333333,46.25,44.5833333333333,30.4166666666667,61.6666666666667,94.5833333333333,76.6666666666667,79.5833333333333,90,97.0833333333333,77.9166666666667,88.3333333333333,76.6666666666667,72.0833333333333,81.6666666666667,-0.178240740740741,0.0449143173023773,-0.152017689331122,-0.431397306397306,-0.107638888888889,0.130208333333333,0.000304897457381126,0.286510093705278
太阳能板直角边源.txt,太阳能板直角边源,9,太阳能板直角边源:s9:b46,1618,CA016C9FEF1B30615D1C59FD916361F516963377B61E9869BF7009164F7CB8A7,complete,1,1,1,0,,75.5416666666667,78.9800995024876,73.1965174129353,74.4318181818182,67.5833333333333,83.5,71.875,79.5833333333333,17,95.5,22.7194212393114,0,83.3333333333333,17.051206666965,0,95.5223880597015,31.7728944561103,0,83.3333333333333,19.9724120621441,7.52083333333333,83,2.3125,23,3.83333333333333,100,6.52083333333333,100,14.625,62.5,7.25,14,17.9791666666667,83,4,8.33333333333333,100,100,49.6836824668487,50.3851566550626,810.475962864276,599.960180933633,-83.4454007005232,80.9701492537313,75,74.6212121212121,6.52083333333333,100,19.3530983810304,31,0.0171680409796164,15.5702111793318,20.8333333333333,-0.5175,33.7448514591485,20.8333333333333,-0.112346153846154,6.9380500474945,95,90.4166666666667,100,92.5,75.8333333333333,37.9166666666667,46.25,45,31.25,61.6666666666667,94.1666666666667,76.6666666666667,79.5833333333333,90,97.0833333333333,77.9166666666667,88.3333333333333,77.5,72.5,81.25,0.00367647058823488,0.00182908984489295,0.00365817968978632,0.00557040998217422,0.00122549019607857,-0.00183823529411765,0.000127662018779307,-0.00156285955382341
太阳能板直角边源.txt,太阳能板直角边源,9,太阳能板直角边源:s9:b47,1653,B878322FF6A024C95F51D6D388EE2A271BCF5976170D3906A0568A0512A96876,complete,1,1,1,0,,75.6666666666667,79.2910447761194,73.2587064676617,74.4318181818182,67.7083333333333,83.625,72.5,79.5833333333333,17,95.5,22.7336499616694,0,83.3333333333333,16.9749544543415,0,95.5223880597015,31.7406798576637,0,83.3333333333333,19.9977541580397,7.5,83,2.3125,23,3.8125,100,6.47916666666667,100,14.5208333333333,62.5,7.25,14,17.9583333333333,83,3.5,8.33333333333333,100,100,49.8580229916707,50.3685229303156,806.38027935217,598.887936868424,-85.3779938809388,81.3432835820896,75,75,6.47916666666667,100,19.2813800986655,31,0.0251281273098749,15.318104686229,20.8333333333333,-0.512192307692307,34.0552661690693,20.8333333333333,-0.112346153846154,6.9380500474945,95,90.4166666666667,100,92.5,75.8333333333333,39.1666666666667,46.25,45.4166666666667,30.8333333333333,61.6666666666667,94.5833333333333,76.6666666666667,79.5833333333333,90,97.0833333333333,78.3333333333333,88.3333333333333,77.5,72.5,81.6666666666667,0.00357142857142898,0.00888415067519556,0.00177683013503927,0,0.00357142857142857,-0.00119047619047612,0.000227431038007384,0.00498115785205572
太阳能板直角边源.txt,太阳能板直角边源,9,太阳能板直角边源:s9:b48,1687,09EE6D2D753F47FE7401E5395F07F5F3E223FE1F3C34DF42283630D744F655AC,complete,1,2,0,0,,75.625,79.228855721393,73.1965174129353,74.4318181818182,67.625,83.625,72.5,79.7916666666667,17,95.5,22.7883694591933,0,83.3333333333333,17.0176096103689,0,95.5223880597015,31.7240832563721,0,83.3333333333333,19.9987357633493,7.5,83,2.29166666666667,23,3.8125,100,6.52083333333333,100,14.5833333333333,63,7.25,14,17.9791666666667,83,4,8.33333333333333,100,100,49.7938409998711,50.3753251579338,804.818141500587,600.419776009908,-85.898769399887,80.9701492537313,74.6268656716418,75,6.52083333333333,100,19.33956996315,31,0.0221797226498477,15.512738751057,20.8333333333333,-0.512192307692307,34.0552661690693,20.8333333333333,-0.121192307692308,6.97718810454139,95,90.4166666666667,100,92.5,75.8333333333333,38.75,46.25,45.4166666666667,30.4166666666667,61.6666666666667,94.5833333333333,76.6666666666667,79.5833333333333,90,97.5,78.3333333333333,88.3333333333333,77.0833333333333,72.5,81.6666666666667,-0.00122549019607857,-0.00182908984489337,-0.00182908984489337,0,0,0.00122549019607836,-8.67177841184477e-05,-0.00188770564116283
太阳能板直角边源.txt,太阳能板直角边源,9,太阳能板直角边源:s9:b49,1722,1571F52166E308708E655B5075A14F2B21E346E1185FB4A6B84733FC951FA831,complete,1,2,0,0,,75.5208333333333,79.1044776119403,73.134328358209,74.3055555555556,67.625,83.4166666666667,72.0833333333333,79.5833333333333,17,95.5,22.736428903312,0,87.5,17.023696309595,0,95.5223880597015,31.7104052017171,0,83.3333333333333,19.9731983466239,7.52083333333333,83,2.3125,23,3.8125,100,6.5625,100,14.6458333333333,62.5,7.41666666666667,16,17.9583333333333,83,4,8.33333333333333,100,100,49.77739762643,50.5013876040703,807.583986343451,602.632413712249,-84.1547727220352,80.9701492537313,74.6268656716418,74.2424242424242,6.5625,100,19.3569747837974,31,0.0164551076643004,15.5438370937048,20.8333333333333,-0.514846153846154,33.9758964335238,20.8333333333333,-0.112346153846154,6.9380500474945,95,90.4166666666667,100,92.5,75.8333333333333,38.3333333333333,46.25,45.4166666666667,30.8333333333333,61.6666666666667,94.5833333333333,76.6666666666667,79.5833333333333,90,97.0833333333333,77.5,88.75,76.6666666666667,72.0833333333333,81.25,-0.00297619047619021,-0.00355366027007814,-0.00177683013503887,-0.0036075036075033,-0.00595238095238122,0.00119047619047622,-0.000163560428158494,-0.000469810669746299
太阳能板直角边源.txt,太阳能板直角边源,9,太阳能板直角边源:s9:b50,1756,FB8A67A75188D2FEC82F274E8BAEDD6A057E7B1B02C5B7B6C2C64F93405C20D6,complete,1,2,0,0,,77.0208333333333,79.4776119402985,77.7363184079602,73.8005050505051,67.3333333333333,86.7083333333333,72.7083333333333,79.1666666666667,16.5,95.5,23.4856474055533,0,87.5,16.0641592730239,0,95.5223880597015,33.2372275125161,0,83.3333333333333,17.6262915149637,7.5625,83.5,2.35416666666667,23.5,3.8125,100,4.91666666666667,100,13.0625,63,6.5,14,18.0208333333333,83.5,4,8.33333333333333,100,100,50.5022847692679,47.9088651503804,859.976211433744,541.547629704239,-71.347891019027,83.2089552238806,88.0597014925373,74.2424242424242,4.91666666666667,100,18.4681732358374,24,-0.0325180403791046,14.1525336775075,20.8333333333333,-0.5175,34.2116208326937,20.8333333333333,-0.115,7.15262189689907,95,90.4166666666667,100,92.5,75.4166666666667,38.3333333333333,46.25,45.4166666666667,29.5833333333333,60.4166666666667,94.5833333333333,77.0833333333333,87.5,90,97.0833333333333,79.1666666666667,89.5833333333333,99.1666666666667,72.0833333333333,80.8333333333333,0.0441176470588235,0.0109745390693594,0.135352648522095,-0.0148544266191325,0.0968137254901962,-0.0484068627450981,-0.00144038670715897,0.0213202100834675
太阳能板直角边源.txt,太阳能板直角边源,9,太阳能板直角边源:s9:b51,1791,4738C220833DF342AB769F13A95BB026C51DFF4F961B7006B9A7E8A0F58180A0,complete,1,2,0,0,,76.5625,79.3532338308458,76.4925373134328,73.8005050505051,67.3333333333333,85.7916666666667,72.7083333333333,79.1666666666667,16.5,95.5,23.4536140257651,0,87.5,16.0775135711283,0,95.5223880597015,33.0277266295533,0,83.3333333333333,17.8509408224228,7.5625,83.5,2.35416666666667,23.5,3.83333333333333,100,5.29166666666667,100,13.5208333333333,63,7.08333333333333,18,18.0833333333333,83.5,3.5,8.33333333333333,100,100,50.3754327191513,48.7304347826087,844.884007555615,567.63416089057,-76.599080426286,82.4626865671642,82.4626865671642,74.2424242424242,5.29166666666667,100,18.4395715058657,28,-0.014882739207471,13.0284170532342,20.8333333333333,-0.5175,34.2116208326937,20.8333333333333,-0.115,7.15262189689907,95,90.4166666666667,100,92.5,75.4166666666667,38.75,46.25,45,29.5833333333333,60.4166666666667,94.1666666666667,76.25,87.5,90,97.0833333333333,79.1666666666667,89.1666666666667,91.6666666666667,72.0833333333333,80.8333333333333,-0.0130952380952384,-0.00355366027007855,-0.0355366027007818,0,-0.0261904761904759,0.0107142857142857,0.000503865747760959,-0.00362434428904623
太阳能板直角边源.txt,太阳能板直角边源,9,太阳能板直角边源:s9:b52,1825,6669594F34C84FC51678D798D1607CC85996792398D6698A465D8E1A5B05756E,complete,1,2,0,0,,78.2708333333333,79.8507462686567,71.3930348258706,83.6489898989899,72.5,84.0416666666667,86.875,96.25,60.5,92,9.49024575512951,0,100,16.2740475118406,32.8358208955224,95.5223880597015,20.4441214979325,4.16666666666667,79.1666666666667,14.2114473909796,3.35416666666667,34.5,0.0208333333333333,0.5,4.39583333333333,100,4.39583333333333,100,18.3541666666667,38.5,7.95833333333333,10,16.375,34.5,3,0,100,100,47.8572151264472,44.2786277043645,624.630492350796,746.1509677547,-150.903093472936,91.044776119403,69.4029850746269,95.4545454545455,4.39583333333333,100,15.7028560022559,21,0.577031357916199,21.7852796980158,16.6666666666667,-2.5415,2.79172885502872,4.16666666666667,0,0,92.5,100,72.9166666666667,38.3333333333333,86.25,67.9166666666667,39.5833333333333,47.0833333333333,97.9166666666667,82.5,62.0833333333333,94.1666666666667,90.4166666666667,78.75,85.8333333333333,91.25,88.3333333333333,62.5,94.5833333333333,92.5,0.0502450980392155,0.0146327187591453,-0.149985367281241,0.289661319073084,-0.0514705882352941,-0.0263480392156862,0.0174092381506962,-0.074065223314826
太阳能板直角边源.txt,太阳能板直角边源,9,太阳能板直角边源:s9:b53,1860,74F8A83AE2430E9FAB98C791A28A2A38F1A8D397C4DE1E389B85CF4C2EB2B0F0,complete,1,2,0,0,,84.9375,76.2437810945274,87.6865671641791,90.9722222222222,82.5,87.375,81.0416666666667,79.1666666666667,80,91.5,3.28141174549587,33.3333333333333,100,15.0299666932283,76.1194029850746,94.0298507462687,4.82635007241015,45.8333333333333,100,14.2583345107433,0.729166666666667,8.5,0,0,3.10416666666667,50,2.3125,62.5,14.3333333333333,20,9.33333333333333,12,6.9375,11,0,0,100,100,42.0108842970037,46.4910698177882,906.859644877536,923.212565395087,163.178537660128,82.089552238806,83.5820895522388,89.3939393939394,2.3125,62.5,8.08569984699121,13.5,0.230226308018824,12.8211569211917,16.6666666666667,-0.6095,0.136930639376292,0,0,0,82.5,64.5833333333333,81.6666666666667,97.9166666666667,89.5833333333333,55,86.25,81.25,98.3333333333333,87.9166666666667,97.0833333333333,76.6666666666667,96.6666666666667,85.8333333333333,88.3333333333333,80.8333333333333,90,96.6666666666667,73.3333333333333,88.3333333333333,0.190476190476191,-0.103056147832267,0.465529495380242,0.209235209235209,0.0952380952380951,-0.0595238095238095,-0.00990871571135357,-0.167038023698386
太阳能板直角边源.txt,太阳能板直角边源,9,太阳能板直角边源:s9:b54,1894,ADEF8C9B36CE64F18720BE93AC8CC84D97D1BD11BA38D862DBB778F4B287CD6C,complete,1,2,0,0,,86.9166666666667,84.1417910447761,86.1318407960199,90.530303030303,88.0833333333333,85.75,77.9166666666667,98.3333333333333,82.5,91.5,2.76887462097269,54.1666666666667,100,12.3775408538182,68.6567164179104,95.5223880597015,9.47526545542891,54.1666666666667,100,13.6157754525008,0.6875,5.5,0.0208333333333333,0.5,1.5,25,3.27083333333333,37.5,12.375,17.5,10.2916666666667,14,4.54166666666667,8,0,0,100,100,43.0872515443459,53.1293270562171,637.876240869831,1001.6397709666,279.935328055717,93.6567164179104,70.1492537313433,86.3636363636364,3.27083333333333,37.5,8.97719421938083,17,-0.236838228262085,12.3412389518916,25,-0.0449836333878887,1.09461061340593,4.16666666666667,0,0,71.6666666666667,82.5,97.0833333333333,83.3333333333333,99.1666666666667,86.6666666666667,88.3333333333333,87.5,88.75,95.8333333333333,88.3333333333333,90.4166666666667,78.75,83.75,98.75,94.5833333333333,80,65.8333333333333,80,97.0833333333333,0.0582107843137252,0.232294410301434,-0.0457272461223297,-0.0129976232917407,-0.0477941176470588,0.0281862745098039,-0.0137371922435562,0.0316578602159485
太阳能板直角边源.txt,太阳能板直角边源,9,太阳能板直角边源:s9:b55,1929,3AE88B103E0A9239D497F267CA7EEAB57587CA1422BBAD21CA345BFF508BA21D,complete,1,2,0,0,,72.9375,89.4278606965174,76.4925373134328,52.5883838383838,74.5,71.375,79.5833333333333,0,68,76,2.30930301926417,0,100,30.104269001988,53.7313432835821,88.0597014925373,12.1354110559709,45.8333333333333,100,16.5669601633408,0.208333333333333,1.5,14.4791666666667,19,14.9583333333333,100,15,100,12.375,21.5,11.25,13,14.4791666666667,19,12,0,89.5,100,69.6005044467913,51.9429661612611,850.133413648522,927.736107504234,-98.2725232656759,88.8059701492537,58.5820895522388,60.9848484848485,15,100,31.2308009141586,21.5,0.305465954338491,14.2554963223985,25,0.00108235294117647,0.372327075271719,100,-0.09105,0.206151619780598,87.0833333333333,83.75,96.25,94.1666666666667,9.58333333333333,88.75,91.6666666666667,77.9166666666667,97.0833333333333,18.75,89.5833333333333,93.75,53.75,90.8333333333333,34.1666666666667,82.0833333333333,100,52.0833333333333,72.5,45,-0.399404761904762,0.151030561478323,-0.275408670931059,-1.08405483405483,-0.410714285714286,0.335119047619048,0.0154944052171593,0.757521511498438
太阳能板直角边源.txt,太阳能板直角边源,9,太阳能板直角边源:s9:b56,1964,FBD51FE5598BA1488A8072C1E88763B4461F58D7EBA2DCF88993ED5123EDB7C9,complete,1,2,0,0,,55.0625,88.4328358208955,73.5074626865672,2.46212121212121,57.4166666666667,52.7083333333333,89.7916666666667,0,50.5,59,2.71194018466805,0,100,41.5762786350868,59.7014925373134,88.0597014925373,9.29748297296793,25,100,29.8680238581062,0.145833333333333,2,33.3333333333333,39.5,33.625,100,32.3541666666667,100,11.4583333333333,19.5,8.125,11,33.3333333333333,39.5,33,0,73.5,100,73.402245348206,51.4402047932918,474.760924368357,898.38573620414,-40.9288278480685,88.0597014925373,65.6716417910448,4.54545454545455,32.3541666666667,100,43.4540771655086,17.5,0.514095765381574,16.2621177199425,12.5,-0.1725,0.117851130197757,100,-0.123,0.734337257484236,86.6666666666667,97.5,96.6666666666667,7.91666666666667,0,82.0833333333333,96.25,82.0833333333333,25,0,92.0833333333333,86.25,65,22.0833333333333,0,92.5,86.6666666666667,74.1666666666667,8.33333333333333,0,-0.510714285714286,-0.0284292821606251,-0.0852878464818762,-1.43217893217893,-0.533333333333333,0.495833333333333,0.00596085174408808,0.10862116861185
太阳能板直角边源.txt,太阳能板直角边源,9,太阳能板直角边源:s9:b57,1999,6AD3EF6D8902D94E7A7030025DA7A2BFF2774AA80176D72F7327FAF1EF940EE5,complete,1,2,0,0,,45.3958333333333,92.9726368159204,42.5373134328358,0,42.1666666666667,48.625,83.5416666666667,0,38,52,4.16501778968659,0,100,44.3865168758948,17.910447761194,68.6567164179104,14.7753655770323,0,100,38.9555974126617,0.166666666666667,2,51.7708333333333,60.5,51.875,100,43.375,100,2.66666666666667,6,4.95833333333333,9,51.7708333333333,60.5,47.5,0,57,100,70.888398497639,47.7962277922466,411.949323410228,901.890116710819,27.9696030324852,90.6716417910448,62.6865671641791,0,43.375,100,49.3399163462873,5,-0.0512877156164283,4.03805009464377,12.5,0.1725,0.117851130197758,100,-0.17645,0.16462059292059,94.1666666666667,99.1666666666667,6.66666666666667,0,0,92.9166666666667,98.75,30,0,0,83.75,98.3333333333333,49.1666666666667,0,0,86.25,99.1666666666667,69.5833333333333,0,0,-0.276190476190476,0.129708599857853,-0.884861407249467,-0.0703463203463203,-0.116666666666667,0.314880952380952,-0.0161538137428001,-0.0718241957304871
太阳能板直角边源.txt,太阳能板直角边源,9,太阳能板直角边源:s9:b58,2033,594378B19FDFF03E9C704DB265CD1DDFE0BF594E93E71C2CC8D0E11753C8F8A7,complete,1,2,0,0,,29.625,80.410447761194,7.64925373134328,0.378787878787879,25.5416666666667,33.7083333333333,94.1666666666667,0,21.5,39,5.16520549698528,0,100,38.4857640441136,0,22.3880597014925,6.66484634912456,0,33.3333333333333,9.13438458561261,0,0,49.7291666666667,69.5,58.9791666666667,100,55.5208333333333,100,20.6458333333333,40.5,5,5,51.3541666666667,69.5,64.5,25,69.5,100,63.6520375709216,47.8659870775092,490.298338717515,895.669384755453,85.3692522399431,93.2835820895522,19.0298507462687,0,55.5208333333333,100,47.1495889127938,15.5,0.983017938263891,17.4211119797187,0,0,0,100,0.35805,9.97191338015692,93.75,7.5,7.91666666666667,7.91666666666667,0,95,35,0,8.33333333333333,0,94.1666666666667,59.1666666666667,0,0,0,93.75,88.75,1.25,0,0,-0.463848039215686,-0.369476148668423,-1.02611940298507,0.0111408199643494,-0.438725490196078,0.357230392156863,0.0304207545258917,-0.212834144903453
太阳能板直角边源.txt,太阳能板直角边源,9,太阳能板直角边源:s9:b59,2068,A9FDB3072891B68071AC2237836DACDA2DC8A21555FC08E9A96613257C09D7B5,complete,1,2,0,0,,13.7291666666667,30.0373134328358,10.5721393034826,0.378787878787879,9.875,17.5833333333333,63.75,0,7.5,22,4.60146282663758,0,87.5,20.8178229532428,0,23.8805970149254,8.46502464038485,0,20.8333333333333,6.62107032813161,5,41.5,47.5625,79.5,67.5625,100,63.2083333333333,100,33.7083333333333,52,3.625,5,53.4166666666667,79.5,83,100,71,100,54.8299332936113,48.4424052161314,738.769397154419,899.181867852753,98.585443212901,61.9402985074627,0,0,63.2083333333333,100,41.5074638602975,33,-0.468090016645659,24.1454528708455,12.5,0.344999999999999,1.53494774186618e-14,100,0.11645,14.7229420512657,5,1.25,34.5833333333333,0,0,35,0,22.9166666666667,0,0,62.9166666666667,0,2.08333333333333,11.25,0,91.6666666666667,6.66666666666667,0,1.25,0,-0.454166666666667,-1.43923240938166,0.0835110163468373,0,-0.460714285714286,0.219642857142857,-0.04146022728313,-0.252060122208866
太阳能板直角边源.txt,太阳能板直角边源,9,太阳能板直角边源:s9:b60,2103,10A5726273758FD1E648A9E4E47F2EE4F21AAC883482B997F28E83AC2184B049,complete,1,2,0,0,,7.70833333333333,8.02238805970149,13.5572139303483,1.4520202020202,9.54166666666667,5.875,4.58333333333333,3.33333333333333,4,11,2.26464637160105,0,25,7.83419308158352,0,28.3582089552239,10.1412025426067,4.16666666666667,20.8333333333333,4.60699148809562,33.3125,63.5,35.1875,70.5,66.6458333333333,100,67.1458333333333,100,23.7916666666667,92,2.83333333333333,5,61.1666666666667,91.5,100,100,97.5,100,50.7085086833717,50.6821081558544,874.912184878225,906.068629047041,-26.0675755529721,8.2089552238806,0.746268656716418,5.3030303030303,67.1458333333333,100,35.2693074403217,52.5,-1.40634180093745,9.15572124106733,83.3333333333333,0.535657894736842,0.716947109551839,100,-0.84925,10.3884745309266,0.416666666666667,51.25,0,0,0,0,17.9166666666667,25.8333333333333,0,0,0,0,29.5833333333333,3.33333333333333,2.5,9.16666666666667,0,0,10,4.16666666666667,-0.17202380952381,-0.628997867803838,0.0852878464818763,0.0306637806637807,-0.33452380952381,0.1125,-0.0268071938369084,-0.117754988863987
太阳能板直角边源.txt,太阳能板直角边源,9,太阳能板直角边源:s9:b61,2137,9EE9E97A512D4EB609C9D0559E9C85077C9BF70B7600A65D12B340450BC1D07F,complete,1,2,0,0,,11.1041666666667,16.728855721393,11.81592039801,4.67171717171717,12.9583333333333,9.25,14.7916666666667,2.91666666666667,0,17.5,5.31400767182659,0,50,8.16707580248866,0,49.2537313432836,16.8799171842367,4.16666666666667,20.8333333333333,4.62145617514141,37.5208333333333,100,37.75,100,53.4375,100,53.6875,100,38.625,100,3.75,8,63.25,100,98,100,95.5,87.5,51.6523324379102,50.7942653936683,847.426744771982,945.55327064431,-72.900883883325,0,0,6.81818181818182,53.6875,100,30.1829334965243,81,-0.833755952843248,5.72792087461332,79.1666666666667,0.967815789473684,4.95853303523289,87.5,-0.707922077922078,18.8438395944595,50,1.66666666666667,0,0,0.833333333333333,16.25,52.9166666666667,2.08333333333333,0,5.83333333333333,0,14.1666666666667,45.4166666666667,5.83333333333333,5.83333333333333,0,0,0,7.91666666666667,13.3333333333333,0.0998774509803921,0.256072578285045,-0.051214515657009,0.0946969696969697,0.0992647058823529,-0.395833333333333,0.0168407602380648,0.0277595221923084
太阳能板直角边源.txt,太阳能板直角边源,9,太阳能板直角边源:s9:b62,2172,607FC732C4082BEE4995DFB0FE7966DBFB814A75EBC6701D5F8C1BC4E537729E,complete,1,2,0,0,,10.625,14.2412935323383,12.9975124378109,4.54545454545455,16.5,4.75,10.4166666666667,0.625,0,63,20.4791781849379,0,54.1666666666667,8.09704797624716,0,100,27.5121551986467,8.33333333333333,54.1666666666667,10.6482437391515,63.8958333333333,100,59.9583333333333,100,44.7916666666667,100,54.5208333333333,100,48.8541666666667,100,2.66666666666667,15,71.7708333333333,100,98,83.3333333333333,93,58.3333333333333,51.135280130255,50.7601094557616,863.691680062551,997.463574756795,-1.51711511566426,0,0,0,54.5208333333333,100,16.1443355197621,90,0.101257506336908,5.07151372671322,50,-1.08351837672282,13.0592976790615,58.3333333333333,-0.0444835164835166,13.5216873302653,0,0,0,10.4166666666667,0,45.8333333333333,39.5833333333333,20,40.8333333333333,8.33333333333333,4.58333333333333,22.9166666666667,16.6666666666667,3.33333333333333,0,0,0,0,0,0,-0.0136904761904762,-0.0710732054015636,0.0337597725657427,-0.00360750360750361,-0.128571428571429,0.0238095238095235,0.0267146702622902,-0.0147729230758634
太阳能板直角边源.txt,太阳能板直角边源,9,太阳能板直角边源:s9:b63,2206,3CD5BF7D2E944D68244F844CDC791DEB37DEA8CA6E43686587D3A457322FC8E7,complete,1,2,0,0,,10.1041666666667,11.7537313432836,15.2363184079602,3.21969696969697,16.625,3.58333333333333,7.70833333333333,0,0,28.5,10.0476897265282,0,45.8333333333333,7.70718731577813,0,52.2388059701493,20.0919904771147,8.33333333333333,45.8333333333333,8.62958994414862,60.4583333333333,100,66.5625,100,40.1041666666667,100,66.7708333333333,100,46.2083333333333,100,1.95833333333333,6,72.125,100,97,91.6666666666667,83,58.3333333333333,51.1152518094529,51.8111743664668,876.307630619077,946.12570663967,13.3702754268557,0,0,0,66.7708333333333,100,21.6463533014385,83,0.681481669738289,4.46588899669368,54.1666666666667,-0.835961538461539,7.84205209528021,58.3333333333333,1.0537032967033,3.80717532922259,0,0,21.25,34.5833333333333,2.5,15.8333333333333,43.3333333333333,46.25,2.5,0,28.75,7.08333333333333,0,0,0,0,0,0,0,0,-0.0153186274509804,-0.0731635937957272,0.0658472344161545,-0.0389928698752228,-0.0343137254901961,0.360294117647059,0.0170654165706288,-0.000589068258887108
太阳能板直角边源.txt,太阳能板直角边源,9,太阳能板直角边源:s9:b64,2241,4712FFE123A89766BD02F1D7C4005F4CC3C3961653D9C7F7CAFD2490141F8A12,complete,1,2,0,0,,13.3541666666667,11.1318407960199,8.70646766169154,20.3282828282828,11.6666666666667,15.0416666666667,2.5,41.25,7.5,23,3.69629416844901,0,62.5,14.3385322025324,0,32.8358208955224,13.1866301778637,0,20.8333333333333,7.73520579648698,34.5833333333333,85.5,20.6666666666667,66,56.0416666666667,100,54.7291666666667,100,31.3958333333333,83.5,4.70833333333333,7,68.6458333333333,85.5,82,100,98,100,48.1783768566323,49.3910534513941,799.76091546667,878.801871297177,-116.034782570459,0,0,59.8484848484849,54.7291666666667,100,37.9145555489376,52.5,0.532280436702544,18.492956682535,100,0.5017,22.4828929195915,37.5,0.594166666666666,0.524110062892033,0,29.5833333333333,39.5833333333333,0,0,0.833333333333333,43.3333333333333,0,0,3.33333333333333,17.9166666666667,1.66666666666667,0,0,42.9166666666667,0,0,0,8.75,79.1666666666667,0.0928571428571429,-0.0177683013503909,-0.186567164179104,0.488816738816739,0.327380952380952,-0.344047619047619,-0.00426289237244986,-0.0839107129377297
太阳能板直角边源.txt,太阳能板直角边源,9,太阳能板直角边源:s9:b65,2275,CD71BC8E2126264028CEEBD5EFBE5EE859E4FA5153E709F7EEDDC206373C5540,complete,1,2,0,0,,37.125,8.2089552238806,18.407960199005,85.479797979798,31.875,42.375,6.875,86.4583333333333,26.5,49,6.6287417653205,0,100,36.9461472594902,0,59.7014925373134,20.642139749423,0,50,18.5936134446128,26.8541666666667,59.5,0,0,44.1875,100,40.1875,100,36.0208333333333,66,7.91666666666667,9,52,59.5,52,0,93.5,100,35.1888667992048,46.935776644481,490.770015404609,888.528008334656,-135.162390910528,0,52.2388059701493,90.530303030303,40.1875,100,44.1984129056463,27.5,-0.687209566973076,19.4112629070138,100,0.59375,12.6018300924407,0,0,0,14.1666666666667,19.5833333333333,0,17.9166666666667,95,20,0,0,60,92.0833333333333,1.25,0,10,92.5,88.75,0,0,50.4166666666667,95.4166666666667,85.4166666666667,0.699142156862745,-0.0859672227099795,0.285338015803336,1.91622103386809,0.803921568627451,-0.427696078431372,-0.0358673530492829,-0.382044413453751
太阳能板直角边源.txt,太阳能板直角边源,9,太阳能板直角边源:s9:b66,2311,BD736EF347ABF1AD7ECEF29861EE8DAD129E56FF3F48F8ED9CA3EF330B970880,complete,1,2,0,0,,62.125,11.6915422885572,91.4179104477612,83.5858585858586,57.875,66.375,0,62.9166666666667,54,71.5,5.51529493870179,0,100,39.2387029551637,65.6716417910448,100,11.1972740269775,58.3333333333333,100,12.9928228418333,31.7708333333333,44,1.5625,5.5,32.0208333333333,100,21.2708333333333,100,4.54166666666667,9.5,7.70833333333333,12,31.7708333333333,44,27.5,0,80.5,100,27.8496442609085,45.8650212847372,802.715710507611,888.32472392543,80.6203129111748,34.3283582089552,99.6268656716418,77.2727272727273,21.2708333333333,100,39.4586604471378,9.5,0.333647152373523,12.1205770871073,100,-0.24465,0.343018270382825,54.1666666666667,0.0447558139534884,1.11872336239901,0,1.66666666666667,87.9166666666667,96.6666666666667,89.1666666666667,0,22.9166666666667,100,97.9166666666667,82.5,0,57.5,98.75,95,68.75,0.416666666666667,84.1666666666667,100,97.0833333333333,62.0833333333333,0.694444444444444,0.0967385295743505,2.02805417357656,-0.0526094276094275,0.666666666666667,-0.525462962962963,0.0283571310929611,-0.203867292730452
太阳能板直角边源.txt,太阳能板直角边源,9,太阳能板直角边源:s9:b67,2345,B7E80B5B7A23668EB4A846A772ECC8008E4448ED7B85EFEEEF389FC7781449E5,complete,1,2,0,0,,85.5208333333333,76.5547263681592,90.7960199004975,89.2676767676768,82.6666666666667,88.375,32.7083333333333,77.2916666666667,80.5,92,3.54007850154505,4.16666666666667,100,21.2168941875822,80.5970149253731,100,4.77422631744762,75,100,8.31871550720625,7.66666666666667,15.5,1.33333333333333,4.5,8.02083333333333,95.8333333333333,0.833333333333333,16.6666666666667,5.47916666666667,11,8.33333333333333,16,8.08333333333333,15.5,4.5,0,100,100,36.6581106973717,43.3156083828589,1352.48936828682,840.000199592811,326.913550069654,94.7761194029851,86.5671641791045,90.530303030303,0.833333333333333,16.6666666666667,2.73912243911441,11,0.0462310047009949,3.92947957741243,95.8333333333333,-0.155113636363636,0.34371020837041,62.5,-0.00574999999999998,1.27953984784462,31.6666666666667,100,100,85.4166666666667,92.9166666666667,50.4166666666667,100,97.0833333333333,84.1666666666667,85,72.0833333333333,97.0833333333333,87.0833333333333,93.75,82.5,89.5833333333333,97.5,79.5833333333333,97.9166666666667,86.6666666666667,0.688112745098039,1.90774070822359,-0.018290898448932,0.16711229946524,0.647058823529412,-0.601102941176471,-0.00845341610801553,0.259072542248919
太阳能板直角边源.txt,太阳能板直角边源,9,太阳能板直角边源:s9:b68,2379,20CA3DC504F5F4D32128A25A796643779505BB1AC3ADDFF81B1BF9C64F183AA0,complete,1,2,0,0,,92.2291666666667,96.3308457711443,92.5995024875622,87.6893939393939,93.0833333333333,91.375,100,92.5,89,94.5,1.25956485469721,66.6666666666667,100,9.25284505871709,89.5522388059701,98.5074626865672,2.42984080769199,70.8333333333333,100,8.10355222549284,0,0,0.25,2.5,0.75,20.8333333333333,0.875,20.8333333333333,7.52083333333333,11,7.75,12,2.75,4.5,0,0,100,100,63.0821668665041,52.6518242219373,592.030728432465,945.001864896949,-153.242456569115,89.9253731343284,95.8955223880597,86.7424242424242,0.875,20.8333333333333,3.33097697282992,8.5,-0.0587199464193607,5.53447295278532,0,0,0,16.6666666666667,-0.161,0.11180339887499,100,91.6666666666667,94.5833333333333,99.1666666666667,77.0833333333333,100,87.5,97.0833333333333,96.25,87.5,100,85,93.3333333333333,91.6666666666667,87.9166666666667,100,82.9166666666667,100,82.0833333333333,90.8333333333333,0.197303921568627,0.581650570676032,0.0530436055019023,-0.0464200831847889,0.0882352941176471,0.00122549019607843,-0.00308679268001046,0.77717812262154
太阳能板直角边源.txt,太阳能板直角边源,9,太阳能板直角边源:s9:b69,2414,036EF071C3C2AF38F5340EBAC67DDDD65AC33C404ED2AE673E3164429C371338,complete,1,2,0,0,,92.9583333333333,94.8383084577114,93.1592039800995,90.8459595959596,93.625,92.2916666666667,85.4166666666667,90,91.5,95.5,1.14128709441755,66.6666666666667,100,9.06916703009519,89.5522388059701,97.0149253731343,2.01290145987551,75,100,9.10855930185476,0,0,0.0416666666666667,1,0.5625,20.8333333333333,0.833333333333333,25,7,8.5,8.625,10,2.0625,2.5,0,0,100,100,54.9284885968303,53.2029843066632,1021.55539972767,841.101614565687,-43.9916031444551,95.1492537313433,92.5373134328358,90.1515151515152,0.833333333333333,25,3.5932966935478,7.5,-0.0831889213182537,7.12124448058998,0,0,0,4.16666666666667,0,0,91.6666666666667,100,91.6666666666667,99.5833333333333,89.1666666666667,92.0833333333333,100,87.5,100,84.5833333333333,91.6666666666667,99.1666666666667,90,96.25,83.75,90.8333333333333,99.1666666666667,88.75,91.25,92.0833333333333,0.0208333333333335,-0.0426439232409385,0.0159914712153518,0.0901875901875899,0.0261904761904763,-0.00119047619047619,-0.000699113568539801,-0.232962236276394
太阳能板直角边源.txt,太阳能板直角边源,9,太阳能板直角边源:s9:b70,2449,A6F2045AD54A09655E6AC7826292B648B31D455C7DD63423CCA065CAE847E701,complete,1,2,0,0,,93.0416666666667,94.7139303482587,93.0348258706468,91.3510101010101,93.4166666666667,92.6666666666667,100,90.2083333333333,90,95.5,1.62130292925344,54.1666666666667,100,11.6893026397317,86.5671641791045,95.5223880597015,2.84099622248836,58.3333333333333,100,12.2746535165234,0,0,0.0833333333333333,2,0.854166666666667,29.1666666666667,1.14583333333333,37.5,6.875,10,7.79166666666667,10,2.3125,4.5,0,0,100,100,57.1901423284085,51.6922676386358,833.082253356684,791.285172430458,-62.4123600321268,94.7761194029851,89.9253731343284,95.4545454545455,1.14583333333333,37.5,5.14884367117467,7.5,-0.163272639655695,11.0181096842565,0,0,0,4.16666666666667,0,0,93.3333333333333,100,90.4166666666667,97.9166666666667,92.5,90.8333333333333,99.5833333333333,91.25,91.6666666666667,86.6666666666667,91.6666666666667,94.1666666666667,90.8333333333333,100,81.25,90.8333333333333,100,85.8333333333333,100,92.0833333333333,0.00238095238095265,-0.00355366027007814,-0.00355366027007814,0.0144300144300148,0.0107142857142853,0.00892857142857144,-0.00228810623821262,0.0646186780450914
太阳能板直角边源.txt,太阳能板直角边源,9,太阳能板直角边源:s9:b71,2483,1A7514CDA9CA2CC8356622198CA5DB8712E12A3F12A1992C4D6A479D90D993E3,complete,1,2,0,0,,92.1666666666667,92.5373134328358,90.2363184079602,93.75,92.2916666666667,92.0416666666667,98.9583333333333,84.1666666666667,86.5,95.5,2.74521982435979,0,100,17.291269344187,74.6268656716418,95.5223880597015,6.81809499044303,8.33333333333333,100,18.5426560115972,0,0,0,0,2.5625,100,3.20833333333333,100,7.83333333333333,13.5,7.25,12,3.41666666666667,7.5,2,0,100,100,55.0024056452475,50.0925069380203,727.552033249066,1123.54853533534,-154.891817423568,86.9402985074627,85.8208955223881,94.6969696969697,3.20833333333333,100,13.7953227453453,11.5,0.175783830314609,27.0359385139378,0,0,0,0,0,0,100,91.25,85.4166666666667,85.4166666666667,85.8333333333333,100,91.6666666666667,100,90.4166666666667,92.9166666666667,95,91.6666666666667,100,89.1666666666667,92.0833333333333,98.3333333333333,75.8333333333333,96.25,90.8333333333333,91.25,-0.0257352941176475,-0.0640181445712613,-0.0823090430201933,0.0705585264408793,-0.0183823529411761,0.0606617647058824,0.00997224911677366,-0.0643451965635586
太阳能板直角边源.txt,太阳能板直角边源,9,太阳能板直角边源:s9:b72,2519,7BEE161BC5730539F1FB318871C8E8206EF5AAF144CCC39F1EB2E9950A75C6FA,complete,1,2,0,0,,91.1666666666667,92.1019900497513,89.863184079602,91.540404040404,94.625,87.7083333333333,100,99.1666666666667,50.5,95,9.82085919674642,0,100,20.5383640968959,4.47761194029851,94.0298507462687,18.3114273212614,0,100,22.8704064838894,0,0,0,0,4.5625,100,6.45833333333333,100,8.83333333333333,49.5,7.08333333333333,16,4.0625,32,5,0,100,100,49.0174931260074,67.7296964725185,679.975651334864,1115.46490368859,-2.84172489593636,73.8805970149254,71.6417910447761,77.6515151515152,6.45833333333333,100,19.2997075887043,46,-0.124287738929819,9.50417959222915,0,0,0,0,0,0,93.75,100,87.0833333333333,100,90.4166666666667,92.5,100,90,100,92.5,92.5,100,90,100,90.4166666666667,85,77.9166666666667,76.25,80.4166666666667,84.5833333333333,-0.0277777777777778,-0.0120923161967935,-0.0103648424543946,-0.0613776655443322,-0.120370370370371,0.0902777777777777,-0.00833532136790078,-0.166247569978892
太阳能板直角边源.txt,太阳能板直角边源,9,太阳能板直角边源:s9:b73,2553,285746A2CABBA5D0E16F424192C08AE7F191180AF8C1ADA0696FF17F7DCB5F43,complete,1,2,0,0,,91.5,92.910447761194,89.5522388059701,92.0454545454545,95.0833333333333,87.9166666666667,99.7916666666667,99.1666666666667,60.5,96,8.65146381180413,0,100,19.9666458334972,28.3582089552239,95.5223880597015,16.1232480332503,0,100,22.1475996251113,0,0,0,0,3.70833333333333,100,5.25,100,8.5,39.5,7.75,20,3.45833333333333,16,4.5,0,100,100,49.6810030544882,69.0004262574595,652.066610632427,981.602134812189,14.9235917018857,79.4776119402985,66.044776119403,78.7878787878788,5.25,100,18.2183848828235,25,-0.118250892363501,17.5551497686232,0,0,0,0,0,0,94.1666666666667,100,91.25,100,92.0833333333333,92.9166666666667,100,90,100,90.4166666666667,92.5,100,90,100,92.5,87.5,78.3333333333333,74.5833333333333,78.3333333333333,85.4166666666667,0.00980392156862773,0.0237781679836109,-0.00914544922446602,0.0148544266191325,0.00612745098039244,-0.0355392156862745,0.000177554310774064,0.0195149978964928
太阳能板直角边源.txt,太阳能板直角边源,9,太阳能板直角边源:s9:b74,2587,110323AE35A6596EE7C630F417D45AF071F312DAED4B645795F544D13B34BDD1,complete,1,2,0,0,,91.25,93.0348258706468,88.8059701492537,91.9191919191919,95.125,87.375,99.7916666666667,98.75,54,96,9.66616690362295,0,100,19.8665986531049,26.865671641791,95.5223880597015,18.6313909875939,0,100,21.7259406195407,0,0,0,0,3.70833333333333,100,5.89583333333333,100,8.75,46,7.83333333333333,18,3.47916666666667,17,5,0,100,100,50.2991146207227,70.0310559006211,640.362731626661,955.719622442551,27.7979664664643,80.5970149253731,61.1940298507463,78.4090909090909,5.89583333333333,100,19.3066112148058,24.5,-0.169215362064378,16.9506021096032,0,0,0,0,0,0,94.5833333333333,100,91.6666666666667,100,92.5,92.5,100,90,100,90,92.5,100,90,100,92.5,87.9166666666667,79.1666666666667,70.4166666666667,76.6666666666667,84.5833333333333,-0.00735294117647059,0.00365817968978674,-0.0219490781387179,-0.00371360665478323,-0.0159313725490197,0.0189950980392157,-0.00149895499120226,0.0181797519480741
太阳能板直角边源.txt,太阳能板直角边源,9,太阳能板直角边源:s9:b75,2622,7358E340847888B14873B0708CBBB891060A321397CD3DD8C954EDDC2051F2BE,interrupted_by_connection_loss,0,2,0,0,,NaN,NaN,NaN,NaN,NaN,NaN,NaN,NaN,NaN,NaN,NaN,NaN,NaN,NaN,NaN,NaN,NaN,NaN,NaN,NaN,NaN,NaN,NaN,NaN,NaN,NaN,NaN,NaN,NaN,NaN,NaN,NaN,NaN,NaN,NaN,NaN,NaN,NaN,NaN,NaN,NaN,NaN,NaN,NaN,NaN,NaN,NaN,NaN,NaN,NaN,NaN,NaN,NaN,NaN,NaN,NaN,NaN,NaN,NaN,NaN,NaN,NaN,NaN,NaN,NaN,NaN,NaN,NaN,NaN,NaN,NaN,NaN,NaN,NaN,NaN,NaN,NaN,NaN,NaN,NaN,NaN,NaN,NaN,NaN,NaN,NaN
太阳能板直角边源.txt,太阳能板直角边源,10,太阳能板直角边源:s10:b1,3,758355B80D32B77C0AC5DADF9B55F32DA73E4A36D67472258D871122FC6E8FEF,complete,1,1,1,0,,39.5,1.49253731343284,81.8407960199005,35.1010101010101,33.0833333333333,45.9166666666667,0.208333333333333,0,27,52.5,7.54263245477506,0,100,40.8824013800792,61.1940298507463,97.0149253731343,12.2972809462139,20.8333333333333,100,19.9523513385234,35.75,45,19.7708333333333,26.5,56.6666666666667,100,42.3333333333333,100,4.97916666666667,36.5,6.41666666666667,10,36.8958333333333,45,53,0,80,100,44.5561139028475,46.3483650736615,1202.61482716173,894.91023629081,-40.3382344709533,7.08955223880597,94.0298507462687,48.8636363636364,42.3333333333333,100,49.0744173335515,6,-0.558010513600422,16.8340396674869,100,-0.0971,6.87851293648499,100,-0.13825,0.661066834672094,0.416666666666667,0,81.6666666666667,66.6666666666667,0,0,5,92.5,84.5833333333333,0,0,24.1666666666667,92.5,91.6666666666667,7.08333333333333,0,40,92.5,87.5,23.75,0,0,0,0,0,0,0,0
太阳能板直角边源.txt,太阳能板直角边源,10,太阳能板直角边源:s10:b2,119,5016CD7D9181ED95CE09B7239C831EFF039556FF967AC9E1CA8E0A4F334142C0,complete,1,1,1,0,,39.1041666666667,1.3681592039801,81.2810945273632,34.5959595959596,32.5833333333333,45.625,0,0,26.5,52.5,7.63427506690068,0,100,40.6656933372687,61.1940298507463,95.5223880597015,12.6491348880358,16.6666666666667,100,20.1317882073838,37.3125,45,19.8541666666667,27,57.2708333333333,100,42.4791666666667,100,3.72916666666667,8,6.33333333333333,10,37.3125,45,53,0,58,100,44.631642647036,46.3371461720388,1198.46487169524,895.991450138872,-39.1127080489618,7.08955223880597,92.910447761194,48.1060606060606,42.4791666666667,100,49.1192981867118,5.5,0.0225589174241038,4.12838091609943,100,-0.15885,0.400820038045193,100,-0.13955,0.641851328595123,0,0,80,65.4166666666667,0,0,5,91.6666666666667,83.75,0,0,24.1666666666667,92.5,91.6666666666667,7.08333333333333,0,39.1666666666667,92.0833333333333,86.25,23.3333333333333,-0.0034123563218391,-0.0010722250814891,-0.00482501286670099,-0.00435388366422843,-0.00251436781609193,0.00125718390804606,0.00500490888814247,0.000651109863693931
太阳能板直角边源.txt,太阳能板直角边源,10,太阳能板直角边源:s10:b3,154,C466722B2810F736E3D43AF16923D9B49DF1CD50EA9FA5120A84398A13218BA0,complete,1,1,1,0,,38.8541666666667,1.18159203980099,81.2189054726368,34.0909090909091,32.4583333333333,45.25,0,0,26.5,52,7.46656193314227,0,100,40.6662511220085,61.1940298507463,95.5223880597015,12.5332698484231,20.8333333333333,100,20.1187177064261,37.4583333333333,45,19.9791666666667,27,57.5625,100,42.5416666666667,100,3.70833333333333,8,6.33333333333333,10,37.4583333333333,45,53.5,0,58,100,44.7035860734678,46.424709280794,1196.88701750089,897.203030019134,-37.7137231027769,5.97014925373134,93.2835820895522,46.969696969697,42.5416666666667,100,49.0711283964348,6,0.104743660244254,3.20028070726937,100,-0.1548,0.457469541764818,100,-0.14005,0.607186978261267,0,0,80.4166666666667,65,0,0,4.58333333333333,91.25,83.3333333333333,0,0,23.75,92.0833333333333,91.6666666666667,6.25,0,38.3333333333333,92.0833333333333,86.25,22.0833333333333,-0.00714285714285714,-0.00533049040511728,-0.00177683013503887,-0.0144300144300146,-0.0107142857142857,0.00178571428571388,0.00234813550914714,0.00205552646947922
太阳能板直角边源.txt,太阳能板直角边源,10,太阳能板直角边源:s10:b4,189,2ECB86B51E70FCD400458D1D6F64A2452AE3DB0B2A44E6FB181DE2F4BE28E1FD,complete,1,1,1,0,,39.2083333333333,1.3681592039801,81.4676616915423,34.7222222222222,32.875,45.5416666666667,0,0,26.5,52.5,7.47447346795668,0,100,40.737525622676,61.1940298507463,95.5223880597015,12.2677098641864,16.6666666666667,100,20.025809079734,37.25,45,19.8125,27,57.1458333333333,100,42.4791666666667,100,3.72916666666667,8,6.33333333333333,10,37.25,45,53,0,58,100,44.6173637205906,46.4076049706469,1199.87922516279,896.834906371982,-38.540361594766,7.08955223880597,92.910447761194,48.1060606060606,42.4791666666667,100,49.1192981867118,5.5,0.0225589174241038,4.12838091609943,100,-0.1567,0.418232564802012,100,-0.13855,0.648706209602476,0,0,81.25,65.8333333333333,0,0,5,92.0833333333333,84.5833333333333,0,0,24.1666666666667,92.5,91.25,7.08333333333333,0,39.1666666666667,91.6666666666667,86.25,23.3333333333333,0.0101190476190478,0.00533049040511728,0.00710732054015628,0.0180375180375181,0.00833333333333347,-0.00178571428571388,-0.00234813550914714,-0.00246349579649205
太阳能板直角边源.txt,太阳能板直角边源,10,太阳能板直角边源:s10:b5,219,26041D82EB1205A343CFC1D3E264FB9E54F2ADE52D86281B6A5BB9A20879277C,complete,1,1,1,0,,38.8541666666667,1.18159203980099,81.2810945273632,34.0277777777778,32.4583333333333,45.25,0,0,26.5,52,7.45782222360124,0,100,40.6662511220085,61.1940298507463,95.5223880597015,12.5260229024949,20.8333333333333,100,20.1448502278635,37.4583333333333,45,19.9791666666667,27,57.5625,100,42.5416666666667,100,3.70833333333333,8,6.33333333333333,10,37.4583333333333,45,53.5,0,58,100,44.7109482677441,46.4276720242945,1197.07593760899,897.185562099522,-37.6974130873213,5.97014925373134,93.2835820895522,46.969696969697,42.5416666666667,100,49.0711283964348,6,0.104743660244254,3.20028070726937,100,-0.1548,0.457469541764818,100,-0.14005,0.607186978261267,0,0,80.4166666666667,65,0,0,4.58333333333333,91.6666666666667,82.9166666666667,0,0,23.75,92.0833333333333,91.6666666666667,6.25,0,38.3333333333333,92.0833333333333,86.25,22.0833333333333,-0.0118055555555557,-0.00621890547263682,-0.00621890547263699,-0.0231481481481481,-0.00972222222222238,0.00208333333333286,0.00273949142733833,0.00311948490511848
太阳能板直角边源.txt,太阳能板直角边源,10,太阳能板直角边源:s10:b6,254,F04617E10B5BC48ABDF237E0F5C32B543EEF3E5DF95C8340C6FE4DB9EDD6BB4D,complete,1,1,1,0,,38.9791666666667,1.30597014925373,81.2189054726368,34.3434343434343,32.5833333333333,45.375,0,0,26.5,52,7.51010792295908,0,100,40.6447064903852,61.1940298507463,95.5223880597015,12.4945708989564,20.8333333333333,100,20.0138464054791,37.4166666666667,45,19.9166666666667,27,57.3958333333333,100,42.5,100,3.6875,7.5,6.25,10,37.4166666666667,45,53.5,0,58,100,44.6702615158414,46.3936348657354,1197.60417420077,895.633117094812,-37.6647314668358,6.71641791044776,93.6567164179104,46.969696969697,42.5,100,49.1002944676124,6,0.0730889892111102,3.55403796103732,100,-0.1554,0.534306177942422,100,-0.1394,0.625523934983079,0,0,80.4166666666667,65.4166666666667,0,0,5,91.25,83.75,0,0,23.75,91.6666666666667,91.6666666666667,6.25,0,39.1666666666667,92.0833333333333,86.25,22.9166666666667,0.00357142857142857,0.00355366027007818,-0.00177683013503887,0.00901875901875887,0.00357142857142857,-0.00119047619047592,-0.00090441917237553,-0.00116247862579318
太阳能板直角边源.txt,太阳能板直角边源,10,太阳能板直角边源:s10:b7,285,C68A09EA89B8001A6717A156E1B7B00504408E8544C844FD3FC5FA5A3D527E3E,complete,1,1,1,0,,39.5208333333333,1.67910447761194,81.7164179104478,35.1010101010101,32.875,46.1666666666667,0,0,27,53,7.73540584734818,0,100,40.6341445920556,61.1940298507463,95.5223880597015,12.3959928626167,20.8333333333333,100,19.6367906725356,37.1041666666667,45,19.5833333333333,26.5,56.8541666666667,100,41.4791666666667,100,3.79166666666667,7,6.41666666666667,10,37.1041666666667,45,52.5,0,59,100,44.5600375283236,46.2490077730683,1202.26136338411,893.834793109272,-40.2578861752664,8.58208955223881,92.910447761194,49.2424242424242,41.4791666666667,100,48.9513453261567,6,0.104747664632285,3.52293460341432,100,-0.16045,0.448748595465621,100,-0.1435,0.417119319344055,0,0,81.25,66.25,0,0,5.41666666666667,91.6666666666667,84.1666666666667,0,0,25.4166666666667,92.5,91.6666666666667,7.91666666666667,0,40.8333333333333,92.0833333333333,86.25,25,0.01747311827957,0.0120365912373616,0.0160487883164819,0.0244379276637341,0.0255376344086021,-0.0329301075268816,0.00102124759423145,-0.00355561250057209
太阳能板直角边源.txt,太阳能板直角边源,10,太阳能板直角边源:s10:b8,318,53EC6203A0FAC158EF803E4A9C55154EA1CA86283123A4B25FD433D8BBE49780,complete,1,1,1,0,,39.5833333333333,1.67910447761194,81.7164179104478,35.290404040404,33,46.1666666666667,0,0,27,53,7.68208908784734,0,100,40.6856883596382,61.1940298507463,95.5223880597015,12.3725303945248,20.8333333333333,100,19.6367906725356,37.1041666666667,45,19.5416666666667,26.5,56.8125,100,41.4791666666667,100,3.77083333333333,7,6.41666666666667,10,37.1041666666667,45,52.5,0,59,100,44.5238260266851,46.2698650674662,1202.45784311468,894.32545196667,-39.6771673078726,8.58208955223881,92.910447761194,49.2424242424242,41.4791666666667,100,48.9513453261567,6,0.104747664632285,3.52293460341432,100,-0.16045,0.448748595465621,100,-0.1423,0.421128286649597,0,0,81.25,66.6666666666667,0,0,5.41666666666667,91.25,85.4166666666667,0,0,25.4166666666667,92.5,91.6666666666667,7.91666666666667,0,40.8333333333333,92.0833333333333,86.25,25,0.00189393939393918,0,0,0.00573921028466499,0,0,0,-0.00109731823147027
太阳能板直角边源.txt,太阳能板直角边源,10,太阳能板直角边源:s10:b9,352,6000D23FF6DC3C0FB40998F1E958BEC1D72B4E3C08F601A7947F16528F44F052,complete,1,1,1,0,,38.8958333333333,1.30597014925373,81.0323383084577,34.280303030303,32.5,45.2916666666667,0,0,26.5,52.5,7.5454840606912,0,100,40.6047199520467,61.1940298507463,95.5223880597015,12.3508206044895,16.6666666666667,100,20.2608668686128,37.375,45,19.9375,27,57.5,100,42.4791666666667,100,3.79166666666667,8,6.33333333333333,10,37.375,45,53.5,0,58,100,44.6787294810225,46.3837293763619,1196.3921256691,894.522178670431,-38.6804212346664,7.08955223880597,92.910447761194,48.1060606060606,42.4791666666667,100,49.1192981867118,5.5,0.0225589174241038,4.12838091609943,100,-0.1582,0.384846572101106,100,-0.14045,0.623356534870068,0,0,80.4166666666667,65,0,0,4.58333333333333,91.25,83.75,0,0,23.75,91.6666666666667,91.25,6.25,0,38.75,91.6666666666667,86.6666666666667,22.9166666666667,-0.0202205882352939,-0.0109745390693591,-0.020119988293825,-0.029708853238265,-0.0257352941176468,0.0294117647058824,-0.00241731609435827,0.00455598395110023
太阳能板直角边源.txt,太阳能板直角边源,10,太阳能板直角边源:s10:b10,387,0B86CE3496374362D0A12B6D4D785A3F67EC8D221A23B1B969A45C130EFC94E4,complete,1,1,1,0,,39.3333333333333,1.49253731343284,81.592039800995,34.8484848484849,32.9166666666667,45.75,0,0,27,53,7.57235628520905,0,100,40.7213536515681,61.1940298507463,95.5223880597015,12.4070569384635,20.8333333333333,100,19.8260168913519,37.2083333333333,45,19.75,26.5,57.0416666666667,100,41.9375,100,3.70833333333333,7.5,6.33333333333333,10,37.2083333333333,45,53,0,58.5,100,44.6036846319509,46.3434663162924,1201.14445907944,894.560441326016,-38.3614477887982,7.83582089552239,93.2835820895522,48.4848484848485,41.9375,100,49.0684393043242,5.5,0.0721014492753623,3.9727607885233,100,-0.1587,0.430277688114186,100,-0.139,0.676333894043381,0,0,81.25,66.25,0,0,5,92.0833333333333,84.5833333333333,0,0,24.1666666666667,92.5,91.25,7.08333333333333,0,40.4166666666667,92.0833333333333,86.25,23.75,0.0124999999999998,0.00533049040511727,0.0159914712153518,0.0162337662337663,0.013095238095238,-0.0154761904761906,0.00141550091003596,-0.00214413854490293
太阳能板直角边源.txt,太阳能板直角边源,10,太阳能板直角边源:s10:b11,419,9C36DBF937821DD8D5ACE053670AB7284A752D4BC33C7D9EF5914BB1C988C8AC,complete,1,1,1,0,,39.5416666666667,1.67910447761194,81.7164179104478,35.1641414141414,33.0416666666667,46.0416666666667,0,0,27.5,52.5,7.56122354181354,0,100,40.7242458000133,62.6865671641791,95.5223880597015,12.1911514263198,20.8333333333333,100,19.6903002775823,37.1041666666667,44.5,19.6875,26.5,56.8541666666667,100,41.9791666666667,100,3.66666666666667,7,6.33333333333333,10,37.1041666666667,44.5,53,0,58.5,100,44.5509767999196,46.3353609205046,1202.84142335826,894.825466477441,-37.8897140447986,8.58208955223881,92.910447761194,48.8636363636364,41.9791666666667,100,49.0361764878802,6,0.104747664632285,3.52293460341432,100,-0.16015,0.47538917441372,100,-0.13785,0.686347848809347,0,0,81.25,67.0833333333333,0,0,5.41666666666667,91.25,85.4166666666667,0,0,25.4166666666667,92.5,91.6666666666667,7.5,0,40.8333333333333,91.6666666666667,86.25,24.5833333333333,0.00651041666666696,0.00583022388059702,0.00388681592039797,0.00986426767676751,0.00911458333333326,0.00130208333333348,0.00102019422990383,-0.0016471197509782
太阳能板直角边源.txt,太阳能板直角边源,10,太阳能板直角边源:s10:b12,451,20A68E5002AF75693F11FB3106EC3DDC597F3F424012FA038CAA10743942942F,complete,1,1,1,0,,39.2708333333333,1.49253731343284,81.5298507462687,34.7222222222222,32.8333333333333,45.7083333333333,0,0,27,53,7.57710964548555,0,100,40.6801932548896,61.1940298507463,95.5223880597015,12.5092583416422,20.8333333333333,100,19.5598650563126,37.1875,45,19.7916666666667,26.5,57.1041666666667,100,41.9375,100,3.75,8,6.33333333333333,10,37.1875,45,53,0,58.5,100,44.6408715964039,46.3539413826534,1201.04205492228,895.626936050583,-37.2722924574061,7.83582089552239,92.910447761194,48.1060606060606,41.9375,100,49.0684393043242,5.5,0.0721014492753623,3.9727607885233,100,-0.15965,0.4479876502568,100,-0.1374,0.647125285602178,0,0,80.8333333333333,65.8333333333333,0,0,5.41666666666667,91.6666666666667,84.5833333333333,0,0,24.5833333333333,92.5,91.6666666666667,7.08333333333333,0,40.4166666666667,91.6666666666667,86.25,22.9166666666667,-0.00846354166666674,-0.00583022388059702,-0.00583022388059673,-0.0138099747474747,-0.0104166666666665,-0.00130208333333348,-0.00102019422990383,0.00280921239013487
太阳能板直角边源.txt,太阳能板直角边源,10,太阳能板直角边源:s10:b13,483,069EBB0B3AB4680F9868696E2AAB09D909E5D4FEBD3C5BC79EDF59D56CE419D3,complete,1,1,1,0,,38.9375,1.24378109452736,81.2810945273632,34.2171717171717,32.5,45.375,0,0,26.5,52.5,7.51420755751339,0,100,40.6655217096557,61.1940298507463,95.5223880597015,12.4484596422666,20.8333333333333,100,20.1448502278635,37.4375,45,19.9375,27,57.5,100,42.4791666666667,100,3.6875,8,6.25,10,37.4375,45,53.5,0,58,100,44.6738983213577,46.3931289217213,1197.2283737309,895.644727173818,-38.3450326118608,6.34328358208955,93.2835820895522,47.7272727272727,42.4791666666667,100,49.1175220346706,5.5,0.0966982676509109,3.28376411609699,100,-0.15575,0.470242190143871,100,-0.14045,0.623356534870068,0,0,80.4166666666667,65.4166666666667,0,0,4.58333333333333,91.25,83.3333333333333,0,0,23.75,92.0833333333333,91.6666666666667,6.25,0,38.75,92.0833333333333,86.6666666666667,22.5,-0.0104166666666667,-0.00777363184079601,-0.00777363184079638,-0.0157828282828283,-0.0104166666666667,0.016927083333333,0.000768650574235893,0.00103208515480446
太阳能板直角边源.txt,太阳能板直角边源,10,太阳能板直角边源:s10:b14,513,BF288B9F550F3E2A4B11E5CC84099DA45E3E623BA61431390CABC9E0DF571B02,complete,1,1,1,0,,39.3125,1.49253731343284,81.592039800995,34.7853535353535,32.7916666666667,45.8333333333333,0,0,26.5,53,7.64968385251824,0,100,40.6740593052,61.1940298507463,95.5223880597015,12.5081291506591,20.8333333333333,100,19.679530196098,37.2083333333333,45,19.7708333333333,27,57.0625,100,41.9375,100,3.70833333333333,7.5,6.33333333333333,10,37.2083333333333,45,53,0,58.5,100,44.6102810654715,46.309646412633,1200.82762214378,895.040212629415,-38.5681518314021,7.83582089552239,93.2835820895522,48.4848484848485,41.9375,100,49.0684393043242,5.5,0.0721014492753623,3.9727607885233,100,-0.1601,0.420353256087522,100,-0.14015,0.676667514456526,0,0,80.8333333333333,66.25,0,0,5,91.6666666666667,84.1666666666667,0,0,24.5833333333333,92.5,91.6666666666667,7.08333333333333,0,40.4166666666667,92.0833333333333,86.25,23.75,0.0125,0.00829187396351575,0.0103648424543948,0.018939393939394,0.0152777777777776,-0.0180555555555552,-0.000819893945851619,-0.00212057519620596
太阳能板直角边源.txt,太阳能板直角边源,10,太阳能板直角边源:s10:b15,547,97115B99FDE666E50A31C36CFB2CAB3B07841867B7E117E43928F5D64B46A8DF,complete,1,1,1,0,,38.875,3.54477611940298,85.5721393034826,27.3358585858586,32.5833333333333,45.1666666666667,0,0,26.5,52,7.38277961086532,0,100,40.4428954420484,68.6567164179104,95.5223880597015,10.2716846065831,45.8333333333333,100,13.3807623566931,34.7708333333333,42,22.3125,29.5,57.25,100,42.1458333333333,100,4.04166666666667,9,6.16666666666667,10,34.7708333333333,42,53,0,58.5,100,46.3370019833317,46.4746154530097,1233.50374210948,898.432917618119,-23.4508110336892,11.5671641791045,94.7761194029851,39.3939393939394,42.1458333333333,100,48.9243908320367,6.5,0.18064409157275,3.54777593943384,100,-0.15205,0.428088028217774,100,-0.14375,0.858474907418188,0,0.416666666666667,91.6666666666667,53.3333333333333,0,0,16.6666666666667,92.9166666666667,70.8333333333333,0,0,36.6666666666667,92.0833333333333,84.5833333333333,0,0,51.25,91.6666666666667,77.0833333333333,18.3333333333333,-0.0128676470588235,0.060359964881475,0.117061750073164,-0.219102792632204,-0.0196078431372548,0.00612745098039244,0.00319243065580551,0.0507859093488302
太阳能板直角边源.txt,太阳能板直角边源,10,太阳能板直角边源:s10:b16,583,2E8CB51B6AF63E792F9D5C8853352FB835A9B1004E960DD914E226B8A15320D5,complete,1,1,1,0,,35.6458333333333,66.7910447761194,39.6144278606965,0,29.2916666666667,42,11.4583333333333,0,22.5,50.5,7.69737274019189,0,100,40.5647800243004,14.9253731343284,70.1492537313433,14.3090068238288,0,95.8333333333333,34.3237729279496,10.25,15,51.3541666666667,61.5,61.7916666666667,100,46.3541666666667,100,2.75,6.5,5.58333333333333,8,51.3541666666667,61.5,58,12.5,54,100,61.5303776896787,46.5030191281828,854.37616222099,894.104715344667,92.5756518501926,78.7313432835821,61.1940298507463,0,46.3541666666667,100,49.6848272574593,3.5,0.342940041108939,4.78063417726523,100,-0.095,0.274191829601631,100,-0.20965,0.699312766514831,30.4166666666667,93.3333333333333,4.58333333333333,0,0,41.25,93.3333333333333,30,0,0,51.6666666666667,92.9166666666667,48.75,0,0,65,97.5,64.1666666666667,0,0,-0.0896990740740742,1.7568407960199,-1.27660309563295,-0.759329405162739,-0.0879629629629629,0.116898148148148,0.0045082208204497,0.422038214065192
太阳能板直角边源.txt,太阳能板直角边源,10,太阳能板直角边源:s10:b17,613,72C31771D143AAF2607D4711F3AF0D514C30FE7C0859C702F41C75BC48059A19,complete,1,1,1,0,,35.1458333333333,66.9776119402985,37.9353233830846,0,28.75,41.5416666666667,13.75,0,21.5,50,7.77465107097176,0,100,39.9009834540131,11.9402985074627,67.1641791044776,14.5102335012616,0,91.6666666666667,33.5937924563839,9.75,14.5,51.9583333333333,62.5,61.8958333333333,100,46.4166666666667,100,3.14583333333333,6.5,5.66666666666667,8,51.9583333333333,62.5,57.5,12.5,54,100,61.5241320641112,46.4950627802064,840.714450223971,894.032724593515,93.1462650868168,79.1044776119403,59.7014925373134,0,46.4166666666667,100,49.6323023675371,4,0.245631547312382,4.79466638477728,100,-0.0939,0.275493628112221,100,-0.2129,0.680122360403459,33.3333333333333,89.1666666666667,2.91666666666667,0,0,43.3333333333333,92.0833333333333,26.6666666666667,0,0,51.6666666666667,91.25,47.5,0,0,65.8333333333333,97.0833333333333,62.0833333333333,0,0,-0.0166666666666667,0.00621890547263699,-0.0559701492537312,0,-0.0152777777777779,0.00208333333333286,-0.00324361645988524,-0.0002081875189153
太阳能板直角边源.txt,太阳能板直角边源,10,太阳能板直角边源:s10:b18,644,AAAEEEFE5975D4AF95E8C597A07C5610700B8F272234E12CEDAB204BF3B2E780,complete,1,1,1,0,,35.6458333333333,67.2885572139303,39.1169154228856,0,28.7916666666667,42.5,14.5833333333333,0,22,50.5,8.19262548386295,0,100,39.9449507346796,11.9402985074627,70.1492537313433,15.4795192910095,0,95.8333333333333,33.5845585274841,9.66666666666667,14.5,51.5833333333333,62.5,61.5,100,45.8958333333333,100,3.10416666666667,6,5.66666666666667,8,51.5833333333333,62.5,56,12.5,54.5,100,61.6800415154439,46.2609258659761,841.701036070009,891.08002846543,98.7289893445831,79.8507462686567,62.3134328358209,0,45.8958333333333,100,49.6102155707132,4,0.285568637979085,4.67616479595325,100,-0.0967,0.292483328729248,100,-0.221,0.459731070306143,33.3333333333333,89.1666666666667,3.33333333333333,0,0,42.9166666666667,91.6666666666667,27.5,0,0,52.9166666666667,92.9166666666667,49.1666666666667,0,0,67.0833333333333,97.0833333333333,65.8333333333333,0,0,0.0161290322580645,0.010030492697801,0.038115872251645,0,0.0309139784946237,-0.0168010752688166,0.00128829324731302,0.00502933713976579
太阳能板直角边源.txt,太阳能板直角边源,10,太阳能板直角边源:s10:b19,676,78D6F34E31B8C90210E9ED3383FE89384361D01694AE6037F7245BFD8DDD7100,complete,1,1,1,0,,35.8958333333333,67.0398009950249,40.1119402985075,0,29.3333333333333,42.4583333333333,13.9583333333333,0,23,50.5,7.96866030782147,0,100,40.0321738190121,14.9253731343284,70.1492537313433,14.6787706892793,0,91.6666666666667,33.8333381606667,9.77083333333333,14.5,51,61.5,60.9583333333333,100,45.5208333333333,100,3.33333333333333,7,5.75,8,51,61.5,56.5,12.5,55,100,61.6808449135506,46.3579714854955,847.395468193156,891.240544032033,96.373498067627,79.8507462686567,62.6865671641791,0,45.5208333333333,100,49.4824863340229,4.5,0.381114366319444,5.68237238049633,100,-0.09665,0.282808016852662,100,-0.217,0.571040240720161,32.5,90.8333333333333,5,0,0,42.5,91.6666666666667,30.8333333333333,0,0,52.0833333333333,92.9166666666667,49.1666666666667,0,0,67.9166666666667,96.25,66.25,0,0,0.00781250000000022,-0.00777363184079594,0.031094527363184,0,-0.00130208333333348,-0.01171875,0.00298580401063622,2.51061908340677e-05
太阳能板直角边源.txt,太阳能板直角边源,10,太阳能板直角边源:s10:b20,711,6AE7F1302728E652DE46DA232D2DD90C3FA21931178A59F2E2F3096B298E92FA,complete,1,1,1,0,,36.0416666666667,64.9875621890547,42.5995024875622,0,29.625,42.4583333333333,10.4166666666667,0,23,51,7.85592640686921,0,100,40.1845920440195,17.910447761194,73.134328358209,14.4504529718144,0,95.8333333333333,34.6247690155236,10.5416666666667,15.5,50.1458333333333,60.5,60.8958333333333,100,44.9375,100,3.27083333333333,6.5,5.75,8,50.1458333333333,60.5,56.5,8.33333333333333,55.5,100,61.3040773902084,46.4027758107917,875.705103580045,891.091923355261,91.9411457347259,77.6119402985075,65.2985074626866,0,44.9375,100,49.4894323962203,4.5,0.2720703125,5.9718184618038,100,-0.0988,0.228502000540931,100,-0.21215,0.512876172773735,28.3333333333333,92.5,9.16666666666667,0,0,38.75,92.0833333333333,35.4166666666667,0,0,48.3333333333333,93.75,52.0833333333333,0,0,64.5833333333333,95.4166666666667,69.5833333333333,0.833333333333333,0,0.00416666666666653,-0.05863539445629,0.0710732054015637,0,0,-0.0166666666666669,-0.00311554439484128,-0.0107647863812052
太阳能板直角边源.txt,太阳能板直角边源,10,太阳能板直角边源:s10:b21,746,E54D9B4A3B260ADC2080752967BFAFBE52C4E7F717674351B5376855BE4DF1DD,complete,1,1,1,0,,38.8333333333333,56.2189054726368,59.7014925373134,0,32.7083333333333,44.9583333333333,0.625,0,26,52,7.54935451698941,0,100,41.3086799011525,35.8208955223881,88.0597014925373,14.2616878493419,0,95.8333333333333,33.6192602690518,13.9791666666667,19.5,44.125,53.5,58.2916666666667,100,43.5625,100,3.0625,6.5,5.83333333333333,8,44.125,53.5,52.5,0,57,100,59.8258663891666,46.3940883781542,1021.53781351165,890.300636619561,74.654838483277,67.910447761194,82.4626865671642,0,43.5625,100,49.2276994989816,5,0.280320813771518,5.19851417106315,100,-0.10525,0.317739886173739,100,-0.1923,0.728222473571431,8.75,95,42.9166666666667,0,0,20.8333333333333,98.3333333333333,61.25,0,0,37.9166666666667,95,72.5,0.833333333333333,0,50,94.5833333333333,79.5833333333333,19.1666666666667,0,0.0797619047619047,-0.250533049040512,0.48862828713575,0,0.0714285714285716,-0.0392857142857143,0.000235728607757667,-0.0422346000297669
太阳能板直角边源.txt,太阳能板直角边源,10,太阳能板直角边源:s10:b22,780,7A2EF1403F47DF91EC8F62DFB1012A7083B1AD5C3CFDBC715210A88D81E7B819,complete,1,1,1,0,,38.8541666666667,23.6318407960199,87.5,4.92424242424242,32.7916666666667,44.9166666666667,0,0,26.5,52,7.1725308835419,0,100,41.4397874606644,74.6268656716418,95.5223880597015,5.9018234918067,37.5,100,14.250347033402,25.2916666666667,32,32.6666666666667,40.5,58.1041666666667,100,43.5416666666667,100,3.1875,7.5,6,8,32.6666666666667,40.5,54.5,0,57,100,52.6626317276331,46.5669209688171,1254.34944358292,898.418687500787,24.6636050910737,39.9253731343284,86.9402985074627,18.5606060606061,43.5416666666667,100,49.2347036561553,5,0.291241702674738,4.25664347743061,100,-0.1297,0.229194662321606,100,-0.1585,0.698136321696199,0,47.9166666666667,92.9166666666667,6.66666666666667,0,0,60.8333333333333,92.9166666666667,26.6666666666667,0,0,76.6666666666667,94.1666666666667,41.25,0,1.66666666666667,92.9166666666667,95.8333333333333,46.6666666666667,0,0.000612745098039285,-0.958443078724027,0.817603160667252,0.144830659536542,-0.00122549019607857,-0.000612745098039076,0.000321202614800576,-0.210683372398045
太阳能板直角边源.txt,太阳能板直角边源,10,太阳能板直角边源:s10:b23,811,CC5D1C29B9CFF59E380EB91FF4454C8A8C6F08267B0A0B7B751E16ACEDCF1117,complete,1,1,1,0,,39.5208333333333,0,48.3830845771144,70.6439393939394,34.8333333333333,44.2083333333333,0,21.6666666666667,29,48,5.68651946476827,0,100,42.0335138466031,19.4029850746269,77.6119402985075,17.9208096062964,0,100,37.15437826167,49.9583333333333,59.5,7.70833333333333,10,56.7291666666667,100,46.6875,100,2.8125,4.5,6.41666666666667,8,49.9583333333333,59.5,51.5,0,54.5,100,36.521567534538,47.2824214830235,821.675010732324,909.766178717526,-34.1610667274546,0,73.5074626865672,67.0454545454545,46.6875,100,49.1168115558701,6.5,0.588249708429489,7.75811275442399,100,-0.1953,0.308387186836339,100,0.00290000000000002,1.40350019662712,0,0,12.0833333333333,95,50.4166666666667,0,0,37.9166666666667,94.5833333333333,58.3333333333333,0,0,58.3333333333333,94.1666666666667,61.25,0,0,83.75,92.5,52.0833333333333,0.0215053763440862,-0.7623174450329,-1.26183598138341,2.11999022482893,-0.0228494623655912,0.101478494623656,0.0095809034114436,-0.520679490099841
太阳能板直角边源.txt,太阳能板直角边源,10,太阳能板直角边源:s10:b24,839,D9006859CED3E000CD55272644BC7373C2C0F09BEACD4148CFFE027130B3B575,complete,1,2,0,0,,33.75,2.17661691542289,14.863184079602,84.9747474747475,29.5,38,0,89.375,24.5,40,5.01085777608724,0,100,39.1091116373835,0,40.2985074626866,13.8655460232316,0,62.5,19.4249164286546,38.6458333333333,60.5,0.75,4,52.6458333333333,100,48.3125,100,26.8541666666667,42.5,6.33333333333333,8,45.4791666666667,60.5,58.5,4.16666666666667,79,100,34.9592301128283,47.8219852337982,493.769050518269,911.147157742814,-65.5693654189916,0,36.9402985074627,81.8181818181818,48.3125,100,46.0414748133371,24,-0.771740850149295,19.7787827227258,100,0.31565,10.6188963002407,41.6666666666667,0.0210054461667365,0.901506907710744,0,12.0833333333333,0,33.75,87.9166666666667,0,7.91666666666667,0,59.5833333333333,93.75,0,2.08333333333333,1.66666666666667,86.6666666666667,92.9166666666667,0,0,23.3333333333333,93.3333333333333,80,-0.206101190476191,0.0777363184079602,-1.19713930348259,0.511814574314574,-0.221726190476191,0.0580357142857143,-0.0485710913778137,-0.0557977650610622
太阳能板直角边源.txt,太阳能板直角边源,10,太阳能板直角边源:s10:b25,872,CF79FBCF0DA8B9B58F0DE7B541757C7BE3316DDD2D0ED4DCAC0F8E4FD1E05F14,complete,1,2,0,0,,34.125,2.61194029850746,15.2985074626866,85.2272727272727,29.8333333333333,38.4166666666667,0,89.7916666666667,25.5,40.5,4.99184116943534,0,100,39.0161806617951,0,41.7910447761194,14.1816658091657,0,62.5,19.4406750454666,38.5625,60.5,0.729166666666667,4,51.6666666666667,100,47.7708333333333,100,26.5833333333333,42.5,6.29166666666667,8,45.1458333333333,60.5,58,0,79,100,34.8887066578941,47.8274619805847,493.61341645184,911.061050373377,-67.4276067286417,0,37.6865671641791,81.0606060606061,47.7708333333333,100,45.8530822002632,24.5,-0.744706142272152,19.6395457467174,100,0.31295,10.5456858494947,37.5,0.0279462365591398,0.750467795171124,0,13.3333333333333,0,34.5833333333333,88.3333333333333,0,9.58333333333333,0,60.4166666666667,92.0833333333333,0,2.91666666666667,2.5,86.6666666666667,93.75,0,0,24.5833333333333,93.3333333333333,80.4166666666667,0.0113636363636364,0.0131916176692296,0.0131916176692296,0.00765228037955332,0.0126262626262626,-0.0164141414141409,0.00081923357203461,-0.00213707439194385
太阳能板直角边源.txt,太阳能板直角边源,10,太阳能板直角边源:s10:b26,904,C29210BB4F28A4A23BAA3121A7451B22BA0854FE1D22256C5B6D32923F7E145A,complete,1,2,0,0,,34.2291666666667,2.30099502487562,15.4228855721393,85.7323232323232,30,38.4583333333333,0,89.7916666666667,25.5,40.5,4.91001453700732,0,100,39.2735664278267,0,43.2835820895522,14.3609478680485,0,62.5,19.7710874584941,38.4166666666667,60,0.6875,4,52.0833333333333,100,47.8125,100,26.6666666666667,43,6.45833333333333,8,45.1458333333333,60,58,0,79,100,34.7566148767276,47.8508765889466,490.632446197122,909.802846801402,-65.6655230435166,0,38.0597014925373,81.4393939393939,47.8125,100,46.0960899421681,23.5,-0.77921690710225,18.8103518194108,100,0.3153,10.4903873930854,37.5,0.0255967741935484,0.768907431354927,0,12.5,0,37.0833333333333,87.9166666666667,0,8.33333333333333,0,61.6666666666667,92.5,0,2.08333333333333,2.5,87.9166666666667,93.3333333333333,0,0,25,93.3333333333333,80.4166666666667,0.00325520833333326,-0.00971703980099502,0.00388681592039797,0.0157828282828283,0.00130208333333348,0.00130208333333304,-0.00107846140094055,-0.00412786816145339
太阳能板直角边源.txt,太阳能板直角边源,10,太阳能板直角边源:s10:b27,936,E7DF82082170C375372C6D7AFEFB8A4E2DA4824AE5610CC20B05BB82290A274F,complete,1,2,0,0,,34.0625,2.36318407960199,15.0497512437811,85.5429292929293,29.6666666666667,38.4583333333333,0,90.625,25.5,40.5,5.16323226199484,0,100,39.2592580932923,0,40.2985074626866,14.2271236252677,0,58.3333333333333,19.3398416188682,38.6458333333333,60.5,0.625,3,52.7083333333333,100,48.25,100,26.6666666666667,42,6.45833333333333,10,45.1875,60.5,58.5,0,79,100,34.8154675430867,47.7367951095543,489.61438624628,909.233882444673,-72.1794419403161,0,37.6865671641791,82.5757575757576,48.25,100,46.2876448272278,23,-0.799821820340628,20.1163284859368,100,0.31205,10.4689766991822,37.5,0.018995951417004,0.601467690583638,0,12.5,0,35.4166666666667,87.0833333333333,0,8.75,0,60.8333333333333,92.0833333333333,0,2.08333333333333,2.08333333333333,86.6666666666667,93.3333333333333,0,0,24.5833333333333,93.3333333333333,82.5,-0.00520833333333326,0.001943407960199,-0.011660447761194,-0.005918560606061,0,0.0136718749999998,-0.000643903538699305,0.00183914582372013
太阳能板直角边源.txt,太阳能板直角边源,10,太阳能板直角边源:s10:b28,970,51554908A688BFC4AA90D2BD545B7465B9894EADD1E4887FD6F6E522B763A8FF,complete,1,2,0,0,,35.6041666666667,5.59701492537313,15.9825870646766,85.9848484848485,31.625,39.5833333333333,0,90.625,26.5,41.5,4.78670978645146,0,100,38.6125163683478,0,43.2835820895522,14.600481883834,0,62.5,20.0036430673673,30.1041666666667,55.5,0.645833333333333,3,49.1041666666667,100,44.7291666666667,100,33.6458333333333,49.5,6.875,9,41.5416666666667,55.5,58,0,83,100,34.8027747927603,47.8781314616067,494.163592137074,913.699429230554,-76.4138362384206,0,39.1791044776119,83.7121212121212,44.7291666666667,100,44.9937908660646,26.5,-0.564362107210333,22.8934211889209,100,0.19595,11.4678630332032,37.5,0.017087044534413,0.625931604386071,0,20.4166666666667,0,37.5,86.25,0,16.6666666666667,0,63.75,91.6666666666667,1.66666666666667,6.66666666666667,2.5,87.9166666666667,93.75,0.416666666666667,0,26.6666666666667,93.75,82.5,0.0453431372549019,0.0951126719344454,0.0274363476733977,0.0129976232917411,0.0330882352941174,-0.103553921568627,0.00692528568030279,-0.000373316186069584
太阳能板直角边源.txt,太阳能板直角边源,10,太阳能板直角边源:s10:b29,1004,A446867858694E5CAB56628CF58F5DE38C041AC2EB53503C1407A3B5A9F62C75,complete,1,2,0,0,,36.625,9.07960199004975,15.7338308457711,85.7954545454545,32.5833333333333,40.6666666666667,0,91.0416666666667,26,43.5,4.89731514732041,0,100,37.8383442914169,0,43.2835820895522,14.3967325897119,0,58.3333333333333,19.914338008947,18.6875,33.5,0.583333333333333,3,47,100,39.25,100,44.1041666666667,53,7.79166666666667,10,38.5833333333333,40,56.5,0,89,100,35.1511006710079,47.8203698939485,498.777292608687,913.810277664695,-73.3272149549873,4.1044776119403,38.4328358208955,83.7121212121212,39.25,100,43.320124259161,32,-0.273234246388485,27.4992339877691,100,-0.12195,3.6577896083346,37.5,0.0206152073732719,0.609932298795681,0.833333333333333,26.6666666666667,0,37.0833333333333,86.25,0.833333333333333,19.1666666666667,0,62.9166666666667,92.0833333333333,5,8.75,2.5,88.75,92.5,7.91666666666667,0,25.4166666666667,92.9166666666667,82.9166666666667,0.0300245098039216,0.102429031314018,-0.0073163593795728,-0.00557040998217464,0.0318627450980393,-0.161151960784314,0.00856258414181904,0.0102448787719882
太阳能板直角边源.txt,太阳能板直角边源,10,太阳能板直角边源:s10:b30,1038,891C7F398499F5A2D62073723592AB0712A7673F8A6C4C4B15CA43BD64660318,complete,1,2,0,0,,37.1666666666667,9.14179104477612,16.728855721393,86.3636363636364,33.2083333333333,41.125,0,90.2083333333333,27.5,44,4.61723300037048,0,100,37.9391281234744,0,44.7761194029851,15.0801781508711,0,62.5,20.7763429760549,20.6041666666667,51,0.6875,3.5,45.7083333333333,100,38.8541666666667,100,41.5416666666667,51.5,7.625,10,38.9791666666667,51,56,0,88.5,100,34.9194580328699,47.9486218429247,497.491797772139,914.30834191791,-69.5146432820457,2.61194029850746,39.5522388059701,82.1969696969697,38.8541666666667,100,43.0566671701388,33.5,-0.318300135636006,27.6199641617396,100,-0.0457499999999999,8.02207429699888,37.5,0.0233259109311741,0.610505568388068,0.833333333333333,27.5,0,40,87.5,0.416666666666667,19.1666666666667,0,65,91.6666666666667,5.83333333333333,7.5,4.16666666666667,89.5833333333333,93.75,7.5,0,28.3333333333333,93.3333333333333,81.25,0.0159313725490195,0.00182908984489321,0.0292654375182909,0.0167112299465239,0.0134803921568628,-0.011642156862745,-0.00132546733080944,-0.00681301876876403
太阳能板直角边源.txt,太阳能板直角边源,10,太阳能板直角边源:s10:b31,1066,7487D10437B24BB5CC385B483180D0385CCFB6CF5A9096409650801FEBD96013,complete,1,2,0,0,,37.3333333333333,9.82587064676617,16.4800995024876,86.4267676767677,33.4583333333333,41.2083333333333,0,90.2083333333333,28.5,43.5,4.51005318262933,0,100,37.9379323544978,0,44.7761194029851,14.9155007366786,0,62.5,20.8008943893612,18,27,0.6875,3.5,45.7916666666667,100,39.2708333333333,100,43.9791666666667,52,7.875,10,38.4791666666667,41,56,0,89.5,100,34.9755760183898,47.9764107308048,497.582322675977,912.766989699296,-70.9923527884319,3.35820895522388,39.5522388059701,82.5757575757576,39.2708333333333,100,43.2618384487845,32.5,-0.311833270136849,27.5153136274861,100,-0.1039,3.23600526459148,37.5,0.0233259109311741,0.610505568388068,0.833333333333333,29.5833333333333,0,40,87.5,0.833333333333333,19.5833333333333,0,65,91.25,6.25,7.91666666666667,3.75,89.5833333333333,93.75,7.91666666666667,0,27.5,93.75,81.6666666666667,0.00595238095238112,0.0244314143567875,-0.00888415067519548,0.00225468975469007,0.00297619047619056,0.014880952380952,0.000230959482112755,0.00200421376856776
太阳能板直角边源.txt,太阳能板直角边源,10,太阳能板直角边源:s10:b32,1098,69E9803E9F68C71189CD7D1B325A8D480B5F59620DBDCBAAE16ACAECF153248F,interrupted_by_connection_loss,0,2,0,0,,NaN,NaN,NaN,NaN,NaN,NaN,NaN,NaN,NaN,NaN,NaN,NaN,NaN,NaN,NaN,NaN,NaN,NaN,NaN,NaN,NaN,NaN,NaN,NaN,NaN,NaN,NaN,NaN,NaN,NaN,NaN,NaN,NaN,NaN,NaN,NaN,NaN,NaN,NaN,NaN,NaN,NaN,NaN,NaN,NaN,NaN,NaN,NaN,NaN,NaN,NaN,NaN,NaN,NaN,NaN,NaN,NaN,NaN,NaN,NaN,NaN,NaN,NaN,NaN,NaN,NaN,NaN,NaN,NaN,NaN,NaN,NaN,NaN,NaN,NaN,NaN,NaN,NaN,NaN,NaN,NaN,NaN,NaN,NaN,NaN,NaN
